2026-03-29T01:11:35Z PLAYER_EVENT=session_connected ignored
2026-03-29T01:11:35Z PLAYER_EVENT=session_client_changed ignored
2026-03-29T01:11:35Z PLAYER_EVENT=volume_changed ignored
2026-03-29T01:11:35Z PLAYER_EVENT=auto_play_changed ignored
2026-03-29T01:11:35Z PLAYER_EVENT=filter_explicit_content_changed ignored
2026-03-29T01:11:35Z PLAYER_EVENT=shuffle_changed ignored
2026-03-29T01:11:35Z PLAYER_EVENT=repeat_changed ignored
2026-03-29T01:11:35Z PLAYER_EVENT=play_request_id_changed ignored
2026-03-29T01:11:35Z PLAYER_EVENT=loading ignored
2026-03-29T01:11:35Z PLAYER_EVENT=track_changed ignored
2026-03-29T01:11:35Z PLAYER_EVENT=playing → notifying HA: librespot_playing
2026-03-29T01:16:46Z PLAYER_EVENT=session_connected ignored
2026-03-29T01:16:46Z PLAYER_EVENT=session_client_changed ignored
2026-03-29T01:16:46Z PLAYER_EVENT=volume_changed ignored
2026-03-29T01:16:46Z PLAYER_EVENT=auto_play_changed ignored
2026-03-29T01:16:46Z PLAYER_EVENT=filter_explicit_content_changed ignored
2026-03-29T01:16:46Z PLAYER_EVENT=shuffle_changed ignored
2026-03-29T01:16:46Z PLAYER_EVENT=repeat_changed ignored
2026-03-29T01:16:46Z PLAYER_EVENT=play_request_id_changed ignored
2026-03-29T01:16:46Z PLAYER_EVENT=loading ignored
2026-03-29T01:16:47Z PLAYER_EVENT=track_changed ignored
2026-03-29T01:16:47Z PLAYER_EVENT=playing → notifying HA: librespot_playing
2026-03-29T01:37:06Z PLAYER_EVENT=session_connected ignored
2026-03-29T01:37:06Z PLAYER_EVENT=session_client_changed ignored
2026-03-29T01:37:06Z PLAYER_EVENT=volume_changed ignored
2026-03-29T01:37:06Z PLAYER_EVENT=auto_play_changed ignored
2026-03-29T01:37:06Z PLAYER_EVENT=filter_explicit_content_changed ignored
2026-03-29T01:37:06Z PLAYER_EVENT=shuffle_changed ignored
2026-03-29T01:37:06Z PLAYER_EVENT=repeat_changed ignored
2026-03-29T01:37:06Z PLAYER_EVENT=play_request_id_changed ignored
2026-03-29T01:37:06Z PLAYER_EVENT=loading ignored
2026-03-29T01:37:07Z PLAYER_EVENT=track_changed ignored
2026-03-29T01:37:07Z PLAYER_EVENT=playing → notifying HA: librespot_playing
2026-03-29T01:56:04Z PLAYER_EVENT=session_connected ignored
2026-03-29T01:56:04Z PLAYER_EVENT=session_client_changed ignored
2026-03-29T01:56:04Z PLAYER_EVENT=volume_changed ignored
2026-03-29T01:56:04Z PLAYER_EVENT=auto_play_changed ignored
2026-03-29T01:56:04Z PLAYER_EVENT=filter_explicit_content_changed ignored
2026-03-29T01:56:04Z PLAYER_EVENT=shuffle_changed ignored
2026-03-29T01:56:04Z PLAYER_EVENT=repeat_changed ignored
2026-03-29T01:56:04Z PLAYER_EVENT=play_request_id_changed ignored
2026-03-29T01:56:04Z PLAYER_EVENT=loading ignored
2026-03-29T01:56:05Z PLAYER_EVENT=track_changed ignored
2026-03-29T01:56:05Z PLAYER_EVENT=playing → notifying HA: librespot_playing
2026-03-29T01:56:09Z PLAYER_EVENT=preload_next ignored
2026-03-29T01:56:10Z PLAYER_EVENT=end_of_track ignored
2026-03-29T01:56:10Z PLAYER_EVENT=play_request_id_changed ignored
2026-03-29T01:56:10Z PLAYER_EVENT=loading ignored
2026-03-29T01:56:10Z PLAYER_EVENT=track_changed ignored
2026-03-29T01:56:10Z PLAYER_EVENT=playing → notifying HA: librespot_playing
2026-03-29T01:56:14Z PLAYER_EVENT=preload_next ignored
2026-03-29T01:56:14Z PLAYER_EVENT=end_of_track ignored
2026-03-29T01:56:14Z PLAYER_EVENT=play_request_id_changed ignored
2026-03-29T01:56:14Z PLAYER_EVENT=loading ignored
2026-03-29T01:56:15Z PLAYER_EVENT=track_changed ignored
2026-03-29T01:56:15Z PLAYER_EVENT=playing → notifying HA: librespot_playing
2026-03-29T01:56:17Z PLAYER_EVENT=preload_next ignored
2026-03-29T01:56:18Z PLAYER_EVENT=end_of_track ignored
2026-03-29T01:56:18Z PLAYER_EVENT=play_request_id_changed ignored
2026-03-29T01:56:18Z PLAYER_EVENT=loading ignored
2026-03-29T01:56:18Z PLAYER_EVENT=track_changed ignored
2026-03-29T01:56:18Z PLAYER_EVENT=playing → notifying HA: librespot_playing
2026-03-29T01:56:21Z PLAYER_EVENT=preload_next ignored
2026-03-29T01:56:22Z PLAYER_EVENT=end_of_track ignored
2026-03-29T01:56:22Z PLAYER_EVENT=play_request_id_changed ignored
2026-03-29T01:56:22Z PLAYER_EVENT=loading ignored
2026-03-29T01:56:22Z PLAYER_EVENT=track_changed ignored
2026-03-29T01:56:22Z PLAYER_EVENT=playing → notifying HA: librespot_playing
2026-03-29T01:56:29Z PLAYER_EVENT=preload_next ignored
2026-03-29T01:56:29Z PLAYER_EVENT=end_of_track ignored
2026-03-29T01:56:29Z PLAYER_EVENT=play_request_id_changed ignored
2026-03-29T01:56:29Z PLAYER_EVENT=loading ignored
2026-03-29T01:56:29Z PLAYER_EVENT=track_changed ignored
2026-03-29T01:56:29Z PLAYER_EVENT=playing → notifying HA: librespot_playing
2026-03-29T01:56:34Z PLAYER_EVENT=preload_next ignored
2026-03-29T01:56:34Z PLAYER_EVENT=end_of_track ignored
2026-03-29T01:56:34Z PLAYER_EVENT=play_request_id_changed ignored
2026-03-29T01:56:34Z PLAYER_EVENT=loading ignored
2026-03-29T01:56:34Z PLAYER_EVENT=track_changed ignored
2026-03-29T01:56:34Z PLAYER_EVENT=playing → notifying HA: librespot_playing
2026-03-29T01:56:37Z PLAYER_EVENT=preload_next ignored
2026-03-29T01:56:38Z PLAYER_EVENT=end_of_track ignored
2026-03-29T01:56:38Z PLAYER_EVENT=play_request_id_changed ignored
2026-03-29T01:56:38Z PLAYER_EVENT=loading ignored
2026-03-29T01:56:38Z PLAYER_EVENT=track_changed ignored
2026-03-29T01:56:38Z PLAYER_EVENT=playing → notifying HA: librespot_playing
2026-03-29T01:56:42Z PLAYER_EVENT=preload_next ignored
2026-03-29T01:56:42Z PLAYER_EVENT=end_of_track ignored
2026-03-29T01:56:42Z PLAYER_EVENT=play_request_id_changed ignored
2026-03-29T01:56:42Z PLAYER_EVENT=loading ignored
2026-03-29T01:56:43Z PLAYER_EVENT=track_changed ignored
2026-03-29T01:56:43Z PLAYER_EVENT=playing → notifying HA: librespot_playing
2026-03-29T01:56:48Z PLAYER_EVENT=preload_next ignored
2026-03-29T01:56:48Z PLAYER_EVENT=end_of_track ignored
2026-03-29T01:56:48Z PLAYER_EVENT=play_request_id_changed ignored
2026-03-29T01:56:48Z PLAYER_EVENT=loading ignored
2026-03-29T01:56:49Z PLAYER_EVENT=track_changed ignored
2026-03-29T01:56:49Z PLAYER_EVENT=playing → notifying HA: librespot_playing
2026-03-29T01:56:52Z PLAYER_EVENT=seeked ignored
2026-03-29T01:56:54Z PLAYER_EVENT=preload_next ignored
2026-03-29T01:56:54Z PLAYER_EVENT=end_of_track ignored
2026-03-29T01:56:54Z PLAYER_EVENT=play_request_id_changed ignored
2026-03-29T01:56:54Z PLAYER_EVENT=loading ignored
2026-03-29T01:56:54Z PLAYER_EVENT=track_changed ignored
2026-03-29T01:56:54Z PLAYER_EVENT=playing → notifying HA: librespot_playing
2026-03-29T01:56:57Z PLAYER_EVENT=preload_next ignored
2026-03-29T01:56:57Z PLAYER_EVENT=end_of_track ignored
2026-03-29T01:56:57Z PLAYER_EVENT=play_request_id_changed ignored
2026-03-29T01:56:58Z PLAYER_EVENT=loading ignored
2026-03-29T01:56:58Z PLAYER_EVENT=track_changed ignored
2026-03-29T01:56:58Z PLAYER_EVENT=playing → notifying HA: librespot_playing
2026-03-29T01:57:01Z PLAYER_EVENT=preload_next ignored
2026-03-29T01:57:01Z PLAYER_EVENT=paused → notifying HA: librespot_stopped (paused)
2026-03-29T01:57:01Z PLAYER_EVENT=preloading ignored
2026-03-29T01:57:06Z PLAYER_EVENT=playing → notifying HA: librespot_playing
2026-03-29T01:57:08Z PLAYER_EVENT=end_of_track ignored
2026-03-29T01:57:08Z PLAYER_EVENT=play_request_id_changed ignored
2026-03-29T01:57:08Z PLAYER_EVENT=track_changed ignored
2026-03-29T01:57:08Z PLAYER_EVENT=playing → notifying HA: librespot_playing
2026-03-29T01:57:13Z PLAYER_EVENT=preload_next ignored
2026-03-29T01:57:13Z PLAYER_EVENT=end_of_track ignored
2026-03-29T01:57:13Z PLAYER_EVENT=play_request_id_changed ignored
2026-03-29T01:57:13Z PLAYER_EVENT=loading ignored
2026-03-29T01:57:14Z PLAYER_EVENT=track_changed ignored
2026-03-29T01:57:14Z PLAYER_EVENT=playing → notifying HA: librespot_playing
2026-03-29T01:57:16Z PLAYER_EVENT=preload_next ignored
2026-03-29T01:57:16Z PLAYER_EVENT=end_of_track ignored
2026-03-29T01:57:16Z PLAYER_EVENT=play_request_id_changed ignored
2026-03-29T01:57:16Z PLAYER_EVENT=loading ignored
2026-03-29T01:57:16Z PLAYER_EVENT=track_changed ignored
2026-03-29T01:57:16Z PLAYER_EVENT=playing → notifying HA: librespot_playing
2026-03-29T01:57:19Z PLAYER_EVENT=preload_next ignored
2026-03-29T01:57:19Z PLAYER_EVENT=end_of_track ignored
2026-03-29T01:57:19Z PLAYER_EVENT=play_request_id_changed ignored
2026-03-29T01:57:19Z PLAYER_EVENT=loading ignored
2026-03-29T01:57:19Z PLAYER_EVENT=track_changed ignored
2026-03-29T01:57:19Z PLAYER_EVENT=playing → notifying HA: librespot_playing
2026-03-29T01:57:24Z PLAYER_EVENT=preload_next ignored
2026-03-29T01:57:24Z PLAYER_EVENT=end_of_track ignored
2026-03-29T01:57:24Z PLAYER_EVENT=play_request_id_changed ignored
2026-03-29T01:57:24Z PLAYER_EVENT=loading ignored
2026-03-29T01:57:25Z PLAYER_EVENT=track_changed ignored
2026-03-29T01:57:25Z PLAYER_EVENT=playing → notifying HA: librespot_playing
2026-03-29T01:57:29Z PLAYER_EVENT=preload_next ignored
2026-03-29T01:57:29Z PLAYER_EVENT=end_of_track ignored
2026-03-29T01:57:29Z PLAYER_EVENT=play_request_id_changed ignored
2026-03-29T01:57:29Z PLAYER_EVENT=loading ignored
2026-03-29T01:57:30Z PLAYER_EVENT=track_changed ignored
2026-03-29T01:57:30Z PLAYER_EVENT=playing → notifying HA: librespot_playing
2026-03-29T01:57:34Z PLAYER_EVENT=preload_next ignored
2026-03-29T01:57:34Z PLAYER_EVENT=end_of_track ignored
2026-03-29T01:57:34Z PLAYER_EVENT=play_request_id_changed ignored
2026-03-29T01:57:34Z PLAYER_EVENT=loading ignored
2026-03-29T01:57:34Z PLAYER_EVENT=track_changed ignored
2026-03-29T01:57:34Z PLAYER_EVENT=playing → notifying HA: librespot_playing
2026-03-29T01:57:37Z PLAYER_EVENT=preload_next ignored
2026-03-29T01:57:37Z PLAYER_EVENT=end_of_track ignored
2026-03-29T01:57:37Z PLAYER_EVENT=play_request_id_changed ignored
2026-03-29T01:57:37Z PLAYER_EVENT=loading ignored
2026-03-29T01:57:37Z PLAYER_EVENT=track_changed ignored
2026-03-29T01:57:37Z PLAYER_EVENT=playing → notifying HA: librespot_playing
2026-03-29T01:57:41Z PLAYER_EVENT=preload_next ignored
2026-03-29T01:57:41Z PLAYER_EVENT=end_of_track ignored
2026-03-29T01:57:41Z PLAYER_EVENT=play_request_id_changed ignored
2026-03-29T01:57:41Z PLAYER_EVENT=loading ignored
2026-03-29T01:57:41Z PLAYER_EVENT=track_changed ignored
2026-03-29T01:57:41Z PLAYER_EVENT=playing → notifying HA: librespot_playing
2026-03-29T01:57:48Z PLAYER_EVENT=preload_next ignored
2026-03-29T01:57:48Z PLAYER_EVENT=end_of_track ignored
2026-03-29T01:57:48Z PLAYER_EVENT=play_request_id_changed ignored
2026-03-29T01:57:48Z PLAYER_EVENT=loading ignored
2026-03-29T01:57:48Z PLAYER_EVENT=track_changed ignored
2026-03-29T01:57:48Z PLAYER_EVENT=playing → notifying HA: librespot_playing
2026-03-29T01:57:52Z PLAYER_EVENT=preload_next ignored
2026-03-29T01:57:52Z PLAYER_EVENT=end_of_track ignored
2026-03-29T01:57:52Z PLAYER_EVENT=play_request_id_changed ignored
2026-03-29T01:57:52Z PLAYER_EVENT=loading ignored
2026-03-29T01:57:53Z PLAYER_EVENT=track_changed ignored
2026-03-29T01:57:53Z PLAYER_EVENT=playing → notifying HA: librespot_playing
2026-03-29T01:57:56Z PLAYER_EVENT=preload_next ignored
2026-03-29T01:57:56Z PLAYER_EVENT=end_of_track ignored
2026-03-29T01:57:56Z PLAYER_EVENT=play_request_id_changed ignored
2026-03-29T01:57:56Z PLAYER_EVENT=loading ignored
2026-03-29T01:57:57Z PLAYER_EVENT=track_changed ignored
2026-03-29T01:57:57Z PLAYER_EVENT=playing → notifying HA: librespot_playing
2026-03-29T01:58:01Z PLAYER_EVENT=preload_next ignored
2026-03-29T01:58:01Z PLAYER_EVENT=end_of_track ignored
2026-03-29T01:58:01Z PLAYER_EVENT=play_request_id_changed ignored
2026-03-29T01:58:01Z PLAYER_EVENT=loading ignored
2026-03-29T01:58:02Z PLAYER_EVENT=track_changed ignored
2026-03-29T01:58:02Z PLAYER_EVENT=playing → notifying HA: librespot_playing
2026-03-29T01:58:06Z PLAYER_EVENT=preload_next ignored
2026-03-29T01:58:06Z PLAYER_EVENT=end_of_track ignored
2026-03-29T01:58:06Z PLAYER_EVENT=play_request_id_changed ignored
2026-03-29T01:58:06Z PLAYER_EVENT=loading ignored
2026-03-29T01:58:07Z PLAYER_EVENT=track_changed ignored
2026-03-29T01:58:07Z PLAYER_EVENT=playing → notifying HA: librespot_playing
2026-03-29T01:58:11Z PLAYER_EVENT=preload_next ignored
2026-03-29T01:58:11Z PLAYER_EVENT=end_of_track ignored
2026-03-29T01:58:11Z PLAYER_EVENT=play_request_id_changed ignored
2026-03-29T01:58:11Z PLAYER_EVENT=loading ignored
2026-03-29T01:58:12Z PLAYER_EVENT=track_changed ignored
2026-03-29T01:58:12Z PLAYER_EVENT=playing → notifying HA: librespot_playing
2026-03-29T01:58:14Z PLAYER_EVENT=preload_next ignored
2026-03-29T01:58:15Z PLAYER_EVENT=end_of_track ignored
2026-03-29T01:58:15Z PLAYER_EVENT=play_request_id_changed ignored
2026-03-29T01:58:15Z PLAYER_EVENT=loading ignored
2026-03-29T01:58:15Z PLAYER_EVENT=track_changed ignored
2026-03-29T01:58:15Z PLAYER_EVENT=playing → notifying HA: librespot_playing
2026-03-29T01:58:18Z PLAYER_EVENT=preload_next ignored
2026-03-29T01:58:18Z PLAYER_EVENT=end_of_track ignored
2026-03-29T01:58:18Z PLAYER_EVENT=play_request_id_changed ignored
2026-03-29T01:58:18Z PLAYER_EVENT=loading ignored
2026-03-29T01:58:19Z PLAYER_EVENT=track_changed ignored
2026-03-29T01:58:19Z PLAYER_EVENT=playing → notifying HA: librespot_playing
2026-03-29T01:58:26Z PLAYER_EVENT=preload_next ignored
2026-03-29T01:58:27Z PLAYER_EVENT=preloading ignored
2026-03-29T01:58:28Z PLAYER_EVENT=end_of_track ignored
2026-03-29T01:58:28Z PLAYER_EVENT=play_request_id_changed ignored
2026-03-29T01:58:28Z PLAYER_EVENT=track_changed ignored
2026-03-29T01:58:28Z PLAYER_EVENT=playing → notifying HA: librespot_playing
2026-03-29T01:58:30Z PLAYER_EVENT=preload_next ignored
2026-03-29T01:58:30Z PLAYER_EVENT=end_of_track ignored
2026-03-29T01:58:30Z PLAYER_EVENT=play_request_id_changed ignored
2026-03-29T01:58:30Z PLAYER_EVENT=loading ignored
2026-03-29T01:58:30Z PLAYER_EVENT=track_changed ignored
2026-03-29T01:58:30Z PLAYER_EVENT=playing → notifying HA: librespot_playing
2026-03-29T01:58:36Z PLAYER_EVENT=preload_next ignored
2026-03-29T01:58:36Z PLAYER_EVENT=end_of_track ignored
2026-03-29T01:58:36Z PLAYER_EVENT=play_request_id_changed ignored
2026-03-29T01:58:36Z PLAYER_EVENT=loading ignored
2026-03-29T01:58:37Z PLAYER_EVENT=track_changed ignored
2026-03-29T01:58:37Z PLAYER_EVENT=playing → notifying HA: librespot_playing
2026-03-29T01:58:42Z PLAYER_EVENT=preload_next ignored
2026-03-29T01:58:42Z PLAYER_EVENT=end_of_track ignored
2026-03-29T01:58:42Z PLAYER_EVENT=play_request_id_changed ignored
2026-03-29T01:58:42Z PLAYER_EVENT=loading ignored
2026-03-29T01:58:42Z PLAYER_EVENT=track_changed ignored
2026-03-29T01:58:42Z PLAYER_EVENT=playing → notifying HA: librespot_playing
2026-03-29T01:58:47Z PLAYER_EVENT=preload_next ignored
2026-03-29T01:58:48Z PLAYER_EVENT=end_of_track ignored
2026-03-29T01:58:48Z PLAYER_EVENT=play_request_id_changed ignored
2026-03-29T01:58:48Z PLAYER_EVENT=loading ignored
2026-03-29T01:58:48Z PLAYER_EVENT=track_changed ignored
2026-03-29T01:58:48Z PLAYER_EVENT=playing → notifying HA: librespot_playing
2026-03-29T01:58:54Z PLAYER_EVENT=preload_next ignored
2026-03-29T01:58:54Z PLAYER_EVENT=end_of_track ignored
2026-03-29T01:58:54Z PLAYER_EVENT=play_request_id_changed ignored
2026-03-29T01:58:54Z PLAYER_EVENT=loading ignored
2026-03-29T01:58:56Z PLAYER_EVENT=track_changed ignored
2026-03-29T01:58:56Z PLAYER_EVENT=playing → notifying HA: librespot_playing
2026-03-29T01:58:58Z PLAYER_EVENT=preload_next ignored
2026-03-29T01:58:59Z PLAYER_EVENT=end_of_track ignored
2026-03-29T01:58:59Z PLAYER_EVENT=play_request_id_changed ignored
2026-03-29T01:58:59Z PLAYER_EVENT=loading ignored
2026-03-29T01:59:10Z PLAYER_EVENT=unavailable ignored
2026-03-29T01:59:10Z PLAYER_EVENT=play_request_id_changed ignored
2026-03-29T01:59:10Z PLAYER_EVENT=loading ignored
2026-03-29T01:59:11Z PLAYER_EVENT=track_changed ignored
2026-03-29T01:59:11Z PLAYER_EVENT=playing → notifying HA: librespot_playing
2026-03-29T01:59:18Z PLAYER_EVENT=preload_next ignored
2026-03-29T01:59:18Z PLAYER_EVENT=end_of_track ignored
2026-03-29T01:59:18Z PLAYER_EVENT=play_request_id_changed ignored
2026-03-29T01:59:18Z PLAYER_EVENT=loading ignored
2026-03-29T01:59:25Z PLAYER_EVENT=unavailable ignored
2026-03-29T01:59:25Z PLAYER_EVENT=play_request_id_changed ignored
2026-03-29T01:59:25Z PLAYER_EVENT=loading ignored
2026-03-29T01:59:33Z PLAYER_EVENT=unavailable ignored
2026-03-29T01:59:33Z PLAYER_EVENT=play_request_id_changed ignored
2026-03-29T01:59:33Z PLAYER_EVENT=loading ignored
2026-03-29T01:59:44Z PLAYER_EVENT=unavailable ignored
2026-03-29T01:59:44Z PLAYER_EVENT=play_request_id_changed ignored
2026-03-29T01:59:44Z PLAYER_EVENT=loading ignored
2026-03-29T01:59:45Z PLAYER_EVENT=track_changed ignored
2026-03-29T01:59:45Z PLAYER_EVENT=playing → notifying HA: librespot_playing
2026-03-29T01:59:49Z PLAYER_EVENT=preload_next ignored
2026-03-29T01:59:50Z PLAYER_EVENT=end_of_track ignored
2026-03-29T01:59:50Z PLAYER_EVENT=play_request_id_changed ignored
2026-03-29T01:59:50Z PLAYER_EVENT=loading ignored
2026-03-29T02:00:06Z PLAYER_EVENT=unavailable ignored
2026-03-29T02:00:06Z PLAYER_EVENT=play_request_id_changed ignored
2026-03-29T02:00:06Z PLAYER_EVENT=loading ignored
2026-03-29T02:00:17Z PLAYER_EVENT=unavailable ignored
2026-03-29T02:00:17Z PLAYER_EVENT=play_request_id_changed ignored
2026-03-29T02:00:17Z PLAYER_EVENT=loading ignored
2026-03-29T02:00:18Z PLAYER_EVENT=track_changed ignored
2026-03-29T02:00:18Z PLAYER_EVENT=playing → notifying HA: librespot_playing
2026-03-29T02:00:25Z PLAYER_EVENT=preload_next ignored
2026-03-29T02:00:25Z PLAYER_EVENT=end_of_track ignored
2026-03-29T02:00:25Z PLAYER_EVENT=play_request_id_changed ignored
2026-03-29T02:00:25Z PLAYER_EVENT=loading ignored
2026-03-29T02:00:42Z PLAYER_EVENT=unavailable ignored
2026-03-29T02:00:42Z PLAYER_EVENT=play_request_id_changed ignored
2026-03-29T02:00:42Z PLAYER_EVENT=loading ignored
2026-03-29T02:00:59Z PLAYER_EVENT=unavailable ignored
2026-03-29T02:00:59Z PLAYER_EVENT=play_request_id_changed ignored
2026-03-29T02:00:59Z PLAYER_EVENT=loading ignored
2026-03-29T02:00:59Z PLAYER_EVENT=track_changed ignored
2026-03-29T02:00:59Z PLAYER_EVENT=playing → notifying HA: librespot_playing
2026-03-29T02:01:03Z PLAYER_EVENT=preload_next ignored
2026-03-29T02:01:03Z PLAYER_EVENT=end_of_track ignored
2026-03-29T02:01:03Z PLAYER_EVENT=play_request_id_changed ignored
2026-03-29T02:01:03Z PLAYER_EVENT=track_changed ignored
2026-03-29T02:01:03Z PLAYER_EVENT=playing → notifying HA: librespot_playing
2026-03-29T02:01:05Z PLAYER_EVENT=preload_next ignored
2026-03-29T02:01:06Z PLAYER_EVENT=end_of_track ignored
2026-03-29T02:01:06Z PLAYER_EVENT=play_request_id_changed ignored
2026-03-29T02:01:06Z PLAYER_EVENT=loading ignored
2026-03-29T02:01:11Z PLAYER_EVENT=unavailable ignored
2026-03-29T02:01:11Z PLAYER_EVENT=play_request_id_changed ignored
2026-03-29T02:01:11Z PLAYER_EVENT=loading ignored
2026-03-29T02:01:20Z PLAYER_EVENT=unavailable ignored
2026-03-29T02:01:20Z PLAYER_EVENT=play_request_id_changed ignored
2026-03-29T02:01:20Z PLAYER_EVENT=loading ignored
2026-03-29T02:01:21Z PLAYER_EVENT=track_changed ignored
2026-03-29T02:01:21Z PLAYER_EVENT=playing → notifying HA: librespot_playing
2026-03-29T02:01:25Z PLAYER_EVENT=preload_next ignored
2026-03-29T02:01:25Z PLAYER_EVENT=end_of_track ignored
2026-03-29T02:01:25Z PLAYER_EVENT=play_request_id_changed ignored
2026-03-29T02:01:25Z PLAYER_EVENT=track_changed ignored
2026-03-29T02:01:25Z PLAYER_EVENT=playing → notifying HA: librespot_playing
2026-03-29T02:01:28Z PLAYER_EVENT=preload_next ignored
2026-03-29T02:01:28Z PLAYER_EVENT=end_of_track ignored
2026-03-29T02:01:28Z PLAYER_EVENT=play_request_id_changed ignored
2026-03-29T02:01:28Z PLAYER_EVENT=loading ignored
2026-03-29T02:01:40Z PLAYER_EVENT=session_disconnected ignored
2026-03-29T02:01:40Z PLAYER_EVENT=stopped → notifying HA: librespot_stopped
2026-03-29T02:01:43Z PLAYER_EVENT=session_connected ignored
2026-03-29T02:01:43Z PLAYER_EVENT=session_client_changed ignored
2026-03-29T02:01:43Z PLAYER_EVENT=volume_changed ignored
2026-03-29T02:01:43Z PLAYER_EVENT=auto_play_changed ignored
2026-03-29T02:01:43Z PLAYER_EVENT=filter_explicit_content_changed ignored
2026-03-29T02:01:43Z PLAYER_EVENT=shuffle_changed ignored
2026-03-29T02:01:43Z PLAYER_EVENT=repeat_changed ignored
2026-03-29T02:01:43Z PLAYER_EVENT=play_request_id_changed ignored
2026-03-29T02:01:43Z PLAYER_EVENT=loading ignored
2026-03-29T02:01:57Z PLAYER_EVENT=unavailable ignored
2026-03-29T02:01:57Z PLAYER_EVENT=stopped → notifying HA: librespot_stopped
2026-03-29T02:02:00Z PLAYER_EVENT=play_request_id_changed ignored
2026-03-29T02:02:00Z PLAYER_EVENT=loading ignored
2026-03-29T02:02:00Z PLAYER_EVENT=track_changed ignored
2026-03-29T02:02:00Z PLAYER_EVENT=playing → notifying HA: librespot_playing
2026-03-29T02:02:04Z PLAYER_EVENT=preload_next ignored
2026-03-29T02:02:04Z PLAYER_EVENT=end_of_track ignored
2026-03-29T02:02:04Z PLAYER_EVENT=stopped → notifying HA: librespot_stopped
2026-03-29T02:02:08Z PLAYER_EVENT=play_request_id_changed ignored
2026-03-29T02:02:08Z PLAYER_EVENT=loading ignored
2026-03-29T02:02:21Z PLAYER_EVENT=unavailable ignored
2026-03-29T02:02:21Z PLAYER_EVENT=stopped → notifying HA: librespot_stopped
2026-03-29T02:03:34Z PLAYER_EVENT=play_request_id_changed ignored
2026-03-29T02:03:34Z PLAYER_EVENT=loading ignored
2026-03-29T02:03:35Z PLAYER_EVENT=track_changed ignored
2026-03-29T02:03:35Z PLAYER_EVENT=playing → notifying HA: librespot_playing
2026-03-29T02:03:39Z PLAYER_EVENT=preload_next ignored
2026-03-29T02:03:40Z PLAYER_EVENT=end_of_track ignored
2026-03-29T02:03:40Z PLAYER_EVENT=stopped → notifying HA: librespot_stopped
2026-03-29T02:03:44Z PLAYER_EVENT=play_request_id_changed ignored
2026-03-29T02:03:44Z PLAYER_EVENT=loading ignored
2026-03-29T02:03:45Z PLAYER_EVENT=track_changed ignored
2026-03-29T02:03:45Z PLAYER_EVENT=playing → notifying HA: librespot_playing
2026-03-29T02:03:50Z PLAYER_EVENT=seeked ignored
2026-03-29T02:03:54Z PLAYER_EVENT=preload_next ignored
2026-03-29T02:03:54Z PLAYER_EVENT=end_of_track ignored
2026-03-29T02:03:54Z PLAYER_EVENT=stopped → notifying HA: librespot_stopped
2026-03-29T02:04:02Z PLAYER_EVENT=play_request_id_changed ignored
2026-03-29T02:04:02Z PLAYER_EVENT=loading ignored
2026-03-29T02:04:03Z PLAYER_EVENT=track_changed ignored
2026-03-29T02:04:03Z PLAYER_EVENT=playing → notifying HA: librespot_playing
2026-03-29T02:04:11Z PLAYER_EVENT=preload_next ignored
2026-03-29T02:04:12Z PLAYER_EVENT=end_of_track ignored
2026-03-29T02:04:12Z PLAYER_EVENT=stopped → notifying HA: librespot_stopped
2026-03-29T02:07:16Z PLAYER_EVENT=session_connected ignored
2026-03-29T02:07:16Z PLAYER_EVENT=session_client_changed ignored
2026-03-29T02:07:16Z PLAYER_EVENT=volume_changed ignored
2026-03-29T02:07:16Z PLAYER_EVENT=auto_play_changed ignored
2026-03-29T02:07:16Z PLAYER_EVENT=filter_explicit_content_changed ignored
2026-03-29T02:07:16Z PLAYER_EVENT=shuffle_changed ignored
2026-03-29T02:07:16Z PLAYER_EVENT=repeat_changed ignored
2026-03-29T02:07:16Z PLAYER_EVENT=play_request_id_changed ignored
2026-03-29T02:07:16Z PLAYER_EVENT=loading ignored
2026-03-29T02:07:17Z PLAYER_EVENT=track_changed ignored
2026-03-29T02:07:17Z PLAYER_EVENT=playing → notifying HA: librespot_playing
2026-03-29T02:07:22Z PLAYER_EVENT=preload_next ignored
2026-03-29T02:07:22Z PLAYER_EVENT=end_of_track ignored
2026-03-29T02:07:22Z PLAYER_EVENT=play_request_id_changed ignored
2026-03-29T02:07:22Z PLAYER_EVENT=loading ignored
2026-03-29T02:07:22Z PLAYER_EVENT=track_changed ignored
2026-03-29T02:07:22Z PLAYER_EVENT=playing → notifying HA: librespot_playing
2026-03-29T02:07:27Z PLAYER_EVENT=preload_next ignored
2026-03-29T02:07:27Z PLAYER_EVENT=end_of_track ignored
2026-03-29T02:07:27Z PLAYER_EVENT=play_request_id_changed ignored
2026-03-29T02:07:27Z PLAYER_EVENT=loading ignored
2026-03-29T02:07:32Z PLAYER_EVENT=track_changed ignored
2026-03-29T02:07:32Z PLAYER_EVENT=playing → notifying HA: librespot_playing
2026-03-29T02:07:54Z PLAYER_EVENT=preload_next ignored
2026-03-29T02:07:55Z PLAYER_EVENT=end_of_track ignored
2026-03-29T02:07:55Z PLAYER_EVENT=play_request_id_changed ignored
2026-03-29T02:07:55Z PLAYER_EVENT=loading ignored
2026-03-29T02:07:56Z PLAYER_EVENT=track_changed ignored
2026-03-29T02:07:56Z PLAYER_EVENT=playing → notifying HA: librespot_playing
2026-03-29T02:08:04Z PLAYER_EVENT=preload_next ignored
2026-03-29T02:08:04Z PLAYER_EVENT=end_of_track ignored
2026-03-29T02:08:04Z PLAYER_EVENT=play_request_id_changed ignored
2026-03-29T02:08:04Z PLAYER_EVENT=loading ignored
2026-03-29T02:08:04Z PLAYER_EVENT=track_changed ignored
2026-03-29T02:08:04Z PLAYER_EVENT=playing → notifying HA: librespot_playing
2026-03-29T02:08:09Z PLAYER_EVENT=preload_next ignored
2026-03-29T02:08:09Z PLAYER_EVENT=end_of_track ignored
2026-03-29T02:08:09Z PLAYER_EVENT=play_request_id_changed ignored
2026-03-29T02:08:09Z PLAYER_EVENT=loading ignored
2026-03-29T02:08:09Z PLAYER_EVENT=track_changed ignored
2026-03-29T02:08:09Z PLAYER_EVENT=playing → notifying HA: librespot_playing
2026-03-29T02:08:14Z PLAYER_EVENT=preload_next ignored
2026-03-29T02:08:14Z PLAYER_EVENT=end_of_track ignored
2026-03-29T02:08:14Z PLAYER_EVENT=play_request_id_changed ignored
2026-03-29T02:08:14Z PLAYER_EVENT=loading ignored
2026-03-29T02:08:15Z PLAYER_EVENT=track_changed ignored
2026-03-29T02:08:15Z PLAYER_EVENT=playing → notifying HA: librespot_playing
2026-03-29T02:08:21Z PLAYER_EVENT=preload_next ignored
2026-03-29T02:08:21Z PLAYER_EVENT=end_of_track ignored
2026-03-29T02:08:21Z PLAYER_EVENT=play_request_id_changed ignored
2026-03-29T02:08:21Z PLAYER_EVENT=loading ignored
2026-03-29T02:08:22Z PLAYER_EVENT=track_changed ignored
2026-03-29T02:08:22Z PLAYER_EVENT=playing → notifying HA: librespot_playing
2026-03-29T02:08:27Z PLAYER_EVENT=preload_next ignored
2026-03-29T02:08:28Z PLAYER_EVENT=end_of_track ignored
2026-03-29T02:08:28Z PLAYER_EVENT=play_request_id_changed ignored
2026-03-29T02:08:28Z PLAYER_EVENT=loading ignored
2026-03-29T02:08:41Z PLAYER_EVENT=unavailable ignored
2026-03-29T02:08:41Z PLAYER_EVENT=play_request_id_changed ignored
2026-03-29T02:08:41Z PLAYER_EVENT=loading ignored
2026-03-29T02:08:42Z PLAYER_EVENT=track_changed ignored
2026-03-29T02:08:42Z PLAYER_EVENT=playing → notifying HA: librespot_playing
2026-03-29T02:08:46Z PLAYER_EVENT=preload_next ignored
2026-03-29T02:08:46Z PLAYER_EVENT=end_of_track ignored
2026-03-29T02:08:46Z PLAYER_EVENT=play_request_id_changed ignored
2026-03-29T02:08:46Z PLAYER_EVENT=loading ignored
2026-03-29T02:08:56Z PLAYER_EVENT=unavailable ignored
2026-03-29T02:08:56Z PLAYER_EVENT=play_request_id_changed ignored
2026-03-29T02:08:56Z PLAYER_EVENT=loading ignored
2026-03-29T02:09:15Z PLAYER_EVENT=unavailable ignored
2026-03-29T02:09:15Z PLAYER_EVENT=play_request_id_changed ignored
2026-03-29T02:09:15Z PLAYER_EVENT=loading ignored
2026-03-29T02:09:16Z PLAYER_EVENT=track_changed ignored
2026-03-29T02:09:16Z PLAYER_EVENT=playing → notifying HA: librespot_playing
2026-03-29T02:09:18Z PLAYER_EVENT=preload_next ignored
2026-03-29T02:09:18Z PLAYER_EVENT=end_of_track ignored
2026-03-29T02:09:18Z PLAYER_EVENT=play_request_id_changed ignored
2026-03-29T02:09:18Z PLAYER_EVENT=loading ignored
2026-03-29T02:09:28Z PLAYER_EVENT=unavailable ignored
2026-03-29T02:09:28Z PLAYER_EVENT=play_request_id_changed ignored
2026-03-29T02:09:28Z PLAYER_EVENT=loading ignored
2026-03-29T02:09:42Z PLAYER_EVENT=unavailable ignored
2026-03-29T02:09:42Z PLAYER_EVENT=play_request_id_changed ignored
2026-03-29T02:09:42Z PLAYER_EVENT=loading ignored
2026-03-29T02:09:43Z PLAYER_EVENT=track_changed ignored
2026-03-29T02:09:43Z PLAYER_EVENT=playing → notifying HA: librespot_playing
2026-03-29T02:09:50Z PLAYER_EVENT=preload_next ignored
2026-03-29T02:09:50Z PLAYER_EVENT=end_of_track ignored
2026-03-29T02:09:50Z PLAYER_EVENT=play_request_id_changed ignored
2026-03-29T02:09:50Z PLAYER_EVENT=loading ignored
2026-03-29T02:10:00Z PLAYER_EVENT=unavailable ignored
2026-03-29T02:10:00Z PLAYER_EVENT=play_request_id_changed ignored
2026-03-29T02:10:00Z PLAYER_EVENT=loading ignored
2026-03-29T02:10:06Z PLAYER_EVENT=unavailable ignored
2026-03-29T02:10:06Z PLAYER_EVENT=play_request_id_changed ignored
2026-03-29T02:10:06Z PLAYER_EVENT=loading ignored
2026-03-29T02:10:24Z PLAYER_EVENT=unavailable ignored
2026-03-29T02:10:24Z PLAYER_EVENT=play_request_id_changed ignored
2026-03-29T02:10:24Z PLAYER_EVENT=loading ignored
2026-03-29T02:10:25Z PLAYER_EVENT=track_changed ignored
2026-03-29T02:10:25Z PLAYER_EVENT=playing → notifying HA: librespot_playing
2026-03-29T02:10:29Z PLAYER_EVENT=preload_next ignored
2026-03-29T02:10:30Z PLAYER_EVENT=end_of_track ignored
2026-03-29T02:10:30Z PLAYER_EVENT=play_request_id_changed ignored
2026-03-29T02:10:30Z PLAYER_EVENT=track_changed ignored
2026-03-29T02:10:30Z PLAYER_EVENT=playing → notifying HA: librespot_playing
2026-03-29T02:10:35Z PLAYER_EVENT=preload_next ignored
2026-03-29T02:10:35Z PLAYER_EVENT=end_of_track ignored
2026-03-29T02:10:35Z PLAYER_EVENT=play_request_id_changed ignored
2026-03-29T02:10:35Z PLAYER_EVENT=loading ignored
2026-03-29T02:10:45Z PLAYER_EVENT=unavailable ignored
2026-03-29T02:10:45Z PLAYER_EVENT=play_request_id_changed ignored
2026-03-29T02:10:45Z PLAYER_EVENT=loading ignored
2026-03-29T02:10:46Z PLAYER_EVENT=track_changed ignored
2026-03-29T02:10:46Z PLAYER_EVENT=playing → notifying HA: librespot_playing
2026-03-29T02:10:52Z PLAYER_EVENT=preload_next ignored
2026-03-29T02:10:53Z PLAYER_EVENT=end_of_track ignored
2026-03-29T02:10:53Z PLAYER_EVENT=play_request_id_changed ignored
2026-03-29T02:10:53Z PLAYER_EVENT=loading ignored
2026-03-29T02:11:11Z PLAYER_EVENT=unavailable ignored
2026-03-29T02:11:11Z PLAYER_EVENT=play_request_id_changed ignored
2026-03-29T02:11:11Z PLAYER_EVENT=loading ignored
2026-03-29T02:11:23Z PLAYER_EVENT=unavailable ignored
2026-03-29T02:11:23Z PLAYER_EVENT=play_request_id_changed ignored
2026-03-29T02:11:23Z PLAYER_EVENT=loading ignored
2026-03-29T02:11:24Z PLAYER_EVENT=track_changed ignored
2026-03-29T02:11:24Z PLAYER_EVENT=playing → notifying HA: librespot_playing
2026-03-29T02:11:30Z PLAYER_EVENT=preload_next ignored
2026-03-29T02:11:30Z PLAYER_EVENT=end_of_track ignored
2026-03-29T02:11:30Z PLAYER_EVENT=play_request_id_changed ignored
2026-03-29T02:11:30Z PLAYER_EVENT=track_changed ignored
2026-03-29T02:11:30Z PLAYER_EVENT=playing → notifying HA: librespot_playing
2026-03-29T02:11:35Z PLAYER_EVENT=preload_next ignored
2026-03-29T02:11:36Z PLAYER_EVENT=end_of_track ignored
2026-03-29T02:11:36Z PLAYER_EVENT=play_request_id_changed ignored
2026-03-29T02:11:36Z PLAYER_EVENT=track_changed ignored
2026-03-29T02:11:36Z PLAYER_EVENT=playing → notifying HA: librespot_playing
2026-03-29T02:11:38Z PLAYER_EVENT=preload_next ignored
2026-03-29T02:11:39Z PLAYER_EVENT=end_of_track ignored
2026-03-29T02:11:39Z PLAYER_EVENT=play_request_id_changed ignored
2026-03-29T02:11:39Z PLAYER_EVENT=loading ignored
2026-03-29T02:11:52Z PLAYER_EVENT=unavailable ignored
2026-03-29T02:11:52Z PLAYER_EVENT=play_request_id_changed ignored
2026-03-29T02:11:52Z PLAYER_EVENT=loading ignored
2026-03-29T02:11:53Z PLAYER_EVENT=track_changed ignored
2026-03-29T02:11:53Z PLAYER_EVENT=playing → notifying HA: librespot_playing
2026-03-29T02:11:57Z PLAYER_EVENT=preload_next ignored
2026-03-29T02:11:57Z PLAYER_EVENT=end_of_track ignored
2026-03-29T02:11:57Z PLAYER_EVENT=play_request_id_changed ignored
2026-03-29T02:11:57Z PLAYER_EVENT=loading ignored
2026-03-29T02:12:07Z PLAYER_EVENT=unavailable ignored
2026-03-29T02:12:07Z PLAYER_EVENT=play_request_id_changed ignored
2026-03-29T02:12:07Z PLAYER_EVENT=loading ignored
2026-03-29T02:12:18Z PLAYER_EVENT=unavailable ignored
2026-03-29T02:12:18Z PLAYER_EVENT=play_request_id_changed ignored
2026-03-29T02:12:18Z PLAYER_EVENT=loading ignored
2026-03-29T02:12:24Z PLAYER_EVENT=unavailable ignored
2026-03-29T02:12:24Z PLAYER_EVENT=play_request_id_changed ignored
2026-03-29T02:12:24Z PLAYER_EVENT=loading ignored
2026-03-29T02:12:45Z PLAYER_EVENT=unavailable ignored
2026-03-29T02:12:45Z PLAYER_EVENT=play_request_id_changed ignored
2026-03-29T02:12:45Z PLAYER_EVENT=loading ignored
2026-03-29T02:12:46Z PLAYER_EVENT=track_changed ignored
2026-03-29T02:12:46Z PLAYER_EVENT=playing → notifying HA: librespot_playing
2026-03-29T02:12:49Z PLAYER_EVENT=preload_next ignored
2026-03-29T02:12:50Z PLAYER_EVENT=end_of_track ignored
2026-03-29T02:12:50Z PLAYER_EVENT=play_request_id_changed ignored
2026-03-29T02:12:50Z PLAYER_EVENT=track_changed ignored
2026-03-29T02:12:50Z PLAYER_EVENT=playing → notifying HA: librespot_playing
2026-03-29T02:12:55Z PLAYER_EVENT=preload_next ignored
2026-03-29T02:12:56Z PLAYER_EVENT=end_of_track ignored
2026-03-29T02:12:56Z PLAYER_EVENT=play_request_id_changed ignored
2026-03-29T02:12:56Z PLAYER_EVENT=loading ignored
2026-03-29T02:13:13Z PLAYER_EVENT=unavailable ignored
2026-03-29T02:13:13Z PLAYER_EVENT=play_request_id_changed ignored
2026-03-29T02:13:13Z PLAYER_EVENT=loading ignored
2026-03-29T02:13:13Z PLAYER_EVENT=track_changed ignored
2026-03-29T02:13:13Z PLAYER_EVENT=playing → notifying HA: librespot_playing
2026-03-29T02:13:16Z PLAYER_EVENT=preload_next ignored
2026-03-29T02:13:17Z PLAYER_EVENT=end_of_track ignored
2026-03-29T02:13:17Z PLAYER_EVENT=play_request_id_changed ignored
2026-03-29T02:13:17Z PLAYER_EVENT=loading ignored
2026-03-29T02:13:30Z PLAYER_EVENT=unavailable ignored
2026-03-29T02:13:30Z PLAYER_EVENT=play_request_id_changed ignored
2026-03-29T02:13:30Z PLAYER_EVENT=loading ignored
2026-03-29T02:13:45Z PLAYER_EVENT=unavailable ignored
2026-03-29T02:13:45Z PLAYER_EVENT=play_request_id_changed ignored
2026-03-29T02:13:45Z PLAYER_EVENT=loading ignored
2026-03-29T02:13:45Z PLAYER_EVENT=track_changed ignored
2026-03-29T02:13:45Z PLAYER_EVENT=playing → notifying HA: librespot_playing
2026-03-29T02:13:50Z PLAYER_EVENT=preload_next ignored
2026-03-29T02:13:50Z PLAYER_EVENT=end_of_track ignored
2026-03-29T02:13:50Z PLAYER_EVENT=play_request_id_changed ignored
2026-03-29T02:13:50Z PLAYER_EVENT=track_changed ignored
2026-03-29T02:13:50Z PLAYER_EVENT=playing → notifying HA: librespot_playing
2026-03-29T02:13:54Z PLAYER_EVENT=preload_next ignored
2026-03-29T02:13:54Z PLAYER_EVENT=end_of_track ignored
2026-03-29T02:13:54Z PLAYER_EVENT=play_request_id_changed ignored
2026-03-29T02:13:54Z PLAYER_EVENT=track_changed ignored
2026-03-29T02:13:54Z PLAYER_EVENT=playing → notifying HA: librespot_playing
2026-03-29T02:13:58Z PLAYER_EVENT=preload_next ignored
2026-03-29T02:13:58Z PLAYER_EVENT=end_of_track ignored
2026-03-29T02:13:58Z PLAYER_EVENT=play_request_id_changed ignored
2026-03-29T02:13:58Z PLAYER_EVENT=loading ignored
2026-03-29T02:14:08Z PLAYER_EVENT=unavailable ignored
2026-03-29T02:14:08Z PLAYER_EVENT=play_request_id_changed ignored
2026-03-29T02:14:08Z PLAYER_EVENT=loading ignored
2026-03-29T02:14:09Z PLAYER_EVENT=track_changed ignored
2026-03-29T02:14:09Z PLAYER_EVENT=playing → notifying HA: librespot_playing
2026-03-29T02:14:14Z PLAYER_EVENT=preload_next ignored
2026-03-29T02:14:14Z PLAYER_EVENT=end_of_track ignored
2026-03-29T02:14:14Z PLAYER_EVENT=play_request_id_changed ignored
2026-03-29T02:14:14Z PLAYER_EVENT=loading ignored
2026-03-29T02:14:24Z PLAYER_EVENT=unavailable ignored
2026-03-29T02:14:24Z PLAYER_EVENT=play_request_id_changed ignored
2026-03-29T02:14:24Z PLAYER_EVENT=loading ignored
2026-03-29T02:14:36Z PLAYER_EVENT=unavailable ignored
2026-03-29T02:14:36Z PLAYER_EVENT=play_request_id_changed ignored
2026-03-29T02:14:36Z PLAYER_EVENT=loading ignored
2026-03-29T02:14:41Z PLAYER_EVENT=unavailable ignored
2026-03-29T02:14:41Z PLAYER_EVENT=play_request_id_changed ignored
2026-03-29T02:14:41Z PLAYER_EVENT=loading ignored
2026-03-29T02:14:42Z PLAYER_EVENT=track_changed ignored
2026-03-29T02:14:42Z PLAYER_EVENT=playing → notifying HA: librespot_playing
2026-03-29T02:14:46Z PLAYER_EVENT=preload_next ignored
2026-03-29T02:14:47Z PLAYER_EVENT=end_of_track ignored
2026-03-29T02:14:47Z PLAYER_EVENT=play_request_id_changed ignored
2026-03-29T02:14:47Z PLAYER_EVENT=track_changed ignored
2026-03-29T02:14:47Z PLAYER_EVENT=playing → notifying HA: librespot_playing
2026-03-29T02:14:51Z PLAYER_EVENT=preload_next ignored
2026-03-29T02:14:51Z PLAYER_EVENT=end_of_track ignored
2026-03-29T02:14:51Z PLAYER_EVENT=play_request_id_changed ignored
2026-03-29T02:14:51Z PLAYER_EVENT=track_changed ignored
2026-03-29T02:14:51Z PLAYER_EVENT=playing → notifying HA: librespot_playing
2026-03-29T02:14:55Z PLAYER_EVENT=preload_next ignored
2026-03-29T02:14:56Z PLAYER_EVENT=end_of_track ignored
2026-03-29T02:14:56Z PLAYER_EVENT=play_request_id_changed ignored
2026-03-29T02:14:56Z PLAYER_EVENT=loading ignored
2026-03-29T02:15:17Z PLAYER_EVENT=unavailable ignored
2026-03-29T02:15:17Z PLAYER_EVENT=play_request_id_changed ignored
2026-03-29T02:15:17Z PLAYER_EVENT=loading ignored
2026-03-29T02:15:18Z PLAYER_EVENT=track_changed ignored
2026-03-29T02:15:18Z PLAYER_EVENT=playing → notifying HA: librespot_playing
2026-03-29T02:15:23Z PLAYER_EVENT=preload_next ignored
2026-03-29T02:15:23Z PLAYER_EVENT=end_of_track ignored
2026-03-29T02:15:23Z PLAYER_EVENT=play_request_id_changed ignored
2026-03-29T02:15:23Z PLAYER_EVENT=track_changed ignored
2026-03-29T02:15:23Z PLAYER_EVENT=playing → notifying HA: librespot_playing
2026-03-29T02:15:27Z PLAYER_EVENT=preload_next ignored
2026-03-29T02:15:28Z PLAYER_EVENT=end_of_track ignored
2026-03-29T02:15:28Z PLAYER_EVENT=play_request_id_changed ignored
2026-03-29T02:15:28Z PLAYER_EVENT=loading ignored
2026-03-29T02:15:42Z PLAYER_EVENT=unavailable ignored
2026-03-29T02:15:42Z PLAYER_EVENT=play_request_id_changed ignored
2026-03-29T02:15:42Z PLAYER_EVENT=loading ignored
2026-03-29T02:15:59Z PLAYER_EVENT=unavailable ignored
2026-03-29T02:15:59Z PLAYER_EVENT=play_request_id_changed ignored
2026-03-29T02:15:59Z PLAYER_EVENT=loading ignored
2026-03-29T02:15:59Z PLAYER_EVENT=track_changed ignored
2026-03-29T02:15:59Z PLAYER_EVENT=playing → notifying HA: librespot_playing
2026-03-29T02:16:03Z PLAYER_EVENT=preload_next ignored
2026-03-29T02:16:03Z PLAYER_EVENT=end_of_track ignored
2026-03-29T02:16:03Z PLAYER_EVENT=play_request_id_changed ignored
2026-03-29T02:16:03Z PLAYER_EVENT=track_changed ignored
2026-03-29T02:16:03Z PLAYER_EVENT=playing → notifying HA: librespot_playing
2026-03-29T02:16:06Z PLAYER_EVENT=preload_next ignored
2026-03-29T02:16:06Z PLAYER_EVENT=end_of_track ignored
2026-03-29T02:16:06Z PLAYER_EVENT=play_request_id_changed ignored
2026-03-29T02:16:06Z PLAYER_EVENT=loading ignored
2026-03-29T02:16:18Z PLAYER_EVENT=unavailable ignored
2026-03-29T02:16:18Z PLAYER_EVENT=play_request_id_changed ignored
2026-03-29T02:16:18Z PLAYER_EVENT=loading ignored
2026-03-29T02:16:19Z PLAYER_EVENT=track_changed ignored
2026-03-29T02:16:19Z PLAYER_EVENT=playing → notifying HA: librespot_playing
2026-03-29T02:16:22Z PLAYER_EVENT=preload_next ignored
2026-03-29T02:16:22Z PLAYER_EVENT=end_of_track ignored
2026-03-29T02:16:22Z PLAYER_EVENT=play_request_id_changed ignored
2026-03-29T02:16:22Z PLAYER_EVENT=track_changed ignored
2026-03-29T02:16:22Z PLAYER_EVENT=playing → notifying HA: librespot_playing
2026-03-29T02:16:25Z PLAYER_EVENT=preload_next ignored
2026-03-29T02:16:25Z PLAYER_EVENT=end_of_track ignored
2026-03-29T02:16:25Z PLAYER_EVENT=play_request_id_changed ignored
2026-03-29T02:16:25Z PLAYER_EVENT=loading ignored
2026-03-29T02:16:34Z PLAYER_EVENT=unavailable ignored
2026-03-29T02:16:34Z PLAYER_EVENT=play_request_id_changed ignored
2026-03-29T02:16:34Z PLAYER_EVENT=loading ignored
2026-03-29T02:16:44Z PLAYER_EVENT=unavailable ignored
2026-03-29T02:16:44Z PLAYER_EVENT=play_request_id_changed ignored
2026-03-29T02:16:44Z PLAYER_EVENT=loading ignored
2026-03-29T02:16:58Z PLAYER_EVENT=unavailable ignored
2026-03-29T02:16:58Z PLAYER_EVENT=play_request_id_changed ignored
2026-03-29T02:16:58Z PLAYER_EVENT=loading ignored
2026-03-29T02:16:58Z PLAYER_EVENT=track_changed ignored
2026-03-29T02:16:58Z PLAYER_EVENT=playing → notifying HA: librespot_playing
2026-03-29T02:17:02Z PLAYER_EVENT=preload_next ignored
2026-03-29T02:17:02Z PLAYER_EVENT=end_of_track ignored
2026-03-29T02:17:02Z PLAYER_EVENT=play_request_id_changed ignored
2026-03-29T02:17:02Z PLAYER_EVENT=track_changed ignored
2026-03-29T02:17:02Z PLAYER_EVENT=playing → notifying HA: librespot_playing
2026-03-29T02:17:04Z PLAYER_EVENT=preload_next ignored
2026-03-29T02:17:04Z PLAYER_EVENT=end_of_track ignored
2026-03-29T02:17:04Z PLAYER_EVENT=play_request_id_changed ignored
2026-03-29T02:17:04Z PLAYER_EVENT=loading ignored
2026-03-29T02:17:23Z PLAYER_EVENT=unavailable ignored
2026-03-29T02:17:23Z PLAYER_EVENT=play_request_id_changed ignored
2026-03-29T02:17:23Z PLAYER_EVENT=loading ignored
2026-03-29T02:17:28Z PLAYER_EVENT=unavailable ignored
2026-03-29T02:17:28Z PLAYER_EVENT=play_request_id_changed ignored
2026-03-29T02:17:28Z PLAYER_EVENT=loading ignored
2026-03-29T02:17:37Z PLAYER_EVENT=track_changed ignored
2026-03-29T02:17:37Z PLAYER_EVENT=playing → notifying HA: librespot_playing
2026-03-29T02:17:39Z PLAYER_EVENT=end_of_track ignored
2026-03-29T02:17:39Z PLAYER_EVENT=end_of_track ignored
2026-03-29T02:17:39Z PLAYER_EVENT=end_of_track ignored
2026-03-29T02:17:39Z PLAYER_EVENT=end_of_track ignored
2026-03-29T02:17:39Z PLAYER_EVENT=end_of_track ignored
2026-03-29T02:17:39Z PLAYER_EVENT=end_of_track ignored
2026-03-29T02:17:39Z PLAYER_EVENT=end_of_track ignored
2026-03-29T02:17:39Z PLAYER_EVENT=end_of_track ignored
2026-03-29T02:17:39Z PLAYER_EVENT=play_request_id_changed ignored
2026-03-29T02:17:39Z PLAYER_EVENT=loading ignored
2026-03-29T02:17:39Z PLAYER_EVENT=play_request_id_changed ignored
2026-03-29T02:17:39Z PLAYER_EVENT=loading ignored
2026-03-29T02:17:39Z PLAYER_EVENT=play_request_id_changed ignored
2026-03-29T02:17:39Z PLAYER_EVENT=loading ignored
2026-03-29T02:17:39Z PLAYER_EVENT=play_request_id_changed ignored
2026-03-29T02:17:39Z PLAYER_EVENT=loading ignored
2026-03-29T02:17:39Z PLAYER_EVENT=play_request_id_changed ignored
2026-03-29T02:17:39Z PLAYER_EVENT=loading ignored
2026-03-29T02:17:39Z PLAYER_EVENT=play_request_id_changed ignored
2026-03-29T02:17:39Z PLAYER_EVENT=loading ignored
2026-03-29T02:17:39Z PLAYER_EVENT=play_request_id_changed ignored
2026-03-29T02:17:39Z PLAYER_EVENT=loading ignored
2026-03-29T02:17:39Z PLAYER_EVENT=play_request_id_changed ignored
2026-03-29T02:17:39Z PLAYER_EVENT=loading ignored
2026-03-29T02:17:47Z PLAYER_EVENT=unavailable ignored
2026-03-29T02:17:47Z PLAYER_EVENT=play_request_id_changed ignored
2026-03-29T02:17:47Z PLAYER_EVENT=loading ignored
2026-03-29T02:18:03Z PLAYER_EVENT=unavailable ignored
2026-03-29T02:18:03Z PLAYER_EVENT=play_request_id_changed ignored
2026-03-29T02:18:03Z PLAYER_EVENT=loading ignored
2026-03-29T02:18:04Z PLAYER_EVENT=track_changed ignored
2026-03-29T02:18:04Z PLAYER_EVENT=playing → notifying HA: librespot_playing
2026-03-29T02:18:08Z PLAYER_EVENT=preload_next ignored
2026-03-29T02:18:08Z PLAYER_EVENT=end_of_track ignored
2026-03-29T02:18:08Z PLAYER_EVENT=play_request_id_changed ignored
2026-03-29T02:18:08Z PLAYER_EVENT=track_changed ignored
2026-03-29T02:18:08Z PLAYER_EVENT=playing → notifying HA: librespot_playing
2026-03-29T02:18:10Z PLAYER_EVENT=preload_next ignored
2026-03-29T02:18:11Z PLAYER_EVENT=end_of_track ignored
2026-03-29T02:18:11Z PLAYER_EVENT=play_request_id_changed ignored
2026-03-29T02:18:11Z PLAYER_EVENT=loading ignored
2026-03-29T02:18:21Z PLAYER_EVENT=unavailable ignored
2026-03-29T02:18:21Z PLAYER_EVENT=play_request_id_changed ignored
2026-03-29T02:18:21Z PLAYER_EVENT=loading ignored
2026-03-29T02:18:31Z PLAYER_EVENT=unavailable ignored
2026-03-29T02:18:31Z PLAYER_EVENT=play_request_id_changed ignored
2026-03-29T02:18:31Z PLAYER_EVENT=loading ignored
2026-03-29T02:18:32Z PLAYER_EVENT=track_changed ignored
2026-03-29T02:18:32Z PLAYER_EVENT=playing → notifying HA: librespot_playing
2026-03-29T02:18:35Z PLAYER_EVENT=preload_next ignored
2026-03-29T02:18:35Z PLAYER_EVENT=end_of_track ignored
2026-03-29T02:18:35Z PLAYER_EVENT=play_request_id_changed ignored
2026-03-29T02:18:35Z PLAYER_EVENT=track_changed ignored
2026-03-29T02:18:35Z PLAYER_EVENT=playing → notifying HA: librespot_playing
2026-03-29T02:18:38Z PLAYER_EVENT=preload_next ignored
2026-03-29T02:18:38Z PLAYER_EVENT=end_of_track ignored
2026-03-29T02:18:38Z PLAYER_EVENT=play_request_id_changed ignored
2026-03-29T02:18:38Z PLAYER_EVENT=loading ignored
2026-03-29T02:18:52Z PLAYER_EVENT=unavailable ignored
2026-03-29T02:18:52Z PLAYER_EVENT=play_request_id_changed ignored
2026-03-29T02:18:52Z PLAYER_EVENT=loading ignored
2026-03-29T02:19:23Z PLAYER_EVENT=session_connected ignored
2026-03-29T02:19:23Z PLAYER_EVENT=session_client_changed ignored
2026-03-29T02:19:23Z PLAYER_EVENT=volume_changed ignored
2026-03-29T02:19:23Z PLAYER_EVENT=auto_play_changed ignored
2026-03-29T02:19:23Z PLAYER_EVENT=filter_explicit_content_changed ignored
2026-03-29T02:19:23Z PLAYER_EVENT=shuffle_changed ignored
2026-03-29T02:19:23Z PLAYER_EVENT=repeat_changed ignored
2026-03-29T02:19:23Z PLAYER_EVENT=play_request_id_changed ignored
2026-03-29T02:19:23Z PLAYER_EVENT=loading ignored
2026-03-29T02:19:24Z PLAYER_EVENT=track_changed ignored
2026-03-29T02:19:24Z PLAYER_EVENT=playing → notifying HA: librespot_playing
2026-03-29T02:19:27Z PLAYER_EVENT=preload_next ignored
2026-03-29T02:19:27Z PLAYER_EVENT=end_of_track ignored
2026-03-29T02:19:27Z PLAYER_EVENT=play_request_id_changed ignored
2026-03-29T02:19:27Z PLAYER_EVENT=loading ignored
2026-03-29T02:19:40Z PLAYER_EVENT=play_request_id_changed ignored
2026-03-29T02:19:40Z PLAYER_EVENT=loading ignored
2026-03-29T02:19:40Z PLAYER_EVENT=track_changed ignored
2026-03-29T02:19:40Z PLAYER_EVENT=playing → notifying HA: librespot_playing
2026-03-29T02:19:43Z PLAYER_EVENT=preload_next ignored
2026-03-29T02:19:44Z PLAYER_EVENT=end_of_track ignored
2026-03-29T02:19:44Z PLAYER_EVENT=play_request_id_changed ignored
2026-03-29T02:19:44Z PLAYER_EVENT=loading ignored
2026-03-29T02:19:46Z PLAYER_EVENT=play_request_id_changed ignored
2026-03-29T02:19:46Z PLAYER_EVENT=loading ignored
2026-03-29T02:19:52Z PLAYER_EVENT=play_request_id_changed ignored
2026-03-29T02:19:52Z PLAYER_EVENT=loading ignored
2026-03-29T02:19:58Z PLAYER_EVENT=unavailable ignored
2026-03-29T02:19:58Z PLAYER_EVENT=play_request_id_changed ignored
2026-03-29T02:19:58Z PLAYER_EVENT=loading ignored
2026-03-29T02:19:58Z PLAYER_EVENT=play_request_id_changed ignored
2026-03-29T02:19:58Z PLAYER_EVENT=loading ignored
2026-03-29T02:20:01Z PLAYER_EVENT=play_request_id_changed ignored
2026-03-29T02:20:01Z PLAYER_EVENT=loading ignored
2026-03-29T02:20:04Z PLAYER_EVENT=play_request_id_changed ignored
2026-03-29T02:20:04Z PLAYER_EVENT=loading ignored
2026-03-29T02:20:05Z PLAYER_EVENT=play_request_id_changed ignored
2026-03-29T02:20:05Z PLAYER_EVENT=loading ignored
2026-03-29T02:20:06Z PLAYER_EVENT=play_request_id_changed ignored
2026-03-29T02:20:06Z PLAYER_EVENT=loading ignored
2026-03-29T02:20:09Z PLAYER_EVENT=unavailable ignored
2026-03-29T02:20:09Z PLAYER_EVENT=play_request_id_changed ignored
2026-03-29T02:20:09Z PLAYER_EVENT=loading ignored
2026-03-29T02:20:18Z PLAYER_EVENT=unavailable ignored
2026-03-29T02:20:18Z PLAYER_EVENT=play_request_id_changed ignored
2026-03-29T02:20:18Z PLAYER_EVENT=loading ignored
2026-03-29T02:20:18Z PLAYER_EVENT=track_changed ignored
2026-03-29T02:20:18Z PLAYER_EVENT=paused → notifying HA: librespot_stopped (paused)
2026-03-29T02:20:22Z PLAYER_EVENT=playing → notifying HA: librespot_playing
2026-03-29T02:20:25Z PLAYER_EVENT=preload_next ignored
2026-03-29T02:20:26Z PLAYER_EVENT=end_of_track ignored
2026-03-29T02:20:26Z PLAYER_EVENT=play_request_id_changed ignored
2026-03-29T02:20:26Z PLAYER_EVENT=loading ignored
2026-03-29T02:20:39Z PLAYER_EVENT=unavailable ignored
2026-03-29T02:20:39Z PLAYER_EVENT=play_request_id_changed ignored
2026-03-29T02:20:39Z PLAYER_EVENT=loading ignored
2026-03-29T02:21:01Z PLAYER_EVENT=unavailable ignored
2026-03-29T02:21:01Z PLAYER_EVENT=play_request_id_changed ignored
2026-03-29T02:21:01Z PLAYER_EVENT=loading ignored
2026-03-29T02:21:02Z PLAYER_EVENT=track_changed ignored
2026-03-29T02:21:02Z PLAYER_EVENT=paused → notifying HA: librespot_stopped (paused)
2026-03-29T02:21:06Z PLAYER_EVENT=playing → notifying HA: librespot_playing
2026-03-29T02:21:10Z PLAYER_EVENT=preload_next ignored
2026-03-29T02:21:10Z PLAYER_EVENT=end_of_track ignored
2026-03-29T02:21:10Z PLAYER_EVENT=play_request_id_changed ignored
2026-03-29T02:21:10Z PLAYER_EVENT=loading ignored
2026-03-29T02:21:17Z PLAYER_EVENT=unavailable ignored
2026-03-29T02:21:17Z PLAYER_EVENT=play_request_id_changed ignored
2026-03-29T02:21:17Z PLAYER_EVENT=loading ignored
2026-03-29T02:21:26Z PLAYER_EVENT=unavailable ignored
2026-03-29T02:21:26Z PLAYER_EVENT=play_request_id_changed ignored
2026-03-29T02:21:26Z PLAYER_EVENT=loading ignored
2026-03-29T02:21:27Z PLAYER_EVENT=track_changed ignored
2026-03-29T02:21:27Z PLAYER_EVENT=playing → notifying HA: librespot_playing
2026-03-29T02:21:30Z PLAYER_EVENT=preload_next ignored
2026-03-29T02:21:31Z PLAYER_EVENT=end_of_track ignored
2026-03-29T02:21:31Z PLAYER_EVENT=play_request_id_changed ignored
2026-03-29T02:21:31Z PLAYER_EVENT=loading ignored
2026-03-29T02:21:44Z PLAYER_EVENT=unavailable ignored
2026-03-29T02:21:44Z PLAYER_EVENT=play_request_id_changed ignored
2026-03-29T02:21:44Z PLAYER_EVENT=loading ignored
2026-03-29T02:21:58Z PLAYER_EVENT=unavailable ignored
2026-03-29T02:21:58Z PLAYER_EVENT=play_request_id_changed ignored
2026-03-29T02:21:58Z PLAYER_EVENT=loading ignored
2026-03-29T02:21:59Z PLAYER_EVENT=track_changed ignored
2026-03-29T02:21:59Z PLAYER_EVENT=paused → notifying HA: librespot_stopped (paused)
2026-03-29T02:46:04Z PLAYER_EVENT=session_connected ignored
2026-03-29T02:46:04Z PLAYER_EVENT=session_client_changed ignored
2026-03-29T02:46:04Z PLAYER_EVENT=volume_changed ignored
2026-03-29T02:46:04Z PLAYER_EVENT=auto_play_changed ignored
2026-03-29T02:46:04Z PLAYER_EVENT=filter_explicit_content_changed ignored
2026-03-29T02:46:04Z PLAYER_EVENT=shuffle_changed ignored
2026-03-29T02:46:04Z PLAYER_EVENT=repeat_changed ignored
2026-03-29T02:46:04Z PLAYER_EVENT=play_request_id_changed ignored
2026-03-29T02:46:04Z PLAYER_EVENT=loading ignored
2026-03-29T02:46:04Z PLAYER_EVENT=track_changed ignored
2026-03-29T02:46:04Z PLAYER_EVENT=playing → notifying HA: librespot_playing
2026-03-29T02:46:07Z PLAYER_EVENT=preload_next ignored
2026-03-29T02:46:08Z PLAYER_EVENT=end_of_track ignored
2026-03-29T02:46:08Z PLAYER_EVENT=play_request_id_changed ignored
2026-03-29T02:46:08Z PLAYER_EVENT=loading ignored
2026-03-29T02:46:08Z PLAYER_EVENT=track_changed ignored
2026-03-29T02:46:08Z PLAYER_EVENT=playing → notifying HA: librespot_playing
2026-03-29T02:46:11Z PLAYER_EVENT=preload_next ignored
2026-03-29T02:46:11Z PLAYER_EVENT=end_of_track ignored
2026-03-29T02:46:11Z PLAYER_EVENT=play_request_id_changed ignored
2026-03-29T02:46:11Z PLAYER_EVENT=loading ignored
2026-03-29T02:46:11Z PLAYER_EVENT=track_changed ignored
2026-03-29T02:46:11Z PLAYER_EVENT=playing → notifying HA: librespot_playing
2026-03-29T02:46:14Z PLAYER_EVENT=preload_next ignored
2026-03-29T02:46:14Z PLAYER_EVENT=end_of_track ignored
2026-03-29T02:46:14Z PLAYER_EVENT=play_request_id_changed ignored
2026-03-29T02:46:14Z PLAYER_EVENT=loading ignored
2026-03-29T02:46:14Z PLAYER_EVENT=track_changed ignored
2026-03-29T02:46:14Z PLAYER_EVENT=playing → notifying HA: librespot_playing
2026-03-29T02:46:17Z PLAYER_EVENT=preload_next ignored
2026-03-29T02:46:18Z PLAYER_EVENT=end_of_track ignored
2026-03-29T02:46:18Z PLAYER_EVENT=play_request_id_changed ignored
2026-03-29T02:46:18Z PLAYER_EVENT=loading ignored
2026-03-29T02:46:18Z PLAYER_EVENT=track_changed ignored
2026-03-29T02:46:18Z PLAYER_EVENT=playing → notifying HA: librespot_playing
2026-03-29T02:46:23Z PLAYER_EVENT=preload_next ignored
2026-03-29T02:46:24Z PLAYER_EVENT=end_of_track ignored
2026-03-29T02:46:24Z PLAYER_EVENT=play_request_id_changed ignored
2026-03-29T02:46:24Z PLAYER_EVENT=loading ignored
2026-03-29T02:46:24Z PLAYER_EVENT=track_changed ignored
2026-03-29T02:46:24Z PLAYER_EVENT=playing → notifying HA: librespot_playing
2026-03-29T02:46:27Z PLAYER_EVENT=preload_next ignored
2026-03-29T02:46:28Z PLAYER_EVENT=end_of_track ignored
2026-03-29T02:46:28Z PLAYER_EVENT=play_request_id_changed ignored
2026-03-29T02:46:28Z PLAYER_EVENT=loading ignored
2026-03-29T02:46:28Z PLAYER_EVENT=track_changed ignored
2026-03-29T02:46:28Z PLAYER_EVENT=playing → notifying HA: librespot_playing
2026-03-29T02:46:30Z PLAYER_EVENT=paused → notifying HA: librespot_stopped (paused)
2026-03-29T02:56:14Z PLAYER_EVENT=session_connected ignored
2026-03-29T02:56:14Z PLAYER_EVENT=session_client_changed ignored
2026-03-29T02:56:14Z PLAYER_EVENT=volume_changed ignored
2026-03-29T02:56:14Z PLAYER_EVENT=auto_play_changed ignored
2026-03-29T02:56:14Z PLAYER_EVENT=filter_explicit_content_changed ignored
2026-03-29T02:56:14Z PLAYER_EVENT=shuffle_changed ignored
2026-03-29T02:56:14Z PLAYER_EVENT=repeat_changed ignored
2026-03-29T02:56:14Z PLAYER_EVENT=play_request_id_changed ignored
2026-03-29T02:56:14Z PLAYER_EVENT=loading ignored
2026-03-29T02:56:15Z PLAYER_EVENT=track_changed ignored
2026-03-29T02:56:15Z PLAYER_EVENT=playing → notifying HA: librespot_playing
2026-03-29T02:56:27Z PLAYER_EVENT=seeked ignored
2026-03-29T02:57:17Z PLAYER_EVENT=play_request_id_changed ignored
2026-03-29T02:57:17Z PLAYER_EVENT=loading ignored
2026-03-29T02:57:18Z PLAYER_EVENT=track_changed ignored
2026-03-29T02:57:18Z PLAYER_EVENT=playing → notifying HA: librespot_playing
2026-03-29T02:57:35Z PLAYER_EVENT=paused → notifying HA: librespot_stopped (paused)
2026-03-29T02:57:36Z PLAYER_EVENT=playing → notifying HA: librespot_playing
2026-03-29T02:57:49Z PLAYER_EVENT=play_request_id_changed ignored
2026-03-29T02:57:49Z PLAYER_EVENT=loading ignored
2026-03-29T02:57:50Z PLAYER_EVENT=track_changed ignored
2026-03-29T02:57:50Z PLAYER_EVENT=playing → notifying HA: librespot_playing
2026-03-29T02:58:09Z PLAYER_EVENT=paused → notifying HA: librespot_stopped (paused)
2026-03-29T02:58:54Z PLAYER_EVENT=playing → notifying HA: librespot_playing
2026-03-29T02:59:04Z PLAYER_EVENT=play_request_id_changed ignored
2026-03-29T02:59:04Z PLAYER_EVENT=loading ignored
2026-03-29T02:59:04Z PLAYER_EVENT=track_changed ignored
2026-03-29T02:59:04Z PLAYER_EVENT=playing → notifying HA: librespot_playing
2026-03-29T03:00:53Z PLAYER_EVENT=paused → notifying HA: librespot_stopped (paused)
2026-03-29T03:10:08Z PLAYER_EVENT=session_connected ignored
2026-03-29T03:10:08Z PLAYER_EVENT=session_client_changed ignored
2026-03-29T03:10:09Z PLAYER_EVENT=volume_changed ignored
2026-03-29T03:10:09Z PLAYER_EVENT=auto_play_changed ignored
2026-03-29T03:10:09Z PLAYER_EVENT=filter_explicit_content_changed ignored
2026-03-29T03:10:09Z PLAYER_EVENT=shuffle_changed ignored
2026-03-29T03:10:09Z PLAYER_EVENT=repeat_changed ignored
2026-03-29T03:10:09Z PLAYER_EVENT=play_request_id_changed ignored
2026-03-29T03:10:09Z PLAYER_EVENT=loading ignored
2026-03-29T03:10:09Z PLAYER_EVENT=track_changed ignored
2026-03-29T03:10:09Z PLAYER_EVENT=playing → notifying HA: librespot_playing
2026-03-29T03:10:29Z PLAYER_EVENT=paused → paused, debouncing (2s)
2026-03-29T03:10:32Z PLAYER_EVENT=paused → notifying HA: librespot_stopped (paused)
2026-03-29T03:10:32Z PLAYER_EVENT=playing → notifying HA: librespot_playing
2026-03-29T03:10:35Z PLAYER_EVENT=session_disconnected ignored
2026-03-29T03:10:35Z PLAYER_EVENT=stopped → stopped, debouncing (3s)
2026-03-29T03:10:38Z PLAYER_EVENT=stopped → notifying HA: librespot_stopped
2026-03-29T03:10:38Z PLAYER_EVENT=session_connected ignored
2026-03-29T03:10:38Z PLAYER_EVENT=session_client_changed ignored
2026-03-29T03:10:38Z PLAYER_EVENT=volume_changed ignored
2026-03-29T03:10:38Z PLAYER_EVENT=auto_play_changed ignored
2026-03-29T03:10:38Z PLAYER_EVENT=filter_explicit_content_changed ignored
2026-03-29T03:10:38Z PLAYER_EVENT=shuffle_changed ignored
2026-03-29T03:10:38Z PLAYER_EVENT=repeat_changed ignored
2026-03-29T03:10:38Z PLAYER_EVENT=play_request_id_changed ignored
2026-03-29T03:10:38Z PLAYER_EVENT=loading ignored
2026-03-29T03:10:38Z PLAYER_EVENT=track_changed ignored
2026-03-29T03:10:38Z PLAYER_EVENT=playing → notifying HA: librespot_playing
2026-03-29T03:11:39Z PLAYER_EVENT=repeat_changed ignored
2026-03-29T03:11:39Z PLAYER_EVENT=repeat_changed ignored
2026-03-29T03:11:40Z PLAYER_EVENT=repeat_changed ignored
2026-03-29T03:11:40Z PLAYER_EVENT=repeat_changed ignored
2026-03-29T03:11:40Z PLAYER_EVENT=repeat_changed ignored
2026-03-29T03:11:40Z PLAYER_EVENT=repeat_changed ignored
2026-03-29T03:12:09Z PLAYER_EVENT=paused → paused, debouncing (2s)
2026-03-29T03:12:11Z PLAYER_EVENT=paused → notifying HA: librespot_stopped (paused)
2026-03-29T03:12:11Z PLAYER_EVENT=session_disconnected ignored
2026-03-29T03:12:15Z PLAYER_EVENT=session_disconnected ignored
2026-03-29T03:12:22Z PLAYER_EVENT=session_disconnected ignored
2026-03-29T03:12:29Z PLAYER_EVENT=session_disconnected ignored
2026-03-29T03:12:36Z PLAYER_EVENT=session_disconnected ignored
2026-03-29T03:17:50Z PLAYER_EVENT=session_connected ignored
2026-03-29T03:17:50Z PLAYER_EVENT=session_client_changed ignored
2026-03-29T03:17:50Z PLAYER_EVENT=volume_changed ignored
2026-03-29T03:17:50Z PLAYER_EVENT=auto_play_changed ignored
2026-03-29T03:17:50Z PLAYER_EVENT=filter_explicit_content_changed ignored
2026-03-29T03:17:50Z PLAYER_EVENT=shuffle_changed ignored
2026-03-29T03:17:50Z PLAYER_EVENT=repeat_changed ignored
2026-03-29T03:17:50Z PLAYER_EVENT=play_request_id_changed ignored
2026-03-29T03:17:50Z PLAYER_EVENT=loading ignored
2026-03-29T03:17:51Z PLAYER_EVENT=track_changed ignored
2026-03-29T03:17:51Z PLAYER_EVENT=playing → notifying HA: librespot_playing
2026-03-29T03:18:02Z PLAYER_EVENT=play_request_id_changed ignored
2026-03-29T03:18:02Z PLAYER_EVENT=loading ignored
2026-03-29T03:18:03Z PLAYER_EVENT=track_changed ignored
2026-03-29T03:18:03Z PLAYER_EVENT=playing → track change (stream connected, skipping webhook)
2026-03-29T03:18:12Z PLAYER_EVENT=seeked ignored
2026-03-29T03:18:20Z PLAYER_EVENT=play_request_id_changed ignored
2026-03-29T03:18:20Z PLAYER_EVENT=loading ignored
2026-03-29T03:18:21Z PLAYER_EVENT=track_changed ignored
2026-03-29T03:18:21Z PLAYER_EVENT=playing → track change (stream connected, skipping webhook)
2026-03-29T03:18:29Z PLAYER_EVENT=paused → paused, debouncing (3s)
2026-03-29T03:18:32Z PLAYER_EVENT=paused → notifying HA: librespot_stopped (paused)
2026-03-29T03:28:23Z PLAYER_EVENT=play_request_id_changed ignored
2026-03-29T03:28:23Z PLAYER_EVENT=loading ignored
2026-03-29T03:28:24Z PLAYER_EVENT=track_changed ignored
2026-03-29T03:28:24Z PLAYER_EVENT=playing → notifying HA: librespot_playing
2026-03-29T03:28:54Z PLAYER_EVENT=paused → paused, debouncing (3s)
2026-03-29T03:28:57Z PLAYER_EVENT=paused → notifying HA: librespot_stopped (paused)
2026-03-29T03:36:41Z PLAYER_EVENT=session_connected ignored
2026-03-29T03:36:41Z PLAYER_EVENT=session_client_changed ignored
2026-03-29T03:36:41Z PLAYER_EVENT=volume_changed ignored
2026-03-29T03:36:41Z PLAYER_EVENT=auto_play_changed ignored
2026-03-29T03:36:41Z PLAYER_EVENT=filter_explicit_content_changed ignored
2026-03-29T03:36:41Z PLAYER_EVENT=shuffle_changed ignored
2026-03-29T03:36:41Z PLAYER_EVENT=repeat_changed ignored
2026-03-29T03:36:41Z PLAYER_EVENT=play_request_id_changed ignored
2026-03-29T03:36:41Z PLAYER_EVENT=track_changed ignored
2026-03-29T03:36:41Z PLAYER_EVENT=paused → paused, debouncing (3s)
2026-03-29T03:36:44Z PLAYER_EVENT=paused → notifying HA: librespot_stopped (paused)
2026-03-29T03:47:12Z PLAYER_EVENT=session_disconnected ignored
2026-03-29T03:47:12Z PLAYER_EVENT=stopped → stopped, debouncing (5s)
2026-03-29T03:47:17Z PLAYER_EVENT=stopped → notifying HA: librespot_stopped
2026-03-29T14:37:21Z PLAYER_EVENT=session_connected ignored
2026-03-29T14:37:21Z PLAYER_EVENT=session_client_changed ignored
2026-03-29T14:37:21Z PLAYER_EVENT=volume_changed ignored
2026-03-29T14:37:21Z PLAYER_EVENT=auto_play_changed ignored
2026-03-29T14:37:21Z PLAYER_EVENT=filter_explicit_content_changed ignored
2026-03-29T14:37:21Z PLAYER_EVENT=shuffle_changed ignored
2026-03-29T14:37:21Z PLAYER_EVENT=repeat_changed ignored
2026-03-29T14:37:22Z PLAYER_EVENT=play_request_id_changed ignored
2026-03-29T14:37:22Z PLAYER_EVENT=loading ignored
2026-03-29T14:37:24Z PLAYER_EVENT=track_changed ignored
2026-03-29T14:37:24Z PLAYER_EVENT=playing → notifying HA: librespot_playing
2026-03-29T14:37:59Z PLAYER_EVENT=volume_changed ignored
2026-03-29T14:38:00Z PLAYER_EVENT=play_request_id_changed ignored
2026-03-29T14:38:00Z PLAYER_EVENT=loading ignored
2026-03-29T14:38:01Z PLAYER_EVENT=track_changed ignored
2026-03-29T14:38:01Z PLAYER_EVENT=playing → track change (stream connected, skipping webhook)
2026-03-29T14:38:04Z PLAYER_EVENT=play_request_id_changed ignored
2026-03-29T14:38:04Z PLAYER_EVENT=loading ignored
2026-03-29T14:38:05Z PLAYER_EVENT=track_changed ignored
2026-03-29T14:38:05Z PLAYER_EVENT=playing → track change (stream connected, skipping webhook)
2026-03-29T14:38:05Z PLAYER_EVENT=paused → paused, debouncing (3s)
2026-03-29T14:38:08Z PLAYER_EVENT=paused → notifying HA: librespot_stopped (paused)
2026-03-29T14:38:08Z PLAYER_EVENT=playing → notifying HA: librespot_playing
2026-03-29T14:38:21Z PLAYER_EVENT=repeat_changed ignored
2026-03-29T14:38:21Z PLAYER_EVENT=repeat_changed ignored
2026-03-29T14:38:37Z PLAYER_EVENT=session_disconnected ignored
2026-03-29T14:38:37Z PLAYER_EVENT=stopped → stopped, debouncing (5s)
2026-03-29T14:38:42Z PLAYER_EVENT=stopped → notifying HA: librespot_stopped
2026-03-29T14:38:42Z PLAYER_EVENT=session_connected ignored
2026-03-29T14:38:42Z PLAYER_EVENT=session_client_changed ignored
2026-03-29T14:38:42Z PLAYER_EVENT=volume_changed ignored
2026-03-29T14:38:42Z PLAYER_EVENT=auto_play_changed ignored
2026-03-29T14:38:42Z PLAYER_EVENT=filter_explicit_content_changed ignored
2026-03-29T14:38:42Z PLAYER_EVENT=shuffle_changed ignored
2026-03-29T14:38:42Z PLAYER_EVENT=repeat_changed ignored
2026-03-29T14:38:42Z PLAYER_EVENT=play_request_id_changed ignored
2026-03-29T14:38:42Z PLAYER_EVENT=loading ignored
2026-03-29T14:38:42Z PLAYER_EVENT=track_changed ignored
2026-03-29T14:38:42Z PLAYER_EVENT=playing → notifying HA: librespot_playing
2026-03-29T14:38:46Z PLAYER_EVENT=paused → paused, debouncing (3s)
2026-03-29T14:38:49Z PLAYER_EVENT=paused → notifying HA: librespot_stopped (paused)
2026-03-29T14:43:32Z PLAYER_EVENT=play_request_id_changed ignored
2026-03-29T14:43:32Z PLAYER_EVENT=loading ignored
2026-03-29T14:43:33Z PLAYER_EVENT=track_changed ignored
2026-03-29T14:43:33Z PLAYER_EVENT=playing → notifying HA: librespot_playing
2026-03-29T14:44:53Z PLAYER_EVENT=play_request_id_changed ignored
2026-03-29T14:44:53Z PLAYER_EVENT=loading ignored
2026-03-29T14:44:54Z PLAYER_EVENT=track_changed ignored
2026-03-29T14:44:55Z PLAYER_EVENT=playing → track change (stream connected, skipping webhook)
2026-03-29T14:45:34Z PLAYER_EVENT=paused → paused, debouncing (3s)
2026-03-29T14:45:37Z PLAYER_EVENT=paused → notifying HA: librespot_stopped (paused)
2026-03-29T14:52:04Z PLAYER_EVENT=play_request_id_changed ignored
2026-03-29T14:52:04Z PLAYER_EVENT=loading ignored
2026-03-29T14:52:06Z PLAYER_EVENT=track_changed ignored
2026-03-29T14:52:06Z PLAYER_EVENT=playing → notifying HA: librespot_playing
2026-03-29T14:54:06Z PLAYER_EVENT=preload_next ignored
2026-03-29T14:54:35Z PLAYER_EVENT=end_of_track ignored
2026-03-29T14:54:35Z PLAYER_EVENT=play_request_id_changed ignored
2026-03-29T14:54:35Z PLAYER_EVENT=track_changed ignored
2026-03-29T14:54:35Z PLAYER_EVENT=playing → track change (stream connected, skipping webhook)
2026-03-29T14:56:35Z PLAYER_EVENT=preload_next ignored
2026-03-29T14:56:37Z PLAYER_EVENT=preloading ignored
2026-03-29T14:57:04Z PLAYER_EVENT=end_of_track ignored
2026-03-29T14:57:04Z PLAYER_EVENT=play_request_id_changed ignored
2026-03-29T14:57:04Z PLAYER_EVENT=track_changed ignored
2026-03-29T14:57:04Z PLAYER_EVENT=playing → track change (stream connected, skipping webhook)
2026-03-29T14:59:11Z PLAYER_EVENT=preload_next ignored
2026-03-29T14:59:12Z PLAYER_EVENT=preloading ignored
2026-03-29T14:59:39Z PLAYER_EVENT=end_of_track ignored
2026-03-29T14:59:39Z PLAYER_EVENT=play_request_id_changed ignored
2026-03-29T14:59:39Z PLAYER_EVENT=track_changed ignored
2026-03-29T14:59:39Z PLAYER_EVENT=playing → track change (stream connected, skipping webhook)
2026-03-29T15:01:42Z PLAYER_EVENT=preload_next ignored
2026-03-29T15:01:43Z PLAYER_EVENT=preloading ignored
2026-03-29T15:02:10Z PLAYER_EVENT=end_of_track ignored
2026-03-29T15:02:10Z PLAYER_EVENT=play_request_id_changed ignored
2026-03-29T15:02:10Z PLAYER_EVENT=track_changed ignored
2026-03-29T15:02:10Z PLAYER_EVENT=playing → track change (stream connected, skipping webhook)
2026-03-29T15:03:37Z PLAYER_EVENT=preload_next ignored
2026-03-29T15:03:39Z PLAYER_EVENT=preloading ignored
2026-03-29T15:04:06Z PLAYER_EVENT=end_of_track ignored
2026-03-29T15:04:06Z PLAYER_EVENT=play_request_id_changed ignored
2026-03-29T15:04:06Z PLAYER_EVENT=track_changed ignored
2026-03-29T15:04:06Z PLAYER_EVENT=playing → track change (stream connected, skipping webhook)
2026-03-29T15:05:52Z PLAYER_EVENT=preload_next ignored
2026-03-29T15:05:54Z PLAYER_EVENT=preloading ignored
2026-03-29T15:06:21Z PLAYER_EVENT=end_of_track ignored
2026-03-29T15:06:21Z PLAYER_EVENT=play_request_id_changed ignored
2026-03-29T15:06:21Z PLAYER_EVENT=track_changed ignored
2026-03-29T15:06:21Z PLAYER_EVENT=playing → track change (stream connected, skipping webhook)
2026-03-29T15:09:38Z PLAYER_EVENT=preload_next ignored
2026-03-29T15:09:39Z PLAYER_EVENT=preloading ignored
2026-03-29T15:10:07Z PLAYER_EVENT=end_of_track ignored
2026-03-29T15:10:07Z PLAYER_EVENT=play_request_id_changed ignored
2026-03-29T15:10:07Z PLAYER_EVENT=track_changed ignored
2026-03-29T15:10:07Z PLAYER_EVENT=playing → track change (stream connected, skipping webhook)
2026-03-29T15:11:16Z PLAYER_EVENT=preload_next ignored
2026-03-29T15:11:17Z PLAYER_EVENT=preloading ignored
2026-03-29T15:11:44Z PLAYER_EVENT=end_of_track ignored
2026-03-29T15:11:45Z PLAYER_EVENT=play_request_id_changed ignored
2026-03-29T15:11:45Z PLAYER_EVENT=track_changed ignored
2026-03-29T15:11:45Z PLAYER_EVENT=playing → track change (stream connected, skipping webhook)
2026-03-29T15:13:56Z PLAYER_EVENT=preload_next ignored
2026-03-29T15:13:58Z PLAYER_EVENT=preloading ignored
2026-03-29T15:14:25Z PLAYER_EVENT=end_of_track ignored
2026-03-29T15:14:25Z PLAYER_EVENT=play_request_id_changed ignored
2026-03-29T15:14:25Z PLAYER_EVENT=track_changed ignored
2026-03-29T15:14:25Z PLAYER_EVENT=playing → track change (stream connected, skipping webhook)
2026-03-29T15:16:15Z PLAYER_EVENT=preload_next ignored
2026-03-29T15:16:17Z PLAYER_EVENT=preloading ignored
2026-03-29T15:16:44Z PLAYER_EVENT=end_of_track ignored
2026-03-29T15:16:44Z PLAYER_EVENT=play_request_id_changed ignored
2026-03-29T15:16:44Z PLAYER_EVENT=track_changed ignored
2026-03-29T15:16:44Z PLAYER_EVENT=playing → track change (stream connected, skipping webhook)
2026-03-29T19:12:18Z PLAYER_EVENT=session_connected ignored
2026-03-29T19:12:18Z PLAYER_EVENT=session_client_changed ignored
2026-03-29T19:12:18Z PLAYER_EVENT=volume_changed ignored
2026-03-29T19:12:18Z PLAYER_EVENT=auto_play_changed ignored
2026-03-29T19:12:18Z PLAYER_EVENT=filter_explicit_content_changed ignored
2026-03-29T19:12:18Z PLAYER_EVENT=shuffle_changed ignored
2026-03-29T19:12:18Z PLAYER_EVENT=repeat_changed ignored
2026-03-29T19:12:18Z PLAYER_EVENT=play_request_id_changed ignored
2026-03-29T19:12:18Z PLAYER_EVENT=loading ignored
2026-03-29T19:12:20Z PLAYER_EVENT=track_changed ignored
2026-03-29T19:12:20Z PLAYER_EVENT=playing → track change (stream connected, skipping webhook)
2026-03-29T19:15:06Z PLAYER_EVENT=preload_next ignored
2026-03-29T19:15:08Z PLAYER_EVENT=preloading ignored
2026-03-29T19:15:35Z PLAYER_EVENT=end_of_track ignored
2026-03-29T19:15:35Z PLAYER_EVENT=play_request_id_changed ignored
2026-03-29T19:15:35Z PLAYER_EVENT=track_changed ignored
2026-03-29T19:15:35Z PLAYER_EVENT=playing → track change (stream connected, skipping webhook)
2026-03-29T19:16:02Z PLAYER_EVENT=session_disconnected → reset state to stopped (new session)
2026-03-29T19:16:02Z PLAYER_EVENT=stopped → stopped, debouncing (5s)
2026-03-29T19:16:07Z PLAYER_EVENT=stopped → notifying HA: librespot_stopped
2026-03-29T19:16:07Z PLAYER_EVENT=session_connected → reset state to stopped (new session)
2026-03-29T19:16:07Z PLAYER_EVENT=session_client_changed ignored
2026-03-29T19:16:07Z PLAYER_EVENT=volume_changed ignored
2026-03-29T19:16:07Z PLAYER_EVENT=auto_play_changed ignored
2026-03-29T19:16:07Z PLAYER_EVENT=filter_explicit_content_changed ignored
2026-03-29T19:16:07Z PLAYER_EVENT=shuffle_changed ignored
2026-03-29T19:16:07Z PLAYER_EVENT=repeat_changed ignored
2026-03-29T19:16:07Z PLAYER_EVENT=play_request_id_changed ignored
2026-03-29T19:16:07Z PLAYER_EVENT=loading ignored
2026-03-29T19:16:07Z PLAYER_EVENT=track_changed ignored
2026-03-29T19:16:07Z PLAYER_EVENT=playing → notifying HA: librespot_playing
2026-03-29T19:17:41Z PLAYER_EVENT=paused → paused, debouncing (3s)
2026-03-29T19:17:44Z PLAYER_EVENT=paused → notifying HA: librespot_stopped (paused)
2026-03-29T19:17:52Z PLAYER_EVENT=session_disconnected → reset state to stopped (new session)
2026-03-29T19:17:52Z PLAYER_EVENT=stopped → stopped, debouncing (5s)
2026-03-29T19:17:57Z PLAYER_EVENT=stopped → notifying HA: librespot_stopped
2026-03-29T19:19:10Z PLAYER_EVENT=session_connected → reset state to stopped (new session)
2026-03-29T19:19:10Z PLAYER_EVENT=session_client_changed ignored
2026-03-29T19:19:10Z PLAYER_EVENT=volume_changed ignored
2026-03-29T19:19:10Z PLAYER_EVENT=auto_play_changed ignored
2026-03-29T19:19:10Z PLAYER_EVENT=filter_explicit_content_changed ignored
2026-03-29T19:19:10Z PLAYER_EVENT=shuffle_changed ignored
2026-03-29T19:19:10Z PLAYER_EVENT=repeat_changed ignored
2026-03-29T19:19:10Z PLAYER_EVENT=play_request_id_changed ignored
2026-03-29T19:19:10Z PLAYER_EVENT=loading ignored
2026-03-29T19:19:11Z PLAYER_EVENT=track_changed ignored
2026-03-29T19:19:11Z PLAYER_EVENT=playing → notifying HA: librespot_playing
2026-03-29T19:19:25Z PLAYER_EVENT=preload_next ignored
2026-03-29T19:19:25Z PLAYER_EVENT=preloading ignored
2026-03-29T19:19:53Z PLAYER_EVENT=end_of_track ignored
2026-03-29T19:19:53Z PLAYER_EVENT=play_request_id_changed ignored
2026-03-29T19:19:53Z PLAYER_EVENT=track_changed ignored
2026-03-29T19:19:53Z PLAYER_EVENT=playing → track change (stream connected, skipping webhook)
2026-03-29T19:22:47Z PLAYER_EVENT=preload_next ignored
2026-03-29T19:22:48Z PLAYER_EVENT=preloading ignored
2026-03-29T19:23:15Z PLAYER_EVENT=end_of_track ignored
2026-03-29T19:23:15Z PLAYER_EVENT=play_request_id_changed ignored
2026-03-29T19:23:15Z PLAYER_EVENT=track_changed ignored
2026-03-29T19:23:15Z PLAYER_EVENT=playing → track change (stream connected, skipping webhook)
2026-03-29T19:26:04Z PLAYER_EVENT=preload_next ignored
2026-03-29T19:26:05Z PLAYER_EVENT=preloading ignored
2026-03-29T19:26:33Z PLAYER_EVENT=end_of_track ignored
2026-03-29T19:26:33Z PLAYER_EVENT=play_request_id_changed ignored
2026-03-29T19:26:33Z PLAYER_EVENT=track_changed ignored
2026-03-29T19:26:33Z PLAYER_EVENT=playing → track change (stream connected, skipping webhook)
2026-03-29T19:29:09Z PLAYER_EVENT=preload_next ignored
2026-03-29T19:29:11Z PLAYER_EVENT=preloading ignored
2026-03-29T19:29:37Z PLAYER_EVENT=end_of_track ignored
2026-03-29T19:29:37Z PLAYER_EVENT=play_request_id_changed ignored
2026-03-29T19:29:37Z PLAYER_EVENT=track_changed ignored
2026-03-29T19:29:37Z PLAYER_EVENT=playing → track change (stream connected, skipping webhook)
2026-03-29T19:31:49Z PLAYER_EVENT=preload_next ignored
2026-03-29T19:31:51Z PLAYER_EVENT=preloading ignored
2026-03-29T19:32:18Z PLAYER_EVENT=end_of_track ignored
2026-03-29T19:32:18Z PLAYER_EVENT=play_request_id_changed ignored
2026-03-29T19:32:18Z PLAYER_EVENT=track_changed ignored
2026-03-29T19:32:18Z PLAYER_EVENT=playing → track change (stream connected, skipping webhook)
2026-03-29T19:35:10Z PLAYER_EVENT=preload_next ignored
2026-03-29T19:35:11Z PLAYER_EVENT=preloading ignored
2026-03-29T19:35:38Z PLAYER_EVENT=end_of_track ignored
2026-03-29T19:35:38Z PLAYER_EVENT=play_request_id_changed ignored
2026-03-29T19:35:38Z PLAYER_EVENT=track_changed ignored
2026-03-29T19:35:38Z PLAYER_EVENT=playing → track change (stream connected, skipping webhook)
2026-03-29T19:38:08Z PLAYER_EVENT=preload_next ignored
2026-03-29T19:38:09Z PLAYER_EVENT=preloading ignored
2026-03-29T19:38:36Z PLAYER_EVENT=end_of_track ignored
2026-03-29T19:38:36Z PLAYER_EVENT=play_request_id_changed ignored
2026-03-29T19:38:36Z PLAYER_EVENT=track_changed ignored
2026-03-29T19:38:36Z PLAYER_EVENT=playing → track change (stream connected, skipping webhook)
2026-03-29T19:41:37Z PLAYER_EVENT=preload_next ignored
2026-03-29T19:41:39Z PLAYER_EVENT=preloading ignored
2026-03-29T19:42:06Z PLAYER_EVENT=end_of_track ignored
2026-03-29T19:42:06Z PLAYER_EVENT=play_request_id_changed ignored
2026-03-29T19:42:06Z PLAYER_EVENT=track_changed ignored
2026-03-29T19:42:06Z PLAYER_EVENT=playing → track change (stream connected, skipping webhook)
2026-03-29T19:44:11Z PLAYER_EVENT=preload_next ignored
2026-03-29T19:44:12Z PLAYER_EVENT=preloading ignored
2026-03-29T19:44:39Z PLAYER_EVENT=end_of_track ignored
2026-03-29T19:44:39Z PLAYER_EVENT=play_request_id_changed ignored
2026-03-29T19:44:39Z PLAYER_EVENT=track_changed ignored
2026-03-29T19:44:39Z PLAYER_EVENT=playing → track change (stream connected, skipping webhook)
2026-03-29T19:46:47Z PLAYER_EVENT=preload_next ignored
2026-03-29T19:46:48Z PLAYER_EVENT=preloading ignored
2026-03-29T19:47:16Z PLAYER_EVENT=end_of_track ignored
2026-03-29T19:47:16Z PLAYER_EVENT=play_request_id_changed ignored
2026-03-29T19:47:16Z PLAYER_EVENT=track_changed ignored
2026-03-29T19:47:16Z PLAYER_EVENT=playing → track change (stream connected, skipping webhook)
2026-03-29T19:49:58Z PLAYER_EVENT=preload_next ignored
2026-03-29T19:49:59Z PLAYER_EVENT=preloading ignored
2026-03-29T19:50:27Z PLAYER_EVENT=end_of_track ignored
2026-03-29T19:50:27Z PLAYER_EVENT=play_request_id_changed ignored
2026-03-29T19:50:27Z PLAYER_EVENT=track_changed ignored
2026-03-29T19:50:27Z PLAYER_EVENT=playing → track change (stream connected, skipping webhook)
2026-03-29T19:52:55Z PLAYER_EVENT=preload_next ignored
2026-03-29T19:52:56Z PLAYER_EVENT=preloading ignored
2026-03-29T19:53:24Z PLAYER_EVENT=end_of_track ignored
2026-03-29T19:53:24Z PLAYER_EVENT=play_request_id_changed ignored
2026-03-29T19:53:24Z PLAYER_EVENT=track_changed ignored
2026-03-29T19:53:24Z PLAYER_EVENT=playing → track change (stream connected, skipping webhook)
2026-03-29T19:55:49Z PLAYER_EVENT=preload_next ignored
2026-03-29T19:55:50Z PLAYER_EVENT=preloading ignored
2026-03-29T19:56:17Z PLAYER_EVENT=end_of_track ignored
2026-03-29T19:56:17Z PLAYER_EVENT=play_request_id_changed ignored
2026-03-29T19:56:17Z PLAYER_EVENT=track_changed ignored
2026-03-29T19:56:17Z PLAYER_EVENT=playing → track change (stream connected, skipping webhook)
2026-03-29T19:59:49Z PLAYER_EVENT=preload_next ignored
2026-03-29T19:59:50Z PLAYER_EVENT=preloading ignored
2026-03-29T20:00:17Z PLAYER_EVENT=end_of_track ignored
2026-03-29T20:00:17Z PLAYER_EVENT=play_request_id_changed ignored
2026-03-29T20:00:17Z PLAYER_EVENT=track_changed ignored
2026-03-29T20:00:17Z PLAYER_EVENT=playing → track change (stream connected, skipping webhook)
2026-03-29T20:03:28Z PLAYER_EVENT=preload_next ignored
2026-03-29T20:03:29Z PLAYER_EVENT=preloading ignored
2026-03-29T20:03:56Z PLAYER_EVENT=end_of_track ignored
2026-03-29T20:03:56Z PLAYER_EVENT=play_request_id_changed ignored
2026-03-29T20:03:56Z PLAYER_EVENT=track_changed ignored
2026-03-29T20:03:56Z PLAYER_EVENT=playing → track change (stream connected, skipping webhook)
2026-03-29T20:07:19Z PLAYER_EVENT=preload_next ignored
2026-03-29T20:07:20Z PLAYER_EVENT=preloading ignored
2026-03-29T20:07:48Z PLAYER_EVENT=end_of_track ignored
2026-03-29T20:07:48Z PLAYER_EVENT=play_request_id_changed ignored
2026-03-29T20:07:48Z PLAYER_EVENT=track_changed ignored
2026-03-29T20:07:48Z PLAYER_EVENT=playing → track change (stream connected, skipping webhook)
2026-03-29T20:11:20Z PLAYER_EVENT=preload_next ignored
2026-03-29T20:11:21Z PLAYER_EVENT=preloading ignored
2026-03-29T20:11:48Z PLAYER_EVENT=end_of_track ignored
2026-03-29T20:11:48Z PLAYER_EVENT=play_request_id_changed ignored
2026-03-29T20:11:48Z PLAYER_EVENT=track_changed ignored
2026-03-29T20:11:48Z PLAYER_EVENT=playing → track change (stream connected, skipping webhook)
2026-03-29T20:14:56Z PLAYER_EVENT=preload_next ignored
2026-03-29T20:14:58Z PLAYER_EVENT=preloading ignored
2026-03-29T20:15:24Z PLAYER_EVENT=end_of_track ignored
2026-03-29T20:15:24Z PLAYER_EVENT=play_request_id_changed ignored
2026-03-29T20:15:24Z PLAYER_EVENT=track_changed ignored
2026-03-29T20:15:24Z PLAYER_EVENT=playing → track change (stream connected, skipping webhook)
2026-03-29T20:17:50Z PLAYER_EVENT=preload_next ignored
2026-03-29T20:17:51Z PLAYER_EVENT=preloading ignored
2026-03-29T20:18:18Z PLAYER_EVENT=end_of_track ignored
2026-03-29T20:18:18Z PLAYER_EVENT=play_request_id_changed ignored
2026-03-29T20:18:18Z PLAYER_EVENT=track_changed ignored
2026-03-29T20:18:18Z PLAYER_EVENT=playing → track change (stream connected, skipping webhook)
2026-03-29T20:20:33Z PLAYER_EVENT=preload_next ignored
2026-03-29T20:20:34Z PLAYER_EVENT=preloading ignored
2026-03-29T20:21:01Z PLAYER_EVENT=end_of_track ignored
2026-03-29T20:21:01Z PLAYER_EVENT=play_request_id_changed ignored
2026-03-29T20:21:01Z PLAYER_EVENT=track_changed ignored
2026-03-29T20:21:01Z PLAYER_EVENT=playing → track change (stream connected, skipping webhook)
2026-03-29T20:23:29Z PLAYER_EVENT=preload_next ignored
2026-03-29T20:23:30Z PLAYER_EVENT=preloading ignored
2026-03-29T20:23:58Z PLAYER_EVENT=end_of_track ignored
2026-03-29T20:23:58Z PLAYER_EVENT=play_request_id_changed ignored
2026-03-29T20:23:58Z PLAYER_EVENT=track_changed ignored
2026-03-29T20:23:58Z PLAYER_EVENT=playing → track change (stream connected, skipping webhook)
2026-03-29T20:25:41Z PLAYER_EVENT=preload_next ignored
2026-03-29T20:25:42Z PLAYER_EVENT=preloading ignored
2026-03-29T20:26:10Z PLAYER_EVENT=end_of_track ignored
2026-03-29T20:26:10Z PLAYER_EVENT=play_request_id_changed ignored
2026-03-29T20:26:10Z PLAYER_EVENT=track_changed ignored
2026-03-29T20:26:10Z PLAYER_EVENT=playing → track change (stream connected, skipping webhook)
2026-03-29T20:29:27Z PLAYER_EVENT=preload_next ignored
2026-03-29T20:29:28Z PLAYER_EVENT=preloading ignored
2026-03-29T20:29:55Z PLAYER_EVENT=end_of_track ignored
2026-03-29T20:29:55Z PLAYER_EVENT=play_request_id_changed ignored
2026-03-29T20:29:55Z PLAYER_EVENT=track_changed ignored
2026-03-29T20:29:55Z PLAYER_EVENT=playing → track change (stream connected, skipping webhook)
2026-03-29T20:32:07Z PLAYER_EVENT=preload_next ignored
2026-03-29T20:32:09Z PLAYER_EVENT=preloading ignored
2026-03-29T20:32:35Z PLAYER_EVENT=end_of_track ignored
2026-03-29T20:32:36Z PLAYER_EVENT=play_request_id_changed ignored
2026-03-29T20:32:36Z PLAYER_EVENT=track_changed ignored
2026-03-29T20:32:36Z PLAYER_EVENT=playing → track change (stream connected, skipping webhook)
2026-03-29T20:32:45Z PLAYER_EVENT=play_request_id_changed ignored
2026-03-29T20:32:45Z PLAYER_EVENT=loading ignored
2026-03-29T20:32:46Z PLAYER_EVENT=track_changed ignored
2026-03-29T20:32:46Z PLAYER_EVENT=playing → track change (stream connected, skipping webhook)
2026-03-29T20:34:47Z PLAYER_EVENT=play_request_id_changed ignored
2026-03-29T20:34:47Z PLAYER_EVENT=loading ignored
2026-03-29T20:34:48Z PLAYER_EVENT=track_changed ignored
2026-03-29T20:34:48Z PLAYER_EVENT=playing → track change (stream connected, skipping webhook)
2026-03-29T20:37:42Z PLAYER_EVENT=preload_next ignored
2026-03-29T20:37:43Z PLAYER_EVENT=preloading ignored
2026-03-29T20:38:10Z PLAYER_EVENT=end_of_track ignored
2026-03-29T20:38:10Z PLAYER_EVENT=play_request_id_changed ignored
2026-03-29T20:38:10Z PLAYER_EVENT=track_changed ignored
2026-03-29T20:38:10Z PLAYER_EVENT=playing → notifying HA: librespot_playing
2026-03-29T20:38:59Z PLAYER_EVENT=play_request_id_changed ignored
2026-03-29T20:38:59Z PLAYER_EVENT=loading ignored
2026-03-29T20:39:00Z PLAYER_EVENT=track_changed ignored
2026-03-29T20:39:00Z PLAYER_EVENT=playing → track change (stream connected, skipping webhook)
2026-03-29T20:42:14Z PLAYER_EVENT=preload_next ignored
2026-03-29T20:42:16Z PLAYER_EVENT=preloading ignored
2026-03-29T20:42:43Z PLAYER_EVENT=end_of_track ignored
2026-03-29T20:42:43Z PLAYER_EVENT=play_request_id_changed ignored
2026-03-29T20:42:43Z PLAYER_EVENT=track_changed ignored
2026-03-29T20:42:43Z PLAYER_EVENT=playing → track change (stream connected, skipping webhook)
2026-03-29T20:45:26Z PLAYER_EVENT=preload_next ignored
2026-03-29T20:45:27Z PLAYER_EVENT=preloading ignored
2026-03-29T20:45:38Z PLAYER_EVENT=play_request_id_changed ignored
2026-03-29T20:45:38Z PLAYER_EVENT=loading ignored
2026-03-29T20:45:39Z PLAYER_EVENT=track_changed ignored
2026-03-29T20:45:39Z PLAYER_EVENT=playing → track change (stream connected, skipping webhook)
2026-03-29T20:48:53Z PLAYER_EVENT=preload_next ignored
2026-03-29T20:48:54Z PLAYER_EVENT=preloading ignored
2026-03-29T20:49:22Z PLAYER_EVENT=end_of_track ignored
2026-03-29T20:49:22Z PLAYER_EVENT=play_request_id_changed ignored
2026-03-29T20:49:22Z PLAYER_EVENT=track_changed ignored
2026-03-29T20:49:22Z PLAYER_EVENT=playing → track change (stream connected, skipping webhook)
2026-03-29T20:52:05Z PLAYER_EVENT=preload_next ignored
2026-03-29T20:52:06Z PLAYER_EVENT=preloading ignored
2026-03-29T20:52:33Z PLAYER_EVENT=end_of_track ignored
2026-03-29T20:52:33Z PLAYER_EVENT=play_request_id_changed ignored
2026-03-29T20:52:33Z PLAYER_EVENT=track_changed ignored
2026-03-29T20:52:33Z PLAYER_EVENT=playing → track change (stream connected, skipping webhook)
2026-03-29T20:55:03Z PLAYER_EVENT=preload_next ignored
2026-03-29T20:55:04Z PLAYER_EVENT=preloading ignored
2026-03-29T20:55:32Z PLAYER_EVENT=end_of_track ignored
2026-03-29T20:55:32Z PLAYER_EVENT=play_request_id_changed ignored
2026-03-29T20:55:32Z PLAYER_EVENT=track_changed ignored
2026-03-29T20:55:32Z PLAYER_EVENT=playing → track change (stream connected, skipping webhook)
2026-03-29T20:58:24Z PLAYER_EVENT=preload_next ignored
2026-03-29T20:58:25Z PLAYER_EVENT=preloading ignored
2026-03-29T20:58:52Z PLAYER_EVENT=end_of_track ignored
2026-03-29T20:58:52Z PLAYER_EVENT=play_request_id_changed ignored
2026-03-29T20:58:52Z PLAYER_EVENT=track_changed ignored
2026-03-29T20:58:52Z PLAYER_EVENT=playing → track change (stream connected, skipping webhook)
2026-03-29T21:01:11Z PLAYER_EVENT=preload_next ignored
2026-03-29T21:01:12Z PLAYER_EVENT=preloading ignored
2026-03-29T21:01:39Z PLAYER_EVENT=end_of_track ignored
2026-03-29T21:01:39Z PLAYER_EVENT=play_request_id_changed ignored
2026-03-29T21:01:39Z PLAYER_EVENT=track_changed ignored
2026-03-29T21:01:39Z PLAYER_EVENT=playing → track change (stream connected, skipping webhook)
2026-03-29T21:03:54Z PLAYER_EVENT=preload_next ignored
2026-03-29T21:03:56Z PLAYER_EVENT=preloading ignored
2026-03-29T21:04:23Z PLAYER_EVENT=end_of_track ignored
2026-03-29T21:04:23Z PLAYER_EVENT=play_request_id_changed ignored
2026-03-29T21:04:23Z PLAYER_EVENT=track_changed ignored
2026-03-29T21:04:23Z PLAYER_EVENT=playing → track change (stream connected, skipping webhook)
2026-03-29T21:06:28Z PLAYER_EVENT=play_request_id_changed ignored
2026-03-29T21:06:28Z PLAYER_EVENT=loading ignored
2026-03-29T21:06:29Z PLAYER_EVENT=track_changed ignored
2026-03-29T21:06:29Z PLAYER_EVENT=playing → track change (stream connected, skipping webhook)
2026-03-29T21:09:43Z PLAYER_EVENT=preload_next ignored
2026-03-29T21:09:45Z PLAYER_EVENT=preloading ignored
2026-03-29T21:10:12Z PLAYER_EVENT=end_of_track ignored
2026-03-29T21:10:12Z PLAYER_EVENT=play_request_id_changed ignored
2026-03-29T21:10:12Z PLAYER_EVENT=track_changed ignored
2026-03-29T21:10:12Z PLAYER_EVENT=playing → track change (stream connected, skipping webhook)
2026-03-29T21:12:00Z PLAYER_EVENT=play_request_id_changed → reset state to stopped (new play request)
2026-03-29T21:12:00Z PLAYER_EVENT=loading ignored
2026-03-29T21:12:01Z PLAYER_EVENT=track_changed ignored
2026-03-29T21:12:01Z PLAYER_EVENT=playing → notifying HA: librespot_playing
2026-03-29T21:12:48Z PLAYER_EVENT=play_request_id_changed → reset state to stopped (new play request)
2026-03-29T21:12:48Z PLAYER_EVENT=loading ignored
2026-03-29T21:12:49Z PLAYER_EVENT=track_changed ignored
2026-03-29T21:12:49Z PLAYER_EVENT=playing → notifying HA: librespot_playing
2026-03-29T21:13:17Z PLAYER_EVENT=paused → paused, debouncing (3s)
2026-03-29T21:13:20Z PLAYER_EVENT=paused → notifying HA: librespot_stopped (paused)
2026-03-29T21:17:57Z PLAYER_EVENT=play_request_id_changed → reset state to stopped (new play request)
2026-03-29T21:17:57Z PLAYER_EVENT=loading ignored
2026-03-29T21:17:57Z PLAYER_EVENT=track_changed ignored
2026-03-29T21:17:57Z PLAYER_EVENT=playing → notifying HA: librespot_playing
2026-03-29T21:18:00Z PLAYER_EVENT=preload_next ignored
2026-03-29T21:18:01Z PLAYER_EVENT=end_of_track ignored
2026-03-29T21:18:01Z PLAYER_EVENT=play_request_id_changed → reset state to stopped (new play request)
2026-03-29T21:18:01Z PLAYER_EVENT=loading ignored
2026-03-29T21:18:01Z PLAYER_EVENT=track_changed ignored
2026-03-29T21:18:01Z PLAYER_EVENT=playing → notifying HA: librespot_playing
2026-03-29T21:18:11Z PLAYER_EVENT=play_request_id_changed → reset state to stopped (new play request)
2026-03-29T21:18:11Z PLAYER_EVENT=loading ignored
2026-03-29T21:18:12Z PLAYER_EVENT=track_changed ignored
2026-03-29T21:18:12Z PLAYER_EVENT=playing → notifying HA: librespot_playing
2026-03-29T21:21:25Z PLAYER_EVENT=preload_next ignored
2026-03-29T21:21:26Z PLAYER_EVENT=preloading ignored
2026-03-29T21:21:53Z PLAYER_EVENT=end_of_track ignored
2026-03-29T21:21:53Z PLAYER_EVENT=play_request_id_changed → reset state to stopped (new play request)
2026-03-29T21:21:53Z PLAYER_EVENT=track_changed ignored
2026-03-29T21:21:53Z PLAYER_EVENT=playing → notifying HA: librespot_playing
2026-03-29T21:24:24Z PLAYER_EVENT=preload_next ignored
2026-03-29T21:24:25Z PLAYER_EVENT=preloading ignored
2026-03-29T21:24:52Z PLAYER_EVENT=end_of_track ignored
2026-03-29T21:24:52Z PLAYER_EVENT=play_request_id_changed → reset state to stopped (new play request)
2026-03-29T21:24:52Z PLAYER_EVENT=track_changed ignored
2026-03-29T21:24:52Z PLAYER_EVENT=playing → notifying HA: librespot_playing
2026-03-29T21:27:33Z PLAYER_EVENT=preload_next ignored
2026-03-29T21:27:35Z PLAYER_EVENT=preloading ignored
2026-03-29T21:28:01Z PLAYER_EVENT=end_of_track ignored
2026-03-29T21:28:01Z PLAYER_EVENT=play_request_id_changed → reset state to stopped (new play request)
2026-03-29T21:28:01Z PLAYER_EVENT=track_changed ignored
2026-03-29T21:28:01Z PLAYER_EVENT=playing → notifying HA: librespot_playing
2026-03-29T21:31:23Z PLAYER_EVENT=preload_next ignored
2026-03-29T21:31:24Z PLAYER_EVENT=preloading ignored
2026-03-29T21:31:52Z PLAYER_EVENT=end_of_track ignored
2026-03-29T21:31:52Z PLAYER_EVENT=play_request_id_changed → reset state to stopped (new play request)
2026-03-29T21:31:52Z PLAYER_EVENT=track_changed ignored
2026-03-29T21:31:52Z PLAYER_EVENT=playing → notifying HA: librespot_playing
2026-03-29T21:34:50Z PLAYER_EVENT=preload_next ignored
2026-03-29T21:34:52Z PLAYER_EVENT=preloading ignored
2026-03-29T21:35:19Z PLAYER_EVENT=end_of_track ignored
2026-03-29T21:35:19Z PLAYER_EVENT=play_request_id_changed → reset state to stopped (new play request)
2026-03-29T21:35:19Z PLAYER_EVENT=track_changed ignored
2026-03-29T21:35:19Z PLAYER_EVENT=playing → notifying HA: librespot_playing
2026-03-29T21:37:56Z PLAYER_EVENT=preload_next ignored
2026-03-29T21:37:57Z PLAYER_EVENT=preloading ignored
2026-03-29T21:38:24Z PLAYER_EVENT=end_of_track ignored
2026-03-29T21:38:24Z PLAYER_EVENT=play_request_id_changed → reset state to stopped (new play request)
2026-03-29T21:38:24Z PLAYER_EVENT=track_changed ignored
2026-03-29T21:38:24Z PLAYER_EVENT=playing → notifying HA: librespot_playing
2026-03-29T21:41:28Z PLAYER_EVENT=preload_next ignored
2026-03-29T21:41:29Z PLAYER_EVENT=preloading ignored
2026-03-29T21:41:56Z PLAYER_EVENT=end_of_track ignored
2026-03-29T21:41:56Z PLAYER_EVENT=play_request_id_changed → reset state to stopped (new play request)
2026-03-29T21:41:56Z PLAYER_EVENT=track_changed ignored
2026-03-29T21:41:56Z PLAYER_EVENT=playing → notifying HA: librespot_playing
2026-03-29T21:44:30Z PLAYER_EVENT=preload_next ignored
2026-03-29T21:44:31Z PLAYER_EVENT=preloading ignored
2026-03-29T21:44:59Z PLAYER_EVENT=end_of_track ignored
2026-03-29T21:44:59Z PLAYER_EVENT=play_request_id_changed → reset state to stopped (new play request)
2026-03-29T21:44:59Z PLAYER_EVENT=track_changed ignored
2026-03-29T21:44:59Z PLAYER_EVENT=playing → notifying HA: librespot_playing
2026-03-29T21:47:48Z PLAYER_EVENT=play_request_id_changed → reset state to stopped (fresh play request, no preceding end_of_track)
2026-03-29T21:47:48Z PLAYER_EVENT=loading ignored
2026-03-29T21:47:50Z PLAYER_EVENT=track_changed ignored
2026-03-29T21:47:50Z PLAYER_EVENT=playing → notifying HA: librespot_playing
2026-03-29T21:50:42Z PLAYER_EVENT=preload_next ignored
2026-03-29T21:50:44Z PLAYER_EVENT=preloading ignored
2026-03-29T21:51:11Z PLAYER_EVENT=end_of_track → end_of_track (flagged for next play_request_id_changed)
2026-03-29T21:51:11Z PLAYER_EVENT=play_request_id_changed → play_request_id_changed after end_of_track (track skip, ignoring)
2026-03-29T21:51:11Z PLAYER_EVENT=track_changed ignored
2026-03-29T21:51:11Z PLAYER_EVENT=playing → track change (stream connected, skipping webhook)
2026-03-29T21:53:55Z PLAYER_EVENT=preload_next ignored
2026-03-29T21:53:56Z PLAYER_EVENT=preloading ignored
2026-03-29T21:54:23Z PLAYER_EVENT=end_of_track → end_of_track (flagged for next play_request_id_changed)
2026-03-29T21:54:23Z PLAYER_EVENT=play_request_id_changed → play_request_id_changed after end_of_track (track skip, ignoring)
2026-03-29T21:54:23Z PLAYER_EVENT=track_changed ignored
2026-03-29T21:54:24Z PLAYER_EVENT=playing → track change (stream connected, skipping webhook)
2026-03-29T21:56:48Z PLAYER_EVENT=preload_next ignored
2026-03-29T21:56:49Z PLAYER_EVENT=preloading ignored
2026-03-29T21:57:16Z PLAYER_EVENT=end_of_track → end_of_track (flagged for next play_request_id_changed)
2026-03-29T21:57:16Z PLAYER_EVENT=play_request_id_changed → play_request_id_changed after end_of_track (track skip, ignoring)
2026-03-29T21:57:16Z PLAYER_EVENT=track_changed ignored
2026-03-29T21:57:17Z PLAYER_EVENT=playing → track change (stream connected, skipping webhook)
2026-03-29T21:58:49Z PLAYER_EVENT=preload_next ignored
2026-03-29T21:58:50Z PLAYER_EVENT=preloading ignored
2026-03-29T21:59:18Z PLAYER_EVENT=end_of_track → end_of_track (flagged for next play_request_id_changed)
2026-03-29T21:59:18Z PLAYER_EVENT=play_request_id_changed → play_request_id_changed after end_of_track (track skip, ignoring)
2026-03-29T21:59:18Z PLAYER_EVENT=track_changed ignored
2026-03-29T21:59:18Z PLAYER_EVENT=playing → track change (stream connected, skipping webhook)
2026-03-29T22:01:23Z PLAYER_EVENT=preload_next ignored
2026-03-29T22:01:24Z PLAYER_EVENT=preloading ignored
2026-03-29T22:01:51Z PLAYER_EVENT=end_of_track → end_of_track (flagged for next play_request_id_changed)
2026-03-29T22:01:51Z PLAYER_EVENT=play_request_id_changed → play_request_id_changed after end_of_track (track skip, ignoring)
2026-03-29T22:01:51Z PLAYER_EVENT=track_changed ignored
2026-03-29T22:01:51Z PLAYER_EVENT=playing → track change (stream connected, skipping webhook)
2026-03-29T22:06:04Z PLAYER_EVENT=preload_next ignored
2026-03-29T22:06:06Z PLAYER_EVENT=preloading ignored
2026-03-29T22:06:33Z PLAYER_EVENT=end_of_track → end_of_track (flagged for next play_request_id_changed)
2026-03-29T22:06:33Z PLAYER_EVENT=play_request_id_changed → play_request_id_changed after end_of_track (track skip, ignoring)
2026-03-29T22:06:33Z PLAYER_EVENT=track_changed ignored
2026-03-29T22:06:33Z PLAYER_EVENT=playing → track change (stream connected, skipping webhook)
2026-03-29T22:08:29Z PLAYER_EVENT=preload_next ignored
2026-03-29T22:08:31Z PLAYER_EVENT=preloading ignored
2026-03-29T22:08:58Z PLAYER_EVENT=end_of_track → end_of_track (flagged for next play_request_id_changed)
2026-03-29T22:08:58Z PLAYER_EVENT=play_request_id_changed → play_request_id_changed after end_of_track (track skip, ignoring)
2026-03-29T22:08:58Z PLAYER_EVENT=track_changed ignored
2026-03-29T22:08:58Z PLAYER_EVENT=playing → track change (stream connected, skipping webhook)
2026-03-29T22:11:10Z PLAYER_EVENT=preload_next ignored
2026-03-29T22:11:11Z PLAYER_EVENT=preloading ignored
2026-03-29T22:11:26Z PLAYER_EVENT=paused → paused, debouncing (3s)
2026-03-29T22:11:29Z PLAYER_EVENT=paused → notifying HA: librespot_stopped (paused)
2026-03-29T22:11:29Z PLAYER_EVENT=session_disconnected → reset state to stopped (new session)
2026-03-29T22:11:29Z PLAYER_EVENT=session_connected → reset state to stopped (new session)
2026-03-29T22:11:29Z PLAYER_EVENT=session_client_changed ignored
2026-03-29T22:11:29Z PLAYER_EVENT=volume_changed ignored
2026-03-29T22:11:29Z PLAYER_EVENT=auto_play_changed ignored
2026-03-29T22:11:29Z PLAYER_EVENT=filter_explicit_content_changed ignored
2026-03-29T22:11:29Z PLAYER_EVENT=shuffle_changed ignored
2026-03-29T22:11:29Z PLAYER_EVENT=repeat_changed ignored
2026-03-29T22:11:29Z PLAYER_EVENT=play_request_id_changed → reset state to stopped (fresh play request, no preceding end_of_track)
2026-03-29T22:11:29Z PLAYER_EVENT=loading ignored
2026-03-29T22:11:29Z PLAYER_EVENT=session_disconnected → reset state to stopped (new session)
2026-03-29T22:11:29Z PLAYER_EVENT=stopped → stopped, debouncing (5s)
2026-03-29T22:11:34Z PLAYER_EVENT=stopped → notifying HA: librespot_stopped
2026-03-29T22:11:34Z PLAYER_EVENT=session_connected → reset state to stopped (new session)
2026-03-29T22:11:34Z PLAYER_EVENT=session_client_changed ignored
2026-03-29T22:11:34Z PLAYER_EVENT=volume_changed ignored
2026-03-29T22:11:34Z PLAYER_EVENT=auto_play_changed ignored
2026-03-29T22:11:34Z PLAYER_EVENT=filter_explicit_content_changed ignored
2026-03-29T22:11:34Z PLAYER_EVENT=shuffle_changed ignored
2026-03-29T22:11:34Z PLAYER_EVENT=repeat_changed ignored
2026-03-29T22:11:34Z PLAYER_EVENT=play_request_id_changed → reset state to stopped (fresh play request, no preceding end_of_track)
2026-03-29T22:11:34Z PLAYER_EVENT=loading ignored
2026-03-29T22:11:35Z PLAYER_EVENT=track_changed ignored
2026-03-29T22:11:35Z PLAYER_EVENT=playing → notifying HA: librespot_playing
2026-03-29T22:11:50Z PLAYER_EVENT=play_request_id_changed → reset state to stopped (fresh play request, no preceding end_of_track)
2026-03-29T22:11:50Z PLAYER_EVENT=loading ignored
2026-03-29T22:11:51Z PLAYER_EVENT=track_changed ignored
2026-03-29T22:11:51Z PLAYER_EVENT=playing → notifying HA: librespot_playing
2026-03-29T22:11:55Z PLAYER_EVENT=session_disconnected → reset state to stopped (new session)
2026-03-29T22:11:55Z PLAYER_EVENT=stopped → stopped, debouncing (5s)
2026-03-29T22:12:00Z PLAYER_EVENT=stopped → notifying HA: librespot_stopped
2026-03-29T22:12:00Z PLAYER_EVENT=session_connected → reset state to stopped (new session)
2026-03-29T22:12:00Z PLAYER_EVENT=session_client_changed ignored
2026-03-29T22:12:00Z PLAYER_EVENT=volume_changed ignored
2026-03-29T22:12:00Z PLAYER_EVENT=auto_play_changed ignored
2026-03-29T22:12:00Z PLAYER_EVENT=filter_explicit_content_changed ignored
2026-03-29T22:12:00Z PLAYER_EVENT=shuffle_changed ignored
2026-03-29T22:12:00Z PLAYER_EVENT=repeat_changed ignored
2026-03-29T22:12:00Z PLAYER_EVENT=play_request_id_changed → reset state to stopped (fresh play request, no preceding end_of_track)
2026-03-29T22:12:00Z PLAYER_EVENT=loading ignored
2026-03-29T22:12:00Z PLAYER_EVENT=track_changed ignored
2026-03-29T22:12:00Z PLAYER_EVENT=playing → notifying HA: librespot_playing
2026-03-29T22:12:15Z PLAYER_EVENT=volume_changed ignored
2026-03-29T22:12:25Z PLAYER_EVENT=seeked ignored
2026-03-29T22:12:28Z PLAYER_EVENT=paused → paused, debouncing (3s)
2026-03-29T22:12:31Z PLAYER_EVENT=paused → notifying HA: librespot_stopped (paused)
2026-03-30T00:32:36Z PLAYER_EVENT=session_disconnected → reset state to stopped (new session)
2026-03-30T00:32:36Z PLAYER_EVENT=stopped → stopped, debouncing (5s)
2026-03-30T00:32:41Z PLAYER_EVENT=stopped → notifying HA: librespot_stopped
2026-03-30T00:33:02Z PLAYER_EVENT=session_connected → reset state to stopped (new session)
2026-03-30T00:33:02Z PLAYER_EVENT=session_client_changed ignored
2026-03-30T00:33:02Z PLAYER_EVENT=volume_changed ignored
2026-03-30T00:33:02Z PLAYER_EVENT=auto_play_changed ignored
2026-03-30T00:33:02Z PLAYER_EVENT=filter_explicit_content_changed ignored
2026-03-30T00:33:02Z PLAYER_EVENT=shuffle_changed ignored
2026-03-30T00:33:02Z PLAYER_EVENT=repeat_changed ignored
2026-03-30T00:33:02Z PLAYER_EVENT=play_request_id_changed → reset state to stopped (fresh play request, no preceding end_of_track)
2026-03-30T00:33:02Z PLAYER_EVENT=loading ignored
2026-03-30T00:33:02Z PLAYER_EVENT=track_changed ignored
2026-03-30T00:33:02Z PLAYER_EVENT=playing → notifying HA: librespot_playing
2026-03-30T00:35:21Z PLAYER_EVENT=preload_next ignored
2026-03-30T00:35:25Z PLAYER_EVENT=preloading ignored
2026-03-30T00:35:50Z PLAYER_EVENT=end_of_track → end_of_track (flagged for next play_request_id_changed)
2026-03-30T00:35:50Z PLAYER_EVENT=play_request_id_changed → play_request_id_changed after end_of_track (track skip, ignoring)
2026-03-30T00:35:50Z PLAYER_EVENT=track_changed ignored
2026-03-30T00:35:50Z PLAYER_EVENT=playing → track change (stream connected, skipping webhook)
2026-03-30T00:38:21Z PLAYER_EVENT=preload_next ignored
2026-03-30T00:38:22Z PLAYER_EVENT=preloading ignored
2026-03-30T00:38:50Z PLAYER_EVENT=end_of_track → end_of_track (flagged for next play_request_id_changed)
2026-03-30T00:38:50Z PLAYER_EVENT=play_request_id_changed → play_request_id_changed after end_of_track (track skip, ignoring)
2026-03-30T00:38:50Z PLAYER_EVENT=track_changed ignored
2026-03-30T00:38:50Z PLAYER_EVENT=playing → track change (stream connected, skipping webhook)
2026-03-30T00:41:12Z PLAYER_EVENT=preload_next ignored
2026-03-30T00:41:13Z PLAYER_EVENT=preloading ignored
2026-03-30T00:41:41Z PLAYER_EVENT=end_of_track → end_of_track (flagged for next play_request_id_changed)
2026-03-30T00:41:41Z PLAYER_EVENT=play_request_id_changed → play_request_id_changed after end_of_track (track skip, ignoring)
2026-03-30T00:41:41Z PLAYER_EVENT=track_changed ignored
2026-03-30T00:41:41Z PLAYER_EVENT=playing → track change (stream connected, skipping webhook)
2026-03-30T00:45:15Z PLAYER_EVENT=preload_next ignored
2026-03-30T00:45:16Z PLAYER_EVENT=preloading ignored
2026-03-30T00:45:44Z PLAYER_EVENT=end_of_track → end_of_track (flagged for next play_request_id_changed)
2026-03-30T00:45:44Z PLAYER_EVENT=play_request_id_changed → play_request_id_changed after end_of_track (track skip, ignoring)
2026-03-30T00:45:44Z PLAYER_EVENT=track_changed ignored
2026-03-30T00:45:44Z PLAYER_EVENT=playing → track change (stream connected, skipping webhook)
2026-03-30T00:48:41Z PLAYER_EVENT=preload_next ignored
2026-03-30T00:48:42Z PLAYER_EVENT=preloading ignored
2026-03-30T00:49:10Z PLAYER_EVENT=end_of_track → end_of_track (flagged for next play_request_id_changed)
2026-03-30T00:49:10Z PLAYER_EVENT=play_request_id_changed → play_request_id_changed after end_of_track (track skip, ignoring)
2026-03-30T00:49:10Z PLAYER_EVENT=track_changed ignored
2026-03-30T00:49:10Z PLAYER_EVENT=playing → track change (stream connected, skipping webhook)
2026-03-30T00:51:10Z PLAYER_EVENT=preload_next ignored
2026-03-30T00:51:12Z PLAYER_EVENT=preloading ignored
2026-03-30T00:51:39Z PLAYER_EVENT=end_of_track → end_of_track (flagged for next play_request_id_changed)
2026-03-30T00:51:39Z PLAYER_EVENT=play_request_id_changed → play_request_id_changed after end_of_track (track skip, ignoring)
2026-03-30T00:51:39Z PLAYER_EVENT=track_changed ignored
2026-03-30T00:51:39Z PLAYER_EVENT=playing → track change (stream connected, skipping webhook)
2026-03-30T00:53:35Z PLAYER_EVENT=preload_next ignored
2026-03-30T00:53:36Z PLAYER_EVENT=preloading ignored
2026-03-30T00:54:04Z PLAYER_EVENT=end_of_track → end_of_track (flagged for next play_request_id_changed)
2026-03-30T00:54:04Z PLAYER_EVENT=play_request_id_changed → play_request_id_changed after end_of_track (track skip, ignoring)
2026-03-30T00:54:04Z PLAYER_EVENT=track_changed ignored
2026-03-30T00:54:04Z PLAYER_EVENT=playing → track change (stream connected, skipping webhook)
2026-03-30T00:57:01Z PLAYER_EVENT=preload_next ignored
2026-03-30T00:57:01Z PLAYER_EVENT=preloading ignored
2026-03-30T00:57:29Z PLAYER_EVENT=end_of_track → end_of_track (flagged for next play_request_id_changed)
2026-03-30T00:57:29Z PLAYER_EVENT=play_request_id_changed → play_request_id_changed after end_of_track (track skip, ignoring)
2026-03-30T00:57:29Z PLAYER_EVENT=track_changed ignored
2026-03-30T00:57:29Z PLAYER_EVENT=playing → track change (stream connected, skipping webhook)
2026-03-30T00:59:15Z PLAYER_EVENT=preload_next ignored
2026-03-30T00:59:16Z PLAYER_EVENT=preloading ignored
2026-03-30T00:59:44Z PLAYER_EVENT=end_of_track → end_of_track (flagged for next play_request_id_changed)
2026-03-30T00:59:44Z PLAYER_EVENT=play_request_id_changed → play_request_id_changed after end_of_track (track skip, ignoring)
2026-03-30T00:59:44Z PLAYER_EVENT=track_changed ignored
2026-03-30T00:59:44Z PLAYER_EVENT=playing → track change (stream connected, skipping webhook)
2026-03-30T01:02:25Z PLAYER_EVENT=preload_next ignored
2026-03-30T01:02:26Z PLAYER_EVENT=preloading ignored
2026-03-30T01:02:53Z PLAYER_EVENT=end_of_track → end_of_track (flagged for next play_request_id_changed)
2026-03-30T01:02:53Z PLAYER_EVENT=play_request_id_changed → play_request_id_changed after end_of_track (track skip, ignoring)
2026-03-30T01:02:53Z PLAYER_EVENT=track_changed ignored
2026-03-30T01:02:53Z PLAYER_EVENT=playing → track change (stream connected, skipping webhook)
2026-03-30T01:05:16Z PLAYER_EVENT=preload_next ignored
2026-03-30T01:05:17Z PLAYER_EVENT=preloading ignored
2026-03-30T01:05:45Z PLAYER_EVENT=end_of_track → end_of_track (flagged for next play_request_id_changed)
2026-03-30T01:05:45Z PLAYER_EVENT=play_request_id_changed → play_request_id_changed after end_of_track (track skip, ignoring)
2026-03-30T01:05:45Z PLAYER_EVENT=track_changed ignored
2026-03-30T01:05:45Z PLAYER_EVENT=playing → track change (stream connected, skipping webhook)
2026-03-30T01:08:15Z PLAYER_EVENT=preload_next ignored
2026-03-30T01:08:16Z PLAYER_EVENT=preloading ignored
2026-03-30T01:08:43Z PLAYER_EVENT=end_of_track → end_of_track (flagged for next play_request_id_changed)
2026-03-30T01:08:43Z PLAYER_EVENT=play_request_id_changed → play_request_id_changed after end_of_track (track skip, ignoring)
2026-03-30T01:08:43Z PLAYER_EVENT=track_changed ignored
2026-03-30T01:08:43Z PLAYER_EVENT=playing → track change (stream connected, skipping webhook)
2026-03-30T01:11:14Z PLAYER_EVENT=preload_next ignored
2026-03-30T01:11:15Z PLAYER_EVENT=preloading ignored
2026-03-30T01:11:42Z PLAYER_EVENT=end_of_track → end_of_track (flagged for next play_request_id_changed)
2026-03-30T01:11:42Z PLAYER_EVENT=play_request_id_changed → play_request_id_changed after end_of_track (track skip, ignoring)
2026-03-30T01:11:42Z PLAYER_EVENT=track_changed ignored
2026-03-30T01:11:42Z PLAYER_EVENT=playing → track change (stream connected, skipping webhook)
2026-03-30T01:13:45Z PLAYER_EVENT=preload_next ignored
2026-03-30T01:13:46Z PLAYER_EVENT=preloading ignored
2026-03-30T01:14:13Z PLAYER_EVENT=end_of_track → end_of_track (flagged for next play_request_id_changed)
2026-03-30T01:14:13Z PLAYER_EVENT=play_request_id_changed → play_request_id_changed after end_of_track (track skip, ignoring)
2026-03-30T01:14:13Z PLAYER_EVENT=track_changed ignored
2026-03-30T01:14:13Z PLAYER_EVENT=playing → track change (stream connected, skipping webhook)
2026-03-30T01:16:57Z PLAYER_EVENT=preload_next ignored
2026-03-30T01:16:58Z PLAYER_EVENT=preloading ignored
2026-03-30T01:17:25Z PLAYER_EVENT=end_of_track → end_of_track (flagged for next play_request_id_changed)
2026-03-30T01:17:25Z PLAYER_EVENT=play_request_id_changed → play_request_id_changed after end_of_track (track skip, ignoring)
2026-03-30T01:17:25Z PLAYER_EVENT=track_changed ignored
2026-03-30T01:17:25Z PLAYER_EVENT=playing → track change (stream connected, skipping webhook)
2026-03-30T01:19:36Z PLAYER_EVENT=preload_next ignored
2026-03-30T01:19:37Z PLAYER_EVENT=preloading ignored
2026-03-30T01:20:05Z PLAYER_EVENT=end_of_track → end_of_track (flagged for next play_request_id_changed)
2026-03-30T01:20:05Z PLAYER_EVENT=play_request_id_changed → play_request_id_changed after end_of_track (track skip, ignoring)
2026-03-30T01:20:05Z PLAYER_EVENT=track_changed ignored
2026-03-30T01:20:05Z PLAYER_EVENT=playing → track change (stream connected, skipping webhook)
2026-03-30T01:21:58Z PLAYER_EVENT=preload_next ignored
2026-03-30T01:21:58Z PLAYER_EVENT=preloading ignored
2026-03-30T01:22:26Z PLAYER_EVENT=end_of_track → end_of_track (flagged for next play_request_id_changed)
2026-03-30T01:22:26Z PLAYER_EVENT=play_request_id_changed → play_request_id_changed after end_of_track (track skip, ignoring)
2026-03-30T01:22:26Z PLAYER_EVENT=track_changed ignored
2026-03-30T01:22:26Z PLAYER_EVENT=playing → track change (stream connected, skipping webhook)
2026-03-30T01:24:54Z PLAYER_EVENT=preload_next ignored
2026-03-30T01:24:55Z PLAYER_EVENT=preloading ignored
2026-03-30T01:25:22Z PLAYER_EVENT=end_of_track → end_of_track (flagged for next play_request_id_changed)
2026-03-30T01:25:22Z PLAYER_EVENT=play_request_id_changed → play_request_id_changed after end_of_track (track skip, ignoring)
2026-03-30T01:25:22Z PLAYER_EVENT=track_changed ignored
2026-03-30T01:25:22Z PLAYER_EVENT=playing → track change (stream connected, skipping webhook)
2026-03-30T01:27:51Z PLAYER_EVENT=preload_next ignored
2026-03-30T01:27:52Z PLAYER_EVENT=preloading ignored
2026-03-30T01:28:20Z PLAYER_EVENT=end_of_track → end_of_track (flagged for next play_request_id_changed)
2026-03-30T01:28:20Z PLAYER_EVENT=play_request_id_changed → play_request_id_changed after end_of_track (track skip, ignoring)
2026-03-30T01:28:20Z PLAYER_EVENT=track_changed ignored
2026-03-30T01:28:20Z PLAYER_EVENT=playing → track change (stream connected, skipping webhook)
2026-03-30T01:31:48Z PLAYER_EVENT=preload_next ignored
2026-03-30T01:31:49Z PLAYER_EVENT=preloading ignored
2026-03-30T01:32:16Z PLAYER_EVENT=end_of_track → end_of_track (flagged for next play_request_id_changed)
2026-03-30T01:32:16Z PLAYER_EVENT=play_request_id_changed → play_request_id_changed after end_of_track (track skip, ignoring)
2026-03-30T01:32:16Z PLAYER_EVENT=track_changed ignored
2026-03-30T01:32:16Z PLAYER_EVENT=playing → track change (stream connected, skipping webhook)
2026-03-30T01:34:55Z PLAYER_EVENT=preload_next ignored
2026-03-30T01:34:56Z PLAYER_EVENT=preloading ignored
2026-03-30T01:35:23Z PLAYER_EVENT=end_of_track → end_of_track (flagged for next play_request_id_changed)
2026-03-30T01:35:23Z PLAYER_EVENT=play_request_id_changed → play_request_id_changed after end_of_track (track skip, ignoring)
2026-03-30T01:35:23Z PLAYER_EVENT=track_changed ignored
2026-03-30T01:35:23Z PLAYER_EVENT=playing → track change (stream connected, skipping webhook)
2026-03-30T01:38:27Z PLAYER_EVENT=preload_next ignored
2026-03-30T01:38:29Z PLAYER_EVENT=preloading ignored
2026-03-30T01:38:56Z PLAYER_EVENT=end_of_track → end_of_track (flagged for next play_request_id_changed)
2026-03-30T01:38:56Z PLAYER_EVENT=play_request_id_changed → play_request_id_changed after end_of_track (track skip, ignoring)
2026-03-30T01:38:56Z PLAYER_EVENT=track_changed ignored
2026-03-30T01:38:56Z PLAYER_EVENT=playing → track change (stream connected, skipping webhook)
2026-03-30T01:42:35Z PLAYER_EVENT=preload_next ignored
2026-03-30T01:42:35Z PLAYER_EVENT=preloading ignored
2026-03-30T01:43:03Z PLAYER_EVENT=end_of_track → end_of_track (flagged for next play_request_id_changed)
2026-03-30T01:43:03Z PLAYER_EVENT=play_request_id_changed → play_request_id_changed after end_of_track (track skip, ignoring)
2026-03-30T01:43:03Z PLAYER_EVENT=track_changed ignored
2026-03-30T01:43:03Z PLAYER_EVENT=playing → track change (stream connected, skipping webhook)
2026-03-30T01:45:12Z PLAYER_EVENT=preload_next ignored
2026-03-30T01:45:13Z PLAYER_EVENT=preloading ignored
2026-03-30T01:45:41Z PLAYER_EVENT=end_of_track → end_of_track (flagged for next play_request_id_changed)
2026-03-30T01:45:41Z PLAYER_EVENT=play_request_id_changed → play_request_id_changed after end_of_track (track skip, ignoring)
2026-03-30T01:45:41Z PLAYER_EVENT=track_changed ignored
2026-03-30T01:45:41Z PLAYER_EVENT=playing → track change (stream connected, skipping webhook)
2026-03-30T01:48:15Z PLAYER_EVENT=preload_next ignored
2026-03-30T01:48:17Z PLAYER_EVENT=preloading ignored
2026-03-30T01:48:44Z PLAYER_EVENT=end_of_track → end_of_track (flagged for next play_request_id_changed)
2026-03-30T01:48:44Z PLAYER_EVENT=play_request_id_changed → play_request_id_changed after end_of_track (track skip, ignoring)
2026-03-30T01:48:44Z PLAYER_EVENT=track_changed ignored
2026-03-30T01:48:44Z PLAYER_EVENT=playing → track change (stream connected, skipping webhook)
2026-03-30T01:49:40Z PLAYER_EVENT=paused → paused, debouncing (3s)
2026-03-30T01:49:43Z PLAYER_EVENT=paused → notifying HA: librespot_stopped (paused)
2026-03-30T01:49:43Z PLAYER_EVENT=session_disconnected → reset state to stopped (new session)
2026-03-30T01:49:43Z PLAYER_EVENT=session_connected → reset state to stopped (new session)
2026-03-30T01:49:43Z PLAYER_EVENT=session_client_changed ignored
2026-03-30T01:49:43Z PLAYER_EVENT=volume_changed ignored
2026-03-30T01:49:43Z PLAYER_EVENT=auto_play_changed ignored
2026-03-30T01:49:43Z PLAYER_EVENT=filter_explicit_content_changed ignored
2026-03-30T01:49:43Z PLAYER_EVENT=shuffle_changed ignored
2026-03-30T01:49:43Z PLAYER_EVENT=repeat_changed ignored
2026-03-30T01:49:43Z PLAYER_EVENT=play_request_id_changed → reset state to stopped (fresh play request, no preceding end_of_track)
2026-03-30T01:49:43Z PLAYER_EVENT=loading ignored
2026-03-30T01:49:43Z PLAYER_EVENT=track_changed ignored
2026-03-30T01:49:43Z PLAYER_EVENT=playing → notifying HA: librespot_playing
2026-03-30T01:52:27Z PLAYER_EVENT=preload_next ignored
2026-03-30T01:52:29Z PLAYER_EVENT=preloading ignored
2026-03-30T01:52:56Z PLAYER_EVENT=end_of_track → end_of_track (flagged for next play_request_id_changed)
2026-03-30T01:52:56Z PLAYER_EVENT=play_request_id_changed → play_request_id_changed after end_of_track (track skip, ignoring)
2026-03-30T01:52:56Z PLAYER_EVENT=track_changed ignored
2026-03-30T01:52:56Z PLAYER_EVENT=playing → track change (stream connected, skipping webhook)
2026-03-30T01:54:29Z PLAYER_EVENT=preload_next ignored
2026-03-30T01:54:30Z PLAYER_EVENT=preloading ignored
2026-03-30T01:54:58Z PLAYER_EVENT=end_of_track → end_of_track (flagged for next play_request_id_changed)
2026-03-30T01:54:58Z PLAYER_EVENT=play_request_id_changed → play_request_id_changed after end_of_track (track skip, ignoring)
2026-03-30T01:54:58Z PLAYER_EVENT=track_changed ignored
2026-03-30T01:54:58Z PLAYER_EVENT=playing → track change (stream connected, skipping webhook)
2026-03-30T01:56:32Z PLAYER_EVENT=play_request_id_changed → reset state to stopped (fresh play request, no preceding end_of_track)
2026-03-30T01:56:32Z PLAYER_EVENT=loading ignored
2026-03-30T01:56:33Z PLAYER_EVENT=track_changed ignored
2026-03-30T01:56:33Z PLAYER_EVENT=playing → notifying HA: librespot_playing
2026-03-30T02:01:18Z PLAYER_EVENT=preload_next ignored
2026-03-30T02:01:19Z PLAYER_EVENT=preloading ignored
2026-03-30T02:01:46Z PLAYER_EVENT=end_of_track → end_of_track (flagged for next play_request_id_changed)
2026-03-30T02:01:46Z PLAYER_EVENT=play_request_id_changed → play_request_id_changed after end_of_track (track skip, ignoring)
2026-03-30T02:01:46Z PLAYER_EVENT=track_changed ignored
2026-03-30T02:01:46Z PLAYER_EVENT=playing → track change (stream connected, skipping webhook)
2026-03-30T02:04:12Z PLAYER_EVENT=preload_next ignored
2026-03-30T02:04:13Z PLAYER_EVENT=preloading ignored
2026-03-30T02:04:41Z PLAYER_EVENT=end_of_track → end_of_track (flagged for next play_request_id_changed)
2026-03-30T02:04:41Z PLAYER_EVENT=play_request_id_changed → play_request_id_changed after end_of_track (track skip, ignoring)
2026-03-30T02:04:41Z PLAYER_EVENT=track_changed ignored
2026-03-30T02:04:41Z PLAYER_EVENT=playing → track change (stream connected, skipping webhook)
2026-03-30T02:10:12Z PLAYER_EVENT=preload_next ignored
2026-03-30T02:10:14Z PLAYER_EVENT=preloading ignored
2026-03-30T02:10:41Z PLAYER_EVENT=end_of_track → end_of_track (flagged for next play_request_id_changed)
2026-03-30T02:10:41Z PLAYER_EVENT=play_request_id_changed → play_request_id_changed after end_of_track (track skip, ignoring)
2026-03-30T02:10:41Z PLAYER_EVENT=track_changed ignored
2026-03-30T02:10:41Z PLAYER_EVENT=playing → track change (stream connected, skipping webhook)
2026-03-30T02:14:39Z PLAYER_EVENT=preload_next ignored
2026-03-30T02:14:40Z PLAYER_EVENT=preloading ignored
2026-03-30T02:15:08Z PLAYER_EVENT=end_of_track → end_of_track (flagged for next play_request_id_changed)
2026-03-30T02:15:08Z PLAYER_EVENT=play_request_id_changed → play_request_id_changed after end_of_track (track skip, ignoring)
2026-03-30T02:15:08Z PLAYER_EVENT=track_changed ignored
2026-03-30T02:15:08Z PLAYER_EVENT=playing → track change (stream connected, skipping webhook)
2026-03-30T02:18:28Z PLAYER_EVENT=preload_next ignored
2026-03-30T02:18:30Z PLAYER_EVENT=preloading ignored
2026-03-30T02:18:57Z PLAYER_EVENT=end_of_track → end_of_track (flagged for next play_request_id_changed)
2026-03-30T02:18:57Z PLAYER_EVENT=play_request_id_changed → play_request_id_changed after end_of_track (track skip, ignoring)
2026-03-30T02:18:57Z PLAYER_EVENT=track_changed ignored
2026-03-30T02:18:57Z PLAYER_EVENT=playing → track change (stream connected, skipping webhook)
2026-03-30T02:21:49Z PLAYER_EVENT=preload_next ignored
2026-03-30T02:21:50Z PLAYER_EVENT=preloading ignored
2026-03-30T02:22:18Z PLAYER_EVENT=end_of_track → end_of_track (flagged for next play_request_id_changed)
2026-03-30T02:22:18Z PLAYER_EVENT=play_request_id_changed → play_request_id_changed after end_of_track (track skip, ignoring)
2026-03-30T02:22:18Z PLAYER_EVENT=track_changed ignored
2026-03-30T02:22:18Z PLAYER_EVENT=playing → track change (stream connected, skipping webhook)
2026-03-30T02:24:48Z PLAYER_EVENT=preload_next ignored
2026-03-30T02:24:49Z PLAYER_EVENT=preloading ignored
2026-03-30T02:25:16Z PLAYER_EVENT=end_of_track → end_of_track (flagged for next play_request_id_changed)
2026-03-30T02:25:16Z PLAYER_EVENT=play_request_id_changed → play_request_id_changed after end_of_track (track skip, ignoring)
2026-03-30T02:25:16Z PLAYER_EVENT=track_changed ignored
2026-03-30T02:25:16Z PLAYER_EVENT=playing → track change (stream connected, skipping webhook)
2026-03-30T02:28:42Z PLAYER_EVENT=preload_next ignored
2026-03-30T02:28:43Z PLAYER_EVENT=preloading ignored
2026-03-30T02:29:10Z PLAYER_EVENT=end_of_track → end_of_track (flagged for next play_request_id_changed)
2026-03-30T02:29:10Z PLAYER_EVENT=play_request_id_changed → play_request_id_changed after end_of_track (track skip, ignoring)
2026-03-30T02:29:10Z PLAYER_EVENT=track_changed ignored
2026-03-30T02:29:10Z PLAYER_EVENT=playing → track change (stream connected, skipping webhook)
2026-03-30T02:32:14Z PLAYER_EVENT=preload_next ignored
2026-03-30T02:32:16Z PLAYER_EVENT=preloading ignored
2026-03-30T02:32:43Z PLAYER_EVENT=end_of_track → end_of_track (flagged for next play_request_id_changed)
2026-03-30T02:32:43Z PLAYER_EVENT=play_request_id_changed → play_request_id_changed after end_of_track (track skip, ignoring)
2026-03-30T02:32:43Z PLAYER_EVENT=track_changed ignored
2026-03-30T02:32:43Z PLAYER_EVENT=playing → track change (stream connected, skipping webhook)
2026-03-30T02:37:34Z PLAYER_EVENT=preload_next ignored
2026-03-30T02:37:36Z PLAYER_EVENT=preloading ignored
2026-03-30T02:38:03Z PLAYER_EVENT=end_of_track → end_of_track (flagged for next play_request_id_changed)
2026-03-30T02:38:03Z PLAYER_EVENT=play_request_id_changed → play_request_id_changed after end_of_track (track skip, ignoring)
2026-03-30T02:38:03Z PLAYER_EVENT=track_changed ignored
2026-03-30T02:38:03Z PLAYER_EVENT=playing → track change (stream connected, skipping webhook)
2026-03-30T02:45:31Z PLAYER_EVENT=preload_next ignored
2026-03-30T02:45:32Z PLAYER_EVENT=preloading ignored
2026-03-30T02:46:00Z PLAYER_EVENT=end_of_track → end_of_track (flagged for next play_request_id_changed)
2026-03-30T02:46:00Z PLAYER_EVENT=play_request_id_changed → play_request_id_changed after end_of_track (track skip, ignoring)
2026-03-30T02:46:00Z PLAYER_EVENT=track_changed ignored
2026-03-30T02:46:00Z PLAYER_EVENT=playing → track change (stream connected, skipping webhook)
2026-03-30T02:50:59Z PLAYER_EVENT=preload_next ignored
2026-03-30T02:51:01Z PLAYER_EVENT=preloading ignored
2026-03-30T02:51:28Z PLAYER_EVENT=end_of_track → end_of_track (flagged for next play_request_id_changed)
2026-03-30T02:51:28Z PLAYER_EVENT=play_request_id_changed → play_request_id_changed after end_of_track (track skip, ignoring)
2026-03-30T02:51:28Z PLAYER_EVENT=track_changed ignored
2026-03-30T02:51:28Z PLAYER_EVENT=playing → track change (stream connected, skipping webhook)
2026-03-30T02:55:41Z PLAYER_EVENT=preload_next ignored
2026-03-30T02:55:42Z PLAYER_EVENT=preloading ignored
2026-03-30T02:56:10Z PLAYER_EVENT=end_of_track → end_of_track (flagged for next play_request_id_changed)
2026-03-30T02:56:10Z PLAYER_EVENT=play_request_id_changed → play_request_id_changed after end_of_track (track skip, ignoring)
2026-03-30T02:56:10Z PLAYER_EVENT=track_changed ignored
2026-03-30T02:56:10Z PLAYER_EVENT=playing → track change (stream connected, skipping webhook)
2026-03-30T02:58:55Z PLAYER_EVENT=preload_next ignored
2026-03-30T02:58:56Z PLAYER_EVENT=preloading ignored
2026-03-30T02:59:24Z PLAYER_EVENT=end_of_track → end_of_track (flagged for next play_request_id_changed)
2026-03-30T02:59:24Z PLAYER_EVENT=play_request_id_changed → play_request_id_changed after end_of_track (track skip, ignoring)
2026-03-30T02:59:24Z PLAYER_EVENT=track_changed ignored
2026-03-30T02:59:24Z PLAYER_EVENT=playing → track change (stream connected, skipping webhook)
2026-03-30T03:03:49Z PLAYER_EVENT=preload_next ignored
2026-03-30T03:03:50Z PLAYER_EVENT=preloading ignored
2026-03-30T03:04:17Z PLAYER_EVENT=end_of_track → end_of_track (flagged for next play_request_id_changed)
2026-03-30T03:04:17Z PLAYER_EVENT=play_request_id_changed → play_request_id_changed after end_of_track (track skip, ignoring)
2026-03-30T03:04:17Z PLAYER_EVENT=track_changed ignored
2026-03-30T03:04:17Z PLAYER_EVENT=playing → track change (stream connected, skipping webhook)
2026-03-30T03:05:51Z PLAYER_EVENT=preload_next ignored
2026-03-30T03:05:52Z PLAYER_EVENT=preloading ignored
2026-03-30T03:06:19Z PLAYER_EVENT=end_of_track → end_of_track (flagged for next play_request_id_changed)
2026-03-30T03:06:19Z PLAYER_EVENT=play_request_id_changed → play_request_id_changed after end_of_track (track skip, ignoring)
2026-03-30T03:06:19Z PLAYER_EVENT=track_changed ignored
2026-03-30T03:06:19Z PLAYER_EVENT=playing → track change (stream connected, skipping webhook)
2026-03-30T03:08:32Z PLAYER_EVENT=preload_next ignored
2026-03-30T03:08:33Z PLAYER_EVENT=preloading ignored
2026-03-30T03:09:00Z PLAYER_EVENT=end_of_track → end_of_track (flagged for next play_request_id_changed)
2026-03-30T03:09:00Z PLAYER_EVENT=play_request_id_changed → play_request_id_changed after end_of_track (track skip, ignoring)
2026-03-30T03:09:00Z PLAYER_EVENT=track_changed ignored
2026-03-30T03:09:00Z PLAYER_EVENT=playing → track change (stream connected, skipping webhook)
2026-03-30T03:11:37Z PLAYER_EVENT=preload_next ignored
2026-03-30T03:11:38Z PLAYER_EVENT=preloading ignored
2026-03-30T03:12:05Z PLAYER_EVENT=end_of_track → end_of_track (flagged for next play_request_id_changed)
2026-03-30T03:12:05Z PLAYER_EVENT=play_request_id_changed → play_request_id_changed after end_of_track (track skip, ignoring)
2026-03-30T03:12:05Z PLAYER_EVENT=track_changed ignored
2026-03-30T03:12:05Z PLAYER_EVENT=playing → track change (stream connected, skipping webhook)
2026-03-30T03:14:50Z PLAYER_EVENT=preload_next ignored
2026-03-30T03:14:51Z PLAYER_EVENT=preloading ignored
2026-03-30T03:15:18Z PLAYER_EVENT=end_of_track → end_of_track (flagged for next play_request_id_changed)
2026-03-30T03:15:18Z PLAYER_EVENT=play_request_id_changed → play_request_id_changed after end_of_track (track skip, ignoring)
2026-03-30T03:15:18Z PLAYER_EVENT=track_changed ignored
2026-03-30T03:15:18Z PLAYER_EVENT=playing → track change (stream connected, skipping webhook)
2026-03-30T03:17:35Z PLAYER_EVENT=preload_next ignored
2026-03-30T03:17:36Z PLAYER_EVENT=preloading ignored
2026-03-30T03:18:03Z PLAYER_EVENT=end_of_track → end_of_track (flagged for next play_request_id_changed)
2026-03-30T03:18:03Z PLAYER_EVENT=play_request_id_changed → play_request_id_changed after end_of_track (track skip, ignoring)
2026-03-30T03:18:03Z PLAYER_EVENT=track_changed ignored
2026-03-30T03:18:03Z PLAYER_EVENT=playing → track change (stream connected, skipping webhook)
2026-03-30T03:22:26Z PLAYER_EVENT=preload_next ignored
2026-03-30T03:22:28Z PLAYER_EVENT=preloading ignored
2026-03-30T03:22:55Z PLAYER_EVENT=end_of_track → end_of_track (flagged for next play_request_id_changed)
2026-03-30T03:22:55Z PLAYER_EVENT=play_request_id_changed → play_request_id_changed after end_of_track (track skip, ignoring)
2026-03-30T03:22:55Z PLAYER_EVENT=track_changed ignored
2026-03-30T03:22:55Z PLAYER_EVENT=playing → track change (stream connected, skipping webhook)
2026-03-30T03:29:02Z PLAYER_EVENT=preload_next ignored
2026-03-30T03:29:04Z PLAYER_EVENT=preloading ignored
2026-03-30T03:29:31Z PLAYER_EVENT=end_of_track → end_of_track (flagged for next play_request_id_changed)
2026-03-30T03:29:31Z PLAYER_EVENT=play_request_id_changed → play_request_id_changed after end_of_track (track skip, ignoring)
2026-03-30T03:29:31Z PLAYER_EVENT=track_changed ignored
2026-03-30T03:29:31Z PLAYER_EVENT=playing → track change (stream connected, skipping webhook)
2026-03-30T03:32:29Z PLAYER_EVENT=preload_next ignored
2026-03-30T03:32:30Z PLAYER_EVENT=preloading ignored
2026-03-30T03:32:57Z PLAYER_EVENT=end_of_track → end_of_track (flagged for next play_request_id_changed)
2026-03-30T03:32:57Z PLAYER_EVENT=play_request_id_changed → play_request_id_changed after end_of_track (track skip, ignoring)
2026-03-30T03:32:57Z PLAYER_EVENT=track_changed ignored
2026-03-30T03:32:57Z PLAYER_EVENT=playing → track change (stream connected, skipping webhook)
2026-03-30T03:36:13Z PLAYER_EVENT=preload_next ignored
2026-03-30T03:36:15Z PLAYER_EVENT=preloading ignored
2026-03-30T03:36:42Z PLAYER_EVENT=end_of_track → end_of_track (flagged for next play_request_id_changed)
2026-03-30T03:36:42Z PLAYER_EVENT=play_request_id_changed → play_request_id_changed after end_of_track (track skip, ignoring)
2026-03-30T03:36:42Z PLAYER_EVENT=track_changed ignored
2026-03-30T03:36:42Z PLAYER_EVENT=playing → track change (stream connected, skipping webhook)
2026-03-30T03:43:02Z PLAYER_EVENT=preload_next ignored
2026-03-30T03:43:04Z PLAYER_EVENT=preloading ignored
2026-03-30T03:43:31Z PLAYER_EVENT=end_of_track → end_of_track (flagged for next play_request_id_changed)
2026-03-30T03:43:31Z PLAYER_EVENT=play_request_id_changed → play_request_id_changed after end_of_track (track skip, ignoring)
2026-03-30T03:43:31Z PLAYER_EVENT=track_changed ignored
2026-03-30T03:43:31Z PLAYER_EVENT=playing → track change (stream connected, skipping webhook)
2026-03-30T03:47:09Z PLAYER_EVENT=preload_next ignored
2026-03-30T03:47:10Z PLAYER_EVENT=preloading ignored
2026-03-30T03:47:38Z PLAYER_EVENT=end_of_track → end_of_track (flagged for next play_request_id_changed)
2026-03-30T03:47:38Z PLAYER_EVENT=play_request_id_changed → play_request_id_changed after end_of_track (track skip, ignoring)
2026-03-30T03:47:38Z PLAYER_EVENT=track_changed ignored
2026-03-30T03:47:38Z PLAYER_EVENT=playing → track change (stream connected, skipping webhook)
2026-03-30T03:49:45Z PLAYER_EVENT=preload_next ignored
2026-03-30T03:49:47Z PLAYER_EVENT=preloading ignored
2026-03-30T03:50:14Z PLAYER_EVENT=end_of_track → end_of_track (flagged for next play_request_id_changed)
2026-03-30T03:50:14Z PLAYER_EVENT=play_request_id_changed → play_request_id_changed after end_of_track (track skip, ignoring)
2026-03-30T03:50:14Z PLAYER_EVENT=track_changed ignored
2026-03-30T03:50:14Z PLAYER_EVENT=playing → track change (stream connected, skipping webhook)
2026-03-30T03:53:08Z PLAYER_EVENT=preload_next ignored
2026-03-30T03:53:37Z PLAYER_EVENT=end_of_track → end_of_track (flagged for next play_request_id_changed)
2026-03-30T03:53:37Z PLAYER_EVENT=play_request_id_changed → play_request_id_changed after end_of_track (track skip, ignoring)
2026-03-30T03:53:37Z PLAYER_EVENT=loading ignored
2026-03-30T03:53:38Z PLAYER_EVENT=track_changed ignored
2026-03-30T03:53:38Z PLAYER_EVENT=playing → track change (stream connected, skipping webhook)
2026-03-30T03:57:10Z PLAYER_EVENT=preload_next ignored
2026-03-30T03:57:11Z PLAYER_EVENT=preloading ignored
2026-03-30T03:57:39Z PLAYER_EVENT=end_of_track → end_of_track (flagged for next play_request_id_changed)
2026-03-30T03:57:39Z PLAYER_EVENT=play_request_id_changed → play_request_id_changed after end_of_track (track skip, ignoring)
2026-03-30T03:57:39Z PLAYER_EVENT=track_changed ignored
2026-03-30T03:57:39Z PLAYER_EVENT=playing → track change (stream connected, skipping webhook)
2026-03-30T03:59:34Z PLAYER_EVENT=preload_next ignored
2026-03-30T03:59:35Z PLAYER_EVENT=preloading ignored
2026-03-30T04:00:02Z PLAYER_EVENT=end_of_track → end_of_track (flagged for next play_request_id_changed)
2026-03-30T04:00:02Z PLAYER_EVENT=play_request_id_changed → play_request_id_changed after end_of_track (track skip, ignoring)
2026-03-30T04:00:02Z PLAYER_EVENT=track_changed ignored
2026-03-30T04:00:02Z PLAYER_EVENT=playing → track change (stream connected, skipping webhook)
2026-03-30T04:03:22Z PLAYER_EVENT=preload_next ignored
2026-03-30T04:03:23Z PLAYER_EVENT=preloading ignored
2026-03-30T04:03:51Z PLAYER_EVENT=end_of_track → end_of_track (flagged for next play_request_id_changed)
2026-03-30T04:03:51Z PLAYER_EVENT=play_request_id_changed → play_request_id_changed after end_of_track (track skip, ignoring)
2026-03-30T04:03:51Z PLAYER_EVENT=track_changed ignored
2026-03-30T04:03:51Z PLAYER_EVENT=playing → track change (stream connected, skipping webhook)
2026-03-30T04:08:28Z PLAYER_EVENT=preload_next ignored
2026-03-30T04:08:30Z PLAYER_EVENT=preloading ignored
2026-03-30T04:08:57Z PLAYER_EVENT=end_of_track → end_of_track (flagged for next play_request_id_changed)
2026-03-30T04:08:57Z PLAYER_EVENT=play_request_id_changed → play_request_id_changed after end_of_track (track skip, ignoring)
2026-03-30T04:08:57Z PLAYER_EVENT=track_changed ignored
2026-03-30T04:08:57Z PLAYER_EVENT=playing → track change (stream connected, skipping webhook)
2026-03-30T04:11:15Z PLAYER_EVENT=preload_next ignored
2026-03-30T04:11:16Z PLAYER_EVENT=preloading ignored
2026-03-30T04:11:44Z PLAYER_EVENT=end_of_track → end_of_track (flagged for next play_request_id_changed)
2026-03-30T04:11:44Z PLAYER_EVENT=play_request_id_changed → play_request_id_changed after end_of_track (track skip, ignoring)
2026-03-30T04:11:44Z PLAYER_EVENT=track_changed ignored
2026-03-30T04:11:44Z PLAYER_EVENT=playing → track change (stream connected, skipping webhook)
2026-03-30T04:14:35Z PLAYER_EVENT=preload_next ignored
2026-03-30T04:14:36Z PLAYER_EVENT=preloading ignored
2026-03-30T04:15:03Z PLAYER_EVENT=end_of_track → end_of_track (flagged for next play_request_id_changed)
2026-03-30T04:15:03Z PLAYER_EVENT=play_request_id_changed → play_request_id_changed after end_of_track (track skip, ignoring)
2026-03-30T04:15:03Z PLAYER_EVENT=track_changed ignored
2026-03-30T04:15:03Z PLAYER_EVENT=playing → track change (stream connected, skipping webhook)
2026-03-30T04:21:12Z PLAYER_EVENT=preload_next ignored
2026-03-30T04:21:15Z PLAYER_EVENT=preloading ignored
2026-03-30T04:21:40Z PLAYER_EVENT=end_of_track → end_of_track (flagged for next play_request_id_changed)
2026-03-30T04:21:40Z PLAYER_EVENT=play_request_id_changed → play_request_id_changed after end_of_track (track skip, ignoring)
2026-03-30T04:21:40Z PLAYER_EVENT=track_changed ignored
2026-03-30T04:21:40Z PLAYER_EVENT=playing → track change (stream connected, skipping webhook)
2026-03-30T04:25:41Z PLAYER_EVENT=preload_next ignored
2026-03-30T04:25:42Z PLAYER_EVENT=preloading ignored
2026-03-30T04:26:09Z PLAYER_EVENT=end_of_track → end_of_track (flagged for next play_request_id_changed)
2026-03-30T04:26:09Z PLAYER_EVENT=play_request_id_changed → play_request_id_changed after end_of_track (track skip, ignoring)
2026-03-30T04:26:09Z PLAYER_EVENT=track_changed ignored
2026-03-30T04:26:09Z PLAYER_EVENT=playing → track change (stream connected, skipping webhook)
2026-03-30T04:31:22Z PLAYER_EVENT=preload_next ignored
2026-03-30T04:31:23Z PLAYER_EVENT=preloading ignored
2026-03-30T04:31:50Z PLAYER_EVENT=end_of_track → end_of_track (flagged for next play_request_id_changed)
2026-03-30T04:31:50Z PLAYER_EVENT=play_request_id_changed → play_request_id_changed after end_of_track (track skip, ignoring)
2026-03-30T04:31:50Z PLAYER_EVENT=track_changed ignored
2026-03-30T04:31:50Z PLAYER_EVENT=playing → track change (stream connected, skipping webhook)
2026-03-30T04:35:15Z PLAYER_EVENT=preload_next ignored
2026-03-30T04:35:16Z PLAYER_EVENT=preloading ignored
2026-03-30T04:35:43Z PLAYER_EVENT=end_of_track → end_of_track (flagged for next play_request_id_changed)
2026-03-30T04:35:43Z PLAYER_EVENT=play_request_id_changed → play_request_id_changed after end_of_track (track skip, ignoring)
2026-03-30T04:35:43Z PLAYER_EVENT=track_changed ignored
2026-03-30T04:35:43Z PLAYER_EVENT=playing → track change (stream connected, skipping webhook)
2026-03-30T04:38:07Z PLAYER_EVENT=preload_next ignored
2026-03-30T04:38:08Z PLAYER_EVENT=preloading ignored
2026-03-30T04:38:36Z PLAYER_EVENT=end_of_track → end_of_track (flagged for next play_request_id_changed)
2026-03-30T04:38:36Z PLAYER_EVENT=play_request_id_changed → play_request_id_changed after end_of_track (track skip, ignoring)
2026-03-30T04:38:36Z PLAYER_EVENT=track_changed ignored
2026-03-30T04:38:36Z PLAYER_EVENT=playing → track change (stream connected, skipping webhook)
2026-03-30T04:41:32Z PLAYER_EVENT=preload_next ignored
2026-03-30T04:41:33Z PLAYER_EVENT=preloading ignored
2026-03-30T04:42:00Z PLAYER_EVENT=end_of_track → end_of_track (flagged for next play_request_id_changed)
2026-03-30T04:42:00Z PLAYER_EVENT=play_request_id_changed → play_request_id_changed after end_of_track (track skip, ignoring)
2026-03-30T04:42:00Z PLAYER_EVENT=track_changed ignored
2026-03-30T04:42:00Z PLAYER_EVENT=playing → track change (stream connected, skipping webhook)
2026-03-30T04:44:32Z PLAYER_EVENT=preload_next ignored
2026-03-30T04:44:33Z PLAYER_EVENT=preloading ignored
2026-03-30T04:45:01Z PLAYER_EVENT=end_of_track → end_of_track (flagged for next play_request_id_changed)
2026-03-30T04:45:01Z PLAYER_EVENT=play_request_id_changed → play_request_id_changed after end_of_track (track skip, ignoring)
2026-03-30T04:45:01Z PLAYER_EVENT=track_changed ignored
2026-03-30T04:45:01Z PLAYER_EVENT=playing → track change (stream connected, skipping webhook)
2026-03-30T04:47:55Z PLAYER_EVENT=preload_next ignored
2026-03-30T04:47:56Z PLAYER_EVENT=preloading ignored
2026-03-30T04:48:24Z PLAYER_EVENT=end_of_track → end_of_track (flagged for next play_request_id_changed)
2026-03-30T04:48:24Z PLAYER_EVENT=play_request_id_changed → play_request_id_changed after end_of_track (track skip, ignoring)
2026-03-30T04:48:24Z PLAYER_EVENT=track_changed ignored
2026-03-30T04:48:24Z PLAYER_EVENT=playing → track change (stream connected, skipping webhook)
2026-03-30T04:51:06Z PLAYER_EVENT=preload_next ignored
2026-03-30T04:51:07Z PLAYER_EVENT=preloading ignored
2026-03-30T04:51:35Z PLAYER_EVENT=end_of_track → end_of_track (flagged for next play_request_id_changed)
2026-03-30T04:51:35Z PLAYER_EVENT=play_request_id_changed → play_request_id_changed after end_of_track (track skip, ignoring)
2026-03-30T04:51:35Z PLAYER_EVENT=track_changed ignored
2026-03-30T04:51:35Z PLAYER_EVENT=playing → track change (stream connected, skipping webhook)
2026-03-30T04:54:39Z PLAYER_EVENT=preload_next ignored
2026-03-30T04:54:40Z PLAYER_EVENT=preloading ignored
2026-03-30T04:55:08Z PLAYER_EVENT=end_of_track → end_of_track (flagged for next play_request_id_changed)
2026-03-30T04:55:08Z PLAYER_EVENT=play_request_id_changed → play_request_id_changed after end_of_track (track skip, ignoring)
2026-03-30T04:55:08Z PLAYER_EVENT=track_changed ignored
2026-03-30T04:55:08Z PLAYER_EVENT=playing → track change (stream connected, skipping webhook)
2026-03-30T04:57:26Z PLAYER_EVENT=preload_next ignored
2026-03-30T04:57:27Z PLAYER_EVENT=preloading ignored
2026-03-30T04:57:55Z PLAYER_EVENT=end_of_track → end_of_track (flagged for next play_request_id_changed)
2026-03-30T04:57:55Z PLAYER_EVENT=play_request_id_changed → play_request_id_changed after end_of_track (track skip, ignoring)
2026-03-30T04:57:55Z PLAYER_EVENT=track_changed ignored
2026-03-30T04:57:55Z PLAYER_EVENT=playing → track change (stream connected, skipping webhook)
2026-03-30T05:01:36Z PLAYER_EVENT=preload_next ignored
2026-03-30T05:01:37Z PLAYER_EVENT=preloading ignored
2026-03-30T05:02:05Z PLAYER_EVENT=end_of_track → end_of_track (flagged for next play_request_id_changed)
2026-03-30T05:02:05Z PLAYER_EVENT=play_request_id_changed → play_request_id_changed after end_of_track (track skip, ignoring)
2026-03-30T05:02:05Z PLAYER_EVENT=track_changed ignored
2026-03-30T05:02:05Z PLAYER_EVENT=playing → track change (stream connected, skipping webhook)
2026-03-30T05:06:02Z PLAYER_EVENT=preload_next ignored
2026-03-30T05:06:03Z PLAYER_EVENT=preloading ignored
2026-03-30T05:06:31Z PLAYER_EVENT=end_of_track → end_of_track (flagged for next play_request_id_changed)
2026-03-30T05:06:31Z PLAYER_EVENT=play_request_id_changed → play_request_id_changed after end_of_track (track skip, ignoring)
2026-03-30T05:06:31Z PLAYER_EVENT=track_changed ignored
2026-03-30T05:06:31Z PLAYER_EVENT=playing → track change (stream connected, skipping webhook)
2026-03-30T05:10:04Z PLAYER_EVENT=preload_next ignored
2026-03-30T05:10:05Z PLAYER_EVENT=preloading ignored
2026-03-30T05:10:32Z PLAYER_EVENT=end_of_track → end_of_track (flagged for next play_request_id_changed)
2026-03-30T05:10:32Z PLAYER_EVENT=play_request_id_changed → play_request_id_changed after end_of_track (track skip, ignoring)
2026-03-30T05:10:32Z PLAYER_EVENT=track_changed ignored
2026-03-30T05:10:32Z PLAYER_EVENT=playing → track change (stream connected, skipping webhook)
2026-03-30T05:15:20Z PLAYER_EVENT=preload_next ignored
2026-03-30T05:15:21Z PLAYER_EVENT=preloading ignored
2026-03-30T05:15:49Z PLAYER_EVENT=end_of_track → end_of_track (flagged for next play_request_id_changed)
2026-03-30T05:15:49Z PLAYER_EVENT=play_request_id_changed → play_request_id_changed after end_of_track (track skip, ignoring)
2026-03-30T05:15:49Z PLAYER_EVENT=track_changed ignored
2026-03-30T05:15:49Z PLAYER_EVENT=playing → track change (stream connected, skipping webhook)
2026-03-30T05:17:57Z PLAYER_EVENT=preload_next ignored
2026-03-30T05:17:58Z PLAYER_EVENT=preloading ignored
2026-03-30T05:18:26Z PLAYER_EVENT=end_of_track → end_of_track (flagged for next play_request_id_changed)
2026-03-30T05:18:26Z PLAYER_EVENT=play_request_id_changed → play_request_id_changed after end_of_track (track skip, ignoring)
2026-03-30T05:18:26Z PLAYER_EVENT=track_changed ignored
2026-03-30T05:18:26Z PLAYER_EVENT=playing → track change (stream connected, skipping webhook)
2026-03-30T05:23:56Z PLAYER_EVENT=preload_next ignored
2026-03-30T05:23:57Z PLAYER_EVENT=preloading ignored
2026-03-30T05:24:25Z PLAYER_EVENT=end_of_track → end_of_track (flagged for next play_request_id_changed)
2026-03-30T05:24:25Z PLAYER_EVENT=play_request_id_changed → play_request_id_changed after end_of_track (track skip, ignoring)
2026-03-30T05:24:25Z PLAYER_EVENT=track_changed ignored
2026-03-30T05:24:25Z PLAYER_EVENT=playing → track change (stream connected, skipping webhook)
2026-03-30T05:27:11Z PLAYER_EVENT=preload_next ignored
2026-03-30T05:27:12Z PLAYER_EVENT=preloading ignored
2026-03-30T05:27:39Z PLAYER_EVENT=end_of_track → end_of_track (flagged for next play_request_id_changed)
2026-03-30T05:27:39Z PLAYER_EVENT=play_request_id_changed → play_request_id_changed after end_of_track (track skip, ignoring)
2026-03-30T05:27:39Z PLAYER_EVENT=track_changed ignored
2026-03-30T05:27:39Z PLAYER_EVENT=playing → track change (stream connected, skipping webhook)
2026-03-30T05:30:00Z PLAYER_EVENT=preload_next ignored
2026-03-30T05:30:01Z PLAYER_EVENT=preloading ignored
2026-03-30T05:30:28Z PLAYER_EVENT=end_of_track → end_of_track (flagged for next play_request_id_changed)
2026-03-30T05:30:28Z PLAYER_EVENT=play_request_id_changed → play_request_id_changed after end_of_track (track skip, ignoring)
2026-03-30T05:30:28Z PLAYER_EVENT=track_changed ignored
2026-03-30T05:30:28Z PLAYER_EVENT=playing → track change (stream connected, skipping webhook)
2026-03-30T05:33:08Z PLAYER_EVENT=preload_next ignored
2026-03-30T05:33:10Z PLAYER_EVENT=preloading ignored
2026-03-30T05:33:37Z PLAYER_EVENT=end_of_track → end_of_track (flagged for next play_request_id_changed)
2026-03-30T05:33:37Z PLAYER_EVENT=play_request_id_changed → play_request_id_changed after end_of_track (track skip, ignoring)
2026-03-30T05:33:37Z PLAYER_EVENT=track_changed ignored
2026-03-30T05:33:37Z PLAYER_EVENT=playing → track change (stream connected, skipping webhook)
2026-03-30T05:36:20Z PLAYER_EVENT=preload_next ignored
2026-03-30T05:36:21Z PLAYER_EVENT=preloading ignored
2026-03-30T05:36:48Z PLAYER_EVENT=end_of_track → end_of_track (flagged for next play_request_id_changed)
2026-03-30T05:36:48Z PLAYER_EVENT=play_request_id_changed → play_request_id_changed after end_of_track (track skip, ignoring)
2026-03-30T05:36:48Z PLAYER_EVENT=track_changed ignored
2026-03-30T05:36:48Z PLAYER_EVENT=playing → track change (stream connected, skipping webhook)
2026-03-30T05:40:00Z PLAYER_EVENT=preload_next ignored
2026-03-30T05:40:01Z PLAYER_EVENT=preloading ignored
2026-03-30T05:40:29Z PLAYER_EVENT=end_of_track → end_of_track (flagged for next play_request_id_changed)
2026-03-30T05:40:29Z PLAYER_EVENT=play_request_id_changed → play_request_id_changed after end_of_track (track skip, ignoring)
2026-03-30T05:40:29Z PLAYER_EVENT=track_changed ignored
2026-03-30T05:40:29Z PLAYER_EVENT=playing → track change (stream connected, skipping webhook)
2026-03-30T05:42:50Z PLAYER_EVENT=preload_next ignored
2026-03-30T05:42:51Z PLAYER_EVENT=preloading ignored
2026-03-30T05:43:18Z PLAYER_EVENT=end_of_track → end_of_track (flagged for next play_request_id_changed)
2026-03-30T05:43:18Z PLAYER_EVENT=play_request_id_changed → play_request_id_changed after end_of_track (track skip, ignoring)
2026-03-30T05:43:18Z PLAYER_EVENT=track_changed ignored
2026-03-30T05:43:18Z PLAYER_EVENT=playing → track change (stream connected, skipping webhook)
2026-03-30T05:46:32Z PLAYER_EVENT=preload_next ignored
2026-03-30T05:46:33Z PLAYER_EVENT=preloading ignored
2026-03-30T05:47:01Z PLAYER_EVENT=end_of_track → end_of_track (flagged for next play_request_id_changed)
2026-03-30T05:47:01Z PLAYER_EVENT=play_request_id_changed → play_request_id_changed after end_of_track (track skip, ignoring)
2026-03-30T05:47:01Z PLAYER_EVENT=track_changed ignored
2026-03-30T05:47:01Z PLAYER_EVENT=playing → track change (stream connected, skipping webhook)
2026-03-30T05:49:36Z PLAYER_EVENT=preload_next ignored
2026-03-30T05:49:37Z PLAYER_EVENT=preloading ignored
2026-03-30T05:50:05Z PLAYER_EVENT=end_of_track → end_of_track (flagged for next play_request_id_changed)
2026-03-30T05:50:05Z PLAYER_EVENT=play_request_id_changed → play_request_id_changed after end_of_track (track skip, ignoring)
2026-03-30T05:50:05Z PLAYER_EVENT=track_changed ignored
2026-03-30T05:50:05Z PLAYER_EVENT=playing → track change (stream connected, skipping webhook)
2026-03-30T05:54:43Z PLAYER_EVENT=preload_next ignored
2026-03-30T05:54:44Z PLAYER_EVENT=preloading ignored
2026-03-30T05:55:11Z PLAYER_EVENT=end_of_track → end_of_track (flagged for next play_request_id_changed)
2026-03-30T05:55:11Z PLAYER_EVENT=play_request_id_changed → play_request_id_changed after end_of_track (track skip, ignoring)
2026-03-30T05:55:11Z PLAYER_EVENT=track_changed ignored
2026-03-30T05:55:11Z PLAYER_EVENT=playing → track change (stream connected, skipping webhook)
2026-03-30T05:58:33Z PLAYER_EVENT=preload_next ignored
2026-03-30T05:58:34Z PLAYER_EVENT=preloading ignored
2026-03-30T05:59:02Z PLAYER_EVENT=end_of_track → end_of_track (flagged for next play_request_id_changed)
2026-03-30T05:59:02Z PLAYER_EVENT=play_request_id_changed → play_request_id_changed after end_of_track (track skip, ignoring)
2026-03-30T05:59:02Z PLAYER_EVENT=track_changed ignored
2026-03-30T05:59:02Z PLAYER_EVENT=playing → track change (stream connected, skipping webhook)
2026-03-30T06:01:58Z PLAYER_EVENT=preload_next ignored
2026-03-30T06:01:59Z PLAYER_EVENT=preloading ignored
2026-03-30T06:02:26Z PLAYER_EVENT=end_of_track → end_of_track (flagged for next play_request_id_changed)
2026-03-30T06:02:26Z PLAYER_EVENT=play_request_id_changed → play_request_id_changed after end_of_track (track skip, ignoring)
2026-03-30T06:02:26Z PLAYER_EVENT=track_changed ignored
2026-03-30T06:02:26Z PLAYER_EVENT=playing → track change (stream connected, skipping webhook)
2026-03-30T06:05:39Z PLAYER_EVENT=preload_next ignored
2026-03-30T06:05:40Z PLAYER_EVENT=preloading ignored
2026-03-30T06:06:08Z PLAYER_EVENT=end_of_track → end_of_track (flagged for next play_request_id_changed)
2026-03-30T06:06:08Z PLAYER_EVENT=play_request_id_changed → play_request_id_changed after end_of_track (track skip, ignoring)
2026-03-30T06:06:08Z PLAYER_EVENT=track_changed ignored
2026-03-30T06:06:08Z PLAYER_EVENT=playing → track change (stream connected, skipping webhook)
2026-03-30T06:09:17Z PLAYER_EVENT=preload_next ignored
2026-03-30T06:09:18Z PLAYER_EVENT=preloading ignored
2026-03-30T06:09:45Z PLAYER_EVENT=end_of_track → end_of_track (flagged for next play_request_id_changed)
2026-03-30T06:09:45Z PLAYER_EVENT=play_request_id_changed → play_request_id_changed after end_of_track (track skip, ignoring)
2026-03-30T06:09:45Z PLAYER_EVENT=track_changed ignored
2026-03-30T06:09:45Z PLAYER_EVENT=playing → track change (stream connected, skipping webhook)
2026-03-30T06:12:37Z PLAYER_EVENT=preload_next ignored
2026-03-30T06:12:38Z PLAYER_EVENT=preloading ignored
2026-03-30T06:13:05Z PLAYER_EVENT=end_of_track → end_of_track (flagged for next play_request_id_changed)
2026-03-30T06:13:05Z PLAYER_EVENT=play_request_id_changed → play_request_id_changed after end_of_track (track skip, ignoring)
2026-03-30T06:13:05Z PLAYER_EVENT=track_changed ignored
2026-03-30T06:13:05Z PLAYER_EVENT=playing → track change (stream connected, skipping webhook)
2026-03-30T06:15:20Z PLAYER_EVENT=preload_next ignored
2026-03-30T06:15:21Z PLAYER_EVENT=preloading ignored
2026-03-30T06:15:48Z PLAYER_EVENT=end_of_track → end_of_track (flagged for next play_request_id_changed)
2026-03-30T06:15:48Z PLAYER_EVENT=play_request_id_changed → play_request_id_changed after end_of_track (track skip, ignoring)
2026-03-30T06:15:48Z PLAYER_EVENT=track_changed ignored
2026-03-30T06:15:48Z PLAYER_EVENT=playing → track change (stream connected, skipping webhook)
2026-03-30T06:18:56Z PLAYER_EVENT=preload_next ignored
2026-03-30T06:18:57Z PLAYER_EVENT=preloading ignored
2026-03-30T06:19:24Z PLAYER_EVENT=end_of_track → end_of_track (flagged for next play_request_id_changed)
2026-03-30T06:19:24Z PLAYER_EVENT=play_request_id_changed → play_request_id_changed after end_of_track (track skip, ignoring)
2026-03-30T06:19:24Z PLAYER_EVENT=track_changed ignored
2026-03-30T06:19:24Z PLAYER_EVENT=playing → track change (stream connected, skipping webhook)
2026-03-30T06:22:16Z PLAYER_EVENT=preload_next ignored
2026-03-30T06:22:17Z PLAYER_EVENT=preloading ignored
2026-03-30T06:22:45Z PLAYER_EVENT=end_of_track → end_of_track (flagged for next play_request_id_changed)
2026-03-30T06:22:45Z PLAYER_EVENT=play_request_id_changed → play_request_id_changed after end_of_track (track skip, ignoring)
2026-03-30T06:22:45Z PLAYER_EVENT=track_changed ignored
2026-03-30T06:22:45Z PLAYER_EVENT=playing → track change (stream connected, skipping webhook)
2026-03-30T06:26:03Z PLAYER_EVENT=preload_next ignored
2026-03-30T06:26:05Z PLAYER_EVENT=preloading ignored
2026-03-30T06:26:32Z PLAYER_EVENT=end_of_track → end_of_track (flagged for next play_request_id_changed)
2026-03-30T06:26:32Z PLAYER_EVENT=play_request_id_changed → play_request_id_changed after end_of_track (track skip, ignoring)
2026-03-30T06:26:32Z PLAYER_EVENT=track_changed ignored
2026-03-30T06:26:32Z PLAYER_EVENT=playing → track change (stream connected, skipping webhook)
2026-03-30T06:29:54Z PLAYER_EVENT=preload_next ignored
2026-03-30T06:29:55Z PLAYER_EVENT=preloading ignored
2026-03-30T06:30:22Z PLAYER_EVENT=end_of_track → end_of_track (flagged for next play_request_id_changed)
2026-03-30T06:30:22Z PLAYER_EVENT=play_request_id_changed → play_request_id_changed after end_of_track (track skip, ignoring)
2026-03-30T06:30:22Z PLAYER_EVENT=track_changed ignored
2026-03-30T06:30:22Z PLAYER_EVENT=playing → track change (stream connected, skipping webhook)
2026-03-30T06:33:05Z PLAYER_EVENT=preload_next ignored
2026-03-30T06:33:06Z PLAYER_EVENT=preloading ignored
2026-03-30T06:33:34Z PLAYER_EVENT=end_of_track → end_of_track (flagged for next play_request_id_changed)
2026-03-30T06:33:34Z PLAYER_EVENT=play_request_id_changed → play_request_id_changed after end_of_track (track skip, ignoring)
2026-03-30T06:33:34Z PLAYER_EVENT=track_changed ignored
2026-03-30T06:33:34Z PLAYER_EVENT=playing → track change (stream connected, skipping webhook)
2026-03-30T06:36:51Z PLAYER_EVENT=preload_next ignored
2026-03-30T06:36:52Z PLAYER_EVENT=preloading ignored
2026-03-30T06:37:20Z PLAYER_EVENT=end_of_track → end_of_track (flagged for next play_request_id_changed)
2026-03-30T06:37:20Z PLAYER_EVENT=play_request_id_changed → play_request_id_changed after end_of_track (track skip, ignoring)
2026-03-30T06:37:20Z PLAYER_EVENT=track_changed ignored
2026-03-30T06:37:20Z PLAYER_EVENT=playing → track change (stream connected, skipping webhook)
2026-03-30T06:39:12Z PLAYER_EVENT=preload_next ignored
2026-03-30T06:39:13Z PLAYER_EVENT=preloading ignored
2026-03-30T06:39:41Z PLAYER_EVENT=end_of_track → end_of_track (flagged for next play_request_id_changed)
2026-03-30T06:39:41Z PLAYER_EVENT=play_request_id_changed → play_request_id_changed after end_of_track (track skip, ignoring)
2026-03-30T06:39:41Z PLAYER_EVENT=track_changed ignored
2026-03-30T06:39:41Z PLAYER_EVENT=playing → track change (stream connected, skipping webhook)
2026-03-30T06:43:11Z PLAYER_EVENT=preload_next ignored
2026-03-30T06:43:12Z PLAYER_EVENT=preloading ignored
2026-03-30T06:43:39Z PLAYER_EVENT=end_of_track → end_of_track (flagged for next play_request_id_changed)
2026-03-30T06:43:39Z PLAYER_EVENT=play_request_id_changed → play_request_id_changed after end_of_track (track skip, ignoring)
2026-03-30T06:43:39Z PLAYER_EVENT=track_changed ignored
2026-03-30T06:43:39Z PLAYER_EVENT=playing → track change (stream connected, skipping webhook)
2026-03-30T06:46:19Z PLAYER_EVENT=preload_next ignored
2026-03-30T06:46:20Z PLAYER_EVENT=preloading ignored
2026-03-30T06:46:48Z PLAYER_EVENT=end_of_track → end_of_track (flagged for next play_request_id_changed)
2026-03-30T06:46:48Z PLAYER_EVENT=play_request_id_changed → play_request_id_changed after end_of_track (track skip, ignoring)
2026-03-30T06:46:48Z PLAYER_EVENT=track_changed ignored
2026-03-30T06:46:48Z PLAYER_EVENT=playing → track change (stream connected, skipping webhook)
2026-03-30T06:49:36Z PLAYER_EVENT=preload_next ignored
2026-03-30T06:49:37Z PLAYER_EVENT=preloading ignored
2026-03-30T06:50:05Z PLAYER_EVENT=end_of_track → end_of_track (flagged for next play_request_id_changed)
2026-03-30T06:50:05Z PLAYER_EVENT=play_request_id_changed → play_request_id_changed after end_of_track (track skip, ignoring)
2026-03-30T06:50:05Z PLAYER_EVENT=track_changed ignored
2026-03-30T06:50:05Z PLAYER_EVENT=playing → track change (stream connected, skipping webhook)
2026-03-30T06:55:17Z PLAYER_EVENT=preload_next ignored
2026-03-30T06:55:18Z PLAYER_EVENT=preloading ignored
2026-03-30T06:55:46Z PLAYER_EVENT=end_of_track → end_of_track (flagged for next play_request_id_changed)
2026-03-30T06:55:46Z PLAYER_EVENT=play_request_id_changed → play_request_id_changed after end_of_track (track skip, ignoring)
2026-03-30T06:55:46Z PLAYER_EVENT=track_changed ignored
2026-03-30T06:55:46Z PLAYER_EVENT=playing → track change (stream connected, skipping webhook)
2026-03-30T06:59:08Z PLAYER_EVENT=preload_next ignored
2026-03-30T06:59:37Z PLAYER_EVENT=end_of_track → end_of_track (flagged for next play_request_id_changed)
2026-03-30T06:59:37Z PLAYER_EVENT=stopped → stopped, debouncing (5s)
2026-03-30T06:59:42Z PLAYER_EVENT=stopped → notifying HA: librespot_stopped
2026-03-30T07:17:33Z PLAYER_EVENT=session_disconnected → reset state to stopped (new session)
2026-03-30T08:06:19Z PLAYER_EVENT=session_connected → reset state to stopped (new session)
2026-03-30T08:06:19Z PLAYER_EVENT=session_client_changed ignored
2026-03-30T08:06:19Z PLAYER_EVENT=volume_changed ignored
2026-03-30T08:06:19Z PLAYER_EVENT=auto_play_changed ignored
2026-03-30T08:06:19Z PLAYER_EVENT=filter_explicit_content_changed ignored
2026-03-30T08:06:19Z PLAYER_EVENT=shuffle_changed ignored
2026-03-30T08:06:19Z PLAYER_EVENT=repeat_changed ignored
2026-03-30T08:06:19Z PLAYER_EVENT=play_request_id_changed → play_request_id_changed after end_of_track (track skip, ignoring)
2026-03-30T08:06:19Z PLAYER_EVENT=loading ignored
2026-03-30T08:06:19Z PLAYER_EVENT=track_changed ignored
2026-03-30T08:06:19Z PLAYER_EVENT=paused → paused, debouncing (3s)
2026-03-30T08:06:22Z PLAYER_EVENT=paused → notifying HA: librespot_stopped (paused)
2026-03-30T08:08:46Z PLAYER_EVENT=session_disconnected → reset state to stopped (new session)
2026-03-30T08:08:46Z PLAYER_EVENT=stopped → stopped, debouncing (5s)
2026-03-30T08:08:51Z PLAYER_EVENT=stopped → notifying HA: librespot_stopped
2026-03-30T08:32:52Z PLAYER_EVENT=session_connected → reset state to stopped (new session)
2026-03-30T08:32:52Z PLAYER_EVENT=session_client_changed ignored
2026-03-30T08:32:52Z PLAYER_EVENT=volume_changed ignored
2026-03-30T08:32:52Z PLAYER_EVENT=auto_play_changed ignored
2026-03-30T08:32:52Z PLAYER_EVENT=filter_explicit_content_changed ignored
2026-03-30T08:32:52Z PLAYER_EVENT=shuffle_changed ignored
2026-03-30T08:32:52Z PLAYER_EVENT=repeat_changed ignored
2026-03-30T08:32:52Z PLAYER_EVENT=play_request_id_changed → reset state to stopped (fresh play request, no preceding end_of_track)
2026-03-30T08:32:52Z PLAYER_EVENT=loading ignored
2026-03-30T08:32:53Z PLAYER_EVENT=track_changed ignored
2026-03-30T08:32:53Z PLAYER_EVENT=paused → paused, debouncing (3s)
2026-03-30T08:32:56Z PLAYER_EVENT=paused → notifying HA: librespot_stopped (paused)
2026-03-30T08:40:40Z PLAYER_EVENT=session_disconnected → reset state to stopped (new session)
2026-03-30T08:40:40Z PLAYER_EVENT=stopped → stopped, debouncing (5s)
2026-03-30T08:40:45Z PLAYER_EVENT=stopped → notifying HA: librespot_stopped
2026-03-30T08:56:56Z PLAYER_EVENT=session_connected → reset state to stopped (new session)
2026-03-30T08:56:56Z PLAYER_EVENT=session_client_changed ignored
2026-03-30T08:56:56Z PLAYER_EVENT=volume_changed ignored
2026-03-30T08:56:56Z PLAYER_EVENT=auto_play_changed ignored
2026-03-30T08:56:56Z PLAYER_EVENT=filter_explicit_content_changed ignored
2026-03-30T08:56:56Z PLAYER_EVENT=shuffle_changed ignored
2026-03-30T08:56:56Z PLAYER_EVENT=repeat_changed ignored
2026-03-30T08:56:56Z PLAYER_EVENT=play_request_id_changed → reset state to stopped (fresh play request, no preceding end_of_track)
2026-03-30T08:56:56Z PLAYER_EVENT=loading ignored
2026-03-30T08:56:57Z PLAYER_EVENT=track_changed ignored
2026-03-30T08:56:57Z PLAYER_EVENT=paused → paused, debouncing (3s)
2026-03-30T08:57:00Z PLAYER_EVENT=paused → notifying HA: librespot_stopped (paused)
2026-03-30T08:59:26Z PLAYER_EVENT=session_disconnected → reset state to stopped (new session)
2026-03-30T08:59:26Z PLAYER_EVENT=stopped → stopped, debouncing (5s)
2026-03-30T08:59:31Z PLAYER_EVENT=stopped → notifying HA: librespot_stopped
2026-03-30T11:05:00Z PLAYER_EVENT=session_connected → reset state to stopped (new session)
2026-03-30T11:05:00Z PLAYER_EVENT=session_client_changed ignored
2026-03-30T11:05:00Z PLAYER_EVENT=volume_changed ignored
2026-03-30T11:05:00Z PLAYER_EVENT=auto_play_changed ignored
2026-03-30T11:05:00Z PLAYER_EVENT=filter_explicit_content_changed ignored
2026-03-30T11:05:00Z PLAYER_EVENT=shuffle_changed ignored
2026-03-30T11:05:00Z PLAYER_EVENT=repeat_changed ignored
2026-03-30T11:05:00Z PLAYER_EVENT=play_request_id_changed → reset state to stopped (fresh play request, no preceding end_of_track)
2026-03-30T11:05:00Z PLAYER_EVENT=loading ignored
2026-03-30T11:05:01Z PLAYER_EVENT=track_changed ignored
2026-03-30T11:05:01Z PLAYER_EVENT=paused → paused, debouncing (3s)
2026-03-30T11:05:04Z PLAYER_EVENT=paused → notifying HA: librespot_stopped (paused)
2026-03-30T11:16:37Z PLAYER_EVENT=session_disconnected → reset state to stopped (new session)
2026-03-30T11:16:37Z PLAYER_EVENT=stopped → stopped, debouncing (5s)
2026-03-30T11:16:42Z PLAYER_EVENT=stopped → notifying HA: librespot_stopped
2026-03-30T12:38:34Z PLAYER_EVENT=session_connected → reset state to stopped (new session)
2026-03-30T12:38:34Z PLAYER_EVENT=session_client_changed ignored
2026-03-30T12:38:34Z PLAYER_EVENT=volume_changed ignored
2026-03-30T12:38:34Z PLAYER_EVENT=auto_play_changed ignored
2026-03-30T12:38:34Z PLAYER_EVENT=filter_explicit_content_changed ignored
2026-03-30T12:38:34Z PLAYER_EVENT=shuffle_changed ignored
2026-03-30T12:38:34Z PLAYER_EVENT=repeat_changed ignored
2026-03-30T12:38:34Z PLAYER_EVENT=play_request_id_changed → reset state to stopped (fresh play request, no preceding end_of_track)
2026-03-30T12:38:34Z PLAYER_EVENT=loading ignored
2026-03-30T12:38:34Z PLAYER_EVENT=track_changed ignored
2026-03-30T12:38:35Z PLAYER_EVENT=paused → paused, debouncing (3s)
2026-03-30T12:38:38Z PLAYER_EVENT=paused → notifying HA: librespot_stopped (paused)
2026-03-30T16:34:08Z PLAYER_EVENT=session_disconnected → reset state to stopped (new session)
2026-03-30T16:34:08Z PLAYER_EVENT=stopped → stopped, debouncing (5s)
2026-03-30T16:34:13Z PLAYER_EVENT=stopped → notifying HA: librespot_stopped
2026-03-31T01:23:56Z PLAYER_EVENT=session_connected → reset state to stopped (new session)
2026-03-31T01:23:56Z PLAYER_EVENT=session_client_changed ignored
2026-03-31T01:23:56Z PLAYER_EVENT=volume_changed ignored
2026-03-31T01:23:56Z PLAYER_EVENT=auto_play_changed ignored
2026-03-31T01:23:56Z PLAYER_EVENT=filter_explicit_content_changed ignored
2026-03-31T01:23:56Z PLAYER_EVENT=shuffle_changed ignored
2026-03-31T01:23:56Z PLAYER_EVENT=repeat_changed ignored
2026-03-31T01:23:56Z PLAYER_EVENT=play_request_id_changed → reset state to stopped (fresh play request, no preceding end_of_track)
2026-03-31T01:23:56Z PLAYER_EVENT=loading ignored
2026-03-31T01:23:57Z PLAYER_EVENT=track_changed ignored
2026-03-31T01:23:57Z PLAYER_EVENT=playing → notifying HA: librespot_playing
2026-04-01T00:14:00Z PLAYER_EVENT=session_connected → reset state to stopped (new session)
2026-04-01T00:14:00Z PLAYER_EVENT=session_client_changed ignored
2026-04-01T00:14:00Z PLAYER_EVENT=volume_changed ignored
2026-04-01T00:14:00Z PLAYER_EVENT=auto_play_changed ignored
2026-04-01T00:14:00Z PLAYER_EVENT=filter_explicit_content_changed ignored
2026-04-01T00:14:00Z PLAYER_EVENT=shuffle_changed ignored
2026-04-01T00:14:00Z PLAYER_EVENT=repeat_changed ignored
2026-04-01T00:14:00Z PLAYER_EVENT=play_request_id_changed → reset state to stopped (fresh play request, no preceding end_of_track)
2026-04-01T00:14:00Z PLAYER_EVENT=loading ignored
2026-04-01T00:14:01Z PLAYER_EVENT=track_changed ignored
2026-04-01T00:14:01Z PLAYER_EVENT=playing → notifying HA: librespot_playing
2026-04-01T00:15:44Z PLAYER_EVENT=play_request_id_changed → reset state to stopped (fresh play request, no preceding end_of_track)
2026-04-01T00:15:44Z PLAYER_EVENT=loading ignored
2026-04-01T00:15:45Z PLAYER_EVENT=track_changed ignored
2026-04-01T00:15:45Z PLAYER_EVENT=playing → notifying HA: librespot_playing
2026-04-01T00:18:59Z PLAYER_EVENT=preload_next ignored
2026-04-01T00:19:01Z PLAYER_EVENT=preloading ignored
2026-04-01T00:19:14Z PLAYER_EVENT=paused → paused, debouncing (3s)
2026-04-01T00:19:17Z PLAYER_EVENT=paused → notifying HA: librespot_stopped (paused)
2026-04-01T00:19:43Z PLAYER_EVENT=playing → notifying HA: librespot_playing
2026-04-01T00:19:56Z PLAYER_EVENT=end_of_track → end_of_track (flagged for next play_request_id_changed)
2026-04-01T00:19:56Z PLAYER_EVENT=play_request_id_changed → play_request_id_changed after end_of_track (track skip, ignoring)
2026-04-01T00:19:56Z PLAYER_EVENT=track_changed ignored
2026-04-01T00:19:56Z PLAYER_EVENT=playing → track change (stream connected, skipping webhook)
2026-04-01T00:24:44Z PLAYER_EVENT=session_connected → reset state to stopped (new session)
2026-04-01T00:24:44Z PLAYER_EVENT=session_client_changed ignored
2026-04-01T00:24:44Z PLAYER_EVENT=volume_changed ignored
2026-04-01T00:24:44Z PLAYER_EVENT=auto_play_changed ignored
2026-04-01T00:24:44Z PLAYER_EVENT=filter_explicit_content_changed ignored
2026-04-01T00:24:44Z PLAYER_EVENT=shuffle_changed ignored
2026-04-01T00:24:44Z PLAYER_EVENT=repeat_changed ignored
2026-04-01T00:24:44Z PLAYER_EVENT=play_request_id_changed → reset state to stopped (fresh play request, no preceding end_of_track)
2026-04-01T00:24:44Z PLAYER_EVENT=loading ignored
2026-04-01T00:24:45Z PLAYER_EVENT=track_changed ignored
2026-04-01T00:24:45Z PLAYER_EVENT=playing → notifying HA: librespot_playing
2026-04-01T19:56:57Z PLAYER_EVENT=session_connected → reset state to stopped (new session)
2026-04-01T19:56:57Z PLAYER_EVENT=session_client_changed ignored
2026-04-01T19:56:57Z PLAYER_EVENT=volume_changed ignored
2026-04-01T19:56:58Z PLAYER_EVENT=auto_play_changed ignored
2026-04-01T19:56:58Z PLAYER_EVENT=filter_explicit_content_changed ignored
2026-04-01T19:56:58Z PLAYER_EVENT=shuffle_changed ignored
2026-04-01T19:56:58Z PLAYER_EVENT=repeat_changed ignored
2026-04-01T19:56:58Z PLAYER_EVENT=play_request_id_changed → reset state to stopped (fresh play request, no preceding end_of_track)
2026-04-01T19:56:58Z PLAYER_EVENT=loading ignored
2026-04-01T19:56:58Z PLAYER_EVENT=track_changed ignored
2026-04-01T19:56:58Z PLAYER_EVENT=playing → notifying HA: librespot_playing
2026-04-01T19:57:00Z PLAYER_EVENT=paused → paused, debouncing (3s)
2026-04-01T19:57:03Z PLAYER_EVENT=paused → notifying HA: librespot_stopped (paused)
2026-04-01T19:57:03Z PLAYER_EVENT=session_disconnected → reset state to stopped (new session)
2026-04-01T19:57:03Z PLAYER_EVENT=session_connected → reset state to stopped (new session)
2026-04-01T19:57:03Z PLAYER_EVENT=session_client_changed ignored
2026-04-01T19:57:03Z PLAYER_EVENT=volume_changed ignored
2026-04-01T19:57:03Z PLAYER_EVENT=auto_play_changed ignored
2026-04-01T19:57:03Z PLAYER_EVENT=filter_explicit_content_changed ignored
2026-04-01T19:57:03Z PLAYER_EVENT=shuffle_changed ignored
2026-04-01T19:57:03Z PLAYER_EVENT=repeat_changed ignored
2026-04-01T19:57:03Z PLAYER_EVENT=play_request_id_changed → reset state to stopped (fresh play request, no preceding end_of_track)
2026-04-01T19:57:03Z PLAYER_EVENT=loading ignored
2026-04-01T19:57:03Z PLAYER_EVENT=track_changed ignored
2026-04-01T19:57:03Z PLAYER_EVENT=playing → notifying HA: librespot_playing
2026-04-01T19:58:46Z PLAYER_EVENT=preload_next ignored
2026-04-01T19:58:47Z PLAYER_EVENT=preloading ignored
2026-04-01T19:59:15Z PLAYER_EVENT=end_of_track → end_of_track (flagged for next play_request_id_changed)
2026-04-01T19:59:15Z PLAYER_EVENT=play_request_id_changed → play_request_id_changed after end_of_track (track skip, ignoring)
2026-04-01T19:59:15Z PLAYER_EVENT=track_changed ignored
2026-04-01T19:59:15Z PLAYER_EVENT=playing → track change (stream connected, skipping webhook)
2026-04-01T20:02:11Z PLAYER_EVENT=preload_next ignored
2026-04-01T20:02:13Z PLAYER_EVENT=preloading ignored
2026-04-01T20:02:40Z PLAYER_EVENT=end_of_track → end_of_track (flagged for next play_request_id_changed)
2026-04-01T20:02:40Z PLAYER_EVENT=play_request_id_changed → play_request_id_changed after end_of_track (track skip, ignoring)
2026-04-01T20:02:40Z PLAYER_EVENT=track_changed ignored
2026-04-01T20:02:40Z PLAYER_EVENT=playing → track change (stream connected, skipping webhook)
2026-04-01T20:04:55Z PLAYER_EVENT=preload_next ignored
2026-04-01T20:04:57Z PLAYER_EVENT=preloading ignored
2026-04-01T20:05:24Z PLAYER_EVENT=end_of_track → end_of_track (flagged for next play_request_id_changed)
2026-04-01T20:05:24Z PLAYER_EVENT=play_request_id_changed → play_request_id_changed after end_of_track (track skip, ignoring)
2026-04-01T20:05:24Z PLAYER_EVENT=track_changed ignored
2026-04-01T20:05:24Z PLAYER_EVENT=playing → track change (stream connected, skipping webhook)
2026-04-01T20:08:21Z PLAYER_EVENT=preload_next ignored
2026-04-01T20:08:22Z PLAYER_EVENT=preloading ignored
2026-04-01T20:08:50Z PLAYER_EVENT=end_of_track → end_of_track (flagged for next play_request_id_changed)
2026-04-01T20:08:50Z PLAYER_EVENT=play_request_id_changed → play_request_id_changed after end_of_track (track skip, ignoring)
2026-04-01T20:08:50Z PLAYER_EVENT=track_changed ignored
2026-04-01T20:08:50Z PLAYER_EVENT=playing → track change (stream connected, skipping webhook)
2026-04-01T20:11:24Z PLAYER_EVENT=preload_next ignored
2026-04-01T20:11:25Z PLAYER_EVENT=preloading ignored
2026-04-01T20:11:53Z PLAYER_EVENT=end_of_track → end_of_track (flagged for next play_request_id_changed)
2026-04-01T20:11:53Z PLAYER_EVENT=play_request_id_changed → play_request_id_changed after end_of_track (track skip, ignoring)
2026-04-01T20:11:53Z PLAYER_EVENT=track_changed ignored
2026-04-01T20:11:53Z PLAYER_EVENT=playing → track change (stream connected, skipping webhook)
2026-04-01T20:14:42Z PLAYER_EVENT=preload_next ignored
2026-04-01T20:14:43Z PLAYER_EVENT=preloading ignored
2026-04-01T20:15:10Z PLAYER_EVENT=end_of_track → end_of_track (flagged for next play_request_id_changed)
2026-04-01T20:15:10Z PLAYER_EVENT=play_request_id_changed → play_request_id_changed after end_of_track (track skip, ignoring)
2026-04-01T20:15:10Z PLAYER_EVENT=track_changed ignored
2026-04-01T20:15:10Z PLAYER_EVENT=playing → track change (stream connected, skipping webhook)
2026-04-01T20:19:03Z PLAYER_EVENT=preload_next ignored
2026-04-01T20:19:04Z PLAYER_EVENT=preloading ignored
2026-04-01T20:19:32Z PLAYER_EVENT=end_of_track → end_of_track (flagged for next play_request_id_changed)
2026-04-01T20:19:32Z PLAYER_EVENT=play_request_id_changed → play_request_id_changed after end_of_track (track skip, ignoring)
2026-04-01T20:19:32Z PLAYER_EVENT=track_changed ignored
2026-04-01T20:19:32Z PLAYER_EVENT=playing → track change (stream connected, skipping webhook)
2026-04-01T20:22:44Z PLAYER_EVENT=preload_next ignored
2026-04-01T20:22:45Z PLAYER_EVENT=preloading ignored
2026-04-01T20:23:13Z PLAYER_EVENT=end_of_track → end_of_track (flagged for next play_request_id_changed)
2026-04-01T20:23:13Z PLAYER_EVENT=play_request_id_changed → play_request_id_changed after end_of_track (track skip, ignoring)
2026-04-01T20:23:13Z PLAYER_EVENT=track_changed ignored
2026-04-01T20:23:13Z PLAYER_EVENT=playing → track change (stream connected, skipping webhook)
2026-04-01T20:25:51Z PLAYER_EVENT=preload_next ignored
2026-04-01T20:25:52Z PLAYER_EVENT=preloading ignored
2026-04-01T20:26:20Z PLAYER_EVENT=end_of_track → end_of_track (flagged for next play_request_id_changed)
2026-04-01T20:26:20Z PLAYER_EVENT=play_request_id_changed → play_request_id_changed after end_of_track (track skip, ignoring)
2026-04-01T20:26:20Z PLAYER_EVENT=track_changed ignored
2026-04-01T20:26:20Z PLAYER_EVENT=playing → track change (stream connected, skipping webhook)
2026-04-01T20:29:25Z PLAYER_EVENT=preload_next ignored
2026-04-01T20:29:26Z PLAYER_EVENT=preloading ignored
2026-04-01T20:29:55Z PLAYER_EVENT=end_of_track → end_of_track (flagged for next play_request_id_changed)
2026-04-01T20:29:55Z PLAYER_EVENT=play_request_id_changed → play_request_id_changed after end_of_track (track skip, ignoring)
2026-04-01T20:29:55Z PLAYER_EVENT=track_changed ignored
2026-04-01T20:29:55Z PLAYER_EVENT=playing → track change (stream connected, skipping webhook)
2026-04-01T20:32:41Z PLAYER_EVENT=preload_next ignored
2026-04-01T20:32:42Z PLAYER_EVENT=preloading ignored
2026-04-01T20:33:12Z PLAYER_EVENT=end_of_track → end_of_track (flagged for next play_request_id_changed)
2026-04-01T20:33:12Z PLAYER_EVENT=play_request_id_changed → play_request_id_changed after end_of_track (track skip, ignoring)
2026-04-01T20:33:12Z PLAYER_EVENT=track_changed ignored
2026-04-01T20:33:12Z PLAYER_EVENT=playing → track change (stream connected, skipping webhook)
2026-04-01T20:35:58Z PLAYER_EVENT=preload_next ignored
2026-04-01T20:35:59Z PLAYER_EVENT=preloading ignored
2026-04-01T20:36:28Z PLAYER_EVENT=end_of_track → end_of_track (flagged for next play_request_id_changed)
2026-04-01T20:36:28Z PLAYER_EVENT=play_request_id_changed → play_request_id_changed after end_of_track (track skip, ignoring)
2026-04-01T20:36:28Z PLAYER_EVENT=track_changed ignored
2026-04-01T20:36:28Z PLAYER_EVENT=playing → track change (stream connected, skipping webhook)
2026-04-01T20:38:36Z PLAYER_EVENT=preload_next ignored
2026-04-01T20:38:37Z PLAYER_EVENT=preloading ignored
2026-04-01T20:39:05Z PLAYER_EVENT=end_of_track → end_of_track (flagged for next play_request_id_changed)
2026-04-01T20:39:05Z PLAYER_EVENT=play_request_id_changed → play_request_id_changed after end_of_track (track skip, ignoring)
2026-04-01T20:39:05Z PLAYER_EVENT=track_changed ignored
2026-04-01T20:39:05Z PLAYER_EVENT=playing → track change (stream connected, skipping webhook)
2026-04-01T20:41:35Z PLAYER_EVENT=preload_next ignored
2026-04-01T20:41:37Z PLAYER_EVENT=preloading ignored
2026-04-01T20:42:05Z PLAYER_EVENT=end_of_track → end_of_track (flagged for next play_request_id_changed)
2026-04-01T20:42:05Z PLAYER_EVENT=play_request_id_changed → play_request_id_changed after end_of_track (track skip, ignoring)
2026-04-01T20:42:05Z PLAYER_EVENT=track_changed ignored
2026-04-01T20:42:05Z PLAYER_EVENT=playing → track change (stream connected, skipping webhook)
2026-04-01T20:45:00Z PLAYER_EVENT=preload_next ignored
2026-04-01T20:45:02Z PLAYER_EVENT=preloading ignored
2026-04-01T20:45:30Z PLAYER_EVENT=end_of_track → end_of_track (flagged for next play_request_id_changed)
2026-04-01T20:45:30Z PLAYER_EVENT=play_request_id_changed → play_request_id_changed after end_of_track (track skip, ignoring)
2026-04-01T20:45:30Z PLAYER_EVENT=track_changed ignored
2026-04-01T20:45:30Z PLAYER_EVENT=playing → track change (stream connected, skipping webhook)
2026-04-01T20:49:12Z PLAYER_EVENT=preload_next ignored
2026-04-01T20:49:13Z PLAYER_EVENT=preloading ignored
2026-04-01T20:49:41Z PLAYER_EVENT=end_of_track → end_of_track (flagged for next play_request_id_changed)
2026-04-01T20:49:41Z PLAYER_EVENT=play_request_id_changed → play_request_id_changed after end_of_track (track skip, ignoring)
2026-04-01T20:49:41Z PLAYER_EVENT=track_changed ignored
2026-04-01T20:49:41Z PLAYER_EVENT=playing → track change (stream connected, skipping webhook)
2026-04-01T20:52:07Z PLAYER_EVENT=preload_next ignored
2026-04-01T20:52:09Z PLAYER_EVENT=preloading ignored
2026-04-01T20:52:37Z PLAYER_EVENT=end_of_track → end_of_track (flagged for next play_request_id_changed)
2026-04-01T20:52:37Z PLAYER_EVENT=play_request_id_changed → play_request_id_changed after end_of_track (track skip, ignoring)
2026-04-01T20:52:37Z PLAYER_EVENT=track_changed ignored
2026-04-01T20:52:38Z PLAYER_EVENT=playing → track change (stream connected, skipping webhook)
2026-04-01T20:54:52Z PLAYER_EVENT=preload_next ignored
2026-04-01T20:54:54Z PLAYER_EVENT=preloading ignored
2026-04-01T20:55:22Z PLAYER_EVENT=end_of_track → end_of_track (flagged for next play_request_id_changed)
2026-04-01T20:55:22Z PLAYER_EVENT=play_request_id_changed → play_request_id_changed after end_of_track (track skip, ignoring)
2026-04-01T20:55:22Z PLAYER_EVENT=track_changed ignored
2026-04-01T20:55:22Z PLAYER_EVENT=playing → track change (stream connected, skipping webhook)
2026-04-01T20:58:00Z PLAYER_EVENT=preload_next ignored
2026-04-01T20:58:02Z PLAYER_EVENT=preloading ignored
2026-04-01T20:58:30Z PLAYER_EVENT=end_of_track → end_of_track (flagged for next play_request_id_changed)
2026-04-01T20:58:30Z PLAYER_EVENT=play_request_id_changed → play_request_id_changed after end_of_track (track skip, ignoring)
2026-04-01T20:58:30Z PLAYER_EVENT=track_changed ignored
2026-04-01T20:58:30Z PLAYER_EVENT=playing → track change (stream connected, skipping webhook)
2026-04-01T21:01:16Z PLAYER_EVENT=preload_next ignored
2026-04-01T21:01:17Z PLAYER_EVENT=preloading ignored
2026-04-01T21:01:46Z PLAYER_EVENT=end_of_track → end_of_track (flagged for next play_request_id_changed)
2026-04-01T21:01:46Z PLAYER_EVENT=play_request_id_changed → play_request_id_changed after end_of_track (track skip, ignoring)
2026-04-01T21:01:46Z PLAYER_EVENT=track_changed ignored
2026-04-01T21:01:46Z PLAYER_EVENT=playing → track change (stream connected, skipping webhook)
2026-04-01T21:04:14Z PLAYER_EVENT=preload_next ignored
2026-04-01T21:04:16Z PLAYER_EVENT=preloading ignored
2026-04-01T21:04:44Z PLAYER_EVENT=end_of_track → end_of_track (flagged for next play_request_id_changed)
2026-04-01T21:04:44Z PLAYER_EVENT=play_request_id_changed → play_request_id_changed after end_of_track (track skip, ignoring)
2026-04-01T21:04:44Z PLAYER_EVENT=track_changed ignored
2026-04-01T21:04:44Z PLAYER_EVENT=playing → track change (stream connected, skipping webhook)
2026-04-01T21:06:43Z PLAYER_EVENT=preload_next ignored
2026-04-01T21:06:44Z PLAYER_EVENT=preloading ignored
2026-04-01T21:07:13Z PLAYER_EVENT=end_of_track → end_of_track (flagged for next play_request_id_changed)
2026-04-01T21:07:13Z PLAYER_EVENT=play_request_id_changed → play_request_id_changed after end_of_track (track skip, ignoring)
2026-04-01T21:07:13Z PLAYER_EVENT=track_changed ignored
2026-04-01T21:07:13Z PLAYER_EVENT=playing → track change (stream connected, skipping webhook)
2026-04-01T21:13:06Z PLAYER_EVENT=preload_next ignored
2026-04-01T21:13:08Z PLAYER_EVENT=preloading ignored
2026-04-01T21:13:36Z PLAYER_EVENT=end_of_track → end_of_track (flagged for next play_request_id_changed)
2026-04-01T21:13:36Z PLAYER_EVENT=play_request_id_changed → play_request_id_changed after end_of_track (track skip, ignoring)
2026-04-01T21:13:36Z PLAYER_EVENT=track_changed ignored
2026-04-01T21:13:36Z PLAYER_EVENT=playing → track change (stream connected, skipping webhook)
2026-04-01T21:16:27Z PLAYER_EVENT=preload_next ignored
2026-04-01T21:16:28Z PLAYER_EVENT=preloading ignored
2026-04-01T21:16:57Z PLAYER_EVENT=end_of_track → end_of_track (flagged for next play_request_id_changed)
2026-04-01T21:16:57Z PLAYER_EVENT=play_request_id_changed → play_request_id_changed after end_of_track (track skip, ignoring)
2026-04-01T21:16:57Z PLAYER_EVENT=track_changed ignored
2026-04-01T21:16:57Z PLAYER_EVENT=playing → track change (stream connected, skipping webhook)
2026-04-01T21:21:33Z PLAYER_EVENT=preload_next ignored
2026-04-01T21:21:34Z PLAYER_EVENT=preloading ignored
2026-04-01T21:22:03Z PLAYER_EVENT=end_of_track → end_of_track (flagged for next play_request_id_changed)
2026-04-01T21:22:03Z PLAYER_EVENT=play_request_id_changed → play_request_id_changed after end_of_track (track skip, ignoring)
2026-04-01T21:22:03Z PLAYER_EVENT=track_changed ignored
2026-04-01T21:22:03Z PLAYER_EVENT=playing → track change (stream connected, skipping webhook)
2026-04-01T21:24:09Z PLAYER_EVENT=preload_next ignored
2026-04-01T21:24:10Z PLAYER_EVENT=preloading ignored
2026-04-01T21:24:39Z PLAYER_EVENT=end_of_track → end_of_track (flagged for next play_request_id_changed)
2026-04-01T21:24:39Z PLAYER_EVENT=play_request_id_changed → play_request_id_changed after end_of_track (track skip, ignoring)
2026-04-01T21:24:39Z PLAYER_EVENT=track_changed ignored
2026-04-01T21:24:39Z PLAYER_EVENT=playing → track change (stream connected, skipping webhook)
2026-04-01T21:27:03Z PLAYER_EVENT=preload_next ignored
2026-04-01T21:27:04Z PLAYER_EVENT=preloading ignored
2026-04-01T21:27:33Z PLAYER_EVENT=end_of_track → end_of_track (flagged for next play_request_id_changed)
2026-04-01T21:27:33Z PLAYER_EVENT=play_request_id_changed → play_request_id_changed after end_of_track (track skip, ignoring)
2026-04-01T21:27:33Z PLAYER_EVENT=track_changed ignored
2026-04-01T21:27:33Z PLAYER_EVENT=playing → track change (stream connected, skipping webhook)
2026-04-01T21:30:02Z PLAYER_EVENT=preload_next ignored
2026-04-01T21:30:03Z PLAYER_EVENT=preloading ignored
2026-04-01T21:30:32Z PLAYER_EVENT=end_of_track → end_of_track (flagged for next play_request_id_changed)
2026-04-01T21:30:32Z PLAYER_EVENT=play_request_id_changed → play_request_id_changed after end_of_track (track skip, ignoring)
2026-04-01T21:30:33Z PLAYER_EVENT=track_changed ignored
2026-04-01T21:30:33Z PLAYER_EVENT=playing → track change (stream connected, skipping webhook)
2026-04-01T21:33:20Z PLAYER_EVENT=preload_next ignored
2026-04-01T21:33:21Z PLAYER_EVENT=preloading ignored
2026-04-01T21:33:50Z PLAYER_EVENT=end_of_track → end_of_track (flagged for next play_request_id_changed)
2026-04-01T21:33:50Z PLAYER_EVENT=play_request_id_changed → play_request_id_changed after end_of_track (track skip, ignoring)
2026-04-01T21:33:50Z PLAYER_EVENT=track_changed ignored
2026-04-01T21:33:50Z PLAYER_EVENT=playing → track change (stream connected, skipping webhook)
2026-04-01T21:37:10Z PLAYER_EVENT=preload_next ignored
2026-04-01T21:37:11Z PLAYER_EVENT=preloading ignored
2026-04-01T21:37:40Z PLAYER_EVENT=end_of_track → end_of_track (flagged for next play_request_id_changed)
2026-04-01T21:37:40Z PLAYER_EVENT=play_request_id_changed → play_request_id_changed after end_of_track (track skip, ignoring)
2026-04-01T21:37:40Z PLAYER_EVENT=track_changed ignored
2026-04-01T21:37:40Z PLAYER_EVENT=playing → track change (stream connected, skipping webhook)
2026-04-01T21:40:11Z PLAYER_EVENT=preload_next ignored
2026-04-01T21:40:12Z PLAYER_EVENT=preloading ignored
2026-04-01T21:40:41Z PLAYER_EVENT=end_of_track → end_of_track (flagged for next play_request_id_changed)
2026-04-01T21:40:41Z PLAYER_EVENT=play_request_id_changed → play_request_id_changed after end_of_track (track skip, ignoring)
2026-04-01T21:40:41Z PLAYER_EVENT=track_changed ignored
2026-04-01T21:40:41Z PLAYER_EVENT=playing → track change (stream connected, skipping webhook)
2026-04-01T21:42:35Z PLAYER_EVENT=preload_next ignored
2026-04-01T21:42:36Z PLAYER_EVENT=preloading ignored
2026-04-01T21:43:05Z PLAYER_EVENT=end_of_track → end_of_track (flagged for next play_request_id_changed)
2026-04-01T21:43:05Z PLAYER_EVENT=play_request_id_changed → play_request_id_changed after end_of_track (track skip, ignoring)
2026-04-01T21:43:05Z PLAYER_EVENT=track_changed ignored
2026-04-01T21:43:05Z PLAYER_EVENT=playing → track change (stream connected, skipping webhook)
2026-04-01T21:45:43Z PLAYER_EVENT=preload_next ignored
2026-04-01T21:45:44Z PLAYER_EVENT=preloading ignored
2026-04-01T21:46:13Z PLAYER_EVENT=end_of_track → end_of_track (flagged for next play_request_id_changed)
2026-04-01T21:46:13Z PLAYER_EVENT=play_request_id_changed → play_request_id_changed after end_of_track (track skip, ignoring)
2026-04-01T21:46:13Z PLAYER_EVENT=track_changed ignored
2026-04-01T21:46:13Z PLAYER_EVENT=playing → track change (stream connected, skipping webhook)
2026-04-01T21:48:47Z PLAYER_EVENT=preload_next ignored
2026-04-01T21:48:49Z PLAYER_EVENT=preloading ignored
2026-04-01T21:49:17Z PLAYER_EVENT=end_of_track → end_of_track (flagged for next play_request_id_changed)
2026-04-01T21:49:17Z PLAYER_EVENT=play_request_id_changed → play_request_id_changed after end_of_track (track skip, ignoring)
2026-04-01T21:49:17Z PLAYER_EVENT=track_changed ignored
2026-04-01T21:49:17Z PLAYER_EVENT=playing → track change (stream connected, skipping webhook)
2026-04-01T21:51:46Z PLAYER_EVENT=preload_next ignored
2026-04-01T21:51:47Z PLAYER_EVENT=preloading ignored
2026-04-01T21:52:16Z PLAYER_EVENT=end_of_track → end_of_track (flagged for next play_request_id_changed)
2026-04-01T21:52:16Z PLAYER_EVENT=play_request_id_changed → play_request_id_changed after end_of_track (track skip, ignoring)
2026-04-01T21:52:16Z PLAYER_EVENT=track_changed ignored
2026-04-01T21:52:16Z PLAYER_EVENT=playing → track change (stream connected, skipping webhook)
2026-04-01T21:54:12Z PLAYER_EVENT=preload_next ignored
2026-04-01T21:54:13Z PLAYER_EVENT=preloading ignored
2026-04-01T21:54:42Z PLAYER_EVENT=end_of_track → end_of_track (flagged for next play_request_id_changed)
2026-04-01T21:54:42Z PLAYER_EVENT=play_request_id_changed → play_request_id_changed after end_of_track (track skip, ignoring)
2026-04-01T21:54:42Z PLAYER_EVENT=track_changed ignored
2026-04-01T21:54:42Z PLAYER_EVENT=playing → track change (stream connected, skipping webhook)
2026-04-01T21:56:33Z PLAYER_EVENT=preload_next ignored
2026-04-01T21:56:34Z PLAYER_EVENT=preloading ignored
2026-04-01T21:57:03Z PLAYER_EVENT=end_of_track → end_of_track (flagged for next play_request_id_changed)
2026-04-01T21:57:03Z PLAYER_EVENT=play_request_id_changed → play_request_id_changed after end_of_track (track skip, ignoring)
2026-04-01T21:57:03Z PLAYER_EVENT=track_changed ignored
2026-04-01T21:57:03Z PLAYER_EVENT=playing → track change (stream connected, skipping webhook)
2026-04-01T22:00:51Z PLAYER_EVENT=preload_next ignored
2026-04-01T22:00:52Z PLAYER_EVENT=preloading ignored
2026-04-01T22:01:21Z PLAYER_EVENT=end_of_track → end_of_track (flagged for next play_request_id_changed)
2026-04-01T22:01:21Z PLAYER_EVENT=play_request_id_changed → play_request_id_changed after end_of_track (track skip, ignoring)
2026-04-01T22:01:21Z PLAYER_EVENT=track_changed ignored
2026-04-01T22:01:21Z PLAYER_EVENT=playing → track change (stream connected, skipping webhook)
2026-04-01T22:03:36Z PLAYER_EVENT=preload_next ignored
2026-04-01T22:03:37Z PLAYER_EVENT=preloading ignored
2026-04-01T22:04:06Z PLAYER_EVENT=end_of_track → end_of_track (flagged for next play_request_id_changed)
2026-04-01T22:04:06Z PLAYER_EVENT=play_request_id_changed → play_request_id_changed after end_of_track (track skip, ignoring)
2026-04-01T22:04:06Z PLAYER_EVENT=track_changed ignored
2026-04-01T22:04:06Z PLAYER_EVENT=playing → track change (stream connected, skipping webhook)
2026-04-01T22:08:10Z PLAYER_EVENT=preload_next ignored
2026-04-01T22:08:11Z PLAYER_EVENT=preloading ignored
2026-04-01T22:08:40Z PLAYER_EVENT=end_of_track → end_of_track (flagged for next play_request_id_changed)
2026-04-01T22:08:40Z PLAYER_EVENT=play_request_id_changed → play_request_id_changed after end_of_track (track skip, ignoring)
2026-04-01T22:08:40Z PLAYER_EVENT=track_changed ignored
2026-04-01T22:08:40Z PLAYER_EVENT=playing → track change (stream connected, skipping webhook)
2026-04-01T22:11:09Z PLAYER_EVENT=preload_next ignored
2026-04-01T22:11:11Z PLAYER_EVENT=preloading ignored
2026-04-01T22:11:39Z PLAYER_EVENT=end_of_track → end_of_track (flagged for next play_request_id_changed)
2026-04-01T22:11:39Z PLAYER_EVENT=play_request_id_changed → play_request_id_changed after end_of_track (track skip, ignoring)
2026-04-01T22:11:39Z PLAYER_EVENT=track_changed ignored
2026-04-01T22:11:39Z PLAYER_EVENT=playing → track change (stream connected, skipping webhook)
2026-04-01T22:13:57Z PLAYER_EVENT=preload_next ignored
2026-04-01T22:13:58Z PLAYER_EVENT=preloading ignored
2026-04-01T22:14:27Z PLAYER_EVENT=end_of_track → end_of_track (flagged for next play_request_id_changed)
2026-04-01T22:14:27Z PLAYER_EVENT=play_request_id_changed → play_request_id_changed after end_of_track (track skip, ignoring)
2026-04-01T22:14:27Z PLAYER_EVENT=track_changed ignored
2026-04-01T22:14:27Z PLAYER_EVENT=playing → track change (stream connected, skipping webhook)
2026-04-01T22:16:29Z PLAYER_EVENT=preload_next ignored
2026-04-01T22:16:30Z PLAYER_EVENT=preloading ignored
2026-04-01T22:16:59Z PLAYER_EVENT=end_of_track → end_of_track (flagged for next play_request_id_changed)
2026-04-01T22:16:59Z PLAYER_EVENT=play_request_id_changed → play_request_id_changed after end_of_track (track skip, ignoring)
2026-04-01T22:16:59Z PLAYER_EVENT=track_changed ignored
2026-04-01T22:16:59Z PLAYER_EVENT=playing → track change (stream connected, skipping webhook)
2026-04-01T22:19:07Z PLAYER_EVENT=preload_next ignored
2026-04-01T22:19:08Z PLAYER_EVENT=preloading ignored
2026-04-01T22:19:37Z PLAYER_EVENT=end_of_track → end_of_track (flagged for next play_request_id_changed)
2026-04-01T22:19:37Z PLAYER_EVENT=play_request_id_changed → play_request_id_changed after end_of_track (track skip, ignoring)
2026-04-01T22:19:37Z PLAYER_EVENT=track_changed ignored
2026-04-01T22:19:37Z PLAYER_EVENT=playing → track change (stream connected, skipping webhook)
2026-04-01T22:21:42Z PLAYER_EVENT=preload_next ignored
2026-04-01T22:21:43Z PLAYER_EVENT=preloading ignored
2026-04-01T22:22:12Z PLAYER_EVENT=end_of_track → end_of_track (flagged for next play_request_id_changed)
2026-04-01T22:22:12Z PLAYER_EVENT=play_request_id_changed → play_request_id_changed after end_of_track (track skip, ignoring)
2026-04-01T22:22:12Z PLAYER_EVENT=track_changed ignored
2026-04-01T22:22:12Z PLAYER_EVENT=playing → track change (stream connected, skipping webhook)
2026-04-01T22:24:29Z PLAYER_EVENT=preload_next ignored
2026-04-01T22:24:30Z PLAYER_EVENT=preloading ignored
2026-04-01T22:24:59Z PLAYER_EVENT=end_of_track → end_of_track (flagged for next play_request_id_changed)
2026-04-01T22:24:59Z PLAYER_EVENT=play_request_id_changed → play_request_id_changed after end_of_track (track skip, ignoring)
2026-04-01T22:24:59Z PLAYER_EVENT=track_changed ignored
2026-04-01T22:24:59Z PLAYER_EVENT=playing → track change (stream connected, skipping webhook)
2026-04-01T22:28:27Z PLAYER_EVENT=preload_next ignored
2026-04-01T22:28:28Z PLAYER_EVENT=preloading ignored
2026-04-01T22:28:57Z PLAYER_EVENT=end_of_track → end_of_track (flagged for next play_request_id_changed)
2026-04-01T22:28:57Z PLAYER_EVENT=play_request_id_changed → play_request_id_changed after end_of_track (track skip, ignoring)
2026-04-01T22:28:57Z PLAYER_EVENT=track_changed ignored
2026-04-01T22:28:57Z PLAYER_EVENT=playing → track change (stream connected, skipping webhook)
2026-04-01T22:31:05Z PLAYER_EVENT=preload_next ignored
2026-04-01T22:31:06Z PLAYER_EVENT=preloading ignored
2026-04-01T22:31:34Z PLAYER_EVENT=end_of_track → end_of_track (flagged for next play_request_id_changed)
2026-04-01T22:31:34Z PLAYER_EVENT=play_request_id_changed → play_request_id_changed after end_of_track (track skip, ignoring)
2026-04-01T22:31:34Z PLAYER_EVENT=track_changed ignored
2026-04-01T22:31:34Z PLAYER_EVENT=playing → track change (stream connected, skipping webhook)
2026-04-01T22:34:13Z PLAYER_EVENT=preload_next ignored
2026-04-01T22:34:14Z PLAYER_EVENT=preloading ignored
2026-04-01T22:34:43Z PLAYER_EVENT=end_of_track → end_of_track (flagged for next play_request_id_changed)
2026-04-01T22:34:43Z PLAYER_EVENT=play_request_id_changed → play_request_id_changed after end_of_track (track skip, ignoring)
2026-04-01T22:34:43Z PLAYER_EVENT=track_changed ignored
2026-04-01T22:34:43Z PLAYER_EVENT=playing → track change (stream connected, skipping webhook)
2026-04-01T22:37:44Z PLAYER_EVENT=preload_next ignored
2026-04-01T22:38:14Z PLAYER_EVENT=end_of_track → end_of_track (flagged for next play_request_id_changed)
2026-04-01T22:38:14Z PLAYER_EVENT=play_request_id_changed → play_request_id_changed after end_of_track (track skip, ignoring)
2026-04-01T22:38:14Z PLAYER_EVENT=loading ignored
2026-04-01T22:38:15Z PLAYER_EVENT=track_changed ignored
2026-04-01T22:38:15Z PLAYER_EVENT=playing → track change (stream connected, skipping webhook)
2026-04-01T22:40:45Z PLAYER_EVENT=preload_next ignored
2026-04-01T22:40:46Z PLAYER_EVENT=preloading ignored
2026-04-01T22:41:15Z PLAYER_EVENT=end_of_track → end_of_track (flagged for next play_request_id_changed)
2026-04-01T22:41:15Z PLAYER_EVENT=play_request_id_changed → play_request_id_changed after end_of_track (track skip, ignoring)
2026-04-01T22:41:15Z PLAYER_EVENT=track_changed ignored
2026-04-01T22:41:15Z PLAYER_EVENT=playing → track change (stream connected, skipping webhook)
2026-04-01T22:44:21Z PLAYER_EVENT=preload_next ignored
2026-04-01T22:44:22Z PLAYER_EVENT=preloading ignored
2026-04-01T22:44:51Z PLAYER_EVENT=end_of_track → end_of_track (flagged for next play_request_id_changed)
2026-04-01T22:44:51Z PLAYER_EVENT=play_request_id_changed → play_request_id_changed after end_of_track (track skip, ignoring)
2026-04-01T22:44:51Z PLAYER_EVENT=track_changed ignored
2026-04-01T22:44:51Z PLAYER_EVENT=playing → track change (stream connected, skipping webhook)
2026-04-01T22:48:13Z PLAYER_EVENT=preload_next ignored
2026-04-01T22:48:14Z PLAYER_EVENT=preloading ignored
2026-04-01T22:48:43Z PLAYER_EVENT=end_of_track → end_of_track (flagged for next play_request_id_changed)
2026-04-01T22:48:43Z PLAYER_EVENT=play_request_id_changed → play_request_id_changed after end_of_track (track skip, ignoring)
2026-04-01T22:48:43Z PLAYER_EVENT=track_changed ignored
2026-04-01T22:48:43Z PLAYER_EVENT=playing → track change (stream connected, skipping webhook)
2026-04-01T22:50:32Z PLAYER_EVENT=paused → paused, debouncing (3s)
2026-04-01T22:50:35Z PLAYER_EVENT=paused → notifying HA: librespot_stopped (paused)
2026-04-01T22:50:35Z PLAYER_EVENT=session_connected → reset state to stopped (new session)
2026-04-01T22:50:35Z PLAYER_EVENT=session_client_changed ignored
2026-04-01T22:50:35Z PLAYER_EVENT=volume_changed ignored
2026-04-01T22:50:35Z PLAYER_EVENT=auto_play_changed ignored
2026-04-01T22:50:35Z PLAYER_EVENT=filter_explicit_content_changed ignored
2026-04-01T22:50:35Z PLAYER_EVENT=shuffle_changed ignored
2026-04-01T22:50:35Z PLAYER_EVENT=repeat_changed ignored
2026-04-01T22:50:35Z PLAYER_EVENT=play_request_id_changed → reset state to stopped (fresh play request, no preceding end_of_track)
2026-04-01T22:50:35Z PLAYER_EVENT=loading ignored
2026-04-01T22:50:35Z PLAYER_EVENT=track_changed ignored
2026-04-01T22:50:35Z PLAYER_EVENT=playing → notifying HA: librespot_playing
2026-04-01T22:50:35Z PLAYER_EVENT=session_disconnected → reset state to stopped (new session)
2026-04-01T22:52:21Z PLAYER_EVENT=session_disconnected → reset state to stopped (new session)
2026-04-01T22:52:21Z PLAYER_EVENT=stopped → stopped, debouncing (5s)
2026-04-01T22:52:26Z PLAYER_EVENT=stopped → notifying HA: librespot_stopped
2026-04-01T22:52:29Z PLAYER_EVENT=session_connected → reset state to stopped (new session)
2026-04-01T22:52:29Z PLAYER_EVENT=session_client_changed ignored
2026-04-01T22:52:29Z PLAYER_EVENT=volume_changed ignored
2026-04-01T22:52:29Z PLAYER_EVENT=auto_play_changed ignored
2026-04-01T22:52:29Z PLAYER_EVENT=filter_explicit_content_changed ignored
2026-04-01T22:52:29Z PLAYER_EVENT=shuffle_changed ignored
2026-04-01T22:52:29Z PLAYER_EVENT=repeat_changed ignored
2026-04-01T22:52:29Z PLAYER_EVENT=play_request_id_changed → reset state to stopped (fresh play request, no preceding end_of_track)
2026-04-01T22:52:29Z PLAYER_EVENT=loading ignored
2026-04-01T22:52:30Z PLAYER_EVENT=track_changed ignored
2026-04-01T22:52:30Z PLAYER_EVENT=paused → paused, debouncing (3s)
2026-04-01T22:52:33Z PLAYER_EVENT=paused → notifying HA: librespot_stopped (paused)
2026-04-01T22:54:44Z PLAYER_EVENT=playing → notifying HA: librespot_playing
2026-04-01T22:56:17Z PLAYER_EVENT=paused → paused, debouncing (3s)
2026-04-01T22:56:20Z PLAYER_EVENT=paused → notifying HA: librespot_stopped (paused)
2026-04-01T22:56:20Z PLAYER_EVENT=playing → notifying HA: librespot_playing
2026-04-01T22:56:25Z PLAYER_EVENT=paused → paused, debouncing (3s)
2026-04-01T22:56:28Z PLAYER_EVENT=paused → notifying HA: librespot_stopped (paused)
2026-04-01T22:56:59Z PLAYER_EVENT=playing → notifying HA: librespot_playing
2026-04-01T22:57:28Z PLAYER_EVENT=preload_next ignored
2026-04-01T22:57:29Z PLAYER_EVENT=preloading ignored
2026-04-01T22:57:57Z PLAYER_EVENT=end_of_track → end_of_track (flagged for next play_request_id_changed)
2026-04-01T22:57:57Z PLAYER_EVENT=play_request_id_changed → play_request_id_changed after end_of_track (track skip, ignoring)
2026-04-01T22:57:57Z PLAYER_EVENT=track_changed ignored
2026-04-01T22:57:57Z PLAYER_EVENT=playing → track change (stream connected, skipping webhook)
2026-04-01T23:01:06Z PLAYER_EVENT=preload_next ignored
2026-04-01T23:01:34Z PLAYER_EVENT=end_of_track → end_of_track (flagged for next play_request_id_changed)
2026-04-01T23:01:34Z PLAYER_EVENT=play_request_id_changed → play_request_id_changed after end_of_track (track skip, ignoring)
2026-04-01T23:01:34Z PLAYER_EVENT=loading ignored
2026-04-01T23:01:35Z PLAYER_EVENT=track_changed ignored
2026-04-01T23:01:35Z PLAYER_EVENT=playing → track change (stream connected, skipping webhook)
2026-04-01T23:03:42Z PLAYER_EVENT=preload_next ignored
2026-04-01T23:03:44Z PLAYER_EVENT=preloading ignored
2026-04-01T23:04:11Z PLAYER_EVENT=end_of_track → end_of_track (flagged for next play_request_id_changed)
2026-04-01T23:04:11Z PLAYER_EVENT=play_request_id_changed → play_request_id_changed after end_of_track (track skip, ignoring)
2026-04-01T23:04:11Z PLAYER_EVENT=track_changed ignored
2026-04-01T23:04:11Z PLAYER_EVENT=playing → track change (stream connected, skipping webhook)
2026-04-01T23:08:11Z PLAYER_EVENT=preload_next ignored
2026-04-01T23:08:13Z PLAYER_EVENT=preloading ignored
2026-04-01T23:08:39Z PLAYER_EVENT=end_of_track → end_of_track (flagged for next play_request_id_changed)
2026-04-01T23:08:39Z PLAYER_EVENT=play_request_id_changed → play_request_id_changed after end_of_track (track skip, ignoring)
2026-04-01T23:08:39Z PLAYER_EVENT=track_changed ignored
2026-04-01T23:08:39Z PLAYER_EVENT=playing → track change (stream connected, skipping webhook)
2026-04-01T23:11:32Z PLAYER_EVENT=preload_next ignored
2026-04-01T23:11:34Z PLAYER_EVENT=preloading ignored
2026-04-01T23:12:00Z PLAYER_EVENT=end_of_track → end_of_track (flagged for next play_request_id_changed)
2026-04-01T23:12:00Z PLAYER_EVENT=play_request_id_changed → play_request_id_changed after end_of_track (track skip, ignoring)
2026-04-01T23:12:00Z PLAYER_EVENT=track_changed ignored
2026-04-01T23:12:00Z PLAYER_EVENT=playing → track change (stream connected, skipping webhook)
2026-04-01T23:15:06Z PLAYER_EVENT=preload_next ignored
2026-04-01T23:15:07Z PLAYER_EVENT=preloading ignored
2026-04-01T23:15:35Z PLAYER_EVENT=end_of_track → end_of_track (flagged for next play_request_id_changed)
2026-04-01T23:15:35Z PLAYER_EVENT=play_request_id_changed → play_request_id_changed after end_of_track (track skip, ignoring)
2026-04-01T23:15:35Z PLAYER_EVENT=track_changed ignored
2026-04-01T23:15:35Z PLAYER_EVENT=playing → track change (stream connected, skipping webhook)
2026-04-01T23:17:49Z PLAYER_EVENT=preload_next ignored
2026-04-01T23:17:50Z PLAYER_EVENT=preloading ignored
2026-04-01T23:18:17Z PLAYER_EVENT=end_of_track → end_of_track (flagged for next play_request_id_changed)
2026-04-01T23:18:17Z PLAYER_EVENT=play_request_id_changed → play_request_id_changed after end_of_track (track skip, ignoring)
2026-04-01T23:18:17Z PLAYER_EVENT=track_changed ignored
2026-04-01T23:18:17Z PLAYER_EVENT=playing → track change (stream connected, skipping webhook)
2026-04-01T23:21:22Z PLAYER_EVENT=preload_next ignored
2026-04-01T23:21:23Z PLAYER_EVENT=preloading ignored
2026-04-01T23:21:51Z PLAYER_EVENT=end_of_track → end_of_track (flagged for next play_request_id_changed)
2026-04-01T23:21:51Z PLAYER_EVENT=play_request_id_changed → play_request_id_changed after end_of_track (track skip, ignoring)
2026-04-01T23:21:51Z PLAYER_EVENT=track_changed ignored
2026-04-01T23:21:51Z PLAYER_EVENT=playing → track change (stream connected, skipping webhook)
2026-04-01T23:24:00Z PLAYER_EVENT=play_request_id_changed → reset state to stopped (fresh play request, no preceding end_of_track)
2026-04-01T23:24:00Z PLAYER_EVENT=loading ignored
2026-04-01T23:24:02Z PLAYER_EVENT=unavailable ignored
2026-04-01T23:24:02Z PLAYER_EVENT=play_request_id_changed → reset state to stopped (fresh play request, no preceding end_of_track)
2026-04-01T23:24:02Z PLAYER_EVENT=loading ignored
2026-04-01T23:24:10Z PLAYER_EVENT=unavailable ignored
2026-04-01T23:24:10Z PLAYER_EVENT=play_request_id_changed → reset state to stopped (fresh play request, no preceding end_of_track)
2026-04-01T23:24:10Z PLAYER_EVENT=loading ignored
2026-04-01T23:24:11Z PLAYER_EVENT=play_request_id_changed → reset state to stopped (fresh play request, no preceding end_of_track)
2026-04-01T23:24:11Z PLAYER_EVENT=loading ignored
2026-04-01T23:24:13Z PLAYER_EVENT=unavailable ignored
2026-04-01T23:24:13Z PLAYER_EVENT=play_request_id_changed → reset state to stopped (fresh play request, no preceding end_of_track)
2026-04-01T23:24:13Z PLAYER_EVENT=loading ignored
2026-04-01T23:24:27Z PLAYER_EVENT=play_request_id_changed → reset state to stopped (fresh play request, no preceding end_of_track)
2026-04-01T23:24:27Z PLAYER_EVENT=loading ignored
2026-04-01T23:24:28Z PLAYER_EVENT=track_changed ignored
2026-04-01T23:24:28Z PLAYER_EVENT=playing → notifying HA: librespot_playing
2026-04-01T23:24:40Z PLAYER_EVENT=play_request_id_changed → reset state to stopped (fresh play request, no preceding end_of_track)
2026-04-01T23:24:40Z PLAYER_EVENT=track_changed ignored
2026-04-01T23:24:40Z PLAYER_EVENT=playing → notifying HA: librespot_playing
2026-04-01T23:26:56Z PLAYER_EVENT=preload_next ignored
2026-04-01T23:26:58Z PLAYER_EVENT=preloading ignored
2026-04-01T23:27:25Z PLAYER_EVENT=end_of_track → end_of_track (flagged for next play_request_id_changed)
2026-04-01T23:27:25Z PLAYER_EVENT=play_request_id_changed → play_request_id_changed after end_of_track (track skip, ignoring)
2026-04-01T23:27:25Z PLAYER_EVENT=track_changed ignored
2026-04-01T23:27:25Z PLAYER_EVENT=playing → track change (stream connected, skipping webhook)
2026-04-01T23:30:22Z PLAYER_EVENT=preload_next ignored
2026-04-01T23:30:23Z PLAYER_EVENT=preloading ignored
2026-04-01T23:30:51Z PLAYER_EVENT=end_of_track → end_of_track (flagged for next play_request_id_changed)
2026-04-01T23:30:51Z PLAYER_EVENT=play_request_id_changed → play_request_id_changed after end_of_track (track skip, ignoring)
2026-04-01T23:30:51Z PLAYER_EVENT=track_changed ignored
2026-04-01T23:30:51Z PLAYER_EVENT=playing → track change (stream connected, skipping webhook)
2026-04-01T23:32:10Z PLAYER_EVENT=play_request_id_changed → reset state to stopped (fresh play request, no preceding end_of_track)
2026-04-01T23:32:10Z PLAYER_EVENT=loading ignored
2026-04-01T23:32:10Z PLAYER_EVENT=track_changed ignored
2026-04-01T23:32:10Z PLAYER_EVENT=playing → notifying HA: librespot_playing
2026-04-01T23:34:33Z PLAYER_EVENT=play_request_id_changed → reset state to stopped (fresh play request, no preceding end_of_track)
2026-04-01T23:34:33Z PLAYER_EVENT=loading ignored
2026-04-01T23:34:34Z PLAYER_EVENT=track_changed ignored
2026-04-01T23:34:34Z PLAYER_EVENT=playing → notifying HA: librespot_playing
2026-04-02T00:22:01Z PLAYER_EVENT=session_connected → reset state to stopped (new session)
2026-04-02T00:22:01Z PLAYER_EVENT=session_client_changed ignored
2026-04-02T00:22:01Z PLAYER_EVENT=volume_changed ignored
2026-04-02T00:22:01Z PLAYER_EVENT=auto_play_changed ignored
2026-04-02T00:22:01Z PLAYER_EVENT=filter_explicit_content_changed ignored
2026-04-02T00:22:01Z PLAYER_EVENT=shuffle_changed ignored
2026-04-02T00:22:01Z PLAYER_EVENT=repeat_changed ignored
2026-04-02T00:22:02Z PLAYER_EVENT=play_request_id_changed → reset state to stopped (fresh play request, no preceding end_of_track)
2026-04-02T00:22:02Z PLAYER_EVENT=loading ignored
2026-04-02T00:22:03Z PLAYER_EVENT=unavailable ignored
2026-04-02T00:22:03Z PLAYER_EVENT=play_request_id_changed → reset state to stopped (fresh play request, no preceding end_of_track)
2026-04-02T00:22:03Z PLAYER_EVENT=loading ignored
2026-04-02T00:22:13Z PLAYER_EVENT=unavailable ignored
2026-04-02T00:22:13Z PLAYER_EVENT=play_request_id_changed → reset state to stopped (fresh play request, no preceding end_of_track)
2026-04-02T00:22:13Z PLAYER_EVENT=loading ignored
2026-04-02T00:22:29Z PLAYER_EVENT=unavailable ignored
2026-04-02T00:22:29Z PLAYER_EVENT=play_request_id_changed → reset state to stopped (fresh play request, no preceding end_of_track)
2026-04-02T00:22:29Z PLAYER_EVENT=loading ignored
2026-04-02T00:22:39Z PLAYER_EVENT=unavailable ignored
2026-04-02T00:22:39Z PLAYER_EVENT=play_request_id_changed → reset state to stopped (fresh play request, no preceding end_of_track)
2026-04-02T00:22:39Z PLAYER_EVENT=loading ignored
2026-04-02T00:22:52Z PLAYER_EVENT=unavailable ignored
2026-04-02T00:22:52Z PLAYER_EVENT=play_request_id_changed → reset state to stopped (fresh play request, no preceding end_of_track)
2026-04-02T00:22:52Z PLAYER_EVENT=loading ignored
2026-04-02T00:23:01Z PLAYER_EVENT=play_request_id_changed → reset state to stopped (fresh play request, no preceding end_of_track)
2026-04-02T00:23:01Z PLAYER_EVENT=loading ignored
2026-04-02T00:23:03Z PLAYER_EVENT=unavailable ignored
2026-04-02T00:23:03Z PLAYER_EVENT=play_request_id_changed → reset state to stopped (fresh play request, no preceding end_of_track)
2026-04-02T00:23:03Z PLAYER_EVENT=loading ignored
2026-04-02T00:23:13Z PLAYER_EVENT=unavailable ignored
2026-04-02T00:23:13Z PLAYER_EVENT=play_request_id_changed → reset state to stopped (fresh play request, no preceding end_of_track)
2026-04-02T00:23:13Z PLAYER_EVENT=loading ignored
2026-04-02T00:23:26Z PLAYER_EVENT=unavailable ignored
2026-04-02T00:23:26Z PLAYER_EVENT=play_request_id_changed → reset state to stopped (fresh play request, no preceding end_of_track)
2026-04-02T00:23:26Z PLAYER_EVENT=loading ignored
2026-04-02T00:23:32Z PLAYER_EVENT=unavailable ignored
2026-04-02T00:23:32Z PLAYER_EVENT=play_request_id_changed → reset state to stopped (fresh play request, no preceding end_of_track)
2026-04-02T00:23:32Z PLAYER_EVENT=loading ignored
2026-04-02T00:23:40Z PLAYER_EVENT=unavailable ignored
2026-04-02T00:23:40Z PLAYER_EVENT=play_request_id_changed → reset state to stopped (fresh play request, no preceding end_of_track)
2026-04-02T00:23:40Z PLAYER_EVENT=loading ignored
2026-04-02T00:23:53Z PLAYER_EVENT=unavailable ignored
2026-04-02T00:23:53Z PLAYER_EVENT=play_request_id_changed → reset state to stopped (fresh play request, no preceding end_of_track)
2026-04-02T00:23:53Z PLAYER_EVENT=loading ignored
2026-04-02T00:24:09Z PLAYER_EVENT=unavailable ignored
2026-04-02T00:24:09Z PLAYER_EVENT=play_request_id_changed → reset state to stopped (fresh play request, no preceding end_of_track)
2026-04-02T00:24:09Z PLAYER_EVENT=loading ignored
2026-04-02T00:24:20Z PLAYER_EVENT=unavailable ignored
2026-04-02T00:24:20Z PLAYER_EVENT=play_request_id_changed → reset state to stopped (fresh play request, no preceding end_of_track)
2026-04-02T00:24:20Z PLAYER_EVENT=loading ignored
2026-04-02T00:24:34Z PLAYER_EVENT=unavailable ignored
2026-04-02T00:24:34Z PLAYER_EVENT=play_request_id_changed → reset state to stopped (fresh play request, no preceding end_of_track)
2026-04-02T00:24:34Z PLAYER_EVENT=loading ignored
2026-04-02T00:24:45Z PLAYER_EVENT=unavailable ignored
2026-04-02T00:24:45Z PLAYER_EVENT=play_request_id_changed → reset state to stopped (fresh play request, no preceding end_of_track)
2026-04-02T00:24:45Z PLAYER_EVENT=loading ignored
2026-04-02T00:25:01Z PLAYER_EVENT=unavailable ignored
2026-04-02T00:25:01Z PLAYER_EVENT=play_request_id_changed → reset state to stopped (fresh play request, no preceding end_of_track)
2026-04-02T00:25:01Z PLAYER_EVENT=loading ignored
2026-04-02T00:25:11Z PLAYER_EVENT=unavailable ignored
2026-04-02T00:25:11Z PLAYER_EVENT=play_request_id_changed → reset state to stopped (fresh play request, no preceding end_of_track)
2026-04-02T00:25:11Z PLAYER_EVENT=loading ignored
2026-04-02T00:25:21Z PLAYER_EVENT=unavailable ignored
2026-04-02T00:25:22Z PLAYER_EVENT=play_request_id_changed → reset state to stopped (fresh play request, no preceding end_of_track)
2026-04-02T00:25:22Z PLAYER_EVENT=loading ignored
2026-04-02T00:25:31Z PLAYER_EVENT=unavailable ignored
2026-04-02T00:25:31Z PLAYER_EVENT=play_request_id_changed → reset state to stopped (fresh play request, no preceding end_of_track)
2026-04-02T00:25:31Z PLAYER_EVENT=loading ignored
2026-04-02T00:25:48Z PLAYER_EVENT=unavailable ignored
2026-04-02T00:25:48Z PLAYER_EVENT=play_request_id_changed → reset state to stopped (fresh play request, no preceding end_of_track)
2026-04-02T00:25:48Z PLAYER_EVENT=loading ignored
2026-04-02T00:26:02Z PLAYER_EVENT=unavailable ignored
2026-04-02T00:26:02Z PLAYER_EVENT=play_request_id_changed → reset state to stopped (fresh play request, no preceding end_of_track)
2026-04-02T00:26:02Z PLAYER_EVENT=loading ignored
2026-04-02T00:26:24Z PLAYER_EVENT=unavailable ignored
2026-04-02T00:26:24Z PLAYER_EVENT=play_request_id_changed → reset state to stopped (fresh play request, no preceding end_of_track)
2026-04-02T00:26:24Z PLAYER_EVENT=loading ignored
2026-04-02T00:26:58Z PLAYER_EVENT=session_connected → reset state to stopped (new session)
2026-04-02T00:26:58Z PLAYER_EVENT=session_client_changed ignored
2026-04-02T00:26:58Z PLAYER_EVENT=volume_changed ignored
2026-04-02T00:26:58Z PLAYER_EVENT=auto_play_changed ignored
2026-04-02T00:26:58Z PLAYER_EVENT=filter_explicit_content_changed ignored
2026-04-02T00:26:58Z PLAYER_EVENT=shuffle_changed ignored
2026-04-02T00:26:58Z PLAYER_EVENT=repeat_changed ignored
2026-04-02T00:26:58Z PLAYER_EVENT=play_request_id_changed → reset state to stopped (fresh play request, no preceding end_of_track)
2026-04-02T00:26:58Z PLAYER_EVENT=loading ignored
2026-04-02T00:27:00Z PLAYER_EVENT=unavailable ignored
2026-04-02T00:27:00Z PLAYER_EVENT=play_request_id_changed → reset state to stopped (fresh play request, no preceding end_of_track)
2026-04-02T00:27:00Z PLAYER_EVENT=loading ignored
2026-04-02T00:27:09Z PLAYER_EVENT=session_connected → reset state to stopped (new session)
2026-04-02T00:27:09Z PLAYER_EVENT=session_client_changed ignored
2026-04-02T00:27:09Z PLAYER_EVENT=volume_changed ignored
2026-04-02T00:27:09Z PLAYER_EVENT=auto_play_changed ignored
2026-04-02T00:27:09Z PLAYER_EVENT=filter_explicit_content_changed ignored
2026-04-02T00:27:09Z PLAYER_EVENT=shuffle_changed ignored
2026-04-02T00:27:09Z PLAYER_EVENT=repeat_changed ignored
2026-04-02T00:27:09Z PLAYER_EVENT=play_request_id_changed → reset state to stopped (fresh play request, no preceding end_of_track)
2026-04-02T00:27:09Z PLAYER_EVENT=loading ignored
2026-04-02T00:27:19Z PLAYER_EVENT=volume_changed ignored
2026-04-02T00:27:20Z PLAYER_EVENT=volume_changed ignored
2026-04-02T00:27:24Z PLAYER_EVENT=unavailable ignored
2026-04-02T00:27:24Z PLAYER_EVENT=play_request_id_changed → reset state to stopped (fresh play request, no preceding end_of_track)
2026-04-02T00:27:24Z PLAYER_EVENT=loading ignored
2026-04-02T00:27:41Z PLAYER_EVENT=unavailable ignored
2026-04-02T00:27:41Z PLAYER_EVENT=play_request_id_changed → reset state to stopped (fresh play request, no preceding end_of_track)
2026-04-02T00:27:41Z PLAYER_EVENT=loading ignored
2026-04-02T00:27:50Z PLAYER_EVENT=unavailable ignored
2026-04-02T00:27:50Z PLAYER_EVENT=play_request_id_changed → reset state to stopped (fresh play request, no preceding end_of_track)
2026-04-02T00:27:50Z PLAYER_EVENT=loading ignored
2026-04-02T00:28:00Z PLAYER_EVENT=unavailable ignored
2026-04-02T00:28:00Z PLAYER_EVENT=play_request_id_changed → reset state to stopped (fresh play request, no preceding end_of_track)
2026-04-02T00:28:00Z PLAYER_EVENT=loading ignored
2026-04-02T00:28:10Z PLAYER_EVENT=unavailable ignored
2026-04-02T00:28:10Z PLAYER_EVENT=play_request_id_changed → reset state to stopped (fresh play request, no preceding end_of_track)
2026-04-02T00:28:10Z PLAYER_EVENT=loading ignored
2026-04-02T00:28:20Z PLAYER_EVENT=unavailable ignored
2026-04-02T00:28:20Z PLAYER_EVENT=play_request_id_changed → reset state to stopped (fresh play request, no preceding end_of_track)
2026-04-02T00:28:20Z PLAYER_EVENT=loading ignored
2026-04-02T00:28:32Z PLAYER_EVENT=unavailable ignored
2026-04-02T00:28:32Z PLAYER_EVENT=play_request_id_changed → reset state to stopped (fresh play request, no preceding end_of_track)
2026-04-02T00:28:32Z PLAYER_EVENT=loading ignored
2026-04-02T00:28:48Z PLAYER_EVENT=unavailable ignored
2026-04-02T00:28:48Z PLAYER_EVENT=play_request_id_changed → reset state to stopped (fresh play request, no preceding end_of_track)
2026-04-02T00:28:48Z PLAYER_EVENT=loading ignored
2026-04-02T00:28:59Z PLAYER_EVENT=unavailable ignored
2026-04-02T00:28:59Z PLAYER_EVENT=play_request_id_changed → reset state to stopped (fresh play request, no preceding end_of_track)
2026-04-02T00:28:59Z PLAYER_EVENT=loading ignored
2026-04-02T00:29:13Z PLAYER_EVENT=unavailable ignored
2026-04-02T00:29:13Z PLAYER_EVENT=play_request_id_changed → reset state to stopped (fresh play request, no preceding end_of_track)
2026-04-02T00:29:13Z PLAYER_EVENT=loading ignored
2026-04-02T00:29:23Z PLAYER_EVENT=unavailable ignored
2026-04-02T00:29:23Z PLAYER_EVENT=play_request_id_changed → reset state to stopped (fresh play request, no preceding end_of_track)
2026-04-02T00:29:23Z PLAYER_EVENT=loading ignored
2026-04-02T00:29:28Z PLAYER_EVENT=unavailable ignored
2026-04-02T00:29:28Z PLAYER_EVENT=play_request_id_changed → reset state to stopped (fresh play request, no preceding end_of_track)
2026-04-02T00:29:28Z PLAYER_EVENT=loading ignored
2026-04-02T00:29:29Z PLAYER_EVENT=unavailable ignored
2026-04-02T00:29:29Z PLAYER_EVENT=play_request_id_changed → reset state to stopped (fresh play request, no preceding end_of_track)
2026-04-02T00:29:29Z PLAYER_EVENT=loading ignored
2026-04-02T00:29:30Z PLAYER_EVENT=unavailable ignored
2026-04-02T00:29:30Z PLAYER_EVENT=play_request_id_changed → reset state to stopped (fresh play request, no preceding end_of_track)
2026-04-02T00:29:30Z PLAYER_EVENT=loading ignored
2026-04-02T00:29:38Z PLAYER_EVENT=unavailable ignored
2026-04-02T00:29:38Z PLAYER_EVENT=play_request_id_changed → reset state to stopped (fresh play request, no preceding end_of_track)
2026-04-02T00:29:38Z PLAYER_EVENT=loading ignored
2026-04-02T00:29:45Z PLAYER_EVENT=volume_changed ignored
2026-04-02T00:29:51Z PLAYER_EVENT=unavailable ignored
2026-04-02T00:29:51Z PLAYER_EVENT=play_request_id_changed → reset state to stopped (fresh play request, no preceding end_of_track)
2026-04-02T00:29:51Z PLAYER_EVENT=loading ignored
2026-04-02T00:30:03Z PLAYER_EVENT=unavailable ignored
2026-04-02T00:30:03Z PLAYER_EVENT=play_request_id_changed → reset state to stopped (fresh play request, no preceding end_of_track)
2026-04-02T00:30:03Z PLAYER_EVENT=loading ignored
2026-04-02T00:30:13Z PLAYER_EVENT=unavailable ignored
2026-04-02T00:30:13Z PLAYER_EVENT=play_request_id_changed → reset state to stopped (fresh play request, no preceding end_of_track)
2026-04-02T00:30:13Z PLAYER_EVENT=loading ignored
2026-04-02T00:30:23Z PLAYER_EVENT=unavailable ignored
2026-04-02T00:30:23Z PLAYER_EVENT=play_request_id_changed → reset state to stopped (fresh play request, no preceding end_of_track)
2026-04-02T00:30:23Z PLAYER_EVENT=loading ignored
2026-04-02T00:30:37Z PLAYER_EVENT=unavailable ignored
2026-04-02T00:30:37Z PLAYER_EVENT=play_request_id_changed → reset state to stopped (fresh play request, no preceding end_of_track)
2026-04-02T00:30:37Z PLAYER_EVENT=loading ignored
2026-04-02T00:30:52Z PLAYER_EVENT=unavailable ignored
2026-04-02T00:30:52Z PLAYER_EVENT=play_request_id_changed → reset state to stopped (fresh play request, no preceding end_of_track)
2026-04-02T00:30:52Z PLAYER_EVENT=loading ignored
2026-04-02T00:31:02Z PLAYER_EVENT=unavailable ignored
2026-04-02T00:31:02Z PLAYER_EVENT=play_request_id_changed → reset state to stopped (fresh play request, no preceding end_of_track)
2026-04-02T00:31:02Z PLAYER_EVENT=loading ignored
2026-04-02T00:31:16Z PLAYER_EVENT=unavailable ignored
2026-04-02T00:31:16Z PLAYER_EVENT=play_request_id_changed → reset state to stopped (fresh play request, no preceding end_of_track)
2026-04-02T00:31:16Z PLAYER_EVENT=loading ignored
2026-04-02T00:31:28Z PLAYER_EVENT=unavailable ignored
2026-04-02T00:31:28Z PLAYER_EVENT=play_request_id_changed → reset state to stopped (fresh play request, no preceding end_of_track)
2026-04-02T00:31:28Z PLAYER_EVENT=loading ignored
2026-04-02T00:31:39Z PLAYER_EVENT=unavailable ignored
2026-04-02T00:31:39Z PLAYER_EVENT=play_request_id_changed → reset state to stopped (fresh play request, no preceding end_of_track)
2026-04-02T00:31:39Z PLAYER_EVENT=loading ignored
2026-04-02T00:31:58Z PLAYER_EVENT=session_connected → reset state to stopped (new session)
2026-04-02T00:31:58Z PLAYER_EVENT=session_client_changed ignored
2026-04-02T00:31:58Z PLAYER_EVENT=volume_changed ignored
2026-04-02T00:31:58Z PLAYER_EVENT=auto_play_changed ignored
2026-04-02T00:31:58Z PLAYER_EVENT=filter_explicit_content_changed ignored
2026-04-02T00:31:58Z PLAYER_EVENT=shuffle_changed ignored
2026-04-02T00:31:58Z PLAYER_EVENT=repeat_changed ignored
2026-04-02T00:31:58Z PLAYER_EVENT=play_request_id_changed → reset state to stopped (fresh play request, no preceding end_of_track)
2026-04-02T00:31:58Z PLAYER_EVENT=loading ignored
2026-04-02T00:31:59Z PLAYER_EVENT=track_changed ignored
2026-04-02T00:31:59Z PLAYER_EVENT=playing → notifying HA: librespot_playing
2026-04-02T00:35:12Z PLAYER_EVENT=preload_next ignored
2026-04-02T00:35:13Z PLAYER_EVENT=preloading ignored
2026-04-02T00:35:41Z PLAYER_EVENT=end_of_track → end_of_track (flagged for next play_request_id_changed)
2026-04-02T00:35:41Z PLAYER_EVENT=play_request_id_changed → play_request_id_changed after end_of_track (track skip, ignoring)
2026-04-02T00:35:41Z PLAYER_EVENT=track_changed ignored
2026-04-02T00:35:41Z PLAYER_EVENT=playing → track change (stream connected, skipping webhook)
2026-04-02T00:38:11Z PLAYER_EVENT=preload_next ignored
2026-04-02T00:38:13Z PLAYER_EVENT=preloading ignored
2026-04-02T00:38:41Z PLAYER_EVENT=end_of_track → end_of_track (flagged for next play_request_id_changed)
2026-04-02T00:38:41Z PLAYER_EVENT=play_request_id_changed → play_request_id_changed after end_of_track (track skip, ignoring)
2026-04-02T00:38:41Z PLAYER_EVENT=track_changed ignored
2026-04-02T00:38:41Z PLAYER_EVENT=playing → track change (stream connected, skipping webhook)
2026-04-02T00:41:30Z PLAYER_EVENT=preload_next ignored
2026-04-02T00:41:31Z PLAYER_EVENT=preloading ignored
2026-04-02T00:42:00Z PLAYER_EVENT=end_of_track → end_of_track (flagged for next play_request_id_changed)
2026-04-02T00:42:00Z PLAYER_EVENT=play_request_id_changed → play_request_id_changed after end_of_track (track skip, ignoring)
2026-04-02T00:42:00Z PLAYER_EVENT=track_changed ignored
2026-04-02T00:42:00Z PLAYER_EVENT=playing → track change (stream connected, skipping webhook)
2026-04-02T00:42:11Z PLAYER_EVENT=paused → paused, debouncing (3s)
2026-04-02T00:42:14Z PLAYER_EVENT=paused → notifying HA: librespot_stopped (paused)
2026-04-02T01:12:16Z PLAYER_EVENT=session_connected → reset state to stopped (new session)
2026-04-02T01:12:16Z PLAYER_EVENT=session_client_changed ignored
2026-04-02T01:12:16Z PLAYER_EVENT=volume_changed ignored
2026-04-02T01:12:16Z PLAYER_EVENT=auto_play_changed ignored
2026-04-02T01:12:16Z PLAYER_EVENT=filter_explicit_content_changed ignored
2026-04-02T01:12:16Z PLAYER_EVENT=shuffle_changed ignored
2026-04-02T01:12:16Z PLAYER_EVENT=repeat_changed ignored
2026-04-02T01:12:16Z PLAYER_EVENT=play_request_id_changed → reset state to stopped (fresh play request, no preceding end_of_track)
2026-04-02T01:12:16Z PLAYER_EVENT=loading ignored
2026-04-02T01:12:18Z PLAYER_EVENT=unavailable ignored
2026-04-02T01:12:18Z PLAYER_EVENT=play_request_id_changed → reset state to stopped (fresh play request, no preceding end_of_track)
2026-04-02T01:12:18Z PLAYER_EVENT=loading ignored
2026-04-02T01:12:28Z PLAYER_EVENT=unavailable ignored
2026-04-02T01:12:28Z PLAYER_EVENT=play_request_id_changed → reset state to stopped (fresh play request, no preceding end_of_track)
2026-04-02T01:12:28Z PLAYER_EVENT=loading ignored
2026-04-02T01:12:40Z PLAYER_EVENT=unavailable ignored
2026-04-02T01:12:40Z PLAYER_EVENT=play_request_id_changed → reset state to stopped (fresh play request, no preceding end_of_track)
2026-04-02T01:12:40Z PLAYER_EVENT=loading ignored
2026-04-02T01:12:40Z PLAYER_EVENT=play_request_id_changed → reset state to stopped (fresh play request, no preceding end_of_track)
2026-04-02T01:12:40Z PLAYER_EVENT=loading ignored
2026-04-02T01:12:43Z PLAYER_EVENT=unavailable ignored
2026-04-02T01:12:43Z PLAYER_EVENT=play_request_id_changed → reset state to stopped (fresh play request, no preceding end_of_track)
2026-04-02T01:12:43Z PLAYER_EVENT=loading ignored
2026-04-02T01:12:56Z PLAYER_EVENT=unavailable ignored
2026-04-02T01:12:56Z PLAYER_EVENT=play_request_id_changed → reset state to stopped (fresh play request, no preceding end_of_track)
2026-04-02T01:12:56Z PLAYER_EVENT=loading ignored
2026-04-02T01:13:12Z PLAYER_EVENT=unavailable ignored
2026-04-02T01:13:12Z PLAYER_EVENT=play_request_id_changed → reset state to stopped (fresh play request, no preceding end_of_track)
2026-04-02T01:13:12Z PLAYER_EVENT=loading ignored
2026-04-02T01:13:22Z PLAYER_EVENT=unavailable ignored
2026-04-02T01:13:22Z PLAYER_EVENT=play_request_id_changed → reset state to stopped (fresh play request, no preceding end_of_track)
2026-04-02T01:13:22Z PLAYER_EVENT=loading ignored
2026-04-02T01:13:40Z PLAYER_EVENT=unavailable ignored
2026-04-02T01:13:40Z PLAYER_EVENT=play_request_id_changed → reset state to stopped (fresh play request, no preceding end_of_track)
2026-04-02T01:13:41Z PLAYER_EVENT=loading ignored
2026-04-02T01:13:51Z PLAYER_EVENT=unavailable ignored
2026-04-02T01:13:51Z PLAYER_EVENT=play_request_id_changed → reset state to stopped (fresh play request, no preceding end_of_track)
2026-04-02T01:13:51Z PLAYER_EVENT=loading ignored
2026-04-02T01:14:01Z PLAYER_EVENT=unavailable ignored
2026-04-02T01:14:01Z PLAYER_EVENT=play_request_id_changed → reset state to stopped (fresh play request, no preceding end_of_track)
2026-04-02T01:14:01Z PLAYER_EVENT=loading ignored
2026-04-02T01:14:12Z PLAYER_EVENT=unavailable ignored
2026-04-02T01:14:12Z PLAYER_EVENT=play_request_id_changed → reset state to stopped (fresh play request, no preceding end_of_track)
2026-04-02T01:14:12Z PLAYER_EVENT=loading ignored
2026-04-02T01:14:24Z PLAYER_EVENT=unavailable ignored
2026-04-02T01:14:24Z PLAYER_EVENT=play_request_id_changed → reset state to stopped (fresh play request, no preceding end_of_track)
2026-04-02T01:14:24Z PLAYER_EVENT=loading ignored
2026-04-02T01:14:37Z PLAYER_EVENT=unavailable ignored
2026-04-02T01:14:37Z PLAYER_EVENT=play_request_id_changed → reset state to stopped (fresh play request, no preceding end_of_track)
2026-04-02T01:14:37Z PLAYER_EVENT=loading ignored
2026-04-02T01:14:54Z PLAYER_EVENT=unavailable ignored
2026-04-02T01:14:54Z PLAYER_EVENT=play_request_id_changed → reset state to stopped (fresh play request, no preceding end_of_track)
2026-04-02T01:14:54Z PLAYER_EVENT=loading ignored
2026-04-02T01:15:06Z PLAYER_EVENT=unavailable ignored
2026-04-02T01:15:06Z PLAYER_EVENT=play_request_id_changed → reset state to stopped (fresh play request, no preceding end_of_track)
2026-04-02T01:15:06Z PLAYER_EVENT=loading ignored
2026-04-02T01:15:19Z PLAYER_EVENT=unavailable ignored
2026-04-02T01:15:19Z PLAYER_EVENT=play_request_id_changed → reset state to stopped (fresh play request, no preceding end_of_track)
2026-04-02T01:15:20Z PLAYER_EVENT=loading ignored
2026-04-02T01:15:36Z PLAYER_EVENT=unavailable ignored
2026-04-02T01:15:36Z PLAYER_EVENT=play_request_id_changed → reset state to stopped (fresh play request, no preceding end_of_track)
2026-04-02T01:15:36Z PLAYER_EVENT=loading ignored
2026-04-02T01:15:46Z PLAYER_EVENT=unavailable ignored
2026-04-02T01:15:46Z PLAYER_EVENT=play_request_id_changed → reset state to stopped (fresh play request, no preceding end_of_track)
2026-04-02T01:15:46Z PLAYER_EVENT=loading ignored
2026-04-02T01:15:54Z PLAYER_EVENT=unavailable ignored
2026-04-02T01:15:54Z PLAYER_EVENT=play_request_id_changed → reset state to stopped (fresh play request, no preceding end_of_track)
2026-04-02T01:15:54Z PLAYER_EVENT=loading ignored
2026-04-02T01:16:12Z PLAYER_EVENT=unavailable ignored
2026-04-02T01:16:12Z PLAYER_EVENT=play_request_id_changed → reset state to stopped (fresh play request, no preceding end_of_track)
2026-04-02T01:16:12Z PLAYER_EVENT=loading ignored
2026-04-02T01:16:27Z PLAYER_EVENT=unavailable ignored
2026-04-02T01:16:27Z PLAYER_EVENT=play_request_id_changed → reset state to stopped (fresh play request, no preceding end_of_track)
2026-04-02T01:16:27Z PLAYER_EVENT=loading ignored
2026-04-02T01:16:44Z PLAYER_EVENT=unavailable ignored
2026-04-02T01:16:44Z PLAYER_EVENT=play_request_id_changed → reset state to stopped (fresh play request, no preceding end_of_track)
2026-04-02T01:16:44Z PLAYER_EVENT=loading ignored
2026-04-02T01:16:56Z PLAYER_EVENT=unavailable ignored
2026-04-02T01:16:56Z PLAYER_EVENT=play_request_id_changed → reset state to stopped (fresh play request, no preceding end_of_track)
2026-04-02T01:16:56Z PLAYER_EVENT=loading ignored
2026-04-02T01:17:08Z PLAYER_EVENT=unavailable ignored
2026-04-02T01:17:08Z PLAYER_EVENT=play_request_id_changed → reset state to stopped (fresh play request, no preceding end_of_track)
2026-04-02T01:17:08Z PLAYER_EVENT=loading ignored
2026-04-02T01:18:37Z PLAYER_EVENT=session_connected → reset state to stopped (new session)
2026-04-02T01:18:37Z PLAYER_EVENT=session_client_changed ignored
2026-04-02T01:18:37Z PLAYER_EVENT=volume_changed ignored
2026-04-02T01:18:37Z PLAYER_EVENT=auto_play_changed ignored
2026-04-02T01:18:37Z PLAYER_EVENT=filter_explicit_content_changed ignored
2026-04-02T01:18:37Z PLAYER_EVENT=shuffle_changed ignored
2026-04-02T01:18:37Z PLAYER_EVENT=repeat_changed ignored
2026-04-02T01:18:37Z PLAYER_EVENT=play_request_id_changed → reset state to stopped (fresh play request, no preceding end_of_track)
2026-04-02T01:18:37Z PLAYER_EVENT=loading ignored
2026-04-02T01:18:38Z PLAYER_EVENT=track_changed ignored
2026-04-02T01:18:38Z PLAYER_EVENT=playing → notifying HA: librespot_playing
2026-04-02T01:19:01Z PLAYER_EVENT=paused → paused, debouncing (3s)
2026-04-02T01:19:04Z PLAYER_EVENT=paused → notifying HA: librespot_stopped (paused)
2026-04-02T01:19:58Z PLAYER_EVENT=play_request_id_changed → reset state to stopped (fresh play request, no preceding end_of_track)
2026-04-02T01:19:58Z PLAYER_EVENT=loading ignored
2026-04-02T01:19:59Z PLAYER_EVENT=track_changed ignored
2026-04-02T01:19:59Z PLAYER_EVENT=playing → notifying HA: librespot_playing
2026-04-02T01:23:12Z PLAYER_EVENT=preload_next ignored
2026-04-02T01:23:13Z PLAYER_EVENT=preloading ignored
2026-04-02T01:23:40Z PLAYER_EVENT=end_of_track → end_of_track (flagged for next play_request_id_changed)
2026-04-02T01:23:40Z PLAYER_EVENT=play_request_id_changed → play_request_id_changed after end_of_track (track skip, ignoring)
2026-04-02T01:23:40Z PLAYER_EVENT=track_changed ignored
2026-04-02T01:23:40Z PLAYER_EVENT=playing → track change (stream connected, skipping webhook)
2026-04-02T01:26:11Z PLAYER_EVENT=preload_next ignored
2026-04-02T01:26:12Z PLAYER_EVENT=preloading ignored
2026-04-02T01:26:39Z PLAYER_EVENT=end_of_track → end_of_track (flagged for next play_request_id_changed)
2026-04-02T01:26:39Z PLAYER_EVENT=play_request_id_changed → play_request_id_changed after end_of_track (track skip, ignoring)
2026-04-02T01:26:39Z PLAYER_EVENT=track_changed ignored
2026-04-02T01:26:39Z PLAYER_EVENT=playing → track change (stream connected, skipping webhook)
2026-04-02T01:29:20Z PLAYER_EVENT=preload_next ignored
2026-04-02T01:29:21Z PLAYER_EVENT=preloading ignored
2026-04-02T01:29:49Z PLAYER_EVENT=end_of_track → end_of_track (flagged for next play_request_id_changed)
2026-04-02T01:29:49Z PLAYER_EVENT=play_request_id_changed → play_request_id_changed after end_of_track (track skip, ignoring)
2026-04-02T01:29:49Z PLAYER_EVENT=track_changed ignored
2026-04-02T01:29:49Z PLAYER_EVENT=playing → track change (stream connected, skipping webhook)
2026-04-02T01:33:10Z PLAYER_EVENT=preload_next ignored
2026-04-02T01:33:11Z PLAYER_EVENT=preloading ignored
2026-04-02T01:33:31Z PLAYER_EVENT=play_request_id_changed → reset state to stopped (fresh play request, no preceding end_of_track)
2026-04-02T01:33:31Z PLAYER_EVENT=loading ignored
2026-04-02T01:33:32Z PLAYER_EVENT=track_changed ignored
2026-04-02T01:33:32Z PLAYER_EVENT=playing → notifying HA: librespot_playing
2026-04-02T01:33:53Z PLAYER_EVENT=play_request_id_changed → reset state to stopped (fresh play request, no preceding end_of_track)
2026-04-02T01:33:53Z PLAYER_EVENT=loading ignored
2026-04-02T01:33:54Z PLAYER_EVENT=track_changed ignored
2026-04-02T01:33:54Z PLAYER_EVENT=playing → notifying HA: librespot_playing
2026-04-02T01:34:14Z PLAYER_EVENT=play_request_id_changed → reset state to stopped (fresh play request, no preceding end_of_track)
2026-04-02T01:34:14Z PLAYER_EVENT=loading ignored
2026-04-02T01:34:15Z PLAYER_EVENT=track_changed ignored
2026-04-02T01:34:15Z PLAYER_EVENT=playing → notifying HA: librespot_playing
2026-04-02T01:37:03Z PLAYER_EVENT=paused → paused, debouncing (3s)
2026-04-02T01:37:06Z PLAYER_EVENT=paused → notifying HA: librespot_stopped (paused)
2026-04-02T01:37:06Z PLAYER_EVENT=session_disconnected → reset state to stopped (new session)
2026-04-02T01:37:06Z PLAYER_EVENT=session_connected → reset state to stopped (new session)
2026-04-02T01:37:06Z PLAYER_EVENT=session_client_changed ignored
2026-04-02T01:37:06Z PLAYER_EVENT=volume_changed ignored
2026-04-02T01:37:06Z PLAYER_EVENT=auto_play_changed ignored
2026-04-02T01:37:06Z PLAYER_EVENT=filter_explicit_content_changed ignored
2026-04-02T01:37:06Z PLAYER_EVENT=shuffle_changed ignored
2026-04-02T01:37:06Z PLAYER_EVENT=repeat_changed ignored
2026-04-02T01:37:06Z PLAYER_EVENT=play_request_id_changed → reset state to stopped (fresh play request, no preceding end_of_track)
2026-04-02T01:37:06Z PLAYER_EVENT=track_changed ignored
2026-04-02T01:37:06Z PLAYER_EVENT=playing → notifying HA: librespot_playing
2026-04-02T01:37:07Z PLAYER_EVENT=paused → paused, debouncing (3s)
2026-04-02T01:37:10Z PLAYER_EVENT=paused → notifying HA: librespot_stopped (paused)
2026-04-02T01:37:40Z PLAYER_EVENT=session_disconnected → reset state to stopped (new session)
2026-04-02T01:37:40Z PLAYER_EVENT=stopped → stopped, debouncing (5s)
2026-04-02T01:37:45Z PLAYER_EVENT=stopped → notifying HA: librespot_stopped
2026-04-02T01:37:45Z PLAYER_EVENT=session_connected → reset state to stopped (new session)
2026-04-02T01:37:45Z PLAYER_EVENT=session_client_changed ignored
2026-04-02T01:37:45Z PLAYER_EVENT=volume_changed ignored
2026-04-02T01:37:45Z PLAYER_EVENT=auto_play_changed ignored
2026-04-02T01:37:45Z PLAYER_EVENT=filter_explicit_content_changed ignored
2026-04-02T01:37:45Z PLAYER_EVENT=shuffle_changed ignored
2026-04-02T01:37:45Z PLAYER_EVENT=repeat_changed ignored
2026-04-02T01:37:45Z PLAYER_EVENT=play_request_id_changed → reset state to stopped (fresh play request, no preceding end_of_track)
2026-04-02T01:37:45Z PLAYER_EVENT=loading ignored
2026-04-02T01:37:45Z PLAYER_EVENT=track_changed ignored
2026-04-02T01:37:45Z PLAYER_EVENT=playing → notifying HA: librespot_playing
2026-04-02T01:37:59Z PLAYER_EVENT=volume_changed ignored
2026-04-02T01:38:00Z PLAYER_EVENT=volume_changed ignored
2026-04-02T01:38:00Z PLAYER_EVENT=volume_changed ignored
2026-04-02T01:38:01Z PLAYER_EVENT=volume_changed ignored
2026-04-02T01:38:01Z PLAYER_EVENT=volume_changed ignored
2026-04-02T01:38:01Z PLAYER_EVENT=volume_changed ignored
2026-04-02T01:40:16Z PLAYER_EVENT=preload_next ignored
2026-04-02T01:40:45Z PLAYER_EVENT=end_of_track → end_of_track (flagged for next play_request_id_changed)
2026-04-02T01:40:45Z PLAYER_EVENT=play_request_id_changed → play_request_id_changed after end_of_track (track skip, ignoring)
2026-04-02T01:40:45Z PLAYER_EVENT=loading ignored
2026-04-02T01:40:46Z PLAYER_EVENT=track_changed ignored
2026-04-02T01:40:46Z PLAYER_EVENT=playing → track change (stream connected, skipping webhook)
2026-04-02T01:41:37Z PLAYER_EVENT=volume_changed ignored
2026-04-02T01:41:37Z PLAYER_EVENT=volume_changed ignored
2026-04-02T01:41:37Z PLAYER_EVENT=volume_changed ignored
2026-04-02T01:41:38Z PLAYER_EVENT=volume_changed ignored
2026-04-02T01:41:38Z PLAYER_EVENT=volume_changed ignored
2026-04-02T01:41:39Z PLAYER_EVENT=volume_changed ignored
2026-04-02T01:41:39Z PLAYER_EVENT=volume_changed ignored
2026-04-02T01:42:53Z PLAYER_EVENT=preload_next ignored
2026-04-02T01:42:55Z PLAYER_EVENT=preloading ignored
2026-04-02T01:43:17Z PLAYER_EVENT=paused → paused, debouncing (3s)
2026-04-02T01:43:20Z PLAYER_EVENT=paused → notifying HA: librespot_stopped (paused)
2026-04-02T01:51:39Z PLAYER_EVENT=play_request_id_changed → reset state to stopped (fresh play request, no preceding end_of_track)
2026-04-02T01:51:39Z PLAYER_EVENT=loading ignored
2026-04-02T01:51:40Z PLAYER_EVENT=track_changed ignored
2026-04-02T01:51:40Z PLAYER_EVENT=playing → notifying HA: librespot_playing
2026-04-02T01:51:40Z PLAYER_EVENT=paused → paused, debouncing (3s)
2026-04-02T01:51:43Z PLAYER_EVENT=paused → notifying HA: librespot_stopped (paused)
2026-04-02T01:52:35Z PLAYER_EVENT=session_disconnected → reset state to stopped (new session)
2026-04-02T01:52:47Z PLAYER_EVENT=session_connected → reset state to stopped (new session)
2026-04-02T01:52:47Z PLAYER_EVENT=session_client_changed ignored
2026-04-02T01:52:47Z PLAYER_EVENT=volume_changed ignored
2026-04-02T01:52:47Z PLAYER_EVENT=auto_play_changed ignored
2026-04-02T01:52:47Z PLAYER_EVENT=filter_explicit_content_changed ignored
2026-04-02T01:52:47Z PLAYER_EVENT=shuffle_changed ignored
2026-04-02T01:52:47Z PLAYER_EVENT=repeat_changed ignored
2026-04-02T01:52:47Z PLAYER_EVENT=play_request_id_changed → reset state to stopped (fresh play request, no preceding end_of_track)
2026-04-02T01:52:47Z PLAYER_EVENT=loading ignored
2026-04-02T01:52:48Z PLAYER_EVENT=track_changed ignored
2026-04-02T01:52:48Z PLAYER_EVENT=paused → paused, debouncing (3s)
2026-04-02T01:52:51Z PLAYER_EVENT=paused → notifying HA: librespot_stopped (paused)
2026-04-02T01:55:47Z PLAYER_EVENT=playing → notifying HA: librespot_playing
2026-04-02T01:55:58Z PLAYER_EVENT=paused → paused, debouncing (3s)
2026-04-02T01:56:02Z PLAYER_EVENT=paused → notifying HA: librespot_stopped (paused)
2026-04-02T01:57:01Z PLAYER_EVENT=play_request_id_changed → reset state to stopped (fresh play request, no preceding end_of_track)
2026-04-02T01:57:01Z PLAYER_EVENT=loading ignored
2026-04-02T01:57:02Z PLAYER_EVENT=track_changed ignored
2026-04-02T01:57:02Z PLAYER_EVENT=playing → notifying HA: librespot_playing
2026-04-02T02:00:15Z PLAYER_EVENT=preload_next ignored
2026-04-02T02:00:16Z PLAYER_EVENT=preloading ignored
2026-04-02T02:00:44Z PLAYER_EVENT=end_of_track → end_of_track (flagged for next play_request_id_changed)
2026-04-02T02:00:44Z PLAYER_EVENT=play_request_id_changed → play_request_id_changed after end_of_track (track skip, ignoring)
2026-04-02T02:00:44Z PLAYER_EVENT=track_changed ignored
2026-04-02T02:00:44Z PLAYER_EVENT=playing → track change (stream connected, skipping webhook)
2026-04-02T02:04:08Z PLAYER_EVENT=session_connected → reset state to stopped (new session)
2026-04-02T02:04:08Z PLAYER_EVENT=session_client_changed ignored
2026-04-02T02:04:08Z PLAYER_EVENT=volume_changed ignored
2026-04-02T02:04:08Z PLAYER_EVENT=auto_play_changed ignored
2026-04-02T02:04:08Z PLAYER_EVENT=filter_explicit_content_changed ignored
2026-04-02T02:04:08Z PLAYER_EVENT=shuffle_changed ignored
2026-04-02T02:04:08Z PLAYER_EVENT=repeat_changed ignored
2026-04-02T02:04:08Z PLAYER_EVENT=play_request_id_changed → reset state to stopped (fresh play request, no preceding end_of_track)
2026-04-02T02:04:08Z PLAYER_EVENT=loading ignored
2026-04-02T02:04:09Z PLAYER_EVENT=track_changed ignored
2026-04-02T02:04:09Z PLAYER_EVENT=playing → notifying HA: librespot_playing
2026-04-02T02:04:09Z PLAYER_EVENT=paused → paused, debouncing (3s)
2026-04-02T02:04:12Z PLAYER_EVENT=paused → notifying HA: librespot_stopped (paused)
2026-04-02T02:04:42Z PLAYER_EVENT=play_request_id_changed → reset state to stopped (fresh play request, no preceding end_of_track)
2026-04-02T02:04:42Z PLAYER_EVENT=track_changed ignored
2026-04-02T02:04:42Z PLAYER_EVENT=playing → notifying HA: librespot_playing
2026-04-02T02:04:42Z PLAYER_EVENT=paused → paused, debouncing (3s)
2026-04-02T02:04:45Z PLAYER_EVENT=paused → notifying HA: librespot_stopped (paused)
2026-04-02T02:07:30Z PLAYER_EVENT=session_connected → reset state to stopped (new session)
2026-04-02T02:07:30Z PLAYER_EVENT=session_client_changed ignored
2026-04-02T02:07:30Z PLAYER_EVENT=volume_changed ignored
2026-04-02T02:07:30Z PLAYER_EVENT=auto_play_changed ignored
2026-04-02T02:07:30Z PLAYER_EVENT=filter_explicit_content_changed ignored
2026-04-02T02:07:30Z PLAYER_EVENT=shuffle_changed ignored
2026-04-02T02:07:30Z PLAYER_EVENT=repeat_changed ignored
2026-04-02T02:07:30Z PLAYER_EVENT=play_request_id_changed → reset state to stopped (fresh play request, no preceding end_of_track)
2026-04-02T02:07:30Z PLAYER_EVENT=loading ignored
2026-04-02T02:07:31Z PLAYER_EVENT=track_changed ignored
2026-04-02T02:07:31Z PLAYER_EVENT=playing → notifying HA: librespot_playing
2026-04-02T02:07:31Z PLAYER_EVENT=paused → paused, debouncing (3s)
2026-04-02T02:07:34Z PLAYER_EVENT=paused → notifying HA: librespot_stopped (paused)
2026-04-02T02:13:32Z PLAYER_EVENT=session_connected → reset state to stopped (new session)
2026-04-02T02:13:32Z PLAYER_EVENT=session_client_changed ignored
2026-04-02T02:13:32Z PLAYER_EVENT=volume_changed ignored
2026-04-02T02:13:32Z PLAYER_EVENT=auto_play_changed ignored
2026-04-02T02:13:32Z PLAYER_EVENT=filter_explicit_content_changed ignored
2026-04-02T02:13:32Z PLAYER_EVENT=shuffle_changed ignored
2026-04-02T02:13:32Z PLAYER_EVENT=repeat_changed ignored
2026-04-02T02:13:32Z PLAYER_EVENT=play_request_id_changed → reset state to stopped (fresh play request, no preceding end_of_track)
2026-04-02T02:13:32Z PLAYER_EVENT=loading ignored
2026-04-02T02:13:33Z PLAYER_EVENT=track_changed ignored
2026-04-02T02:13:33Z PLAYER_EVENT=playing → notifying HA: librespot_playing
2026-04-02T02:13:33Z PLAYER_EVENT=paused → paused, debouncing (3s)
2026-04-02T02:13:36Z PLAYER_EVENT=paused → notifying HA: librespot_stopped (paused)
2026-04-02T02:14:33Z PLAYER_EVENT=play_request_id_changed → reset state to stopped (fresh play request, no preceding end_of_track)
2026-04-02T02:14:33Z PLAYER_EVENT=loading ignored
2026-04-02T02:14:34Z PLAYER_EVENT=track_changed ignored
2026-04-02T02:14:34Z PLAYER_EVENT=playing → notifying HA: librespot_playing
2026-04-02T02:14:34Z PLAYER_EVENT=paused → paused, debouncing (3s)
2026-04-02T02:14:37Z PLAYER_EVENT=paused → notifying HA: librespot_stopped (paused)
2026-04-02T02:14:50Z PLAYER_EVENT=playing → notifying HA: librespot_playing
2026-04-02T02:14:50Z PLAYER_EVENT=paused → paused, debouncing (3s)
2026-04-02T02:14:53Z PLAYER_EVENT=paused → notifying HA: librespot_stopped (paused)
2026-04-02T02:14:53Z PLAYER_EVENT=play_request_id_changed → reset state to stopped (fresh play request, no preceding end_of_track)
2026-04-02T02:14:53Z PLAYER_EVENT=loading ignored
2026-04-02T02:14:54Z PLAYER_EVENT=track_changed ignored
2026-04-02T02:14:54Z PLAYER_EVENT=paused → paused, debouncing (3s)
2026-04-02T02:14:57Z PLAYER_EVENT=paused → notifying HA: librespot_stopped (paused)
2026-04-02T02:18:25Z PLAYER_EVENT=session_connected → reset state to stopped (new session)
2026-04-02T02:18:25Z PLAYER_EVENT=session_client_changed ignored
2026-04-02T02:18:25Z PLAYER_EVENT=volume_changed ignored
2026-04-02T02:18:25Z PLAYER_EVENT=auto_play_changed ignored
2026-04-02T02:18:25Z PLAYER_EVENT=filter_explicit_content_changed ignored
2026-04-02T02:18:25Z PLAYER_EVENT=shuffle_changed ignored
2026-04-02T02:18:25Z PLAYER_EVENT=repeat_changed ignored
2026-04-02T02:18:25Z PLAYER_EVENT=play_request_id_changed → reset state to stopped (fresh play request, no preceding end_of_track)
2026-04-02T02:18:25Z PLAYER_EVENT=loading ignored
2026-04-02T02:18:26Z PLAYER_EVENT=track_changed ignored
2026-04-02T02:18:26Z PLAYER_EVENT=playing → notifying HA: librespot_playing
2026-04-02T02:18:26Z PLAYER_EVENT=paused → paused, debouncing (3s)
2026-04-02T02:18:29Z PLAYER_EVENT=paused → notifying HA: librespot_stopped (paused)
2026-04-02T02:19:56Z PLAYER_EVENT=play_request_id_changed → reset state to stopped (fresh play request, no preceding end_of_track)
2026-04-02T02:19:57Z PLAYER_EVENT=track_changed ignored
2026-04-02T02:19:57Z PLAYER_EVENT=playing → notifying HA: librespot_playing
2026-04-02T02:19:57Z PLAYER_EVENT=paused → paused, debouncing (3s)
2026-04-02T02:20:00Z PLAYER_EVENT=paused → notifying HA: librespot_stopped (paused)
2026-04-02T02:20:46Z PLAYER_EVENT=session_connected → reset state to stopped (new session)
2026-04-02T02:20:46Z PLAYER_EVENT=session_client_changed ignored
2026-04-02T02:20:46Z PLAYER_EVENT=volume_changed ignored
2026-04-02T02:20:46Z PLAYER_EVENT=auto_play_changed ignored
2026-04-02T02:20:46Z PLAYER_EVENT=filter_explicit_content_changed ignored
2026-04-02T02:20:46Z PLAYER_EVENT=shuffle_changed ignored
2026-04-02T02:20:46Z PLAYER_EVENT=repeat_changed ignored
2026-04-02T02:20:46Z PLAYER_EVENT=play_request_id_changed → reset state to stopped (fresh play request, no preceding end_of_track)
2026-04-02T02:20:46Z PLAYER_EVENT=loading ignored
2026-04-02T02:20:47Z PLAYER_EVENT=track_changed ignored
2026-04-02T02:20:47Z PLAYER_EVENT=playing → notifying HA: librespot_playing
2026-04-02T02:20:47Z PLAYER_EVENT=paused → paused, debouncing (3s)
2026-04-02T02:20:50Z PLAYER_EVENT=paused → notifying HA: librespot_stopped (paused)
2026-04-02T02:32:53Z PLAYER_EVENT=session_connected → reset state to stopped (new session)
2026-04-02T02:32:53Z PLAYER_EVENT=session_client_changed ignored
2026-04-02T02:32:53Z PLAYER_EVENT=volume_changed ignored
2026-04-02T02:32:53Z PLAYER_EVENT=auto_play_changed ignored
2026-04-02T02:32:53Z PLAYER_EVENT=filter_explicit_content_changed ignored
2026-04-02T02:32:53Z PLAYER_EVENT=shuffle_changed ignored
2026-04-02T02:32:53Z PLAYER_EVENT=repeat_changed ignored
2026-04-02T02:32:54Z PLAYER_EVENT=play_request_id_changed → reset state to stopped (fresh play request, no preceding end_of_track)
2026-04-02T02:32:54Z PLAYER_EVENT=loading ignored
2026-04-02T02:32:54Z PLAYER_EVENT=track_changed ignored
2026-04-02T02:32:54Z PLAYER_EVENT=playing → notifying HA: librespot_playing
2026-04-02T02:32:54Z PLAYER_EVENT=paused → paused, debouncing (3s)
2026-04-02T02:32:58Z PLAYER_EVENT=paused → notifying HA: librespot_stopped (paused)
2026-04-02T02:33:46Z PLAYER_EVENT=session_connected → reset state to stopped (new session)
2026-04-02T02:33:46Z PLAYER_EVENT=session_client_changed ignored
2026-04-02T02:33:46Z PLAYER_EVENT=volume_changed ignored
2026-04-02T02:33:46Z PLAYER_EVENT=auto_play_changed ignored
2026-04-02T02:33:46Z PLAYER_EVENT=filter_explicit_content_changed ignored
2026-04-02T02:33:46Z PLAYER_EVENT=shuffle_changed ignored
2026-04-02T02:33:46Z PLAYER_EVENT=repeat_changed ignored
2026-04-02T02:33:46Z PLAYER_EVENT=play_request_id_changed → reset state to stopped (fresh play request, no preceding end_of_track)
2026-04-02T02:33:46Z PLAYER_EVENT=loading ignored
2026-04-02T02:33:47Z PLAYER_EVENT=track_changed ignored
2026-04-02T02:33:47Z PLAYER_EVENT=playing → notifying HA: librespot_playing
2026-04-02T02:33:47Z PLAYER_EVENT=paused → paused, debouncing (3s)
2026-04-02T02:33:50Z PLAYER_EVENT=paused → notifying HA: librespot_stopped (paused)
2026-04-02T02:34:49Z PLAYER_EVENT=session_disconnected → reset state to stopped (new session)
2026-04-02T02:34:49Z PLAYER_EVENT=stopped → stopped, debouncing (5s)
2026-04-02T02:34:54Z PLAYER_EVENT=stopped → notifying HA: librespot_stopped
2026-04-02T02:34:54Z PLAYER_EVENT=session_connected → reset state to stopped (new session)
2026-04-02T02:34:54Z PLAYER_EVENT=session_client_changed ignored
2026-04-02T02:34:54Z PLAYER_EVENT=volume_changed ignored
2026-04-02T02:34:54Z PLAYER_EVENT=auto_play_changed ignored
2026-04-02T02:34:54Z PLAYER_EVENT=filter_explicit_content_changed ignored
2026-04-02T02:34:54Z PLAYER_EVENT=shuffle_changed ignored
2026-04-02T02:34:54Z PLAYER_EVENT=repeat_changed ignored
2026-04-02T02:34:54Z PLAYER_EVENT=play_request_id_changed → reset state to stopped (fresh play request, no preceding end_of_track)
2026-04-02T02:34:54Z PLAYER_EVENT=loading ignored
2026-04-02T02:34:54Z PLAYER_EVENT=track_changed ignored
2026-04-02T02:34:54Z PLAYER_EVENT=paused → paused, debouncing (3s)
2026-04-02T02:34:57Z PLAYER_EVENT=paused → notifying HA: librespot_stopped (paused)
2026-04-02T02:35:00Z PLAYER_EVENT=playing → notifying HA: librespot_playing
2026-04-02T02:35:00Z PLAYER_EVENT=paused → paused, debouncing (3s)
2026-04-02T02:35:03Z PLAYER_EVENT=paused → notifying HA: librespot_stopped (paused)
2026-04-02T02:35:20Z PLAYER_EVENT=playing → notifying HA: librespot_playing
2026-04-02T02:35:20Z PLAYER_EVENT=paused → paused, debouncing (3s)
2026-04-02T02:35:23Z PLAYER_EVENT=paused → notifying HA: librespot_stopped (paused)
2026-04-02T02:35:23Z PLAYER_EVENT=playing → notifying HA: librespot_playing
2026-04-02T02:35:23Z PLAYER_EVENT=paused → paused, debouncing (3s)
2026-04-02T02:35:26Z PLAYER_EVENT=paused → notifying HA: librespot_stopped (paused)
2026-04-02T02:35:26Z PLAYER_EVENT=playing → notifying HA: librespot_playing
2026-04-02T02:35:26Z PLAYER_EVENT=paused → paused, debouncing (3s)
2026-04-02T02:35:29Z PLAYER_EVENT=paused → notifying HA: librespot_stopped (paused)
2026-04-02T02:35:29Z PLAYER_EVENT=play_request_id_changed → reset state to stopped (fresh play request, no preceding end_of_track)
2026-04-02T02:35:29Z PLAYER_EVENT=loading ignored
2026-04-02T02:35:29Z PLAYER_EVENT=track_changed ignored
2026-04-02T02:35:29Z PLAYER_EVENT=playing → notifying HA: librespot_playing
2026-04-02T02:35:29Z PLAYER_EVENT=paused → paused, debouncing (3s)
2026-04-02T02:35:32Z PLAYER_EVENT=paused → notifying HA: librespot_stopped (paused)
2026-04-02T02:35:51Z PLAYER_EVENT=play_request_id_changed → reset state to stopped (fresh play request, no preceding end_of_track)
2026-04-02T02:35:51Z PLAYER_EVENT=loading ignored
2026-04-02T02:35:52Z PLAYER_EVENT=track_changed ignored
2026-04-02T02:35:52Z PLAYER_EVENT=playing → notifying HA: librespot_playing
2026-04-02T02:35:52Z PLAYER_EVENT=paused → paused, debouncing (3s)
2026-04-02T02:35:55Z PLAYER_EVENT=paused → notifying HA: librespot_stopped (paused)
2026-04-02T02:36:16Z PLAYER_EVENT=play_request_id_changed → reset state to stopped (fresh play request, no preceding end_of_track)
2026-04-02T02:36:16Z PLAYER_EVENT=loading ignored
2026-04-02T02:36:17Z PLAYER_EVENT=track_changed ignored
2026-04-02T02:36:17Z PLAYER_EVENT=playing → notifying HA: librespot_playing
2026-04-02T02:36:17Z PLAYER_EVENT=paused → paused, debouncing (3s)
2026-04-02T02:36:20Z PLAYER_EVENT=paused → notifying HA: librespot_stopped (paused)
2026-04-02T02:36:20Z PLAYER_EVENT=play_request_id_changed → reset state to stopped (fresh play request, no preceding end_of_track)
2026-04-02T02:36:20Z PLAYER_EVENT=loading ignored
2026-04-02T02:36:20Z PLAYER_EVENT=track_changed ignored
2026-04-02T02:36:20Z PLAYER_EVENT=playing → notifying HA: librespot_playing
2026-04-02T02:36:20Z PLAYER_EVENT=paused → paused, debouncing (3s)
2026-04-02T02:36:23Z PLAYER_EVENT=paused → notifying HA: librespot_stopped (paused)
2026-04-02T02:36:33Z PLAYER_EVENT=playing → notifying HA: librespot_playing
2026-04-02T02:36:33Z PLAYER_EVENT=paused → paused, debouncing (3s)
2026-04-02T02:36:36Z PLAYER_EVENT=paused → notifying HA: librespot_stopped (paused)
2026-04-02T02:36:36Z PLAYER_EVENT=play_request_id_changed → reset state to stopped (fresh play request, no preceding end_of_track)
2026-04-02T02:36:36Z PLAYER_EVENT=loading ignored
2026-04-02T02:36:36Z PLAYER_EVENT=track_changed ignored
2026-04-02T02:36:36Z PLAYER_EVENT=paused → paused, debouncing (3s)
2026-04-02T02:36:39Z PLAYER_EVENT=paused → notifying HA: librespot_stopped (paused)
2026-04-02T02:36:50Z PLAYER_EVENT=playing → notifying HA: librespot_playing
2026-04-02T02:36:50Z PLAYER_EVENT=paused → paused, debouncing (3s)
2026-04-02T02:36:53Z PLAYER_EVENT=paused → notifying HA: librespot_stopped (paused)
2026-04-02T02:36:53Z PLAYER_EVENT=playing → notifying HA: librespot_playing
2026-04-02T02:36:53Z PLAYER_EVENT=paused → paused, debouncing (3s)
2026-04-02T02:36:56Z PLAYER_EVENT=paused → notifying HA: librespot_stopped (paused)
2026-04-02T02:36:56Z PLAYER_EVENT=playing → notifying HA: librespot_playing
2026-04-02T02:36:56Z PLAYER_EVENT=paused → paused, debouncing (3s)
2026-04-02T02:36:59Z PLAYER_EVENT=paused → notifying HA: librespot_stopped (paused)
2026-04-02T02:41:26Z PLAYER_EVENT=session_connected → reset state to stopped (new session)
2026-04-02T02:41:26Z PLAYER_EVENT=session_client_changed ignored
2026-04-02T02:41:26Z PLAYER_EVENT=volume_changed ignored
2026-04-02T02:41:26Z PLAYER_EVENT=auto_play_changed ignored
2026-04-02T02:41:26Z PLAYER_EVENT=filter_explicit_content_changed ignored
2026-04-02T02:41:26Z PLAYER_EVENT=shuffle_changed ignored
2026-04-02T02:41:26Z PLAYER_EVENT=repeat_changed ignored
2026-04-02T02:41:26Z PLAYER_EVENT=play_request_id_changed → reset state to stopped (fresh play request, no preceding end_of_track)
2026-04-02T02:41:26Z PLAYER_EVENT=loading ignored
2026-04-02T02:41:27Z PLAYER_EVENT=track_changed ignored
2026-04-02T02:41:27Z PLAYER_EVENT=paused → paused, debouncing (3s)
2026-04-02T02:41:30Z PLAYER_EVENT=paused → notifying HA: librespot_stopped (paused)
2026-04-02T02:41:30Z PLAYER_EVENT=playing → notifying HA: librespot_playing
2026-04-02T02:41:30Z PLAYER_EVENT=paused → paused, debouncing (3s)
2026-04-02T02:41:33Z PLAYER_EVENT=paused → notifying HA: librespot_stopped (paused)
2026-04-02T02:41:33Z PLAYER_EVENT=playing → notifying HA: librespot_playing
2026-04-02T02:41:33Z PLAYER_EVENT=paused → paused, debouncing (3s)
2026-04-02T02:41:36Z PLAYER_EVENT=paused → notifying HA: librespot_stopped (paused)
2026-04-02T21:04:09Z PLAYER_EVENT=session_connected → reset state to stopped (new session)
2026-04-02T21:04:09Z PLAYER_EVENT=session_client_changed ignored
2026-04-02T21:04:09Z PLAYER_EVENT=volume_changed ignored
2026-04-02T21:04:09Z PLAYER_EVENT=auto_play_changed ignored
2026-04-02T21:04:09Z PLAYER_EVENT=filter_explicit_content_changed ignored
2026-04-02T21:04:09Z PLAYER_EVENT=shuffle_changed ignored
2026-04-02T21:04:09Z PLAYER_EVENT=repeat_changed ignored
2026-04-02T21:04:09Z PLAYER_EVENT=play_request_id_changed → reset state to stopped (fresh play request, no preceding end_of_track)
2026-04-02T21:04:09Z PLAYER_EVENT=loading ignored
2026-04-02T21:04:10Z PLAYER_EVENT=track_changed ignored
2026-04-02T21:04:10Z PLAYER_EVENT=playing → notifying HA: librespot_playing
2026-04-02T21:04:10Z PLAYER_EVENT=paused → paused, debouncing (3s)
2026-04-02T21:04:13Z PLAYER_EVENT=paused → notifying HA: librespot_stopped (paused)
2026-04-02T22:05:34Z PLAYER_EVENT=session_connected → reset state to stopped (new session)
2026-04-02T22:05:34Z PLAYER_EVENT=session_client_changed ignored
2026-04-02T22:05:34Z PLAYER_EVENT=volume_changed ignored
2026-04-02T22:05:34Z PLAYER_EVENT=auto_play_changed ignored
2026-04-02T22:05:34Z PLAYER_EVENT=filter_explicit_content_changed ignored
2026-04-02T22:05:34Z PLAYER_EVENT=shuffle_changed ignored
2026-04-02T22:05:34Z PLAYER_EVENT=repeat_changed ignored
2026-04-02T22:05:34Z PLAYER_EVENT=play_request_id_changed → reset state to stopped (fresh play request, no preceding end_of_track)
2026-04-02T22:05:34Z PLAYER_EVENT=loading ignored
2026-04-02T22:05:35Z PLAYER_EVENT=track_changed ignored
2026-04-02T22:05:35Z PLAYER_EVENT=playing → notifying HA: librespot_playing
2026-04-02T22:05:35Z PLAYER_EVENT=paused → paused, debouncing (3s)
2026-04-02T22:05:38Z PLAYER_EVENT=paused → notifying HA: librespot_stopped (paused)
2026-04-02T22:05:41Z PLAYER_EVENT=playing → notifying HA: librespot_playing
2026-04-02T22:05:41Z PLAYER_EVENT=paused → paused, debouncing (3s)
2026-04-02T22:05:44Z PLAYER_EVENT=paused → notifying HA: librespot_stopped (paused)
2026-04-02T22:05:44Z PLAYER_EVENT=playing → notifying HA: librespot_playing
2026-04-02T22:05:44Z PLAYER_EVENT=paused → paused, debouncing (3s)
2026-04-02T22:05:47Z PLAYER_EVENT=paused → notifying HA: librespot_stopped (paused)
2026-04-02T22:05:47Z PLAYER_EVENT=playing → notifying HA: librespot_playing
2026-04-02T22:05:47Z PLAYER_EVENT=paused → paused, debouncing (3s)
2026-04-02T22:05:51Z PLAYER_EVENT=paused → notifying HA: librespot_stopped (paused)
2026-04-02T22:05:51Z PLAYER_EVENT=playing → notifying HA: librespot_playing
2026-04-02T22:05:51Z PLAYER_EVENT=paused → paused, debouncing (3s)
2026-04-02T22:06:09Z PLAYER_EVENT=session_connected → reset state to stopped (new session)
2026-04-02T22:06:09Z PLAYER_EVENT=session_client_changed ignored
2026-04-02T22:06:09Z PLAYER_EVENT=volume_changed ignored
2026-04-02T22:06:09Z PLAYER_EVENT=auto_play_changed ignored
2026-04-02T22:06:09Z PLAYER_EVENT=filter_explicit_content_changed ignored
2026-04-02T22:06:09Z PLAYER_EVENT=shuffle_changed ignored
2026-04-02T22:06:09Z PLAYER_EVENT=repeat_changed ignored
2026-04-02T22:06:09Z PLAYER_EVENT=play_request_id_changed → reset state to stopped (fresh play request, no preceding end_of_track)
2026-04-02T22:06:09Z PLAYER_EVENT=loading ignored
2026-04-02T22:06:09Z PLAYER_EVENT=track_changed ignored
2026-04-02T22:06:09Z PLAYER_EVENT=playing → notifying HA: librespot_playing
2026-04-02T22:06:09Z PLAYER_EVENT=paused → paused, debouncing (3s)
2026-04-02T22:06:12Z PLAYER_EVENT=paused → notifying HA: librespot_stopped (paused)
2026-04-02T22:06:13Z PLAYER_EVENT=playing → notifying HA: librespot_playing
2026-04-02T22:06:13Z PLAYER_EVENT=paused → paused, debouncing (3s)
2026-04-02T22:06:16Z PLAYER_EVENT=paused → notifying HA: librespot_stopped (paused)
2026-04-02T22:06:17Z PLAYER_EVENT=playing → notifying HA: librespot_playing
2026-04-02T22:06:17Z PLAYER_EVENT=paused → paused, debouncing (3s)
2026-04-02T22:06:20Z PLAYER_EVENT=paused → notifying HA: librespot_stopped (paused)
2026-04-02T22:06:20Z PLAYER_EVENT=seeked ignored
2026-04-02T23:22:35Z PLAYER_EVENT=session_connected → reset state to stopped (new session)
2026-04-02T23:22:36Z PLAYER_EVENT=session_client_changed ignored
2026-04-02T23:22:36Z PLAYER_EVENT=volume_changed ignored
2026-04-02T23:22:36Z PLAYER_EVENT=auto_play_changed ignored
2026-04-02T23:22:36Z PLAYER_EVENT=filter_explicit_content_changed ignored
2026-04-02T23:22:36Z PLAYER_EVENT=shuffle_changed ignored
2026-04-02T23:22:36Z PLAYER_EVENT=repeat_changed ignored
2026-04-02T23:22:36Z PLAYER_EVENT=play_request_id_changed → reset state to stopped (fresh play request, no preceding end_of_track)
2026-04-02T23:22:36Z PLAYER_EVENT=loading ignored
2026-04-02T23:22:36Z PLAYER_EVENT=track_changed ignored
2026-04-02T23:22:36Z PLAYER_EVENT=playing → notifying HA: librespot_playing
2026-04-02T23:22:36Z PLAYER_EVENT=paused → paused, debouncing (3s)
2026-04-02T23:22:40Z PLAYER_EVENT=paused → notifying HA: librespot_stopped (paused)
2026-04-02T23:22:41Z PLAYER_EVENT=playing → notifying HA: librespot_playing
2026-04-02T23:22:41Z PLAYER_EVENT=paused → paused, debouncing (3s)
2026-04-02T23:22:44Z PLAYER_EVENT=paused → notifying HA: librespot_stopped (paused)
2026-04-02T23:22:44Z PLAYER_EVENT=playing → notifying HA: librespot_playing
2026-04-02T23:22:45Z PLAYER_EVENT=paused → paused, debouncing (3s)
2026-04-02T23:22:48Z PLAYER_EVENT=paused → notifying HA: librespot_stopped (paused)
2026-04-02T23:22:48Z PLAYER_EVENT=playing → notifying HA: librespot_playing
2026-04-02T23:22:48Z PLAYER_EVENT=paused → paused, debouncing (3s)
2026-04-02T23:22:51Z PLAYER_EVENT=paused → notifying HA: librespot_stopped (paused)
2026-04-02T23:23:26Z PLAYER_EVENT=playing → notifying HA: librespot_playing
2026-04-02T23:23:26Z PLAYER_EVENT=paused → paused, debouncing (3s)
2026-04-02T23:23:29Z PLAYER_EVENT=paused → notifying HA: librespot_stopped (paused)
2026-04-02T23:25:10Z PLAYER_EVENT=session_connected → reset state to stopped (new session)
2026-04-02T23:25:10Z PLAYER_EVENT=session_client_changed ignored
2026-04-02T23:25:10Z PLAYER_EVENT=volume_changed ignored
2026-04-02T23:25:10Z PLAYER_EVENT=auto_play_changed ignored
2026-04-02T23:25:10Z PLAYER_EVENT=filter_explicit_content_changed ignored
2026-04-02T23:25:10Z PLAYER_EVENT=shuffle_changed ignored
2026-04-02T23:25:10Z PLAYER_EVENT=repeat_changed ignored
2026-04-02T23:25:10Z PLAYER_EVENT=play_request_id_changed → reset state to stopped (fresh play request, no preceding end_of_track)
2026-04-02T23:25:10Z PLAYER_EVENT=loading ignored
2026-04-02T23:25:11Z PLAYER_EVENT=track_changed ignored
2026-04-02T23:25:11Z PLAYER_EVENT=paused → paused, debouncing (3s)
2026-04-02T23:25:14Z PLAYER_EVENT=paused → notifying HA: librespot_stopped (paused)
2026-04-02T23:25:14Z PLAYER_EVENT=playing → notifying HA: librespot_playing
2026-04-02T23:25:14Z PLAYER_EVENT=paused → paused, debouncing (3s)
2026-04-02T23:25:18Z PLAYER_EVENT=paused → notifying HA: librespot_stopped (paused)
2026-04-02T23:25:18Z PLAYER_EVENT=playing → notifying HA: librespot_playing
2026-04-02T23:25:18Z PLAYER_EVENT=paused → paused, debouncing (3s)
2026-04-02T23:25:21Z PLAYER_EVENT=paused → notifying HA: librespot_stopped (paused)
2026-04-02T23:25:21Z PLAYER_EVENT=playing → notifying HA: librespot_playing
2026-04-02T23:25:21Z PLAYER_EVENT=paused → paused, debouncing (3s)
2026-04-02T23:25:24Z PLAYER_EVENT=paused → notifying HA: librespot_stopped (paused)
2026-04-02T23:25:24Z PLAYER_EVENT=playing → notifying HA: librespot_playing
2026-04-02T23:25:24Z PLAYER_EVENT=paused → paused, debouncing (3s)
2026-04-02T23:25:27Z PLAYER_EVENT=paused → notifying HA: librespot_stopped (paused)
2026-04-02T23:25:35Z PLAYER_EVENT=playing → notifying HA: librespot_playing
2026-04-02T23:25:35Z PLAYER_EVENT=paused → paused, debouncing (3s)
2026-04-02T23:25:38Z PLAYER_EVENT=paused → notifying HA: librespot_stopped (paused)
2026-04-02T23:25:38Z PLAYER_EVENT=playing → notifying HA: librespot_playing
2026-04-02T23:25:38Z PLAYER_EVENT=paused → paused, debouncing (3s)
2026-04-02T23:25:41Z PLAYER_EVENT=paused → notifying HA: librespot_stopped (paused)
2026-04-02T23:28:25Z PLAYER_EVENT=playing → notifying HA: librespot_playing
2026-04-02T23:28:25Z PLAYER_EVENT=paused → paused, debouncing (3s)
2026-04-02T23:28:28Z PLAYER_EVENT=paused → notifying HA: librespot_stopped (paused)
2026-04-02T23:28:28Z PLAYER_EVENT=playing → notifying HA: librespot_playing
2026-04-02T23:28:28Z PLAYER_EVENT=paused → paused, debouncing (3s)
2026-04-02T23:28:31Z PLAYER_EVENT=paused → notifying HA: librespot_stopped (paused)
2026-04-02T23:28:38Z PLAYER_EVENT=session_disconnected → reset state to stopped (new session)
2026-04-02T23:28:38Z PLAYER_EVENT=stopped → stopped, debouncing (5s)
2026-04-02T23:28:43Z PLAYER_EVENT=stopped → notifying HA: librespot_stopped
2026-04-02T23:28:55Z PLAYER_EVENT=session_disconnected → reset state to stopped (new session)
2026-04-02T23:29:02Z PLAYER_EVENT=session_connected → reset state to stopped (new session)
2026-04-02T23:29:02Z PLAYER_EVENT=session_client_changed ignored
2026-04-02T23:29:02Z PLAYER_EVENT=volume_changed ignored
2026-04-02T23:29:02Z PLAYER_EVENT=auto_play_changed ignored
2026-04-02T23:29:02Z PLAYER_EVENT=filter_explicit_content_changed ignored
2026-04-02T23:29:02Z PLAYER_EVENT=shuffle_changed ignored
2026-04-02T23:29:02Z PLAYER_EVENT=repeat_changed ignored
2026-04-02T23:29:02Z PLAYER_EVENT=play_request_id_changed → reset state to stopped (fresh play request, no preceding end_of_track)
2026-04-02T23:29:02Z PLAYER_EVENT=loading ignored
2026-04-02T23:29:04Z PLAYER_EVENT=track_changed ignored
2026-04-02T23:29:04Z PLAYER_EVENT=playing → notifying HA: librespot_playing
2026-04-02T23:29:04Z PLAYER_EVENT=paused → paused, debouncing (3s)
2026-04-02T23:29:07Z PLAYER_EVENT=paused → notifying HA: librespot_stopped (paused)
2026-04-02T23:29:07Z PLAYER_EVENT=playing → notifying HA: librespot_playing
2026-04-02T23:29:07Z PLAYER_EVENT=paused → paused, debouncing (3s)
2026-04-02T23:29:10Z PLAYER_EVENT=paused → notifying HA: librespot_stopped (paused)
2026-04-02T23:29:10Z PLAYER_EVENT=playing → notifying HA: librespot_playing
2026-04-02T23:29:10Z PLAYER_EVENT=paused → paused, debouncing (3s)
2026-04-02T23:29:13Z PLAYER_EVENT=paused → notifying HA: librespot_stopped (paused)
2026-04-02T23:29:13Z PLAYER_EVENT=session_disconnected → reset state to stopped (new session)
2026-04-02T23:29:13Z PLAYER_EVENT=stopped → stopped, debouncing (5s)
2026-04-02T23:29:18Z PLAYER_EVENT=stopped → notifying HA: librespot_stopped
2026-04-02T23:29:19Z PLAYER_EVENT=session_connected → reset state to stopped (new session)
2026-04-02T23:29:19Z PLAYER_EVENT=session_client_changed ignored
2026-04-02T23:29:19Z PLAYER_EVENT=volume_changed ignored
2026-04-02T23:29:19Z PLAYER_EVENT=auto_play_changed ignored
2026-04-02T23:29:19Z PLAYER_EVENT=filter_explicit_content_changed ignored
2026-04-02T23:29:19Z PLAYER_EVENT=shuffle_changed ignored
2026-04-02T23:29:19Z PLAYER_EVENT=repeat_changed ignored
2026-04-02T23:29:19Z PLAYER_EVENT=play_request_id_changed → reset state to stopped (fresh play request, no preceding end_of_track)
2026-04-02T23:29:19Z PLAYER_EVENT=loading ignored
2026-04-02T23:29:19Z PLAYER_EVENT=track_changed ignored
2026-04-02T23:29:19Z PLAYER_EVENT=playing → notifying HA: librespot_playing
2026-04-02T23:29:19Z PLAYER_EVENT=paused → paused, debouncing (3s)
2026-04-02T23:29:22Z PLAYER_EVENT=paused → notifying HA: librespot_stopped (paused)
2026-04-02T23:29:22Z PLAYER_EVENT=playing → notifying HA: librespot_playing
2026-04-02T23:29:22Z PLAYER_EVENT=paused → paused, debouncing (3s)
2026-04-02T23:29:25Z PLAYER_EVENT=paused → notifying HA: librespot_stopped (paused)
2026-04-02T23:39:27Z PLAYER_EVENT=session_disconnected → reset state to stopped (new session)
2026-04-02T23:39:27Z PLAYER_EVENT=stopped → stopped, debouncing (5s)
2026-04-02T23:39:32Z PLAYER_EVENT=stopped → notifying HA: librespot_stopped
2026-04-02T23:49:09Z PLAYER_EVENT=session_connected → reset state to stopped (new session)
2026-04-02T23:49:09Z PLAYER_EVENT=session_client_changed ignored
2026-04-02T23:49:09Z PLAYER_EVENT=volume_changed ignored
2026-04-02T23:49:09Z PLAYER_EVENT=auto_play_changed ignored
2026-04-02T23:49:09Z PLAYER_EVENT=filter_explicit_content_changed ignored
2026-04-02T23:49:09Z PLAYER_EVENT=shuffle_changed ignored
2026-04-02T23:49:09Z PLAYER_EVENT=repeat_changed ignored
2026-04-02T23:49:09Z PLAYER_EVENT=play_request_id_changed → reset state to stopped (fresh play request, no preceding end_of_track)
2026-04-02T23:49:09Z PLAYER_EVENT=loading ignored
2026-04-02T23:49:10Z PLAYER_EVENT=track_changed ignored
2026-04-02T23:49:10Z PLAYER_EVENT=playing → notifying HA: librespot_playing
2026-04-02T23:49:27Z PLAYER_EVENT=paused → paused, debouncing (3s)
2026-04-02T23:49:30Z PLAYER_EVENT=paused → notifying HA: librespot_stopped (paused)
2026-04-02T23:49:58Z PLAYER_EVENT=play_request_id_changed → reset state to stopped (fresh play request, no preceding end_of_track)
2026-04-02T23:49:58Z PLAYER_EVENT=loading ignored
2026-04-02T23:49:59Z PLAYER_EVENT=track_changed ignored
2026-04-02T23:49:59Z PLAYER_EVENT=playing → notifying HA: librespot_playing
2026-04-02T23:50:00Z PLAYER_EVENT=paused → paused, debouncing (3s)
2026-04-02T23:50:03Z PLAYER_EVENT=paused → notifying HA: librespot_stopped (paused)
2026-04-02T23:50:44Z PLAYER_EVENT=play_request_id_changed → reset state to stopped (fresh play request, no preceding end_of_track)
2026-04-02T23:50:44Z PLAYER_EVENT=loading ignored
2026-04-02T23:50:45Z PLAYER_EVENT=track_changed ignored
2026-04-02T23:50:45Z PLAYER_EVENT=playing → notifying HA: librespot_playing
2026-04-02T23:50:45Z PLAYER_EVENT=paused → paused, debouncing (3s)
2026-04-02T23:50:48Z PLAYER_EVENT=paused → notifying HA: librespot_stopped (paused)
2026-04-02T23:57:04Z PLAYER_EVENT=session_connected → reset state to stopped (new session)
2026-04-02T23:57:04Z PLAYER_EVENT=session_client_changed ignored
2026-04-02T23:57:04Z PLAYER_EVENT=volume_changed ignored
2026-04-02T23:57:04Z PLAYER_EVENT=auto_play_changed ignored
2026-04-02T23:57:04Z PLAYER_EVENT=filter_explicit_content_changed ignored
2026-04-02T23:57:04Z PLAYER_EVENT=shuffle_changed ignored
2026-04-02T23:57:04Z PLAYER_EVENT=repeat_changed ignored
2026-04-02T23:57:04Z PLAYER_EVENT=play_request_id_changed → reset state to stopped (fresh play request, no preceding end_of_track)
2026-04-02T23:57:04Z PLAYER_EVENT=loading ignored
2026-04-02T23:57:05Z PLAYER_EVENT=track_changed ignored
2026-04-02T23:57:05Z PLAYER_EVENT=playing → notifying HA: librespot_playing
2026-04-02T23:57:27Z PLAYER_EVENT=play_request_id_changed → reset state to stopped (fresh play request, no preceding end_of_track)
2026-04-02T23:57:27Z PLAYER_EVENT=loading ignored
2026-04-02T23:57:28Z PLAYER_EVENT=track_changed ignored
2026-04-02T23:57:28Z PLAYER_EVENT=playing → notifying HA: librespot_playing
2026-04-03T00:00:03Z PLAYER_EVENT=play_request_id_changed → reset state to stopped (fresh play request, no preceding end_of_track)
2026-04-03T00:00:03Z PLAYER_EVENT=loading ignored
2026-04-03T00:00:05Z PLAYER_EVENT=track_changed ignored
2026-04-03T00:00:05Z PLAYER_EVENT=playing → notifying HA: librespot_playing
2026-04-03T00:03:17Z PLAYER_EVENT=preload_next ignored
2026-04-03T00:03:20Z PLAYER_EVENT=preloading ignored
2026-04-03T00:03:45Z PLAYER_EVENT=end_of_track → end_of_track (flagged for next play_request_id_changed)
2026-04-03T00:03:45Z PLAYER_EVENT=play_request_id_changed → play_request_id_changed after end_of_track (track skip, ignoring)
2026-04-03T00:03:45Z PLAYER_EVENT=track_changed ignored
2026-04-03T00:03:45Z PLAYER_EVENT=playing → track change (stream connected, skipping webhook)
2026-04-03T00:06:16Z PLAYER_EVENT=preload_next ignored
2026-04-03T00:06:18Z PLAYER_EVENT=preloading ignored
2026-04-03T00:06:44Z PLAYER_EVENT=end_of_track → end_of_track (flagged for next play_request_id_changed)
2026-04-03T00:06:44Z PLAYER_EVENT=play_request_id_changed → play_request_id_changed after end_of_track (track skip, ignoring)
2026-04-03T00:06:44Z PLAYER_EVENT=track_changed ignored
2026-04-03T00:06:44Z PLAYER_EVENT=playing → track change (stream connected, skipping webhook)
2026-04-03T00:07:22Z PLAYER_EVENT=play_request_id_changed → reset state to stopped (fresh play request, no preceding end_of_track)
2026-04-03T00:07:22Z PLAYER_EVENT=loading ignored
2026-04-03T00:07:22Z PLAYER_EVENT=track_changed ignored
2026-04-03T00:07:22Z PLAYER_EVENT=playing → notifying HA: librespot_playing
2026-04-03T00:09:34Z PLAYER_EVENT=play_request_id_changed → reset state to stopped (fresh play request, no preceding end_of_track)
2026-04-03T00:09:34Z PLAYER_EVENT=loading ignored
2026-04-03T00:09:36Z PLAYER_EVENT=track_changed ignored
2026-04-03T00:09:36Z PLAYER_EVENT=playing → notifying HA: librespot_playing
2026-04-03T00:10:00Z PLAYER_EVENT=play_request_id_changed → reset state to stopped (fresh play request, no preceding end_of_track)
2026-04-03T00:10:00Z PLAYER_EVENT=loading ignored
2026-04-03T00:10:00Z PLAYER_EVENT=track_changed ignored
2026-04-03T00:10:00Z PLAYER_EVENT=playing → notifying HA: librespot_playing
2026-04-03T00:10:14Z PLAYER_EVENT=shuffle_changed ignored
2026-04-03T00:10:21Z PLAYER_EVENT=paused → paused, debouncing (3s)
2026-04-03T00:10:24Z PLAYER_EVENT=paused → notifying HA: librespot_stopped (paused)
2026-04-03T00:10:38Z PLAYER_EVENT=play_request_id_changed → reset state to stopped (fresh play request, no preceding end_of_track)
2026-04-03T00:10:38Z PLAYER_EVENT=loading ignored
2026-04-03T00:10:39Z PLAYER_EVENT=track_changed ignored
2026-04-03T00:10:39Z PLAYER_EVENT=playing → notifying HA: librespot_playing
2026-04-03T00:11:29Z PLAYER_EVENT=paused → paused, debouncing (3s)
2026-04-03T00:11:32Z PLAYER_EVENT=paused → notifying HA: librespot_stopped (paused)
2026-04-03T00:12:13Z PLAYER_EVENT=play_request_id_changed → reset state to stopped (fresh play request, no preceding end_of_track)
2026-04-03T00:12:13Z PLAYER_EVENT=track_changed ignored
2026-04-03T00:12:13Z PLAYER_EVENT=playing → notifying HA: librespot_playing
2026-04-03T00:15:26Z PLAYER_EVENT=preload_next ignored
2026-04-03T00:15:29Z PLAYER_EVENT=preloading ignored
2026-04-03T00:15:55Z PLAYER_EVENT=end_of_track → end_of_track (flagged for next play_request_id_changed)
2026-04-03T00:15:55Z PLAYER_EVENT=play_request_id_changed → play_request_id_changed after end_of_track (track skip, ignoring)
2026-04-03T00:15:55Z PLAYER_EVENT=track_changed ignored
2026-04-03T00:15:55Z PLAYER_EVENT=playing → track change (stream connected, skipping webhook)
2026-04-03T00:15:57Z PLAYER_EVENT=play_request_id_changed → reset state to stopped (fresh play request, no preceding end_of_track)
2026-04-03T00:15:57Z PLAYER_EVENT=loading ignored
2026-04-03T00:15:58Z PLAYER_EVENT=track_changed ignored
2026-04-03T00:15:58Z PLAYER_EVENT=playing → notifying HA: librespot_playing
2026-04-03T00:16:09Z PLAYER_EVENT=play_request_id_changed → reset state to stopped (fresh play request, no preceding end_of_track)
2026-04-03T00:16:09Z PLAYER_EVENT=loading ignored
2026-04-03T00:16:10Z PLAYER_EVENT=track_changed ignored
2026-04-03T00:16:10Z PLAYER_EVENT=playing → notifying HA: librespot_playing
2026-04-03T00:16:41Z PLAYER_EVENT=paused → paused, debouncing (3s)
2026-04-03T00:16:44Z PLAYER_EVENT=paused → notifying HA: librespot_stopped (paused)
2026-04-03T01:14:33Z PLAYER_EVENT=session_disconnected → reset state to stopped (new session)
2026-04-03T01:14:33Z PLAYER_EVENT=stopped → stopped, debouncing (5s)
2026-04-03T01:14:38Z PLAYER_EVENT=stopped → notifying HA: librespot_stopped
2026-04-11T00:40:32Z PLAYER_EVENT=session_connected → reset state to stopped (new session)
2026-04-11T00:40:32Z PLAYER_EVENT=session_client_changed ignored
2026-04-11T00:40:32Z PLAYER_EVENT=volume_changed ignored
2026-04-11T00:40:32Z PLAYER_EVENT=auto_play_changed ignored
2026-04-11T00:40:32Z PLAYER_EVENT=filter_explicit_content_changed ignored
2026-04-11T00:40:32Z PLAYER_EVENT=shuffle_changed ignored
2026-04-11T00:40:32Z PLAYER_EVENT=repeat_changed ignored
2026-04-11T00:40:33Z PLAYER_EVENT=play_request_id_changed → reset state to stopped (fresh play request, no preceding end_of_track)
2026-04-11T00:40:33Z PLAYER_EVENT=loading ignored
2026-04-11T00:40:34Z PLAYER_EVENT=track_changed ignored
2026-04-11T00:40:34Z PLAYER_EVENT=playing → notifying HA: librespot_playing
2026-04-11T00:41:03Z PLAYER_EVENT=play_request_id_changed → reset state to stopped (fresh play request, no preceding end_of_track)
2026-04-11T00:41:03Z PLAYER_EVENT=loading ignored
2026-04-11T00:41:04Z PLAYER_EVENT=track_changed ignored
2026-04-11T00:41:04Z PLAYER_EVENT=playing → notifying HA: librespot_playing
2026-04-11T00:45:10Z PLAYER_EVENT=preload_next ignored
2026-04-11T00:45:12Z PLAYER_EVENT=preloading ignored
2026-04-11T00:45:39Z PLAYER_EVENT=end_of_track → end_of_track (flagged for next play_request_id_changed)
2026-04-11T00:45:39Z PLAYER_EVENT=play_request_id_changed → play_request_id_changed after end_of_track (track skip, ignoring)
2026-04-11T00:45:39Z PLAYER_EVENT=track_changed ignored
2026-04-11T00:45:39Z PLAYER_EVENT=playing → track change (stream connected, skipping webhook)
2026-04-11T00:45:46Z PLAYER_EVENT=paused → paused, debouncing (3s)
2026-04-11T00:45:49Z PLAYER_EVENT=paused → notifying HA: librespot_stopped (paused)
2026-04-11T00:45:49Z PLAYER_EVENT=session_disconnected → reset state to stopped (new session)
2026-04-11T00:45:49Z PLAYER_EVENT=session_connected → reset state to stopped (new session)
2026-04-11T00:45:49Z PLAYER_EVENT=session_client_changed ignored
2026-04-11T00:45:49Z PLAYER_EVENT=volume_changed ignored
2026-04-11T00:45:49Z PLAYER_EVENT=auto_play_changed ignored
2026-04-11T00:45:49Z PLAYER_EVENT=filter_explicit_content_changed ignored
2026-04-11T00:45:49Z PLAYER_EVENT=shuffle_changed ignored
2026-04-11T00:45:49Z PLAYER_EVENT=repeat_changed ignored
2026-04-11T00:45:49Z PLAYER_EVENT=play_request_id_changed → reset state to stopped (fresh play request, no preceding end_of_track)
2026-04-11T00:45:49Z PLAYER_EVENT=loading ignored
2026-04-11T00:45:49Z PLAYER_EVENT=session_disconnected → reset state to stopped (new session)
2026-04-11T00:45:49Z PLAYER_EVENT=stopped → stopped, debouncing (5s)
2026-04-11T00:45:54Z PLAYER_EVENT=stopped → notifying HA: librespot_stopped
2026-04-11T00:45:54Z PLAYER_EVENT=session_connected → reset state to stopped (new session)
2026-04-11T00:45:54Z PLAYER_EVENT=session_client_changed ignored
2026-04-11T00:45:54Z PLAYER_EVENT=volume_changed ignored
2026-04-11T00:45:54Z PLAYER_EVENT=auto_play_changed ignored
2026-04-11T00:45:54Z PLAYER_EVENT=filter_explicit_content_changed ignored
2026-04-11T00:45:54Z PLAYER_EVENT=shuffle_changed ignored
2026-04-11T00:45:54Z PLAYER_EVENT=repeat_changed ignored
2026-04-11T00:45:54Z PLAYER_EVENT=play_request_id_changed → reset state to stopped (fresh play request, no preceding end_of_track)
2026-04-11T00:45:54Z PLAYER_EVENT=loading ignored
2026-04-11T00:45:54Z PLAYER_EVENT=track_changed ignored
2026-04-11T00:45:54Z PLAYER_EVENT=paused → paused, debouncing (3s)
2026-04-11T00:45:57Z PLAYER_EVENT=paused → notifying HA: librespot_stopped (paused)
2026-04-11T00:45:57Z PLAYER_EVENT=playing → notifying HA: librespot_playing
2026-04-11T00:47:50Z PLAYER_EVENT=preload_next ignored
2026-04-11T00:47:51Z PLAYER_EVENT=preloading ignored
2026-04-11T00:48:18Z PLAYER_EVENT=end_of_track → end_of_track (flagged for next play_request_id_changed)
2026-04-11T00:48:18Z PLAYER_EVENT=play_request_id_changed → play_request_id_changed after end_of_track (track skip, ignoring)
2026-04-11T00:48:18Z PLAYER_EVENT=track_changed ignored
2026-04-11T00:48:18Z PLAYER_EVENT=playing → track change (stream connected, skipping webhook)
2026-04-11T00:50:53Z PLAYER_EVENT=preload_next ignored
2026-04-11T00:50:54Z PLAYER_EVENT=preloading ignored
2026-04-11T00:51:22Z PLAYER_EVENT=end_of_track → end_of_track (flagged for next play_request_id_changed)
2026-04-11T00:51:22Z PLAYER_EVENT=play_request_id_changed → play_request_id_changed after end_of_track (track skip, ignoring)
2026-04-11T00:51:22Z PLAYER_EVENT=track_changed ignored
2026-04-11T00:51:22Z PLAYER_EVENT=playing → track change (stream connected, skipping webhook)
2026-04-11T00:53:28Z PLAYER_EVENT=preload_next ignored
2026-04-11T00:53:29Z PLAYER_EVENT=preloading ignored
2026-04-11T00:53:57Z PLAYER_EVENT=end_of_track → end_of_track (flagged for next play_request_id_changed)
2026-04-11T00:53:57Z PLAYER_EVENT=play_request_id_changed → play_request_id_changed after end_of_track (track skip, ignoring)
2026-04-11T00:53:57Z PLAYER_EVENT=track_changed ignored
2026-04-11T00:53:57Z PLAYER_EVENT=playing → track change (stream connected, skipping webhook)
2026-04-11T00:56:35Z PLAYER_EVENT=preload_next ignored
2026-04-11T00:56:37Z PLAYER_EVENT=preloading ignored
2026-04-11T00:57:04Z PLAYER_EVENT=end_of_track → end_of_track (flagged for next play_request_id_changed)
2026-04-11T00:57:04Z PLAYER_EVENT=play_request_id_changed → play_request_id_changed after end_of_track (track skip, ignoring)
2026-04-11T00:57:04Z PLAYER_EVENT=track_changed ignored
2026-04-11T00:57:04Z PLAYER_EVENT=playing → track change (stream connected, skipping webhook)
2026-04-11T00:59:30Z PLAYER_EVENT=preload_next ignored
2026-04-11T00:59:31Z PLAYER_EVENT=preloading ignored
2026-04-11T00:59:58Z PLAYER_EVENT=end_of_track → end_of_track (flagged for next play_request_id_changed)
2026-04-11T00:59:58Z PLAYER_EVENT=play_request_id_changed → play_request_id_changed after end_of_track (track skip, ignoring)
2026-04-11T00:59:58Z PLAYER_EVENT=track_changed ignored
2026-04-11T00:59:58Z PLAYER_EVENT=playing → track change (stream connected, skipping webhook)
2026-04-11T01:02:29Z PLAYER_EVENT=preload_next ignored
2026-04-11T01:02:30Z PLAYER_EVENT=preloading ignored
2026-04-11T01:02:57Z PLAYER_EVENT=end_of_track → end_of_track (flagged for next play_request_id_changed)
2026-04-11T01:02:57Z PLAYER_EVENT=play_request_id_changed → play_request_id_changed after end_of_track (track skip, ignoring)
2026-04-11T01:02:57Z PLAYER_EVENT=track_changed ignored
2026-04-11T01:02:57Z PLAYER_EVENT=playing → track change (stream connected, skipping webhook)
2026-04-11T01:04:48Z PLAYER_EVENT=preload_next ignored
2026-04-11T01:04:49Z PLAYER_EVENT=preloading ignored
2026-04-11T01:05:16Z PLAYER_EVENT=end_of_track → end_of_track (flagged for next play_request_id_changed)
2026-04-11T01:05:16Z PLAYER_EVENT=play_request_id_changed → play_request_id_changed after end_of_track (track skip, ignoring)
2026-04-11T01:05:16Z PLAYER_EVENT=track_changed ignored
2026-04-11T01:05:16Z PLAYER_EVENT=playing → track change (stream connected, skipping webhook)
2026-04-11T01:07:14Z PLAYER_EVENT=preload_next ignored
2026-04-11T01:07:14Z PLAYER_EVENT=preloading ignored
2026-04-11T01:07:42Z PLAYER_EVENT=end_of_track → end_of_track (flagged for next play_request_id_changed)
2026-04-11T01:07:42Z PLAYER_EVENT=play_request_id_changed → play_request_id_changed after end_of_track (track skip, ignoring)
2026-04-11T01:07:42Z PLAYER_EVENT=track_changed ignored
2026-04-11T01:07:42Z PLAYER_EVENT=playing → track change (stream connected, skipping webhook)
2026-04-11T01:09:36Z PLAYER_EVENT=preload_next ignored
2026-04-11T01:09:37Z PLAYER_EVENT=preloading ignored
2026-04-11T01:10:05Z PLAYER_EVENT=end_of_track → end_of_track (flagged for next play_request_id_changed)
2026-04-11T01:10:05Z PLAYER_EVENT=play_request_id_changed → play_request_id_changed after end_of_track (track skip, ignoring)
2026-04-11T01:10:05Z PLAYER_EVENT=track_changed ignored
2026-04-11T01:10:05Z PLAYER_EVENT=playing → track change (stream connected, skipping webhook)
2026-04-11T01:12:44Z PLAYER_EVENT=preload_next ignored
2026-04-11T01:12:45Z PLAYER_EVENT=preloading ignored
2026-04-11T01:13:13Z PLAYER_EVENT=end_of_track → end_of_track (flagged for next play_request_id_changed)
2026-04-11T01:13:13Z PLAYER_EVENT=play_request_id_changed → play_request_id_changed after end_of_track (track skip, ignoring)
2026-04-11T01:13:13Z PLAYER_EVENT=track_changed ignored
2026-04-11T01:13:13Z PLAYER_EVENT=playing → track change (stream connected, skipping webhook)
2026-04-11T01:15:39Z PLAYER_EVENT=preload_next ignored
2026-04-11T01:15:40Z PLAYER_EVENT=preloading ignored
2026-04-11T01:16:08Z PLAYER_EVENT=end_of_track → end_of_track (flagged for next play_request_id_changed)
2026-04-11T01:16:08Z PLAYER_EVENT=play_request_id_changed → play_request_id_changed after end_of_track (track skip, ignoring)
2026-04-11T01:16:08Z PLAYER_EVENT=track_changed ignored
2026-04-11T01:16:08Z PLAYER_EVENT=playing → track change (stream connected, skipping webhook)
2026-04-11T01:18:27Z PLAYER_EVENT=preload_next ignored
2026-04-11T01:18:28Z PLAYER_EVENT=preloading ignored
2026-04-11T01:18:55Z PLAYER_EVENT=end_of_track → end_of_track (flagged for next play_request_id_changed)
2026-04-11T01:18:55Z PLAYER_EVENT=play_request_id_changed → play_request_id_changed after end_of_track (track skip, ignoring)
2026-04-11T01:18:55Z PLAYER_EVENT=track_changed ignored
2026-04-11T01:18:55Z PLAYER_EVENT=playing → track change (stream connected, skipping webhook)
2026-04-11T01:21:38Z PLAYER_EVENT=preload_next ignored
2026-04-11T01:21:39Z PLAYER_EVENT=preloading ignored
2026-04-11T01:22:07Z PLAYER_EVENT=end_of_track → end_of_track (flagged for next play_request_id_changed)
2026-04-11T01:22:07Z PLAYER_EVENT=play_request_id_changed → play_request_id_changed after end_of_track (track skip, ignoring)
2026-04-11T01:22:07Z PLAYER_EVENT=track_changed ignored
2026-04-11T01:22:07Z PLAYER_EVENT=playing → track change (stream connected, skipping webhook)
2026-04-11T01:24:08Z PLAYER_EVENT=preload_next ignored
2026-04-11T01:24:10Z PLAYER_EVENT=preloading ignored
2026-04-11T01:24:37Z PLAYER_EVENT=end_of_track → end_of_track (flagged for next play_request_id_changed)
2026-04-11T01:24:37Z PLAYER_EVENT=play_request_id_changed → play_request_id_changed after end_of_track (track skip, ignoring)
2026-04-11T01:24:37Z PLAYER_EVENT=track_changed ignored
2026-04-11T01:24:37Z PLAYER_EVENT=playing → track change (stream connected, skipping webhook)
2026-04-11T01:26:39Z PLAYER_EVENT=preload_next ignored
2026-04-11T01:26:40Z PLAYER_EVENT=preloading ignored
2026-04-11T01:27:07Z PLAYER_EVENT=end_of_track → end_of_track (flagged for next play_request_id_changed)
2026-04-11T01:27:07Z PLAYER_EVENT=play_request_id_changed → play_request_id_changed after end_of_track (track skip, ignoring)
2026-04-11T01:27:07Z PLAYER_EVENT=track_changed ignored
2026-04-11T01:27:07Z PLAYER_EVENT=playing → track change (stream connected, skipping webhook)
2026-04-11T01:29:45Z PLAYER_EVENT=preload_next ignored
2026-04-11T01:29:46Z PLAYER_EVENT=preloading ignored
2026-04-11T01:30:13Z PLAYER_EVENT=end_of_track → end_of_track (flagged for next play_request_id_changed)
2026-04-11T01:30:13Z PLAYER_EVENT=play_request_id_changed → play_request_id_changed after end_of_track (track skip, ignoring)
2026-04-11T01:30:13Z PLAYER_EVENT=track_changed ignored
2026-04-11T01:30:13Z PLAYER_EVENT=playing → track change (stream connected, skipping webhook)
2026-04-11T01:32:34Z PLAYER_EVENT=preload_next ignored
2026-04-11T01:32:35Z PLAYER_EVENT=preloading ignored
2026-04-11T01:33:02Z PLAYER_EVENT=end_of_track → end_of_track (flagged for next play_request_id_changed)
2026-04-11T01:33:02Z PLAYER_EVENT=play_request_id_changed → play_request_id_changed after end_of_track (track skip, ignoring)
2026-04-11T01:33:02Z PLAYER_EVENT=track_changed ignored
2026-04-11T01:33:02Z PLAYER_EVENT=playing → track change (stream connected, skipping webhook)
2026-04-11T01:35:29Z PLAYER_EVENT=preload_next ignored
2026-04-11T01:35:58Z PLAYER_EVENT=end_of_track → end_of_track (flagged for next play_request_id_changed)
2026-04-11T01:35:58Z PLAYER_EVENT=play_request_id_changed → play_request_id_changed after end_of_track (track skip, ignoring)
2026-04-11T01:35:58Z PLAYER_EVENT=loading ignored
2026-04-11T01:35:59Z PLAYER_EVENT=track_changed ignored
2026-04-11T01:35:59Z PLAYER_EVENT=playing → track change (stream connected, skipping webhook)
2026-04-11T01:38:35Z PLAYER_EVENT=preload_next ignored
2026-04-11T01:38:36Z PLAYER_EVENT=preloading ignored
2026-04-11T01:39:04Z PLAYER_EVENT=end_of_track → end_of_track (flagged for next play_request_id_changed)
2026-04-11T01:39:04Z PLAYER_EVENT=play_request_id_changed → play_request_id_changed after end_of_track (track skip, ignoring)
2026-04-11T01:39:04Z PLAYER_EVENT=track_changed ignored
2026-04-11T01:39:04Z PLAYER_EVENT=playing → track change (stream connected, skipping webhook)
2026-04-11T01:41:52Z PLAYER_EVENT=preload_next ignored
2026-04-11T01:41:53Z PLAYER_EVENT=preloading ignored
2026-04-11T01:42:20Z PLAYER_EVENT=end_of_track → end_of_track (flagged for next play_request_id_changed)
2026-04-11T01:42:20Z PLAYER_EVENT=play_request_id_changed → play_request_id_changed after end_of_track (track skip, ignoring)
2026-04-11T01:42:20Z PLAYER_EVENT=track_changed ignored
2026-04-11T01:42:20Z PLAYER_EVENT=playing → track change (stream connected, skipping webhook)
2026-04-11T01:45:15Z PLAYER_EVENT=preload_next ignored
2026-04-11T01:45:16Z PLAYER_EVENT=preloading ignored
2026-04-11T01:45:43Z PLAYER_EVENT=end_of_track → end_of_track (flagged for next play_request_id_changed)
2026-04-11T01:45:43Z PLAYER_EVENT=play_request_id_changed → play_request_id_changed after end_of_track (track skip, ignoring)
2026-04-11T01:45:43Z PLAYER_EVENT=track_changed ignored
2026-04-11T01:45:43Z PLAYER_EVENT=playing → track change (stream connected, skipping webhook)
2026-04-11T01:49:24Z PLAYER_EVENT=preload_next ignored
2026-04-11T01:49:24Z PLAYER_EVENT=preloading ignored
2026-04-11T01:49:52Z PLAYER_EVENT=end_of_track → end_of_track (flagged for next play_request_id_changed)
2026-04-11T01:49:52Z PLAYER_EVENT=play_request_id_changed → play_request_id_changed after end_of_track (track skip, ignoring)
2026-04-11T01:49:52Z PLAYER_EVENT=track_changed ignored
2026-04-11T01:49:52Z PLAYER_EVENT=playing → track change (stream connected, skipping webhook)
2026-04-11T01:52:23Z PLAYER_EVENT=preload_next ignored
2026-04-11T01:52:24Z PLAYER_EVENT=preloading ignored
2026-04-11T01:52:52Z PLAYER_EVENT=end_of_track → end_of_track (flagged for next play_request_id_changed)
2026-04-11T01:52:52Z PLAYER_EVENT=play_request_id_changed → play_request_id_changed after end_of_track (track skip, ignoring)
2026-04-11T01:52:52Z PLAYER_EVENT=track_changed ignored
2026-04-11T01:52:52Z PLAYER_EVENT=playing → track change (stream connected, skipping webhook)
2026-04-11T01:55:10Z PLAYER_EVENT=preload_next ignored
2026-04-11T01:55:11Z PLAYER_EVENT=preloading ignored
2026-04-11T01:55:39Z PLAYER_EVENT=end_of_track → end_of_track (flagged for next play_request_id_changed)
2026-04-11T01:55:39Z PLAYER_EVENT=play_request_id_changed → play_request_id_changed after end_of_track (track skip, ignoring)
2026-04-11T01:55:39Z PLAYER_EVENT=track_changed ignored
2026-04-11T01:55:39Z PLAYER_EVENT=playing → track change (stream connected, skipping webhook)
2026-04-11T01:57:41Z PLAYER_EVENT=preload_next ignored
2026-04-11T01:57:42Z PLAYER_EVENT=preloading ignored
2026-04-11T01:58:10Z PLAYER_EVENT=end_of_track → end_of_track (flagged for next play_request_id_changed)
2026-04-11T01:58:10Z PLAYER_EVENT=play_request_id_changed → play_request_id_changed after end_of_track (track skip, ignoring)
2026-04-11T01:58:10Z PLAYER_EVENT=track_changed ignored
2026-04-11T01:58:10Z PLAYER_EVENT=playing → track change (stream connected, skipping webhook)
2026-04-11T02:00:15Z PLAYER_EVENT=preload_next ignored
2026-04-11T02:00:16Z PLAYER_EVENT=preloading ignored
2026-04-11T02:00:43Z PLAYER_EVENT=end_of_track → end_of_track (flagged for next play_request_id_changed)
2026-04-11T02:00:43Z PLAYER_EVENT=play_request_id_changed → play_request_id_changed after end_of_track (track skip, ignoring)
2026-04-11T02:00:43Z PLAYER_EVENT=track_changed ignored
2026-04-11T02:00:43Z PLAYER_EVENT=playing → track change (stream connected, skipping webhook)
2026-04-11T02:02:39Z PLAYER_EVENT=preload_next ignored
2026-04-11T02:02:40Z PLAYER_EVENT=preloading ignored
2026-04-11T02:03:08Z PLAYER_EVENT=end_of_track → end_of_track (flagged for next play_request_id_changed)
2026-04-11T02:03:08Z PLAYER_EVENT=play_request_id_changed → play_request_id_changed after end_of_track (track skip, ignoring)
2026-04-11T02:03:08Z PLAYER_EVENT=track_changed ignored
2026-04-11T02:03:08Z PLAYER_EVENT=playing → track change (stream connected, skipping webhook)
2026-04-11T02:06:40Z PLAYER_EVENT=preload_next ignored
2026-04-11T02:06:42Z PLAYER_EVENT=preloading ignored
2026-04-11T02:07:09Z PLAYER_EVENT=end_of_track → end_of_track (flagged for next play_request_id_changed)
2026-04-11T02:07:09Z PLAYER_EVENT=play_request_id_changed → play_request_id_changed after end_of_track (track skip, ignoring)
2026-04-11T02:07:09Z PLAYER_EVENT=track_changed ignored
2026-04-11T02:07:09Z PLAYER_EVENT=playing → track change (stream connected, skipping webhook)
2026-04-11T02:10:10Z PLAYER_EVENT=preload_next ignored
2026-04-11T02:10:11Z PLAYER_EVENT=preloading ignored
2026-04-11T02:10:38Z PLAYER_EVENT=end_of_track → end_of_track (flagged for next play_request_id_changed)
2026-04-11T02:10:38Z PLAYER_EVENT=play_request_id_changed → play_request_id_changed after end_of_track (track skip, ignoring)
2026-04-11T02:10:38Z PLAYER_EVENT=track_changed ignored
2026-04-11T02:10:38Z PLAYER_EVENT=playing → track change (stream connected, skipping webhook)
2026-04-11T02:13:14Z PLAYER_EVENT=preload_next ignored
2026-04-11T02:13:15Z PLAYER_EVENT=preloading ignored
2026-04-11T02:13:42Z PLAYER_EVENT=end_of_track → end_of_track (flagged for next play_request_id_changed)
2026-04-11T02:13:42Z PLAYER_EVENT=play_request_id_changed → play_request_id_changed after end_of_track (track skip, ignoring)
2026-04-11T02:13:42Z PLAYER_EVENT=track_changed ignored
2026-04-11T02:13:42Z PLAYER_EVENT=playing → track change (stream connected, skipping webhook)
2026-04-11T02:16:11Z PLAYER_EVENT=preload_next ignored
2026-04-11T02:16:12Z PLAYER_EVENT=preloading ignored
2026-04-11T02:16:39Z PLAYER_EVENT=end_of_track → end_of_track (flagged for next play_request_id_changed)
2026-04-11T02:16:39Z PLAYER_EVENT=play_request_id_changed → play_request_id_changed after end_of_track (track skip, ignoring)
2026-04-11T02:16:39Z PLAYER_EVENT=track_changed ignored
2026-04-11T02:16:39Z PLAYER_EVENT=playing → track change (stream connected, skipping webhook)
2026-04-11T02:19:48Z PLAYER_EVENT=preload_next ignored
2026-04-11T02:19:49Z PLAYER_EVENT=preloading ignored
2026-04-11T02:20:16Z PLAYER_EVENT=end_of_track → end_of_track (flagged for next play_request_id_changed)
2026-04-11T02:20:16Z PLAYER_EVENT=play_request_id_changed → play_request_id_changed after end_of_track (track skip, ignoring)
2026-04-11T02:20:16Z PLAYER_EVENT=track_changed ignored
2026-04-11T02:20:16Z PLAYER_EVENT=playing → track change (stream connected, skipping webhook)
2026-04-11T02:23:34Z PLAYER_EVENT=preload_next ignored
2026-04-11T02:23:35Z PLAYER_EVENT=preloading ignored
2026-04-11T02:24:03Z PLAYER_EVENT=end_of_track → end_of_track (flagged for next play_request_id_changed)
2026-04-11T02:24:03Z PLAYER_EVENT=play_request_id_changed → play_request_id_changed after end_of_track (track skip, ignoring)
2026-04-11T02:24:03Z PLAYER_EVENT=track_changed ignored
2026-04-11T02:24:03Z PLAYER_EVENT=playing → track change (stream connected, skipping webhook)
2026-04-11T02:26:08Z PLAYER_EVENT=preload_next ignored
2026-04-11T02:26:08Z PLAYER_EVENT=preloading ignored
2026-04-11T02:26:36Z PLAYER_EVENT=end_of_track → end_of_track (flagged for next play_request_id_changed)
2026-04-11T02:26:36Z PLAYER_EVENT=play_request_id_changed → play_request_id_changed after end_of_track (track skip, ignoring)
2026-04-11T02:26:36Z PLAYER_EVENT=track_changed ignored
2026-04-11T02:26:36Z PLAYER_EVENT=playing → track change (stream connected, skipping webhook)
2026-04-11T02:29:55Z PLAYER_EVENT=preload_next ignored
2026-04-11T02:29:56Z PLAYER_EVENT=preloading ignored
2026-04-11T02:30:23Z PLAYER_EVENT=end_of_track → end_of_track (flagged for next play_request_id_changed)
2026-04-11T02:30:23Z PLAYER_EVENT=play_request_id_changed → play_request_id_changed after end_of_track (track skip, ignoring)
2026-04-11T02:30:23Z PLAYER_EVENT=track_changed ignored
2026-04-11T02:30:23Z PLAYER_EVENT=playing → track change (stream connected, skipping webhook)
2026-04-11T02:33:15Z PLAYER_EVENT=preload_next ignored
2026-04-11T02:33:16Z PLAYER_EVENT=preloading ignored
2026-04-11T02:33:43Z PLAYER_EVENT=end_of_track → end_of_track (flagged for next play_request_id_changed)
2026-04-11T02:33:43Z PLAYER_EVENT=play_request_id_changed → play_request_id_changed after end_of_track (track skip, ignoring)
2026-04-11T02:33:43Z PLAYER_EVENT=track_changed ignored
2026-04-11T02:33:43Z PLAYER_EVENT=playing → track change (stream connected, skipping webhook)
2026-04-11T02:35:55Z PLAYER_EVENT=preload_next ignored
2026-04-11T02:35:56Z PLAYER_EVENT=preloading ignored
2026-04-11T02:36:24Z PLAYER_EVENT=end_of_track → end_of_track (flagged for next play_request_id_changed)
2026-04-11T02:36:24Z PLAYER_EVENT=play_request_id_changed → play_request_id_changed after end_of_track (track skip, ignoring)
2026-04-11T02:36:24Z PLAYER_EVENT=track_changed ignored
2026-04-11T02:36:24Z PLAYER_EVENT=playing → track change (stream connected, skipping webhook)
2026-04-11T02:39:47Z PLAYER_EVENT=preload_next ignored
2026-04-11T02:39:49Z PLAYER_EVENT=preloading ignored
2026-04-11T02:40:16Z PLAYER_EVENT=end_of_track → end_of_track (flagged for next play_request_id_changed)
2026-04-11T02:40:16Z PLAYER_EVENT=play_request_id_changed → play_request_id_changed after end_of_track (track skip, ignoring)
2026-04-11T02:40:16Z PLAYER_EVENT=track_changed ignored
2026-04-11T02:40:16Z PLAYER_EVENT=playing → track change (stream connected, skipping webhook)
2026-04-11T02:43:13Z PLAYER_EVENT=preload_next ignored
2026-04-11T02:43:16Z PLAYER_EVENT=preloading ignored
2026-04-11T02:43:41Z PLAYER_EVENT=end_of_track → end_of_track (flagged for next play_request_id_changed)
2026-04-11T02:43:41Z PLAYER_EVENT=play_request_id_changed → play_request_id_changed after end_of_track (track skip, ignoring)
2026-04-11T02:43:41Z PLAYER_EVENT=track_changed ignored
2026-04-11T02:43:41Z PLAYER_EVENT=playing → track change (stream connected, skipping webhook)
2026-04-11T02:46:35Z PLAYER_EVENT=preload_next ignored
2026-04-11T02:46:37Z PLAYER_EVENT=preloading ignored
2026-04-11T02:47:04Z PLAYER_EVENT=end_of_track → end_of_track (flagged for next play_request_id_changed)
2026-04-11T02:47:04Z PLAYER_EVENT=play_request_id_changed → play_request_id_changed after end_of_track (track skip, ignoring)
2026-04-11T02:47:04Z PLAYER_EVENT=track_changed ignored
2026-04-11T02:47:04Z PLAYER_EVENT=playing → track change (stream connected, skipping webhook)
2026-04-11T02:50:58Z PLAYER_EVENT=preload_next ignored
2026-04-11T02:51:02Z PLAYER_EVENT=preloading ignored
2026-04-11T02:51:27Z PLAYER_EVENT=end_of_track → end_of_track (flagged for next play_request_id_changed)
2026-04-11T02:51:27Z PLAYER_EVENT=play_request_id_changed → play_request_id_changed after end_of_track (track skip, ignoring)
2026-04-11T02:51:27Z PLAYER_EVENT=track_changed ignored
2026-04-11T02:51:27Z PLAYER_EVENT=playing → track change (stream connected, skipping webhook)
2026-04-11T02:53:26Z PLAYER_EVENT=preload_next ignored
2026-04-11T02:53:28Z PLAYER_EVENT=preloading ignored
2026-04-11T02:53:54Z PLAYER_EVENT=end_of_track → end_of_track (flagged for next play_request_id_changed)
2026-04-11T02:53:54Z PLAYER_EVENT=play_request_id_changed → play_request_id_changed after end_of_track (track skip, ignoring)
2026-04-11T02:53:54Z PLAYER_EVENT=track_changed ignored
2026-04-11T02:53:54Z PLAYER_EVENT=playing → track change (stream connected, skipping webhook)
2026-04-11T02:56:47Z PLAYER_EVENT=preload_next ignored
2026-04-11T02:56:50Z PLAYER_EVENT=preloading ignored
2026-04-11T02:57:15Z PLAYER_EVENT=end_of_track → end_of_track (flagged for next play_request_id_changed)
2026-04-11T02:57:15Z PLAYER_EVENT=play_request_id_changed → play_request_id_changed after end_of_track (track skip, ignoring)
2026-04-11T02:57:16Z PLAYER_EVENT=track_changed ignored
2026-04-11T02:57:16Z PLAYER_EVENT=playing → track change (stream connected, skipping webhook)
2026-04-11T03:00:09Z PLAYER_EVENT=preload_next ignored
2026-04-11T03:00:11Z PLAYER_EVENT=preloading ignored
2026-04-11T03:00:37Z PLAYER_EVENT=end_of_track → end_of_track (flagged for next play_request_id_changed)
2026-04-11T03:00:37Z PLAYER_EVENT=play_request_id_changed → play_request_id_changed after end_of_track (track skip, ignoring)
2026-04-11T03:00:37Z PLAYER_EVENT=track_changed ignored
2026-04-11T03:00:37Z PLAYER_EVENT=playing → track change (stream connected, skipping webhook)
2026-04-11T03:02:56Z PLAYER_EVENT=preload_next ignored
2026-04-11T03:02:58Z PLAYER_EVENT=preloading ignored
2026-04-11T03:03:25Z PLAYER_EVENT=end_of_track → end_of_track (flagged for next play_request_id_changed)
2026-04-11T03:03:25Z PLAYER_EVENT=play_request_id_changed → play_request_id_changed after end_of_track (track skip, ignoring)
2026-04-11T03:03:25Z PLAYER_EVENT=track_changed ignored
2026-04-11T03:03:25Z PLAYER_EVENT=playing → track change (stream connected, skipping webhook)
2026-04-11T03:05:53Z PLAYER_EVENT=preload_next ignored
2026-04-11T03:05:54Z PLAYER_EVENT=preloading ignored
2026-04-11T03:06:21Z PLAYER_EVENT=end_of_track → end_of_track (flagged for next play_request_id_changed)
2026-04-11T03:06:21Z PLAYER_EVENT=play_request_id_changed → play_request_id_changed after end_of_track (track skip, ignoring)
2026-04-11T03:06:21Z PLAYER_EVENT=track_changed ignored
2026-04-11T03:06:21Z PLAYER_EVENT=playing → track change (stream connected, skipping webhook)
2026-04-11T03:08:36Z PLAYER_EVENT=preload_next ignored
2026-04-11T03:08:38Z PLAYER_EVENT=preloading ignored
2026-04-11T03:09:05Z PLAYER_EVENT=end_of_track → end_of_track (flagged for next play_request_id_changed)
2026-04-11T03:09:05Z PLAYER_EVENT=play_request_id_changed → play_request_id_changed after end_of_track (track skip, ignoring)
2026-04-11T03:09:05Z PLAYER_EVENT=track_changed ignored
2026-04-11T03:09:05Z PLAYER_EVENT=playing → track change (stream connected, skipping webhook)
2026-04-11T03:11:31Z PLAYER_EVENT=preload_next ignored
2026-04-11T03:11:35Z PLAYER_EVENT=preloading ignored
2026-04-11T03:11:59Z PLAYER_EVENT=end_of_track → end_of_track (flagged for next play_request_id_changed)
2026-04-11T03:11:59Z PLAYER_EVENT=play_request_id_changed → play_request_id_changed after end_of_track (track skip, ignoring)
2026-04-11T03:11:59Z PLAYER_EVENT=track_changed ignored
2026-04-11T03:11:59Z PLAYER_EVENT=playing → track change (stream connected, skipping webhook)
2026-04-11T03:14:11Z PLAYER_EVENT=preload_next ignored
2026-04-11T03:14:13Z PLAYER_EVENT=preloading ignored
2026-04-11T03:14:40Z PLAYER_EVENT=end_of_track → end_of_track (flagged for next play_request_id_changed)
2026-04-11T03:14:40Z PLAYER_EVENT=play_request_id_changed → play_request_id_changed after end_of_track (track skip, ignoring)
2026-04-11T03:14:40Z PLAYER_EVENT=track_changed ignored
2026-04-11T03:14:40Z PLAYER_EVENT=playing → track change (stream connected, skipping webhook)
2026-04-11T03:19:28Z PLAYER_EVENT=preload_next ignored
2026-04-11T03:19:30Z PLAYER_EVENT=preloading ignored
2026-04-11T03:19:57Z PLAYER_EVENT=end_of_track → end_of_track (flagged for next play_request_id_changed)
2026-04-11T03:19:57Z PLAYER_EVENT=play_request_id_changed → play_request_id_changed after end_of_track (track skip, ignoring)
2026-04-11T03:19:57Z PLAYER_EVENT=track_changed ignored
2026-04-11T03:19:57Z PLAYER_EVENT=playing → track change (stream connected, skipping webhook)
2026-04-11T03:22:09Z PLAYER_EVENT=preload_next ignored
2026-04-11T03:22:10Z PLAYER_EVENT=preloading ignored
2026-04-11T03:22:38Z PLAYER_EVENT=end_of_track → end_of_track (flagged for next play_request_id_changed)
2026-04-11T03:22:38Z PLAYER_EVENT=play_request_id_changed → play_request_id_changed after end_of_track (track skip, ignoring)
2026-04-11T03:22:38Z PLAYER_EVENT=track_changed ignored
2026-04-11T03:22:38Z PLAYER_EVENT=playing → track change (stream connected, skipping webhook)
2026-04-11T03:25:13Z PLAYER_EVENT=preload_next ignored
2026-04-11T03:25:15Z PLAYER_EVENT=preloading ignored
2026-04-11T03:25:41Z PLAYER_EVENT=end_of_track → end_of_track (flagged for next play_request_id_changed)
2026-04-11T03:25:41Z PLAYER_EVENT=play_request_id_changed → play_request_id_changed after end_of_track (track skip, ignoring)
2026-04-11T03:25:41Z PLAYER_EVENT=track_changed ignored
2026-04-11T03:25:41Z PLAYER_EVENT=playing → track change (stream connected, skipping webhook)
2026-04-11T03:27:43Z PLAYER_EVENT=preload_next ignored
2026-04-11T03:27:44Z PLAYER_EVENT=preloading ignored
2026-04-11T03:28:11Z PLAYER_EVENT=end_of_track → end_of_track (flagged for next play_request_id_changed)
2026-04-11T03:28:11Z PLAYER_EVENT=play_request_id_changed → play_request_id_changed after end_of_track (track skip, ignoring)
2026-04-11T03:28:11Z PLAYER_EVENT=track_changed ignored
2026-04-11T03:28:11Z PLAYER_EVENT=playing → track change (stream connected, skipping webhook)
2026-04-11T03:30:53Z PLAYER_EVENT=preload_next ignored
2026-04-11T03:30:56Z PLAYER_EVENT=preloading ignored
2026-04-11T03:31:22Z PLAYER_EVENT=end_of_track → end_of_track (flagged for next play_request_id_changed)
2026-04-11T03:31:22Z PLAYER_EVENT=play_request_id_changed → play_request_id_changed after end_of_track (track skip, ignoring)
2026-04-11T03:31:22Z PLAYER_EVENT=track_changed ignored
2026-04-11T03:31:22Z PLAYER_EVENT=playing → track change (stream connected, skipping webhook)
2026-04-11T03:33:34Z PLAYER_EVENT=preload_next ignored
2026-04-11T03:33:35Z PLAYER_EVENT=preloading ignored
2026-04-11T03:34:02Z PLAYER_EVENT=end_of_track → end_of_track (flagged for next play_request_id_changed)
2026-04-11T03:34:02Z PLAYER_EVENT=play_request_id_changed → play_request_id_changed after end_of_track (track skip, ignoring)
2026-04-11T03:34:02Z PLAYER_EVENT=track_changed ignored
2026-04-11T03:34:02Z PLAYER_EVENT=playing → track change (stream connected, skipping webhook)
2026-04-11T03:36:56Z PLAYER_EVENT=preload_next ignored
2026-04-11T03:36:58Z PLAYER_EVENT=preloading ignored
2026-04-11T03:37:24Z PLAYER_EVENT=end_of_track → end_of_track (flagged for next play_request_id_changed)
2026-04-11T03:37:24Z PLAYER_EVENT=play_request_id_changed → play_request_id_changed after end_of_track (track skip, ignoring)
2026-04-11T03:37:24Z PLAYER_EVENT=track_changed ignored
2026-04-11T03:37:24Z PLAYER_EVENT=playing → track change (stream connected, skipping webhook)
2026-04-11T03:39:34Z PLAYER_EVENT=preload_next ignored
2026-04-11T03:39:36Z PLAYER_EVENT=preloading ignored
2026-04-11T03:40:02Z PLAYER_EVENT=end_of_track → end_of_track (flagged for next play_request_id_changed)
2026-04-11T03:40:02Z PLAYER_EVENT=play_request_id_changed → play_request_id_changed after end_of_track (track skip, ignoring)
2026-04-11T03:40:02Z PLAYER_EVENT=track_changed ignored
2026-04-11T03:40:02Z PLAYER_EVENT=playing → track change (stream connected, skipping webhook)
2026-04-11T03:42:47Z PLAYER_EVENT=preload_next ignored
2026-04-11T03:43:15Z PLAYER_EVENT=end_of_track → end_of_track (flagged for next play_request_id_changed)
2026-04-11T03:43:15Z PLAYER_EVENT=play_request_id_changed → play_request_id_changed after end_of_track (track skip, ignoring)
2026-04-11T03:43:15Z PLAYER_EVENT=loading ignored
2026-04-11T03:44:01Z PLAYER_EVENT=unavailable ignored
2026-04-11T03:44:01Z PLAYER_EVENT=play_request_id_changed → reset state to stopped (fresh play request, no preceding end_of_track)
2026-04-11T03:44:01Z PLAYER_EVENT=loading ignored
2026-04-11T03:44:08Z PLAYER_EVENT=track_changed ignored
2026-04-11T03:44:08Z PLAYER_EVENT=playing → notifying HA: librespot_playing
2026-04-11T03:46:02Z PLAYER_EVENT=preload_next ignored
2026-04-11T03:46:04Z PLAYER_EVENT=preloading ignored
2026-04-11T03:46:31Z PLAYER_EVENT=end_of_track → end_of_track (flagged for next play_request_id_changed)
2026-04-11T03:46:31Z PLAYER_EVENT=play_request_id_changed → play_request_id_changed after end_of_track (track skip, ignoring)
2026-04-11T03:46:31Z PLAYER_EVENT=track_changed ignored
2026-04-11T03:46:31Z PLAYER_EVENT=playing → track change (stream connected, skipping webhook)
2026-04-11T03:49:14Z PLAYER_EVENT=preload_next ignored
2026-04-11T03:49:15Z PLAYER_EVENT=preloading ignored
2026-04-11T03:49:43Z PLAYER_EVENT=end_of_track → end_of_track (flagged for next play_request_id_changed)
2026-04-11T03:49:43Z PLAYER_EVENT=play_request_id_changed → play_request_id_changed after end_of_track (track skip, ignoring)
2026-04-11T03:49:43Z PLAYER_EVENT=track_changed ignored
2026-04-11T03:49:43Z PLAYER_EVENT=playing → track change (stream connected, skipping webhook)
2026-04-11T03:52:38Z PLAYER_EVENT=preload_next ignored
2026-04-11T03:52:39Z PLAYER_EVENT=preloading ignored
2026-04-11T03:53:06Z PLAYER_EVENT=end_of_track → end_of_track (flagged for next play_request_id_changed)
2026-04-11T03:53:06Z PLAYER_EVENT=play_request_id_changed → play_request_id_changed after end_of_track (track skip, ignoring)
2026-04-11T03:53:06Z PLAYER_EVENT=track_changed ignored
2026-04-11T03:53:06Z PLAYER_EVENT=playing → track change (stream connected, skipping webhook)
2026-04-11T03:56:18Z PLAYER_EVENT=preload_next ignored
2026-04-11T03:56:20Z PLAYER_EVENT=preloading ignored
2026-04-11T03:56:47Z PLAYER_EVENT=end_of_track → end_of_track (flagged for next play_request_id_changed)
2026-04-11T03:56:47Z PLAYER_EVENT=play_request_id_changed → play_request_id_changed after end_of_track (track skip, ignoring)
2026-04-11T03:56:47Z PLAYER_EVENT=track_changed ignored
2026-04-11T03:56:47Z PLAYER_EVENT=playing → track change (stream connected, skipping webhook)
2026-04-11T04:00:41Z PLAYER_EVENT=preload_next ignored
2026-04-11T04:00:44Z PLAYER_EVENT=preloading ignored
2026-04-11T04:01:10Z PLAYER_EVENT=end_of_track → end_of_track (flagged for next play_request_id_changed)
2026-04-11T04:01:10Z PLAYER_EVENT=play_request_id_changed → play_request_id_changed after end_of_track (track skip, ignoring)
2026-04-11T04:01:10Z PLAYER_EVENT=track_changed ignored
2026-04-11T04:01:10Z PLAYER_EVENT=playing → track change (stream connected, skipping webhook)
2026-04-11T04:03:22Z PLAYER_EVENT=preload_next ignored
2026-04-11T04:03:23Z PLAYER_EVENT=preloading ignored
2026-04-11T04:03:51Z PLAYER_EVENT=end_of_track → end_of_track (flagged for next play_request_id_changed)
2026-04-11T04:03:51Z PLAYER_EVENT=play_request_id_changed → play_request_id_changed after end_of_track (track skip, ignoring)
2026-04-11T04:03:51Z PLAYER_EVENT=track_changed ignored
2026-04-11T04:03:51Z PLAYER_EVENT=playing → track change (stream connected, skipping webhook)
2026-04-11T04:06:23Z PLAYER_EVENT=preload_next ignored
2026-04-11T04:06:24Z PLAYER_EVENT=preloading ignored
2026-04-11T04:06:51Z PLAYER_EVENT=end_of_track → end_of_track (flagged for next play_request_id_changed)
2026-04-11T04:06:51Z PLAYER_EVENT=play_request_id_changed → play_request_id_changed after end_of_track (track skip, ignoring)
2026-04-11T04:06:51Z PLAYER_EVENT=track_changed ignored
2026-04-11T04:06:51Z PLAYER_EVENT=playing → track change (stream connected, skipping webhook)
2026-04-11T04:09:21Z PLAYER_EVENT=preload_next ignored
2026-04-11T04:09:22Z PLAYER_EVENT=preloading ignored
2026-04-11T04:09:50Z PLAYER_EVENT=end_of_track → end_of_track (flagged for next play_request_id_changed)
2026-04-11T04:09:50Z PLAYER_EVENT=play_request_id_changed → play_request_id_changed after end_of_track (track skip, ignoring)
2026-04-11T04:09:50Z PLAYER_EVENT=track_changed ignored
2026-04-11T04:09:50Z PLAYER_EVENT=playing → track change (stream connected, skipping webhook)
2026-04-11T04:12:16Z PLAYER_EVENT=preload_next ignored
2026-04-11T04:12:44Z PLAYER_EVENT=end_of_track → end_of_track (flagged for next play_request_id_changed)
2026-04-11T04:12:44Z PLAYER_EVENT=stopped → stopped, debouncing (5s)
2026-04-11T04:12:49Z PLAYER_EVENT=stopped → notifying HA: librespot_stopped
2026-04-12T10:13:57Z PLAYER_EVENT=session_connected → reset state to stopped (new session)
2026-04-12T10:13:57Z PLAYER_EVENT=session_client_changed ignored
2026-04-12T10:13:57Z PLAYER_EVENT=volume_changed ignored
2026-04-12T10:13:57Z PLAYER_EVENT=auto_play_changed ignored
2026-04-12T10:13:57Z PLAYER_EVENT=filter_explicit_content_changed ignored
2026-04-12T10:13:57Z PLAYER_EVENT=shuffle_changed ignored
2026-04-12T10:13:57Z PLAYER_EVENT=repeat_changed ignored
2026-04-12T10:13:57Z PLAYER_EVENT=play_request_id_changed → play_request_id_changed after end_of_track (track skip, ignoring)
2026-04-12T10:13:57Z PLAYER_EVENT=loading ignored
2026-04-12T10:13:58Z PLAYER_EVENT=track_changed ignored
2026-04-12T10:13:58Z PLAYER_EVENT=paused → paused, debouncing (3s)
2026-04-12T10:14:01Z PLAYER_EVENT=paused → notifying HA: librespot_stopped (paused)
2026-04-12T12:52:06Z PLAYER_EVENT=session_connected → reset state to stopped (new session)
2026-04-12T12:52:06Z PLAYER_EVENT=session_client_changed ignored
2026-04-12T12:52:06Z PLAYER_EVENT=volume_changed ignored
2026-04-12T12:52:06Z PLAYER_EVENT=auto_play_changed ignored
2026-04-12T12:52:06Z PLAYER_EVENT=filter_explicit_content_changed ignored
2026-04-12T12:52:06Z PLAYER_EVENT=shuffle_changed ignored
2026-04-12T12:52:06Z PLAYER_EVENT=repeat_changed ignored
2026-04-12T12:52:06Z PLAYER_EVENT=play_request_id_changed → reset state to stopped (fresh play request, no preceding end_of_track)
2026-04-12T12:52:06Z PLAYER_EVENT=track_changed ignored
2026-04-12T12:52:06Z PLAYER_EVENT=paused → paused, debouncing (3s)
2026-04-12T12:52:09Z PLAYER_EVENT=paused → notifying HA: librespot_stopped (paused)
2026-04-12T15:15:10Z PLAYER_EVENT=session_connected → reset state to stopped (new session)
2026-04-12T15:15:10Z PLAYER_EVENT=session_client_changed ignored
2026-04-12T15:15:10Z PLAYER_EVENT=volume_changed ignored
2026-04-12T15:15:10Z PLAYER_EVENT=auto_play_changed ignored
2026-04-12T15:15:10Z PLAYER_EVENT=filter_explicit_content_changed ignored
2026-04-12T15:15:10Z PLAYER_EVENT=shuffle_changed ignored
2026-04-12T15:15:10Z PLAYER_EVENT=repeat_changed ignored
2026-04-12T15:15:10Z PLAYER_EVENT=play_request_id_changed → reset state to stopped (fresh play request, no preceding end_of_track)
2026-04-12T15:15:10Z PLAYER_EVENT=track_changed ignored
2026-04-12T15:15:10Z PLAYER_EVENT=paused → paused, debouncing (3s)
2026-04-12T15:15:13Z PLAYER_EVENT=paused → notifying HA: librespot_stopped (paused)
2026-04-12T16:38:41Z PLAYER_EVENT=session_disconnected → reset state to stopped (new session)
2026-04-12T16:38:41Z PLAYER_EVENT=stopped → stopped, debouncing (5s)
2026-04-12T16:38:46Z PLAYER_EVENT=stopped → notifying HA: librespot_stopped
2026-04-12T16:38:53Z PLAYER_EVENT=session_connected → reset state to stopped (new session)
2026-04-12T16:38:53Z PLAYER_EVENT=session_client_changed ignored
2026-04-12T16:38:53Z PLAYER_EVENT=volume_changed ignored
2026-04-12T16:38:53Z PLAYER_EVENT=auto_play_changed ignored
2026-04-12T16:38:53Z PLAYER_EVENT=filter_explicit_content_changed ignored
2026-04-12T16:38:53Z PLAYER_EVENT=shuffle_changed ignored
2026-04-12T16:38:53Z PLAYER_EVENT=repeat_changed ignored
2026-04-12T16:38:53Z PLAYER_EVENT=play_request_id_changed → reset state to stopped (fresh play request, no preceding end_of_track)
2026-04-12T16:38:53Z PLAYER_EVENT=loading ignored
2026-04-12T16:38:53Z PLAYER_EVENT=track_changed ignored
2026-04-12T16:38:53Z PLAYER_EVENT=playing → notifying HA: librespot_playing
2026-04-12T16:41:19Z PLAYER_EVENT=preload_next ignored
2026-04-12T16:41:20Z PLAYER_EVENT=preloading ignored
2026-04-12T16:41:48Z PLAYER_EVENT=end_of_track → end_of_track (flagged for next play_request_id_changed)
2026-04-12T16:41:48Z PLAYER_EVENT=play_request_id_changed → play_request_id_changed after end_of_track (track skip, ignoring)
2026-04-12T16:41:48Z PLAYER_EVENT=track_changed ignored
2026-04-12T16:41:48Z PLAYER_EVENT=playing → track change (stream connected, skipping webhook)
2026-04-12T16:44:19Z PLAYER_EVENT=preload_next ignored
2026-04-12T16:44:20Z PLAYER_EVENT=preloading ignored
2026-04-12T16:44:47Z PLAYER_EVENT=end_of_track → end_of_track (flagged for next play_request_id_changed)
2026-04-12T16:44:47Z PLAYER_EVENT=play_request_id_changed → play_request_id_changed after end_of_track (track skip, ignoring)
2026-04-12T16:44:47Z PLAYER_EVENT=track_changed ignored
2026-04-12T16:44:47Z PLAYER_EVENT=playing → track change (stream connected, skipping webhook)
2026-04-12T16:48:09Z PLAYER_EVENT=preload_next ignored
2026-04-12T16:48:10Z PLAYER_EVENT=preloading ignored
2026-04-12T16:48:38Z PLAYER_EVENT=end_of_track → end_of_track (flagged for next play_request_id_changed)
2026-04-12T16:48:38Z PLAYER_EVENT=play_request_id_changed → play_request_id_changed after end_of_track (track skip, ignoring)
2026-04-12T16:48:38Z PLAYER_EVENT=track_changed ignored
2026-04-12T16:48:38Z PLAYER_EVENT=playing → track change (stream connected, skipping webhook)
2026-04-12T16:51:33Z PLAYER_EVENT=preload_next ignored
2026-04-12T16:51:34Z PLAYER_EVENT=preloading ignored
2026-04-12T16:52:01Z PLAYER_EVENT=end_of_track → end_of_track (flagged for next play_request_id_changed)
2026-04-12T16:52:01Z PLAYER_EVENT=play_request_id_changed → play_request_id_changed after end_of_track (track skip, ignoring)
2026-04-12T16:52:01Z PLAYER_EVENT=track_changed ignored
2026-04-12T16:52:01Z PLAYER_EVENT=playing → track change (stream connected, skipping webhook)
2026-04-12T16:54:49Z PLAYER_EVENT=preload_next ignored
2026-04-12T16:54:50Z PLAYER_EVENT=preloading ignored
2026-04-12T16:55:17Z PLAYER_EVENT=end_of_track → end_of_track (flagged for next play_request_id_changed)
2026-04-12T16:55:17Z PLAYER_EVENT=play_request_id_changed → play_request_id_changed after end_of_track (track skip, ignoring)
2026-04-12T16:55:17Z PLAYER_EVENT=track_changed ignored
2026-04-12T16:55:17Z PLAYER_EVENT=playing → track change (stream connected, skipping webhook)
2026-04-12T16:58:36Z PLAYER_EVENT=preload_next ignored
2026-04-12T16:58:37Z PLAYER_EVENT=preloading ignored
2026-04-12T16:59:04Z PLAYER_EVENT=end_of_track → end_of_track (flagged for next play_request_id_changed)
2026-04-12T16:59:04Z PLAYER_EVENT=play_request_id_changed → play_request_id_changed after end_of_track (track skip, ignoring)
2026-04-12T16:59:04Z PLAYER_EVENT=track_changed ignored
2026-04-12T16:59:04Z PLAYER_EVENT=playing → track change (stream connected, skipping webhook)
2026-04-12T17:01:16Z PLAYER_EVENT=preload_next ignored
2026-04-12T17:01:17Z PLAYER_EVENT=preloading ignored
2026-04-12T17:01:45Z PLAYER_EVENT=end_of_track → end_of_track (flagged for next play_request_id_changed)
2026-04-12T17:01:45Z PLAYER_EVENT=play_request_id_changed → play_request_id_changed after end_of_track (track skip, ignoring)
2026-04-12T17:01:45Z PLAYER_EVENT=track_changed ignored
2026-04-12T17:01:45Z PLAYER_EVENT=playing → track change (stream connected, skipping webhook)
2026-04-12T17:04:35Z PLAYER_EVENT=preload_next ignored
2026-04-12T17:04:36Z PLAYER_EVENT=preloading ignored
2026-04-12T17:05:04Z PLAYER_EVENT=end_of_track → end_of_track (flagged for next play_request_id_changed)
2026-04-12T17:05:04Z PLAYER_EVENT=play_request_id_changed → play_request_id_changed after end_of_track (track skip, ignoring)
2026-04-12T17:05:04Z PLAYER_EVENT=track_changed ignored
2026-04-12T17:05:04Z PLAYER_EVENT=playing → track change (stream connected, skipping webhook)
2026-04-12T17:07:08Z PLAYER_EVENT=preload_next ignored
2026-04-12T17:07:09Z PLAYER_EVENT=preloading ignored
2026-04-12T17:07:37Z PLAYER_EVENT=end_of_track → end_of_track (flagged for next play_request_id_changed)
2026-04-12T17:07:37Z PLAYER_EVENT=play_request_id_changed → play_request_id_changed after end_of_track (track skip, ignoring)
2026-04-12T17:07:37Z PLAYER_EVENT=track_changed ignored
2026-04-12T17:07:37Z PLAYER_EVENT=playing → track change (stream connected, skipping webhook)
2026-04-12T17:09:32Z PLAYER_EVENT=preload_next ignored
2026-04-12T17:09:34Z PLAYER_EVENT=preloading ignored
2026-04-12T17:10:01Z PLAYER_EVENT=end_of_track → end_of_track (flagged for next play_request_id_changed)
2026-04-12T17:10:01Z PLAYER_EVENT=play_request_id_changed → play_request_id_changed after end_of_track (track skip, ignoring)
2026-04-12T17:10:01Z PLAYER_EVENT=track_changed ignored
2026-04-12T17:10:01Z PLAYER_EVENT=playing → track change (stream connected, skipping webhook)
2026-04-12T17:13:42Z PLAYER_EVENT=preload_next ignored
2026-04-12T17:13:42Z PLAYER_EVENT=preloading ignored
2026-04-12T17:14:10Z PLAYER_EVENT=end_of_track → end_of_track (flagged for next play_request_id_changed)
2026-04-12T17:14:10Z PLAYER_EVENT=play_request_id_changed → play_request_id_changed after end_of_track (track skip, ignoring)
2026-04-12T17:14:10Z PLAYER_EVENT=track_changed ignored
2026-04-12T17:14:10Z PLAYER_EVENT=playing → track change (stream connected, skipping webhook)
2026-04-12T17:17:42Z PLAYER_EVENT=preload_next ignored
2026-04-12T17:17:43Z PLAYER_EVENT=preloading ignored
2026-04-12T17:18:11Z PLAYER_EVENT=end_of_track → end_of_track (flagged for next play_request_id_changed)
2026-04-12T17:18:11Z PLAYER_EVENT=play_request_id_changed → play_request_id_changed after end_of_track (track skip, ignoring)
2026-04-12T17:18:11Z PLAYER_EVENT=track_changed ignored
2026-04-12T17:18:11Z PLAYER_EVENT=playing → track change (stream connected, skipping webhook)
2026-04-12T17:20:41Z PLAYER_EVENT=preload_next ignored
2026-04-12T17:20:42Z PLAYER_EVENT=preloading ignored
2026-04-12T17:21:10Z PLAYER_EVENT=end_of_track → end_of_track (flagged for next play_request_id_changed)
2026-04-12T17:21:10Z PLAYER_EVENT=play_request_id_changed → play_request_id_changed after end_of_track (track skip, ignoring)
2026-04-12T17:21:10Z PLAYER_EVENT=track_changed ignored
2026-04-12T17:21:10Z PLAYER_EVENT=playing → track change (stream connected, skipping webhook)
2026-04-12T17:24:33Z PLAYER_EVENT=preload_next ignored
2026-04-12T17:24:34Z PLAYER_EVENT=preloading ignored
2026-04-12T17:25:01Z PLAYER_EVENT=end_of_track → end_of_track (flagged for next play_request_id_changed)
2026-04-12T17:25:01Z PLAYER_EVENT=play_request_id_changed → play_request_id_changed after end_of_track (track skip, ignoring)
2026-04-12T17:25:01Z PLAYER_EVENT=track_changed ignored
2026-04-12T17:25:01Z PLAYER_EVENT=playing → track change (stream connected, skipping webhook)
2026-04-12T17:27:55Z PLAYER_EVENT=preload_next ignored
2026-04-12T17:27:56Z PLAYER_EVENT=preloading ignored
2026-04-12T17:28:24Z PLAYER_EVENT=end_of_track → end_of_track (flagged for next play_request_id_changed)
2026-04-12T17:28:24Z PLAYER_EVENT=play_request_id_changed → play_request_id_changed after end_of_track (track skip, ignoring)
2026-04-12T17:28:24Z PLAYER_EVENT=track_changed ignored
2026-04-12T17:28:24Z PLAYER_EVENT=playing → track change (stream connected, skipping webhook)
2026-04-12T17:30:28Z PLAYER_EVENT=preload_next ignored
2026-04-12T17:30:29Z PLAYER_EVENT=preloading ignored
2026-04-12T17:30:57Z PLAYER_EVENT=end_of_track → end_of_track (flagged for next play_request_id_changed)
2026-04-12T17:30:57Z PLAYER_EVENT=play_request_id_changed → play_request_id_changed after end_of_track (track skip, ignoring)
2026-04-12T17:30:57Z PLAYER_EVENT=track_changed ignored
2026-04-12T17:30:57Z PLAYER_EVENT=playing → track change (stream connected, skipping webhook)
2026-04-12T17:33:29Z PLAYER_EVENT=preload_next ignored
2026-04-12T17:33:30Z PLAYER_EVENT=preloading ignored
2026-04-12T17:33:57Z PLAYER_EVENT=end_of_track → end_of_track (flagged for next play_request_id_changed)
2026-04-12T17:33:57Z PLAYER_EVENT=play_request_id_changed → play_request_id_changed after end_of_track (track skip, ignoring)
2026-04-12T17:33:57Z PLAYER_EVENT=track_changed ignored
2026-04-12T17:33:57Z PLAYER_EVENT=playing → track change (stream connected, skipping webhook)
2026-04-12T17:36:10Z PLAYER_EVENT=preload_next ignored
2026-04-12T17:36:11Z PLAYER_EVENT=preloading ignored
2026-04-12T17:36:39Z PLAYER_EVENT=end_of_track → end_of_track (flagged for next play_request_id_changed)
2026-04-12T17:36:39Z PLAYER_EVENT=play_request_id_changed → play_request_id_changed after end_of_track (track skip, ignoring)
2026-04-12T17:36:39Z PLAYER_EVENT=track_changed ignored
2026-04-12T17:36:39Z PLAYER_EVENT=playing → track change (stream connected, skipping webhook)
2026-04-12T17:38:55Z PLAYER_EVENT=preload_next ignored
2026-04-12T17:38:57Z PLAYER_EVENT=preloading ignored
2026-04-12T17:39:24Z PLAYER_EVENT=end_of_track → end_of_track (flagged for next play_request_id_changed)
2026-04-12T17:39:24Z PLAYER_EVENT=play_request_id_changed → play_request_id_changed after end_of_track (track skip, ignoring)
2026-04-12T17:39:24Z PLAYER_EVENT=track_changed ignored
2026-04-12T17:39:24Z PLAYER_EVENT=playing → track change (stream connected, skipping webhook)
2026-04-12T17:41:42Z PLAYER_EVENT=preload_next ignored
2026-04-12T17:41:43Z PLAYER_EVENT=preloading ignored
2026-04-12T17:42:11Z PLAYER_EVENT=end_of_track → end_of_track (flagged for next play_request_id_changed)
2026-04-12T17:42:11Z PLAYER_EVENT=play_request_id_changed → play_request_id_changed after end_of_track (track skip, ignoring)
2026-04-12T17:42:11Z PLAYER_EVENT=track_changed ignored
2026-04-12T17:42:11Z PLAYER_EVENT=playing → track change (stream connected, skipping webhook)
2026-04-12T17:44:53Z PLAYER_EVENT=preload_next ignored
2026-04-12T17:44:54Z PLAYER_EVENT=preloading ignored
2026-04-12T17:45:21Z PLAYER_EVENT=end_of_track → end_of_track (flagged for next play_request_id_changed)
2026-04-12T17:45:21Z PLAYER_EVENT=play_request_id_changed → play_request_id_changed after end_of_track (track skip, ignoring)
2026-04-12T17:45:21Z PLAYER_EVENT=track_changed ignored
2026-04-12T17:45:22Z PLAYER_EVENT=playing → track change (stream connected, skipping webhook)
2026-04-12T17:47:36Z PLAYER_EVENT=preload_next ignored
2026-04-12T17:47:37Z PLAYER_EVENT=preloading ignored
2026-04-12T17:48:05Z PLAYER_EVENT=end_of_track → end_of_track (flagged for next play_request_id_changed)
2026-04-12T17:48:05Z PLAYER_EVENT=play_request_id_changed → play_request_id_changed after end_of_track (track skip, ignoring)
2026-04-12T17:48:05Z PLAYER_EVENT=track_changed ignored
2026-04-12T17:48:05Z PLAYER_EVENT=playing → track change (stream connected, skipping webhook)
2026-04-12T17:50:58Z PLAYER_EVENT=preload_next ignored
2026-04-12T17:50:59Z PLAYER_EVENT=preloading ignored
2026-04-12T17:51:26Z PLAYER_EVENT=end_of_track → end_of_track (flagged for next play_request_id_changed)
2026-04-12T17:51:27Z PLAYER_EVENT=play_request_id_changed → play_request_id_changed after end_of_track (track skip, ignoring)
2026-04-12T17:51:27Z PLAYER_EVENT=track_changed ignored
2026-04-12T17:51:27Z PLAYER_EVENT=playing → track change (stream connected, skipping webhook)
2026-04-12T17:54:05Z PLAYER_EVENT=preload_next ignored
2026-04-12T17:54:06Z PLAYER_EVENT=preloading ignored
2026-04-12T17:54:34Z PLAYER_EVENT=end_of_track → end_of_track (flagged for next play_request_id_changed)
2026-04-12T17:54:34Z PLAYER_EVENT=play_request_id_changed → play_request_id_changed after end_of_track (track skip, ignoring)
2026-04-12T17:54:34Z PLAYER_EVENT=track_changed ignored
2026-04-12T17:54:34Z PLAYER_EVENT=playing → track change (stream connected, skipping webhook)
2026-04-12T17:57:31Z PLAYER_EVENT=preload_next ignored
2026-04-12T17:57:32Z PLAYER_EVENT=preloading ignored
2026-04-12T17:58:00Z PLAYER_EVENT=end_of_track → end_of_track (flagged for next play_request_id_changed)
2026-04-12T17:58:00Z PLAYER_EVENT=play_request_id_changed → play_request_id_changed after end_of_track (track skip, ignoring)
2026-04-12T17:58:00Z PLAYER_EVENT=track_changed ignored
2026-04-12T17:58:00Z PLAYER_EVENT=playing → track change (stream connected, skipping webhook)
2026-04-12T18:00:32Z PLAYER_EVENT=preload_next ignored
2026-04-12T18:00:32Z PLAYER_EVENT=preloading ignored
2026-04-12T18:01:00Z PLAYER_EVENT=end_of_track → end_of_track (flagged for next play_request_id_changed)
2026-04-12T18:01:00Z PLAYER_EVENT=play_request_id_changed → play_request_id_changed after end_of_track (track skip, ignoring)
2026-04-12T18:01:00Z PLAYER_EVENT=track_changed ignored
2026-04-12T18:01:00Z PLAYER_EVENT=playing → track change (stream connected, skipping webhook)
2026-04-12T18:04:13Z PLAYER_EVENT=preload_next ignored
2026-04-12T18:04:14Z PLAYER_EVENT=preloading ignored
2026-04-12T18:04:42Z PLAYER_EVENT=end_of_track → end_of_track (flagged for next play_request_id_changed)
2026-04-12T18:04:42Z PLAYER_EVENT=play_request_id_changed → play_request_id_changed after end_of_track (track skip, ignoring)
2026-04-12T18:04:42Z PLAYER_EVENT=track_changed ignored
2026-04-12T18:04:42Z PLAYER_EVENT=playing → track change (stream connected, skipping webhook)
2026-04-12T18:09:53Z PLAYER_EVENT=preload_next ignored
2026-04-12T18:09:54Z PLAYER_EVENT=preloading ignored
2026-04-12T18:10:22Z PLAYER_EVENT=end_of_track → end_of_track (flagged for next play_request_id_changed)
2026-04-12T18:10:22Z PLAYER_EVENT=play_request_id_changed → play_request_id_changed after end_of_track (track skip, ignoring)
2026-04-12T18:10:22Z PLAYER_EVENT=track_changed ignored
2026-04-12T18:10:22Z PLAYER_EVENT=playing → track change (stream connected, skipping webhook)
2026-04-12T18:14:32Z PLAYER_EVENT=preload_next ignored
2026-04-12T18:14:34Z PLAYER_EVENT=preloading ignored
2026-04-12T18:15:01Z PLAYER_EVENT=end_of_track → end_of_track (flagged for next play_request_id_changed)
2026-04-12T18:15:01Z PLAYER_EVENT=play_request_id_changed → play_request_id_changed after end_of_track (track skip, ignoring)
2026-04-12T18:15:01Z PLAYER_EVENT=track_changed ignored
2026-04-12T18:15:01Z PLAYER_EVENT=playing → track change (stream connected, skipping webhook)
2026-04-12T18:17:53Z PLAYER_EVENT=preload_next ignored
2026-04-12T18:17:54Z PLAYER_EVENT=preloading ignored
2026-04-12T18:18:22Z PLAYER_EVENT=end_of_track → end_of_track (flagged for next play_request_id_changed)
2026-04-12T18:18:22Z PLAYER_EVENT=play_request_id_changed → play_request_id_changed after end_of_track (track skip, ignoring)
2026-04-12T18:18:22Z PLAYER_EVENT=track_changed ignored
2026-04-12T18:18:22Z PLAYER_EVENT=playing → track change (stream connected, skipping webhook)
2026-04-12T18:19:23Z PLAYER_EVENT=paused → paused, debouncing (3s)
2026-04-12T18:19:26Z PLAYER_EVENT=paused → notifying HA: librespot_stopped (paused)
2026-04-12T18:19:26Z PLAYER_EVENT=session_disconnected → reset state to stopped (new session)
2026-04-12T18:19:30Z PLAYER_EVENT=session_disconnected → reset state to stopped (new session)
2026-04-12T18:19:33Z PLAYER_EVENT=session_connected → reset state to stopped (new session)
2026-04-12T18:19:33Z PLAYER_EVENT=session_client_changed ignored
2026-04-12T18:19:33Z PLAYER_EVENT=volume_changed ignored
2026-04-12T18:19:33Z PLAYER_EVENT=auto_play_changed ignored
2026-04-12T18:19:33Z PLAYER_EVENT=filter_explicit_content_changed ignored
2026-04-12T18:19:33Z PLAYER_EVENT=shuffle_changed ignored
2026-04-12T18:19:33Z PLAYER_EVENT=repeat_changed ignored
2026-04-12T18:19:33Z PLAYER_EVENT=play_request_id_changed → reset state to stopped (fresh play request, no preceding end_of_track)
2026-04-12T18:19:33Z PLAYER_EVENT=track_changed ignored
2026-04-12T18:19:33Z PLAYER_EVENT=paused → paused, debouncing (3s)
2026-04-12T18:19:36Z PLAYER_EVENT=paused → notifying HA: librespot_stopped (paused)
2026-04-12T18:19:45Z PLAYER_EVENT=session_disconnected → reset state to stopped (new session)
2026-04-12T18:19:52Z PLAYER_EVENT=session_disconnected → reset state to stopped (new session)
2026-04-12T18:19:59Z PLAYER_EVENT=session_disconnected → reset state to stopped (new session)
2026-04-12T18:20:05Z PLAYER_EVENT=session_disconnected → reset state to stopped (new session)
2026-04-12T18:20:12Z PLAYER_EVENT=session_disconnected → reset state to stopped (new session)
2026-04-12T18:20:16Z PLAYER_EVENT=session_connected → reset state to stopped (new session)
2026-04-12T18:20:16Z PLAYER_EVENT=session_client_changed ignored
2026-04-12T18:20:16Z PLAYER_EVENT=volume_changed ignored
2026-04-12T18:20:16Z PLAYER_EVENT=auto_play_changed ignored
2026-04-12T18:20:16Z PLAYER_EVENT=filter_explicit_content_changed ignored
2026-04-12T18:20:16Z PLAYER_EVENT=shuffle_changed ignored
2026-04-12T18:20:16Z PLAYER_EVENT=repeat_changed ignored
2026-04-12T18:20:16Z PLAYER_EVENT=play_request_id_changed → reset state to stopped (fresh play request, no preceding end_of_track)
2026-04-12T18:20:16Z PLAYER_EVENT=loading ignored
2026-04-12T18:20:16Z PLAYER_EVENT=track_changed ignored
2026-04-12T18:20:16Z PLAYER_EVENT=paused → paused, debouncing (3s)
2026-04-12T18:20:19Z PLAYER_EVENT=paused → notifying HA: librespot_stopped (paused)
2026-04-12T19:08:52Z PLAYER_EVENT=session_connected → reset state to stopped (new session)
2026-04-12T19:08:52Z PLAYER_EVENT=session_client_changed ignored
2026-04-12T19:08:52Z PLAYER_EVENT=volume_changed ignored
2026-04-12T19:08:52Z PLAYER_EVENT=auto_play_changed ignored
2026-04-12T19:08:52Z PLAYER_EVENT=filter_explicit_content_changed ignored
2026-04-12T19:08:52Z PLAYER_EVENT=shuffle_changed ignored
2026-04-12T19:08:52Z PLAYER_EVENT=repeat_changed ignored
2026-04-12T19:08:52Z PLAYER_EVENT=play_request_id_changed → reset state to stopped (fresh play request, no preceding end_of_track)
2026-04-12T19:08:52Z PLAYER_EVENT=loading ignored
2026-04-12T19:08:53Z PLAYER_EVENT=track_changed ignored
2026-04-12T19:08:53Z PLAYER_EVENT=paused → paused, debouncing (3s)
2026-04-12T19:08:56Z PLAYER_EVENT=paused → notifying HA: librespot_stopped (paused)
2026-04-12T20:22:56Z PLAYER_EVENT=session_connected → reset state to stopped (new session)
2026-04-12T20:22:56Z PLAYER_EVENT=session_client_changed ignored
2026-04-12T20:22:56Z PLAYER_EVENT=volume_changed ignored
2026-04-12T20:22:56Z PLAYER_EVENT=auto_play_changed ignored
2026-04-12T20:22:56Z PLAYER_EVENT=filter_explicit_content_changed ignored
2026-04-12T20:22:56Z PLAYER_EVENT=shuffle_changed ignored
2026-04-12T20:22:56Z PLAYER_EVENT=repeat_changed ignored
2026-04-12T20:22:56Z PLAYER_EVENT=play_request_id_changed → reset state to stopped (fresh play request, no preceding end_of_track)
2026-04-12T20:22:56Z PLAYER_EVENT=track_changed ignored
2026-04-12T20:22:56Z PLAYER_EVENT=paused → paused, debouncing (3s)
2026-04-12T20:22:59Z PLAYER_EVENT=paused → notifying HA: librespot_stopped (paused)
2026-04-12T22:03:01Z PLAYER_EVENT=session_disconnected → reset state to stopped (new session)
2026-04-12T22:03:02Z PLAYER_EVENT=session_connected → reset state to stopped (new session)
2026-04-12T22:03:02Z PLAYER_EVENT=session_client_changed ignored
2026-04-12T22:03:02Z PLAYER_EVENT=volume_changed ignored
2026-04-12T22:03:02Z PLAYER_EVENT=auto_play_changed ignored
2026-04-12T22:03:02Z PLAYER_EVENT=filter_explicit_content_changed ignored
2026-04-12T22:03:02Z PLAYER_EVENT=shuffle_changed ignored
2026-04-12T22:03:02Z PLAYER_EVENT=repeat_changed ignored
2026-04-12T22:03:02Z PLAYER_EVENT=play_request_id_changed → reset state to stopped (fresh play request, no preceding end_of_track)
2026-04-12T22:03:02Z PLAYER_EVENT=loading ignored
2026-04-12T22:03:03Z PLAYER_EVENT=track_changed ignored
2026-04-12T22:03:03Z PLAYER_EVENT=playing → notifying HA: librespot_playing
2026-04-12T22:06:11Z PLAYER_EVENT=preload_next ignored
2026-04-12T22:06:13Z PLAYER_EVENT=preloading ignored
2026-04-12T22:06:40Z PLAYER_EVENT=end_of_track → end_of_track (flagged for next play_request_id_changed)
2026-04-12T22:06:40Z PLAYER_EVENT=play_request_id_changed → play_request_id_changed after end_of_track (track skip, ignoring)
2026-04-12T22:06:40Z PLAYER_EVENT=track_changed ignored
2026-04-12T22:06:40Z PLAYER_EVENT=playing → track change (stream connected, skipping webhook)
2026-04-12T22:09:13Z PLAYER_EVENT=preload_next ignored
2026-04-12T22:09:15Z PLAYER_EVENT=preloading ignored
2026-04-12T22:09:41Z PLAYER_EVENT=end_of_track → end_of_track (flagged for next play_request_id_changed)
2026-04-12T22:09:41Z PLAYER_EVENT=play_request_id_changed → play_request_id_changed after end_of_track (track skip, ignoring)
2026-04-12T22:09:41Z PLAYER_EVENT=track_changed ignored
2026-04-12T22:09:41Z PLAYER_EVENT=playing → track change (stream connected, skipping webhook)
2026-04-12T22:14:16Z PLAYER_EVENT=preload_next ignored
2026-04-12T22:14:17Z PLAYER_EVENT=preloading ignored
2026-04-12T22:14:44Z PLAYER_EVENT=end_of_track → end_of_track (flagged for next play_request_id_changed)
2026-04-12T22:14:44Z PLAYER_EVENT=play_request_id_changed → play_request_id_changed after end_of_track (track skip, ignoring)
2026-04-12T22:14:44Z PLAYER_EVENT=track_changed ignored
2026-04-12T22:14:44Z PLAYER_EVENT=playing → track change (stream connected, skipping webhook)
2026-04-12T22:15:42Z PLAYER_EVENT=paused → paused, debouncing (3s)
2026-04-12T22:15:45Z PLAYER_EVENT=paused → notifying HA: librespot_stopped (paused)
2026-04-12T22:15:54Z PLAYER_EVENT=play_request_id_changed → reset state to stopped (fresh play request, no preceding end_of_track)
2026-04-12T22:15:54Z PLAYER_EVENT=loading ignored
2026-04-12T22:15:54Z PLAYER_EVENT=track_changed ignored
2026-04-12T22:15:54Z PLAYER_EVENT=playing → notifying HA: librespot_playing
2026-04-12T22:19:13Z PLAYER_EVENT=preload_next ignored
2026-04-12T22:19:14Z PLAYER_EVENT=preloading ignored
2026-04-12T22:19:42Z PLAYER_EVENT=end_of_track → end_of_track (flagged for next play_request_id_changed)
2026-04-12T22:19:42Z PLAYER_EVENT=play_request_id_changed → play_request_id_changed after end_of_track (track skip, ignoring)
2026-04-12T22:19:42Z PLAYER_EVENT=track_changed ignored
2026-04-12T22:19:42Z PLAYER_EVENT=playing → track change (stream connected, skipping webhook)
2026-04-12T22:20:45Z PLAYER_EVENT=session_disconnected → reset state to stopped (new session)
2026-04-12T22:20:45Z PLAYER_EVENT=stopped → stopped, debouncing (5s)
2026-04-12T22:20:50Z PLAYER_EVENT=stopped → notifying HA: librespot_stopped
2026-04-12T22:20:51Z PLAYER_EVENT=session_connected → reset state to stopped (new session)
2026-04-12T22:20:51Z PLAYER_EVENT=session_client_changed ignored
2026-04-12T22:20:51Z PLAYER_EVENT=volume_changed ignored
2026-04-12T22:20:51Z PLAYER_EVENT=auto_play_changed ignored
2026-04-12T22:20:51Z PLAYER_EVENT=filter_explicit_content_changed ignored
2026-04-12T22:20:51Z PLAYER_EVENT=shuffle_changed ignored
2026-04-12T22:20:51Z PLAYER_EVENT=repeat_changed ignored
2026-04-12T22:20:51Z PLAYER_EVENT=play_request_id_changed → reset state to stopped (fresh play request, no preceding end_of_track)
2026-04-12T22:20:51Z PLAYER_EVENT=loading ignored
2026-04-12T22:20:52Z PLAYER_EVENT=track_changed ignored
2026-04-12T22:20:52Z PLAYER_EVENT=playing → notifying HA: librespot_playing
2026-04-12T22:24:09Z PLAYER_EVENT=preload_next ignored
2026-04-12T22:24:10Z PLAYER_EVENT=preloading ignored
2026-04-12T22:24:37Z PLAYER_EVENT=end_of_track → end_of_track (flagged for next play_request_id_changed)
2026-04-12T22:24:37Z PLAYER_EVENT=play_request_id_changed → play_request_id_changed after end_of_track (track skip, ignoring)
2026-04-12T22:24:37Z PLAYER_EVENT=track_changed ignored
2026-04-12T22:24:37Z PLAYER_EVENT=playing → track change (stream connected, skipping webhook)
2026-04-12T22:27:47Z PLAYER_EVENT=preload_next ignored
2026-04-12T22:27:48Z PLAYER_EVENT=preloading ignored
2026-04-12T22:28:16Z PLAYER_EVENT=end_of_track → end_of_track (flagged for next play_request_id_changed)
2026-04-12T22:28:16Z PLAYER_EVENT=play_request_id_changed → play_request_id_changed after end_of_track (track skip, ignoring)
2026-04-12T22:28:16Z PLAYER_EVENT=track_changed ignored
2026-04-12T22:28:16Z PLAYER_EVENT=playing → track change (stream connected, skipping webhook)
2026-04-12T22:32:27Z PLAYER_EVENT=preload_next ignored
2026-04-12T22:32:28Z PLAYER_EVENT=preloading ignored
2026-04-12T22:32:55Z PLAYER_EVENT=end_of_track → end_of_track (flagged for next play_request_id_changed)
2026-04-12T22:32:55Z PLAYER_EVENT=play_request_id_changed → play_request_id_changed after end_of_track (track skip, ignoring)
2026-04-12T22:32:55Z PLAYER_EVENT=track_changed ignored
2026-04-12T22:32:55Z PLAYER_EVENT=playing → track change (stream connected, skipping webhook)
2026-04-12T22:33:09Z PLAYER_EVENT=session_disconnected → reset state to stopped (new session)
2026-04-12T22:33:09Z PLAYER_EVENT=stopped → stopped, debouncing (5s)
2026-04-12T22:33:14Z PLAYER_EVENT=stopped → notifying HA: librespot_stopped
2026-04-12T22:33:14Z PLAYER_EVENT=session_connected → reset state to stopped (new session)
2026-04-12T22:33:14Z PLAYER_EVENT=session_client_changed ignored
2026-04-12T22:33:14Z PLAYER_EVENT=volume_changed ignored
2026-04-12T22:33:14Z PLAYER_EVENT=auto_play_changed ignored
2026-04-12T22:33:14Z PLAYER_EVENT=filter_explicit_content_changed ignored
2026-04-12T22:33:14Z PLAYER_EVENT=shuffle_changed ignored
2026-04-12T22:33:14Z PLAYER_EVENT=repeat_changed ignored
2026-04-12T22:33:14Z PLAYER_EVENT=play_request_id_changed → reset state to stopped (fresh play request, no preceding end_of_track)
2026-04-12T22:33:14Z PLAYER_EVENT=loading ignored
2026-04-12T22:33:14Z PLAYER_EVENT=track_changed ignored
2026-04-12T22:33:14Z PLAYER_EVENT=playing → notifying HA: librespot_playing
2026-04-12T22:33:14Z PLAYER_EVENT=paused → paused, debouncing (3s)
2026-04-12T22:33:17Z PLAYER_EVENT=paused → notifying HA: librespot_stopped (paused)
2026-04-12T22:43:34Z PLAYER_EVENT=session_disconnected → reset state to stopped (new session)
2026-04-12T22:43:34Z PLAYER_EVENT=stopped → stopped, debouncing (5s)
2026-04-12T22:43:39Z PLAYER_EVENT=stopped → notifying HA: librespot_stopped
2026-04-13T02:10:49Z PLAYER_EVENT=session_connected → reset state to stopped (new session)
2026-04-13T02:10:49Z PLAYER_EVENT=session_client_changed ignored
2026-04-13T02:10:49Z PLAYER_EVENT=volume_changed ignored
2026-04-13T02:10:49Z PLAYER_EVENT=auto_play_changed ignored
2026-04-13T02:10:49Z PLAYER_EVENT=filter_explicit_content_changed ignored
2026-04-13T02:10:49Z PLAYER_EVENT=shuffle_changed ignored
2026-04-13T02:10:49Z PLAYER_EVENT=repeat_changed ignored
2026-04-13T02:10:49Z PLAYER_EVENT=play_request_id_changed → reset state to stopped (fresh play request, no preceding end_of_track)
2026-04-13T02:10:49Z PLAYER_EVENT=loading ignored
2026-04-13T02:10:50Z PLAYER_EVENT=track_changed ignored
2026-04-13T02:10:50Z PLAYER_EVENT=playing → notifying HA: librespot_playing
2026-04-13T02:13:26Z PLAYER_EVENT=preload_next ignored
2026-04-13T02:13:28Z PLAYER_EVENT=preloading ignored
2026-04-13T02:13:55Z PLAYER_EVENT=end_of_track → end_of_track (flagged for next play_request_id_changed)
2026-04-13T02:13:55Z PLAYER_EVENT=play_request_id_changed → play_request_id_changed after end_of_track (track skip, ignoring)
2026-04-13T02:13:55Z PLAYER_EVENT=track_changed ignored
2026-04-13T02:13:55Z PLAYER_EVENT=playing → track change (stream connected, skipping webhook)
2026-04-13T02:16:46Z PLAYER_EVENT=preload_next ignored
2026-04-13T02:16:47Z PLAYER_EVENT=preloading ignored
2026-04-13T02:17:14Z PLAYER_EVENT=end_of_track → end_of_track (flagged for next play_request_id_changed)
2026-04-13T02:17:14Z PLAYER_EVENT=play_request_id_changed → play_request_id_changed after end_of_track (track skip, ignoring)
2026-04-13T02:17:14Z PLAYER_EVENT=track_changed ignored
2026-04-13T02:17:14Z PLAYER_EVENT=playing → track change (stream connected, skipping webhook)
2026-04-13T02:20:17Z PLAYER_EVENT=preload_next ignored
2026-04-13T02:20:19Z PLAYER_EVENT=preloading ignored
2026-04-13T02:20:46Z PLAYER_EVENT=end_of_track → end_of_track (flagged for next play_request_id_changed)
2026-04-13T02:20:46Z PLAYER_EVENT=play_request_id_changed → play_request_id_changed after end_of_track (track skip, ignoring)
2026-04-13T02:20:46Z PLAYER_EVENT=track_changed ignored
2026-04-13T02:20:46Z PLAYER_EVENT=playing → track change (stream connected, skipping webhook)
2026-04-13T02:23:18Z PLAYER_EVENT=preload_next ignored
2026-04-13T02:23:19Z PLAYER_EVENT=preloading ignored
2026-04-13T02:23:47Z PLAYER_EVENT=end_of_track → end_of_track (flagged for next play_request_id_changed)
2026-04-13T02:23:47Z PLAYER_EVENT=play_request_id_changed → play_request_id_changed after end_of_track (track skip, ignoring)
2026-04-13T02:23:47Z PLAYER_EVENT=track_changed ignored
2026-04-13T02:23:47Z PLAYER_EVENT=playing → track change (stream connected, skipping webhook)
2026-04-13T02:26:40Z PLAYER_EVENT=preload_next ignored
2026-04-13T02:26:42Z PLAYER_EVENT=preloading ignored
2026-04-13T02:27:08Z PLAYER_EVENT=end_of_track → end_of_track (flagged for next play_request_id_changed)
2026-04-13T02:27:08Z PLAYER_EVENT=play_request_id_changed → play_request_id_changed after end_of_track (track skip, ignoring)
2026-04-13T02:27:08Z PLAYER_EVENT=track_changed ignored
2026-04-13T02:27:08Z PLAYER_EVENT=playing → track change (stream connected, skipping webhook)
2026-04-13T02:28:58Z PLAYER_EVENT=preload_next ignored
2026-04-13T02:28:59Z PLAYER_EVENT=preloading ignored
2026-04-13T02:29:26Z PLAYER_EVENT=end_of_track → end_of_track (flagged for next play_request_id_changed)
2026-04-13T02:29:26Z PLAYER_EVENT=play_request_id_changed → play_request_id_changed after end_of_track (track skip, ignoring)
2026-04-13T02:29:27Z PLAYER_EVENT=track_changed ignored
2026-04-13T02:29:27Z PLAYER_EVENT=playing → track change (stream connected, skipping webhook)
2026-04-13T02:31:32Z PLAYER_EVENT=preload_next ignored
2026-04-13T02:31:34Z PLAYER_EVENT=preloading ignored
2026-04-13T02:32:00Z PLAYER_EVENT=end_of_track → end_of_track (flagged for next play_request_id_changed)
2026-04-13T02:32:00Z PLAYER_EVENT=play_request_id_changed → play_request_id_changed after end_of_track (track skip, ignoring)
2026-04-13T02:32:00Z PLAYER_EVENT=track_changed ignored
2026-04-13T02:32:00Z PLAYER_EVENT=playing → track change (stream connected, skipping webhook)
2026-04-13T02:33:59Z PLAYER_EVENT=preload_next ignored
2026-04-13T02:34:27Z PLAYER_EVENT=end_of_track → end_of_track (flagged for next play_request_id_changed)
2026-04-13T02:34:27Z PLAYER_EVENT=play_request_id_changed → play_request_id_changed after end_of_track (track skip, ignoring)
2026-04-13T02:34:27Z PLAYER_EVENT=loading ignored
2026-04-13T02:34:29Z PLAYER_EVENT=track_changed ignored
2026-04-13T02:34:29Z PLAYER_EVENT=playing → track change (stream connected, skipping webhook)
2026-04-13T02:36:55Z PLAYER_EVENT=preload_next ignored
2026-04-13T02:36:56Z PLAYER_EVENT=preloading ignored
2026-04-13T02:37:23Z PLAYER_EVENT=end_of_track → end_of_track (flagged for next play_request_id_changed)
2026-04-13T02:37:23Z PLAYER_EVENT=play_request_id_changed → play_request_id_changed after end_of_track (track skip, ignoring)
2026-04-13T02:37:23Z PLAYER_EVENT=track_changed ignored
2026-04-13T02:37:23Z PLAYER_EVENT=playing → track change (stream connected, skipping webhook)
2026-04-13T02:39:47Z PLAYER_EVENT=preload_next ignored
2026-04-13T02:39:52Z PLAYER_EVENT=preloading ignored
2026-04-13T02:40:16Z PLAYER_EVENT=end_of_track → end_of_track (flagged for next play_request_id_changed)
2026-04-13T02:40:16Z PLAYER_EVENT=play_request_id_changed → play_request_id_changed after end_of_track (track skip, ignoring)
2026-04-13T02:40:16Z PLAYER_EVENT=track_changed ignored
2026-04-13T02:40:16Z PLAYER_EVENT=playing → track change (stream connected, skipping webhook)
2026-04-13T02:41:01Z PLAYER_EVENT=paused → paused, debouncing (3s)
2026-04-13T02:41:04Z PLAYER_EVENT=paused → notifying HA: librespot_stopped (paused)
2026-04-13T03:00:11Z PLAYER_EVENT=session_disconnected → reset state to stopped (new session)
2026-04-13T03:00:11Z PLAYER_EVENT=stopped → stopped, debouncing (5s)
2026-04-13T03:00:16Z PLAYER_EVENT=stopped → notifying HA: librespot_stopped
2026-04-13T03:38:44Z PLAYER_EVENT=session_connected → reset state to stopped (new session)
2026-04-13T03:38:44Z PLAYER_EVENT=session_client_changed ignored
2026-04-13T03:38:44Z PLAYER_EVENT=volume_changed ignored
2026-04-13T03:38:44Z PLAYER_EVENT=auto_play_changed ignored
2026-04-13T03:38:44Z PLAYER_EVENT=filter_explicit_content_changed ignored
2026-04-13T03:38:44Z PLAYER_EVENT=shuffle_changed ignored
2026-04-13T03:38:44Z PLAYER_EVENT=repeat_changed ignored
2026-04-13T03:38:44Z PLAYER_EVENT=play_request_id_changed → reset state to stopped (fresh play request, no preceding end_of_track)
2026-04-13T03:38:44Z PLAYER_EVENT=loading ignored
2026-04-13T03:38:45Z PLAYER_EVENT=track_changed ignored
2026-04-13T03:38:45Z PLAYER_EVENT=paused → paused, debouncing (3s)
2026-04-13T03:38:49Z PLAYER_EVENT=paused → notifying HA: librespot_stopped (paused)
2026-04-13T03:42:48Z PLAYER_EVENT=session_connected → reset state to stopped (new session)
2026-04-13T03:42:48Z PLAYER_EVENT=session_client_changed ignored
2026-04-13T03:42:48Z PLAYER_EVENT=volume_changed ignored
2026-04-13T03:42:48Z PLAYER_EVENT=auto_play_changed ignored
2026-04-13T03:42:48Z PLAYER_EVENT=filter_explicit_content_changed ignored
2026-04-13T03:42:48Z PLAYER_EVENT=shuffle_changed ignored
2026-04-13T03:42:48Z PLAYER_EVENT=repeat_changed ignored
2026-04-13T03:42:48Z PLAYER_EVENT=play_request_id_changed → reset state to stopped (fresh play request, no preceding end_of_track)
2026-04-13T03:42:48Z PLAYER_EVENT=loading ignored
2026-04-13T03:42:49Z PLAYER_EVENT=track_changed ignored
2026-04-13T03:42:49Z PLAYER_EVENT=paused → paused, debouncing (3s)
2026-04-13T03:42:52Z PLAYER_EVENT=paused → notifying HA: librespot_stopped (paused)
2026-04-13T03:54:08Z PLAYER_EVENT=session_disconnected → reset state to stopped (new session)
2026-04-13T03:54:08Z PLAYER_EVENT=stopped → stopped, debouncing (5s)
2026-04-13T03:54:13Z PLAYER_EVENT=stopped → notifying HA: librespot_stopped
2026-04-13T11:08:52Z PLAYER_EVENT=session_connected → reset state to stopped (new session)
2026-04-13T11:08:52Z PLAYER_EVENT=session_client_changed ignored
2026-04-13T11:08:52Z PLAYER_EVENT=volume_changed ignored
2026-04-13T11:08:52Z PLAYER_EVENT=auto_play_changed ignored
2026-04-13T11:08:52Z PLAYER_EVENT=filter_explicit_content_changed ignored
2026-04-13T11:08:52Z PLAYER_EVENT=shuffle_changed ignored
2026-04-13T11:08:52Z PLAYER_EVENT=repeat_changed ignored
2026-04-13T11:08:52Z PLAYER_EVENT=play_request_id_changed → reset state to stopped (fresh play request, no preceding end_of_track)
2026-04-13T11:08:52Z PLAYER_EVENT=loading ignored
2026-04-13T11:08:53Z PLAYER_EVENT=track_changed ignored
2026-04-13T11:08:53Z PLAYER_EVENT=paused → paused, debouncing (3s)
2026-04-13T11:08:57Z PLAYER_EVENT=paused → notifying HA: librespot_stopped (paused)
2026-04-13T11:12:07Z PLAYER_EVENT=session_disconnected → reset state to stopped (new session)
2026-04-13T11:12:07Z PLAYER_EVENT=stopped → stopped, debouncing (5s)
2026-04-13T11:12:12Z PLAYER_EVENT=stopped → notifying HA: librespot_stopped
2026-04-13T11:12:25Z PLAYER_EVENT=session_connected → reset state to stopped (new session)
2026-04-13T11:12:25Z PLAYER_EVENT=session_client_changed ignored
2026-04-13T11:12:25Z PLAYER_EVENT=volume_changed ignored
2026-04-13T11:12:25Z PLAYER_EVENT=auto_play_changed ignored
2026-04-13T11:12:25Z PLAYER_EVENT=filter_explicit_content_changed ignored
2026-04-13T11:12:25Z PLAYER_EVENT=shuffle_changed ignored
2026-04-13T11:12:25Z PLAYER_EVENT=repeat_changed ignored
2026-04-13T11:12:25Z PLAYER_EVENT=play_request_id_changed → reset state to stopped (fresh play request, no preceding end_of_track)
2026-04-13T11:12:25Z PLAYER_EVENT=loading ignored
2026-04-13T11:12:27Z PLAYER_EVENT=track_changed ignored
2026-04-13T11:12:27Z PLAYER_EVENT=paused → paused, debouncing (3s)
2026-04-13T11:12:30Z PLAYER_EVENT=paused → notifying HA: librespot_stopped (paused)
2026-04-13T11:33:02Z PLAYER_EVENT=session_disconnected → reset state to stopped (new session)
2026-04-13T11:33:02Z PLAYER_EVENT=stopped → stopped, debouncing (5s)
2026-04-13T11:33:07Z PLAYER_EVENT=stopped → notifying HA: librespot_stopped
2026-04-13T12:51:30Z PLAYER_EVENT=session_connected → reset state to stopped (new session)
2026-04-13T12:51:30Z PLAYER_EVENT=session_client_changed ignored
2026-04-13T12:51:30Z PLAYER_EVENT=volume_changed ignored
2026-04-13T12:51:30Z PLAYER_EVENT=auto_play_changed ignored
2026-04-13T12:51:30Z PLAYER_EVENT=filter_explicit_content_changed ignored
2026-04-13T12:51:30Z PLAYER_EVENT=shuffle_changed ignored
2026-04-13T12:51:30Z PLAYER_EVENT=repeat_changed ignored
2026-04-13T12:51:30Z PLAYER_EVENT=play_request_id_changed → reset state to stopped (fresh play request, no preceding end_of_track)
2026-04-13T12:51:30Z PLAYER_EVENT=loading ignored
2026-04-13T12:51:31Z PLAYER_EVENT=track_changed ignored
2026-04-13T12:51:31Z PLAYER_EVENT=paused → paused, debouncing (3s)
2026-04-13T12:51:34Z PLAYER_EVENT=paused → notifying HA: librespot_stopped (paused)
2026-04-13T12:54:04Z PLAYER_EVENT=session_disconnected → reset state to stopped (new session)
2026-04-13T12:54:04Z PLAYER_EVENT=stopped → stopped, debouncing (5s)
2026-04-13T12:54:09Z PLAYER_EVENT=stopped → notifying HA: librespot_stopped
2026-04-13T14:32:04Z PLAYER_EVENT=session_connected → reset state to stopped (new session)
2026-04-13T14:32:04Z PLAYER_EVENT=session_client_changed ignored
2026-04-13T14:32:04Z PLAYER_EVENT=volume_changed ignored
2026-04-13T14:32:04Z PLAYER_EVENT=auto_play_changed ignored
2026-04-13T14:32:04Z PLAYER_EVENT=filter_explicit_content_changed ignored
2026-04-13T14:32:04Z PLAYER_EVENT=shuffle_changed ignored
2026-04-13T14:32:04Z PLAYER_EVENT=repeat_changed ignored
2026-04-13T14:32:04Z PLAYER_EVENT=play_request_id_changed → reset state to stopped (fresh play request, no preceding end_of_track)
2026-04-13T14:32:04Z PLAYER_EVENT=loading ignored
2026-04-13T14:32:05Z PLAYER_EVENT=track_changed ignored
2026-04-13T14:32:06Z PLAYER_EVENT=paused → paused, debouncing (3s)
2026-04-13T14:32:09Z PLAYER_EVENT=paused → notifying HA: librespot_stopped (paused)
2026-04-13T14:34:33Z PLAYER_EVENT=session_disconnected → reset state to stopped (new session)
2026-04-13T14:34:33Z PLAYER_EVENT=stopped → stopped, debouncing (5s)
2026-04-13T14:34:38Z PLAYER_EVENT=stopped → notifying HA: librespot_stopped
2026-04-13T20:05:38Z PLAYER_EVENT=session_connected → reset state to stopped (new session)
2026-04-13T20:05:38Z PLAYER_EVENT=session_client_changed ignored
2026-04-13T20:05:38Z PLAYER_EVENT=volume_changed ignored
2026-04-13T20:05:38Z PLAYER_EVENT=auto_play_changed ignored
2026-04-13T20:05:38Z PLAYER_EVENT=filter_explicit_content_changed ignored
2026-04-13T20:05:38Z PLAYER_EVENT=shuffle_changed ignored
2026-04-13T20:05:38Z PLAYER_EVENT=repeat_changed ignored
2026-04-13T20:05:38Z PLAYER_EVENT=play_request_id_changed → reset state to stopped (fresh play request, no preceding end_of_track)
2026-04-13T20:05:38Z PLAYER_EVENT=loading ignored
2026-04-13T20:05:40Z PLAYER_EVENT=track_changed ignored
2026-04-13T20:05:40Z PLAYER_EVENT=paused → paused, debouncing (3s)
2026-04-13T20:05:43Z PLAYER_EVENT=paused → notifying HA: librespot_stopped (paused)
2026-04-13T20:16:13Z PLAYER_EVENT=session_connected → reset state to stopped (new session)
2026-04-13T20:16:13Z PLAYER_EVENT=session_client_changed ignored
2026-04-13T20:16:13Z PLAYER_EVENT=volume_changed ignored
2026-04-13T20:16:13Z PLAYER_EVENT=auto_play_changed ignored
2026-04-13T20:16:13Z PLAYER_EVENT=filter_explicit_content_changed ignored
2026-04-13T20:16:13Z PLAYER_EVENT=shuffle_changed ignored
2026-04-13T20:16:13Z PLAYER_EVENT=repeat_changed ignored
2026-04-13T20:16:13Z PLAYER_EVENT=play_request_id_changed → reset state to stopped (fresh play request, no preceding end_of_track)
2026-04-13T20:16:13Z PLAYER_EVENT=loading ignored
2026-04-13T20:16:14Z PLAYER_EVENT=track_changed ignored
2026-04-13T20:16:14Z PLAYER_EVENT=paused → paused, debouncing (3s)
2026-04-13T20:16:17Z PLAYER_EVENT=paused → notifying HA: librespot_stopped (paused)
2026-04-13T21:06:29Z PLAYER_EVENT=session_disconnected → reset state to stopped (new session)
2026-04-13T21:06:29Z PLAYER_EVENT=stopped → stopped, debouncing (5s)
2026-04-13T21:06:34Z PLAYER_EVENT=stopped → notifying HA: librespot_stopped
2026-04-13T22:07:47Z PLAYER_EVENT=session_connected → reset state to stopped (new session)
2026-04-13T22:07:47Z PLAYER_EVENT=session_client_changed ignored
2026-04-13T22:07:47Z PLAYER_EVENT=volume_changed ignored
2026-04-13T22:07:47Z PLAYER_EVENT=auto_play_changed ignored
2026-04-13T22:07:47Z PLAYER_EVENT=filter_explicit_content_changed ignored
2026-04-13T22:07:47Z PLAYER_EVENT=shuffle_changed ignored
2026-04-13T22:07:47Z PLAYER_EVENT=repeat_changed ignored
2026-04-13T22:07:47Z PLAYER_EVENT=play_request_id_changed → reset state to stopped (fresh play request, no preceding end_of_track)
2026-04-13T22:07:47Z PLAYER_EVENT=loading ignored
2026-04-13T22:07:48Z PLAYER_EVENT=track_changed ignored
2026-04-13T22:07:48Z PLAYER_EVENT=paused → paused, debouncing (3s)
2026-04-13T22:07:51Z PLAYER_EVENT=paused → notifying HA: librespot_stopped (paused)
2026-04-13T22:17:49Z PLAYER_EVENT=session_disconnected → reset state to stopped (new session)
2026-04-13T22:17:49Z PLAYER_EVENT=stopped → stopped, debouncing (5s)
2026-04-13T22:17:54Z PLAYER_EVENT=stopped → notifying HA: librespot_stopped
2026-04-13T22:34:51Z PLAYER_EVENT=session_connected → reset state to stopped (new session)
2026-04-13T22:34:51Z PLAYER_EVENT=session_client_changed ignored
2026-04-13T22:34:51Z PLAYER_EVENT=volume_changed ignored
2026-04-13T22:34:51Z PLAYER_EVENT=auto_play_changed ignored
2026-04-13T22:34:51Z PLAYER_EVENT=filter_explicit_content_changed ignored
2026-04-13T22:34:51Z PLAYER_EVENT=shuffle_changed ignored
2026-04-13T22:34:51Z PLAYER_EVENT=repeat_changed ignored
2026-04-13T22:34:51Z PLAYER_EVENT=play_request_id_changed → reset state to stopped (fresh play request, no preceding end_of_track)
2026-04-13T22:34:51Z PLAYER_EVENT=loading ignored
2026-04-13T22:34:52Z PLAYER_EVENT=track_changed ignored
2026-04-13T22:34:52Z PLAYER_EVENT=paused → paused, debouncing (3s)
2026-04-13T22:34:55Z PLAYER_EVENT=paused → notifying HA: librespot_stopped (paused)
2026-04-13T22:43:29Z PLAYER_EVENT=session_disconnected → reset state to stopped (new session)
2026-04-13T22:43:29Z PLAYER_EVENT=stopped → stopped, debouncing (5s)
2026-04-13T22:43:34Z PLAYER_EVENT=stopped → notifying HA: librespot_stopped
2026-04-14T00:10:25Z PLAYER_EVENT=session_connected → reset state to stopped (new session)
2026-04-14T00:10:25Z PLAYER_EVENT=session_client_changed ignored
2026-04-14T00:10:25Z PLAYER_EVENT=volume_changed ignored
2026-04-14T00:10:25Z PLAYER_EVENT=auto_play_changed ignored
2026-04-14T00:10:25Z PLAYER_EVENT=filter_explicit_content_changed ignored
2026-04-14T00:10:25Z PLAYER_EVENT=shuffle_changed ignored
2026-04-14T00:10:25Z PLAYER_EVENT=repeat_changed ignored
2026-04-14T00:10:25Z PLAYER_EVENT=play_request_id_changed → reset state to stopped (fresh play request, no preceding end_of_track)
2026-04-14T00:10:25Z PLAYER_EVENT=loading ignored
2026-04-14T00:10:26Z PLAYER_EVENT=track_changed ignored
2026-04-14T00:10:26Z PLAYER_EVENT=paused → paused, debouncing (3s)
2026-04-14T00:10:29Z PLAYER_EVENT=paused → notifying HA: librespot_stopped (paused)
2026-04-14T02:48:33Z PLAYER_EVENT=session_connected → reset state to stopped (new session)
2026-04-14T02:48:33Z PLAYER_EVENT=session_client_changed ignored
2026-04-14T02:48:33Z PLAYER_EVENT=volume_changed ignored
2026-04-14T02:48:33Z PLAYER_EVENT=auto_play_changed ignored
2026-04-14T02:48:33Z PLAYER_EVENT=filter_explicit_content_changed ignored
2026-04-14T02:48:33Z PLAYER_EVENT=shuffle_changed ignored
2026-04-14T02:48:33Z PLAYER_EVENT=repeat_changed ignored
2026-04-14T02:48:33Z PLAYER_EVENT=play_request_id_changed → reset state to stopped (fresh play request, no preceding end_of_track)
2026-04-14T02:48:33Z PLAYER_EVENT=loading ignored
2026-04-14T02:48:43Z PLAYER_EVENT=track_changed ignored
2026-04-14T02:48:44Z PLAYER_EVENT=paused → paused, debouncing (3s)
2026-04-14T02:48:47Z PLAYER_EVENT=paused → notifying HA: librespot_stopped (paused)
2026-04-14T03:40:10Z PLAYER_EVENT=session_connected → reset state to stopped (new session)
2026-04-14T03:40:10Z PLAYER_EVENT=session_client_changed ignored
2026-04-14T03:40:10Z PLAYER_EVENT=volume_changed ignored
2026-04-14T03:40:10Z PLAYER_EVENT=auto_play_changed ignored
2026-04-14T03:40:10Z PLAYER_EVENT=filter_explicit_content_changed ignored
2026-04-14T03:40:10Z PLAYER_EVENT=shuffle_changed ignored
2026-04-14T03:40:10Z PLAYER_EVENT=repeat_changed ignored
2026-04-14T03:40:10Z PLAYER_EVENT=play_request_id_changed → reset state to stopped (fresh play request, no preceding end_of_track)
2026-04-14T03:40:10Z PLAYER_EVENT=track_changed ignored
2026-04-14T03:40:10Z PLAYER_EVENT=paused → paused, debouncing (3s)
2026-04-14T03:40:13Z PLAYER_EVENT=paused → notifying HA: librespot_stopped (paused)
2026-04-14T03:55:59Z PLAYER_EVENT=session_connected → reset state to stopped (new session)
2026-04-14T03:55:59Z PLAYER_EVENT=session_client_changed ignored
2026-04-14T03:55:59Z PLAYER_EVENT=volume_changed ignored
2026-04-14T03:55:59Z PLAYER_EVENT=auto_play_changed ignored
2026-04-14T03:55:59Z PLAYER_EVENT=filter_explicit_content_changed ignored
2026-04-14T03:55:59Z PLAYER_EVENT=shuffle_changed ignored
2026-04-14T03:55:59Z PLAYER_EVENT=repeat_changed ignored
2026-04-14T03:55:59Z PLAYER_EVENT=play_request_id_changed → reset state to stopped (fresh play request, no preceding end_of_track)
2026-04-14T03:55:59Z PLAYER_EVENT=track_changed ignored
2026-04-14T03:55:59Z PLAYER_EVENT=paused → paused, debouncing (3s)
2026-04-14T03:56:02Z PLAYER_EVENT=paused → notifying HA: librespot_stopped (paused)
2026-04-19T21:29:34Z PLAYER_EVENT=session_connected → reset state to stopped (new session)
2026-04-19T21:29:34Z PLAYER_EVENT=session_client_changed ignored
2026-04-19T21:29:34Z PLAYER_EVENT=volume_changed ignored
2026-04-19T21:29:34Z PLAYER_EVENT=auto_play_changed ignored
2026-04-19T21:29:34Z PLAYER_EVENT=filter_explicit_content_changed ignored
2026-04-19T21:29:34Z PLAYER_EVENT=shuffle_changed ignored
2026-04-19T21:29:34Z PLAYER_EVENT=repeat_changed ignored
2026-04-19T21:29:34Z PLAYER_EVENT=play_request_id_changed → reset state to stopped (fresh play request, no preceding end_of_track)
2026-04-19T21:29:34Z PLAYER_EVENT=loading ignored
2026-04-19T21:29:35Z PLAYER_EVENT=track_changed ignored
2026-04-19T21:29:35Z PLAYER_EVENT=playing → notifying HA: librespot_playing
2026-04-19T21:34:06Z PLAYER_EVENT=preload_next ignored
2026-04-19T21:34:35Z PLAYER_EVENT=end_of_track → end_of_track (flagged for next play_request_id_changed)
2026-04-19T21:34:35Z PLAYER_EVENT=stopped → stopped, debouncing (5s)
2026-04-19T21:34:40Z PLAYER_EVENT=stopped → notifying HA: librespot_stopped
2026-04-19T21:43:17Z PLAYER_EVENT=play_request_id_changed → play_request_id_changed after end_of_track (track skip, ignoring)
2026-04-19T21:43:17Z PLAYER_EVENT=loading ignored
2026-04-19T21:43:18Z PLAYER_EVENT=track_changed ignored
2026-04-19T21:43:18Z PLAYER_EVENT=playing → notifying HA: librespot_playing
2026-04-19T21:46:07Z PLAYER_EVENT=preload_next ignored
2026-04-19T21:46:08Z PLAYER_EVENT=preloading ignored
2026-04-19T21:46:36Z PLAYER_EVENT=end_of_track → end_of_track (flagged for next play_request_id_changed)
2026-04-19T21:46:36Z PLAYER_EVENT=play_request_id_changed → play_request_id_changed after end_of_track (track skip, ignoring)
2026-04-19T21:46:36Z PLAYER_EVENT=track_changed ignored
2026-04-19T21:46:36Z PLAYER_EVENT=playing → track change (stream connected, skipping webhook)
2026-04-19T21:49:42Z PLAYER_EVENT=preload_next ignored
2026-04-19T21:49:43Z PLAYER_EVENT=preloading ignored
2026-04-19T21:50:11Z PLAYER_EVENT=end_of_track → end_of_track (flagged for next play_request_id_changed)
2026-04-19T21:50:11Z PLAYER_EVENT=play_request_id_changed → play_request_id_changed after end_of_track (track skip, ignoring)
2026-04-19T21:50:11Z PLAYER_EVENT=track_changed ignored
2026-04-19T21:50:11Z PLAYER_EVENT=playing → track change (stream connected, skipping webhook)
2026-04-19T21:56:53Z PLAYER_EVENT=preload_next ignored
2026-04-19T21:56:55Z PLAYER_EVENT=preloading ignored
2026-04-19T21:57:22Z PLAYER_EVENT=end_of_track → end_of_track (flagged for next play_request_id_changed)
2026-04-19T21:57:22Z PLAYER_EVENT=play_request_id_changed → play_request_id_changed after end_of_track (track skip, ignoring)
2026-04-19T21:57:22Z PLAYER_EVENT=track_changed ignored
2026-04-19T21:57:22Z PLAYER_EVENT=playing → track change (stream connected, skipping webhook)
2026-04-19T21:59:30Z PLAYER_EVENT=preload_next ignored
2026-04-19T21:59:31Z PLAYER_EVENT=preloading ignored
2026-04-19T21:59:58Z PLAYER_EVENT=end_of_track → end_of_track (flagged for next play_request_id_changed)
2026-04-19T21:59:58Z PLAYER_EVENT=play_request_id_changed → play_request_id_changed after end_of_track (track skip, ignoring)
2026-04-19T21:59:58Z PLAYER_EVENT=track_changed ignored
2026-04-19T21:59:58Z PLAYER_EVENT=playing → track change (stream connected, skipping webhook)
2026-04-19T22:03:38Z PLAYER_EVENT=preload_next ignored
2026-04-19T22:03:40Z PLAYER_EVENT=preloading ignored
2026-04-19T22:04:06Z PLAYER_EVENT=end_of_track → end_of_track (flagged for next play_request_id_changed)
2026-04-19T22:04:06Z PLAYER_EVENT=play_request_id_changed → play_request_id_changed after end_of_track (track skip, ignoring)
2026-04-19T22:04:06Z PLAYER_EVENT=track_changed ignored
2026-04-19T22:04:06Z PLAYER_EVENT=playing → track change (stream connected, skipping webhook)
2026-04-19T22:09:11Z PLAYER_EVENT=preload_next ignored
2026-04-19T22:09:13Z PLAYER_EVENT=preloading ignored
2026-04-19T22:09:40Z PLAYER_EVENT=end_of_track → end_of_track (flagged for next play_request_id_changed)
2026-04-19T22:09:40Z PLAYER_EVENT=play_request_id_changed → play_request_id_changed after end_of_track (track skip, ignoring)
2026-04-19T22:09:40Z PLAYER_EVENT=track_changed ignored
2026-04-19T22:09:40Z PLAYER_EVENT=playing → track change (stream connected, skipping webhook)
2026-04-19T22:13:16Z PLAYER_EVENT=paused → paused, debouncing (3s)
2026-04-19T22:13:19Z PLAYER_EVENT=paused → notifying HA: librespot_stopped (paused)
2026-04-19T22:17:35Z PLAYER_EVENT=play_request_id_changed → reset state to stopped (fresh play request, no preceding end_of_track)
2026-04-19T22:17:35Z PLAYER_EVENT=loading ignored
2026-04-19T22:17:36Z PLAYER_EVENT=track_changed ignored
2026-04-19T22:17:36Z PLAYER_EVENT=playing → notifying HA: librespot_playing
2026-04-19T22:18:01Z PLAYER_EVENT=play_request_id_changed → reset state to stopped (fresh play request, no preceding end_of_track)
2026-04-19T22:18:01Z PLAYER_EVENT=loading ignored
2026-04-19T22:18:02Z PLAYER_EVENT=track_changed ignored
2026-04-19T22:18:02Z PLAYER_EVENT=playing → notifying HA: librespot_playing
2026-04-19T22:20:56Z PLAYER_EVENT=preload_next ignored
2026-04-19T22:20:58Z PLAYER_EVENT=preloading ignored
2026-04-19T22:21:25Z PLAYER_EVENT=end_of_track → end_of_track (flagged for next play_request_id_changed)
2026-04-19T22:21:25Z PLAYER_EVENT=play_request_id_changed → play_request_id_changed after end_of_track (track skip, ignoring)
2026-04-19T22:21:25Z PLAYER_EVENT=track_changed ignored
2026-04-19T22:21:25Z PLAYER_EVENT=playing → track change (stream connected, skipping webhook)
2026-04-19T22:24:12Z PLAYER_EVENT=preload_next ignored
2026-04-19T22:24:13Z PLAYER_EVENT=preloading ignored
2026-04-19T22:24:41Z PLAYER_EVENT=end_of_track → end_of_track (flagged for next play_request_id_changed)
2026-04-19T22:24:41Z PLAYER_EVENT=play_request_id_changed → play_request_id_changed after end_of_track (track skip, ignoring)
2026-04-19T22:24:41Z PLAYER_EVENT=track_changed ignored
2026-04-19T22:24:41Z PLAYER_EVENT=playing → track change (stream connected, skipping webhook)
2026-04-19T22:27:32Z PLAYER_EVENT=preload_next ignored
2026-04-19T22:27:33Z PLAYER_EVENT=preloading ignored
2026-04-19T22:28:00Z PLAYER_EVENT=end_of_track → end_of_track (flagged for next play_request_id_changed)
2026-04-19T22:28:00Z PLAYER_EVENT=play_request_id_changed → play_request_id_changed after end_of_track (track skip, ignoring)
2026-04-19T22:28:00Z PLAYER_EVENT=track_changed ignored
2026-04-19T22:28:00Z PLAYER_EVENT=playing → track change (stream connected, skipping webhook)
2026-04-19T22:31:04Z PLAYER_EVENT=preload_next ignored
2026-04-19T22:31:05Z PLAYER_EVENT=preloading ignored
2026-04-19T22:31:32Z PLAYER_EVENT=end_of_track → end_of_track (flagged for next play_request_id_changed)
2026-04-19T22:31:32Z PLAYER_EVENT=play_request_id_changed → play_request_id_changed after end_of_track (track skip, ignoring)
2026-04-19T22:31:32Z PLAYER_EVENT=track_changed ignored
2026-04-19T22:31:32Z PLAYER_EVENT=playing → track change (stream connected, skipping webhook)
2026-04-19T22:34:04Z PLAYER_EVENT=preload_next ignored
2026-04-19T22:34:05Z PLAYER_EVENT=preloading ignored
2026-04-19T22:34:33Z PLAYER_EVENT=end_of_track → end_of_track (flagged for next play_request_id_changed)
2026-04-19T22:34:33Z PLAYER_EVENT=play_request_id_changed → play_request_id_changed after end_of_track (track skip, ignoring)
2026-04-19T22:34:33Z PLAYER_EVENT=track_changed ignored
2026-04-19T22:34:33Z PLAYER_EVENT=playing → track change (stream connected, skipping webhook)
2026-04-19T22:37:26Z PLAYER_EVENT=preload_next ignored
2026-04-19T22:37:27Z PLAYER_EVENT=preloading ignored
2026-04-19T22:37:54Z PLAYER_EVENT=end_of_track → end_of_track (flagged for next play_request_id_changed)
2026-04-19T22:37:54Z PLAYER_EVENT=play_request_id_changed → play_request_id_changed after end_of_track (track skip, ignoring)
2026-04-19T22:37:54Z PLAYER_EVENT=track_changed ignored
2026-04-19T22:37:54Z PLAYER_EVENT=playing → track change (stream connected, skipping webhook)
2026-04-19T22:39:44Z PLAYER_EVENT=preload_next ignored
2026-04-19T22:39:45Z PLAYER_EVENT=preloading ignored
2026-04-19T22:40:12Z PLAYER_EVENT=end_of_track → end_of_track (flagged for next play_request_id_changed)
2026-04-19T22:40:12Z PLAYER_EVENT=play_request_id_changed → play_request_id_changed after end_of_track (track skip, ignoring)
2026-04-19T22:40:12Z PLAYER_EVENT=track_changed ignored
2026-04-19T22:40:12Z PLAYER_EVENT=playing → track change (stream connected, skipping webhook)
2026-04-19T22:42:18Z PLAYER_EVENT=preload_next ignored
2026-04-19T22:42:19Z PLAYER_EVENT=preloading ignored
2026-04-19T22:42:47Z PLAYER_EVENT=end_of_track → end_of_track (flagged for next play_request_id_changed)
2026-04-19T22:42:47Z PLAYER_EVENT=play_request_id_changed → play_request_id_changed after end_of_track (track skip, ignoring)
2026-04-19T22:42:47Z PLAYER_EVENT=track_changed ignored
2026-04-19T22:42:47Z PLAYER_EVENT=playing → track change (stream connected, skipping webhook)
2026-04-19T22:42:59Z PLAYER_EVENT=paused → paused, debouncing (3s)
2026-04-19T22:43:02Z PLAYER_EVENT=paused → notifying HA: librespot_stopped (paused)
2026-04-19T22:48:23Z PLAYER_EVENT=session_disconnected → reset state to stopped (new session)
2026-04-19T23:17:51Z PLAYER_EVENT=session_connected → reset state to stopped (new session)
2026-04-19T23:17:51Z PLAYER_EVENT=session_client_changed ignored
2026-04-19T23:17:51Z PLAYER_EVENT=volume_changed ignored
2026-04-19T23:17:51Z PLAYER_EVENT=auto_play_changed ignored
2026-04-19T23:17:51Z PLAYER_EVENT=filter_explicit_content_changed ignored
2026-04-19T23:17:51Z PLAYER_EVENT=shuffle_changed ignored
2026-04-19T23:17:51Z PLAYER_EVENT=repeat_changed ignored
2026-04-19T23:17:52Z PLAYER_EVENT=play_request_id_changed → reset state to stopped (fresh play request, no preceding end_of_track)
2026-04-19T23:17:52Z PLAYER_EVENT=loading ignored
2026-04-19T23:17:53Z PLAYER_EVENT=track_changed ignored
2026-04-19T23:17:53Z PLAYER_EVENT=playing → notifying HA: librespot_playing
2026-04-19T23:18:36Z PLAYER_EVENT=preload_next ignored
2026-04-19T23:19:04Z PLAYER_EVENT=end_of_track → end_of_track (flagged for next play_request_id_changed)
2026-04-19T23:19:04Z PLAYER_EVENT=play_request_id_changed → play_request_id_changed after end_of_track (track skip, ignoring)
2026-04-19T23:19:04Z PLAYER_EVENT=track_changed ignored
2026-04-19T23:19:04Z PLAYER_EVENT=playing → track change (stream connected, skipping webhook)
2026-04-19T23:19:48Z PLAYER_EVENT=preload_next ignored
2026-04-19T23:19:49Z PLAYER_EVENT=preloading ignored
2026-04-19T23:20:16Z PLAYER_EVENT=end_of_track → end_of_track (flagged for next play_request_id_changed)
2026-04-19T23:20:16Z PLAYER_EVENT=play_request_id_changed → play_request_id_changed after end_of_track (track skip, ignoring)
2026-04-19T23:20:16Z PLAYER_EVENT=track_changed ignored
2026-04-19T23:20:16Z PLAYER_EVENT=playing → track change (stream connected, skipping webhook)
2026-04-19T23:22:52Z PLAYER_EVENT=preload_next ignored
2026-04-19T23:22:53Z PLAYER_EVENT=preloading ignored
2026-04-19T23:23:20Z PLAYER_EVENT=end_of_track → end_of_track (flagged for next play_request_id_changed)
2026-04-19T23:23:20Z PLAYER_EVENT=play_request_id_changed → play_request_id_changed after end_of_track (track skip, ignoring)
2026-04-19T23:23:20Z PLAYER_EVENT=track_changed ignored
2026-04-19T23:23:20Z PLAYER_EVENT=playing → track change (stream connected, skipping webhook)
2026-04-19T23:25:00Z PLAYER_EVENT=preload_next ignored
2026-04-19T23:25:01Z PLAYER_EVENT=preloading ignored
2026-04-19T23:25:29Z PLAYER_EVENT=end_of_track → end_of_track (flagged for next play_request_id_changed)
2026-04-19T23:25:29Z PLAYER_EVENT=play_request_id_changed → play_request_id_changed after end_of_track (track skip, ignoring)
2026-04-19T23:25:29Z PLAYER_EVENT=track_changed ignored
2026-04-19T23:25:29Z PLAYER_EVENT=playing → track change (stream connected, skipping webhook)
2026-04-19T23:26:31Z PLAYER_EVENT=preload_next ignored
2026-04-19T23:26:33Z PLAYER_EVENT=preloading ignored
2026-04-19T23:27:00Z PLAYER_EVENT=end_of_track → end_of_track (flagged for next play_request_id_changed)
2026-04-19T23:27:00Z PLAYER_EVENT=play_request_id_changed → play_request_id_changed after end_of_track (track skip, ignoring)
2026-04-19T23:27:00Z PLAYER_EVENT=track_changed ignored
2026-04-19T23:27:00Z PLAYER_EVENT=playing → track change (stream connected, skipping webhook)
2026-04-19T23:30:17Z PLAYER_EVENT=preload_next ignored
2026-04-19T23:30:18Z PLAYER_EVENT=preloading ignored
2026-04-19T23:30:45Z PLAYER_EVENT=end_of_track → end_of_track (flagged for next play_request_id_changed)
2026-04-19T23:30:45Z PLAYER_EVENT=play_request_id_changed → play_request_id_changed after end_of_track (track skip, ignoring)
2026-04-19T23:30:45Z PLAYER_EVENT=track_changed ignored
2026-04-19T23:30:45Z PLAYER_EVENT=playing → track change (stream connected, skipping webhook)
2026-04-19T23:34:22Z PLAYER_EVENT=preload_next ignored
2026-04-19T23:34:24Z PLAYER_EVENT=preloading ignored
2026-04-19T23:34:50Z PLAYER_EVENT=end_of_track → end_of_track (flagged for next play_request_id_changed)
2026-04-19T23:34:50Z PLAYER_EVENT=play_request_id_changed → play_request_id_changed after end_of_track (track skip, ignoring)
2026-04-19T23:34:50Z PLAYER_EVENT=track_changed ignored
2026-04-19T23:34:50Z PLAYER_EVENT=playing → track change (stream connected, skipping webhook)
2026-04-19T23:36:00Z PLAYER_EVENT=preload_next ignored
2026-04-19T23:36:02Z PLAYER_EVENT=preloading ignored
2026-04-19T23:36:29Z PLAYER_EVENT=end_of_track → end_of_track (flagged for next play_request_id_changed)
2026-04-19T23:36:29Z PLAYER_EVENT=play_request_id_changed → play_request_id_changed after end_of_track (track skip, ignoring)
2026-04-19T23:36:29Z PLAYER_EVENT=track_changed ignored
2026-04-19T23:36:29Z PLAYER_EVENT=playing → track change (stream connected, skipping webhook)
2026-04-19T23:37:37Z PLAYER_EVENT=preload_next ignored
2026-04-19T23:37:38Z PLAYER_EVENT=preloading ignored
2026-04-19T23:38:06Z PLAYER_EVENT=end_of_track → end_of_track (flagged for next play_request_id_changed)
2026-04-19T23:38:06Z PLAYER_EVENT=play_request_id_changed → play_request_id_changed after end_of_track (track skip, ignoring)
2026-04-19T23:38:06Z PLAYER_EVENT=track_changed ignored
2026-04-19T23:38:06Z PLAYER_EVENT=playing → track change (stream connected, skipping webhook)
2026-04-19T23:40:00Z PLAYER_EVENT=preload_next ignored
2026-04-19T23:40:01Z PLAYER_EVENT=preloading ignored
2026-04-19T23:40:28Z PLAYER_EVENT=end_of_track → end_of_track (flagged for next play_request_id_changed)
2026-04-19T23:40:28Z PLAYER_EVENT=play_request_id_changed → play_request_id_changed after end_of_track (track skip, ignoring)
2026-04-19T23:40:28Z PLAYER_EVENT=track_changed ignored
2026-04-19T23:40:28Z PLAYER_EVENT=playing → track change (stream connected, skipping webhook)
2026-04-19T23:41:10Z PLAYER_EVENT=preload_next ignored
2026-04-19T23:41:11Z PLAYER_EVENT=preloading ignored
2026-04-19T23:41:38Z PLAYER_EVENT=end_of_track → end_of_track (flagged for next play_request_id_changed)
2026-04-19T23:41:38Z PLAYER_EVENT=play_request_id_changed → play_request_id_changed after end_of_track (track skip, ignoring)
2026-04-19T23:41:38Z PLAYER_EVENT=track_changed ignored
2026-04-19T23:41:38Z PLAYER_EVENT=playing → track change (stream connected, skipping webhook)
2026-04-19T23:43:33Z PLAYER_EVENT=preload_next ignored
2026-04-19T23:43:34Z PLAYER_EVENT=preloading ignored
2026-04-19T23:44:01Z PLAYER_EVENT=end_of_track → end_of_track (flagged for next play_request_id_changed)
2026-04-19T23:44:01Z PLAYER_EVENT=play_request_id_changed → play_request_id_changed after end_of_track (track skip, ignoring)
2026-04-19T23:44:01Z PLAYER_EVENT=track_changed ignored
2026-04-19T23:44:01Z PLAYER_EVENT=playing → track change (stream connected, skipping webhook)
2026-04-19T23:45:35Z PLAYER_EVENT=preload_next ignored
2026-04-19T23:45:37Z PLAYER_EVENT=preloading ignored
2026-04-19T23:46:04Z PLAYER_EVENT=end_of_track → end_of_track (flagged for next play_request_id_changed)
2026-04-19T23:46:04Z PLAYER_EVENT=play_request_id_changed → play_request_id_changed after end_of_track (track skip, ignoring)
2026-04-19T23:46:04Z PLAYER_EVENT=track_changed ignored
2026-04-19T23:46:04Z PLAYER_EVENT=playing → track change (stream connected, skipping webhook)
2026-04-19T23:46:41Z PLAYER_EVENT=preload_next ignored
2026-04-19T23:46:42Z PLAYER_EVENT=preloading ignored
2026-04-19T23:47:09Z PLAYER_EVENT=end_of_track → end_of_track (flagged for next play_request_id_changed)
2026-04-19T23:47:09Z PLAYER_EVENT=play_request_id_changed → play_request_id_changed after end_of_track (track skip, ignoring)
2026-04-19T23:47:09Z PLAYER_EVENT=track_changed ignored
2026-04-19T23:47:09Z PLAYER_EVENT=playing → track change (stream connected, skipping webhook)
2026-04-19T23:48:40Z PLAYER_EVENT=preload_next ignored
2026-04-19T23:48:41Z PLAYER_EVENT=preloading ignored
2026-04-19T23:49:08Z PLAYER_EVENT=end_of_track → end_of_track (flagged for next play_request_id_changed)
2026-04-19T23:49:08Z PLAYER_EVENT=play_request_id_changed → play_request_id_changed after end_of_track (track skip, ignoring)
2026-04-19T23:49:08Z PLAYER_EVENT=track_changed ignored
2026-04-19T23:49:08Z PLAYER_EVENT=playing → track change (stream connected, skipping webhook)
2026-04-19T23:51:00Z PLAYER_EVENT=preload_next ignored
2026-04-19T23:51:02Z PLAYER_EVENT=preloading ignored
2026-04-19T23:51:29Z PLAYER_EVENT=end_of_track → end_of_track (flagged for next play_request_id_changed)
2026-04-19T23:51:29Z PLAYER_EVENT=play_request_id_changed → play_request_id_changed after end_of_track (track skip, ignoring)
2026-04-19T23:51:29Z PLAYER_EVENT=track_changed ignored
2026-04-19T23:51:29Z PLAYER_EVENT=playing → track change (stream connected, skipping webhook)
2026-04-19T23:54:04Z PLAYER_EVENT=preload_next ignored
2026-04-19T23:54:05Z PLAYER_EVENT=preloading ignored
2026-04-19T23:54:33Z PLAYER_EVENT=end_of_track → end_of_track (flagged for next play_request_id_changed)
2026-04-19T23:54:33Z PLAYER_EVENT=play_request_id_changed → play_request_id_changed after end_of_track (track skip, ignoring)
2026-04-19T23:54:33Z PLAYER_EVENT=track_changed ignored
2026-04-19T23:54:33Z PLAYER_EVENT=playing → track change (stream connected, skipping webhook)
2026-04-19T23:57:10Z PLAYER_EVENT=preload_next ignored
2026-04-19T23:57:11Z PLAYER_EVENT=preloading ignored
2026-04-19T23:57:39Z PLAYER_EVENT=end_of_track → end_of_track (flagged for next play_request_id_changed)
2026-04-19T23:57:39Z PLAYER_EVENT=play_request_id_changed → play_request_id_changed after end_of_track (track skip, ignoring)
2026-04-19T23:57:39Z PLAYER_EVENT=track_changed ignored
2026-04-19T23:57:39Z PLAYER_EVENT=playing → track change (stream connected, skipping webhook)
2026-04-20T00:00:25Z PLAYER_EVENT=preload_next ignored
2026-04-20T00:00:27Z PLAYER_EVENT=preloading ignored
2026-04-20T00:00:54Z PLAYER_EVENT=end_of_track → end_of_track (flagged for next play_request_id_changed)
2026-04-20T00:00:54Z PLAYER_EVENT=play_request_id_changed → play_request_id_changed after end_of_track (track skip, ignoring)
2026-04-20T00:00:54Z PLAYER_EVENT=track_changed ignored
2026-04-20T00:00:54Z PLAYER_EVENT=playing → track change (stream connected, skipping webhook)
2026-04-20T00:02:13Z PLAYER_EVENT=preload_next ignored
2026-04-20T00:02:14Z PLAYER_EVENT=preloading ignored
2026-04-20T00:02:41Z PLAYER_EVENT=end_of_track → end_of_track (flagged for next play_request_id_changed)
2026-04-20T00:02:41Z PLAYER_EVENT=play_request_id_changed → play_request_id_changed after end_of_track (track skip, ignoring)
2026-04-20T00:02:41Z PLAYER_EVENT=track_changed ignored
2026-04-20T00:02:41Z PLAYER_EVENT=playing → track change (stream connected, skipping webhook)
2026-04-20T00:04:16Z PLAYER_EVENT=preload_next ignored
2026-04-20T00:04:17Z PLAYER_EVENT=preloading ignored
2026-04-20T00:04:45Z PLAYER_EVENT=end_of_track → end_of_track (flagged for next play_request_id_changed)
2026-04-20T00:04:45Z PLAYER_EVENT=play_request_id_changed → play_request_id_changed after end_of_track (track skip, ignoring)
2026-04-20T00:04:45Z PLAYER_EVENT=track_changed ignored
2026-04-20T00:04:45Z PLAYER_EVENT=playing → track change (stream connected, skipping webhook)
2026-04-20T00:06:19Z PLAYER_EVENT=preload_next ignored
2026-04-20T00:06:20Z PLAYER_EVENT=preloading ignored
2026-04-20T00:06:47Z PLAYER_EVENT=end_of_track → end_of_track (flagged for next play_request_id_changed)
2026-04-20T00:06:47Z PLAYER_EVENT=play_request_id_changed → play_request_id_changed after end_of_track (track skip, ignoring)
2026-04-20T00:06:47Z PLAYER_EVENT=track_changed ignored
2026-04-20T00:06:47Z PLAYER_EVENT=playing → track change (stream connected, skipping webhook)
2026-04-20T00:08:52Z PLAYER_EVENT=preload_next ignored
2026-04-20T00:08:54Z PLAYER_EVENT=preloading ignored
2026-04-20T00:09:21Z PLAYER_EVENT=end_of_track → end_of_track (flagged for next play_request_id_changed)
2026-04-20T00:09:21Z PLAYER_EVENT=play_request_id_changed → play_request_id_changed after end_of_track (track skip, ignoring)
2026-04-20T00:09:21Z PLAYER_EVENT=track_changed ignored
2026-04-20T00:09:21Z PLAYER_EVENT=playing → track change (stream connected, skipping webhook)
2026-04-20T00:10:14Z PLAYER_EVENT=preload_next ignored
2026-04-20T00:10:15Z PLAYER_EVENT=preloading ignored
2026-04-20T00:10:42Z PLAYER_EVENT=end_of_track → end_of_track (flagged for next play_request_id_changed)
2026-04-20T00:10:42Z PLAYER_EVENT=play_request_id_changed → play_request_id_changed after end_of_track (track skip, ignoring)
2026-04-20T00:10:42Z PLAYER_EVENT=track_changed ignored
2026-04-20T00:10:42Z PLAYER_EVENT=playing → track change (stream connected, skipping webhook)
2026-04-20T00:14:12Z PLAYER_EVENT=preload_next ignored
2026-04-20T00:14:13Z PLAYER_EVENT=preloading ignored
2026-04-20T00:14:40Z PLAYER_EVENT=end_of_track → end_of_track (flagged for next play_request_id_changed)
2026-04-20T00:14:40Z PLAYER_EVENT=play_request_id_changed → play_request_id_changed after end_of_track (track skip, ignoring)
2026-04-20T00:14:40Z PLAYER_EVENT=track_changed ignored
2026-04-20T00:14:40Z PLAYER_EVENT=playing → track change (stream connected, skipping webhook)
2026-04-20T00:17:13Z PLAYER_EVENT=preload_next ignored
2026-04-20T00:17:14Z PLAYER_EVENT=preloading ignored
2026-04-20T00:17:41Z PLAYER_EVENT=end_of_track → end_of_track (flagged for next play_request_id_changed)
2026-04-20T00:17:41Z PLAYER_EVENT=play_request_id_changed → play_request_id_changed after end_of_track (track skip, ignoring)
2026-04-20T00:17:41Z PLAYER_EVENT=track_changed ignored
2026-04-20T00:17:41Z PLAYER_EVENT=playing → track change (stream connected, skipping webhook)
2026-04-20T00:19:41Z PLAYER_EVENT=preload_next ignored
2026-04-20T00:19:42Z PLAYER_EVENT=preloading ignored
2026-04-20T00:20:10Z PLAYER_EVENT=end_of_track → end_of_track (flagged for next play_request_id_changed)
2026-04-20T00:20:10Z PLAYER_EVENT=play_request_id_changed → play_request_id_changed after end_of_track (track skip, ignoring)
2026-04-20T00:20:10Z PLAYER_EVENT=track_changed ignored
2026-04-20T00:20:10Z PLAYER_EVENT=playing → track change (stream connected, skipping webhook)
2026-04-20T00:22:08Z PLAYER_EVENT=preload_next ignored
2026-04-20T00:22:09Z PLAYER_EVENT=preloading ignored
2026-04-20T00:22:36Z PLAYER_EVENT=end_of_track → end_of_track (flagged for next play_request_id_changed)
2026-04-20T00:22:36Z PLAYER_EVENT=play_request_id_changed → play_request_id_changed after end_of_track (track skip, ignoring)
2026-04-20T00:22:36Z PLAYER_EVENT=track_changed ignored
2026-04-20T00:22:36Z PLAYER_EVENT=playing → track change (stream connected, skipping webhook)
2026-04-20T00:26:08Z PLAYER_EVENT=preload_next ignored
2026-04-20T00:26:12Z PLAYER_EVENT=preloading ignored
2026-04-20T00:26:37Z PLAYER_EVENT=end_of_track → end_of_track (flagged for next play_request_id_changed)
2026-04-20T00:26:37Z PLAYER_EVENT=play_request_id_changed → play_request_id_changed after end_of_track (track skip, ignoring)
2026-04-20T00:26:37Z PLAYER_EVENT=track_changed ignored
2026-04-20T00:26:37Z PLAYER_EVENT=playing → track change (stream connected, skipping webhook)
2026-04-20T00:27:28Z PLAYER_EVENT=preload_next ignored
2026-04-20T00:27:29Z PLAYER_EVENT=preloading ignored
2026-04-20T00:27:57Z PLAYER_EVENT=end_of_track → end_of_track (flagged for next play_request_id_changed)
2026-04-20T00:27:57Z PLAYER_EVENT=play_request_id_changed → play_request_id_changed after end_of_track (track skip, ignoring)
2026-04-20T00:27:57Z PLAYER_EVENT=track_changed ignored
2026-04-20T00:27:57Z PLAYER_EVENT=playing → track change (stream connected, skipping webhook)
2026-04-20T00:31:43Z PLAYER_EVENT=paused → paused, debouncing (3s)
2026-04-20T00:31:46Z PLAYER_EVENT=paused → notifying HA: librespot_stopped (paused)
2026-04-20T00:31:46Z PLAYER_EVENT=session_disconnected → reset state to stopped (new session)
2026-04-20T00:31:46Z PLAYER_EVENT=stopped → stopped, debouncing (5s)
2026-04-20T00:31:51Z PLAYER_EVENT=stopped → notifying HA: librespot_stopped
2026-04-20T00:32:43Z PLAYER_EVENT=session_connected → reset state to stopped (new session)
2026-04-20T00:32:43Z PLAYER_EVENT=session_client_changed ignored
2026-04-20T00:32:43Z PLAYER_EVENT=volume_changed ignored
2026-04-20T00:32:43Z PLAYER_EVENT=auto_play_changed ignored
2026-04-20T00:32:43Z PLAYER_EVENT=filter_explicit_content_changed ignored
2026-04-20T00:32:43Z PLAYER_EVENT=shuffle_changed ignored
2026-04-20T00:32:43Z PLAYER_EVENT=repeat_changed ignored
2026-04-20T00:32:43Z PLAYER_EVENT=play_request_id_changed → reset state to stopped (fresh play request, no preceding end_of_track)
2026-04-20T00:32:43Z PLAYER_EVENT=loading ignored
2026-04-20T00:32:44Z PLAYER_EVENT=track_changed ignored
2026-04-20T00:32:44Z PLAYER_EVENT=playing → notifying HA: librespot_playing
2026-04-20T00:34:35Z PLAYER_EVENT=preload_next ignored
2026-04-20T00:34:36Z PLAYER_EVENT=preloading ignored
2026-04-20T00:35:03Z PLAYER_EVENT=end_of_track → end_of_track (flagged for next play_request_id_changed)
2026-04-20T00:35:03Z PLAYER_EVENT=play_request_id_changed → play_request_id_changed after end_of_track (track skip, ignoring)
2026-04-20T00:35:03Z PLAYER_EVENT=track_changed ignored
2026-04-20T00:35:03Z PLAYER_EVENT=playing → track change (stream connected, skipping webhook)
2026-04-20T00:37:18Z PLAYER_EVENT=preload_next ignored
2026-04-20T00:37:19Z PLAYER_EVENT=preloading ignored
2026-04-20T00:37:47Z PLAYER_EVENT=end_of_track → end_of_track (flagged for next play_request_id_changed)
2026-04-20T00:37:47Z PLAYER_EVENT=play_request_id_changed → play_request_id_changed after end_of_track (track skip, ignoring)
2026-04-20T00:37:47Z PLAYER_EVENT=track_changed ignored
2026-04-20T00:37:47Z PLAYER_EVENT=playing → track change (stream connected, skipping webhook)
2026-04-20T00:37:48Z PLAYER_EVENT=preload_next ignored
2026-04-20T00:37:48Z PLAYER_EVENT=preloading ignored
2026-04-20T00:38:13Z PLAYER_EVENT=end_of_track → end_of_track (flagged for next play_request_id_changed)
2026-04-20T00:38:13Z PLAYER_EVENT=play_request_id_changed → play_request_id_changed after end_of_track (track skip, ignoring)
2026-04-20T00:38:13Z PLAYER_EVENT=track_changed ignored
2026-04-20T00:38:13Z PLAYER_EVENT=playing → track change (stream connected, skipping webhook)
2026-04-20T00:40:58Z PLAYER_EVENT=preload_next ignored
2026-04-20T00:40:58Z PLAYER_EVENT=preloading ignored
2026-04-20T00:41:26Z PLAYER_EVENT=end_of_track → end_of_track (flagged for next play_request_id_changed)
2026-04-20T00:41:26Z PLAYER_EVENT=play_request_id_changed → play_request_id_changed after end_of_track (track skip, ignoring)
2026-04-20T00:41:26Z PLAYER_EVENT=track_changed ignored
2026-04-20T00:41:26Z PLAYER_EVENT=playing → track change (stream connected, skipping webhook)
2026-04-20T00:41:38Z PLAYER_EVENT=preload_next ignored
2026-04-20T00:41:38Z PLAYER_EVENT=preloading ignored
2026-04-20T00:42:06Z PLAYER_EVENT=end_of_track → end_of_track (flagged for next play_request_id_changed)
2026-04-20T00:42:06Z PLAYER_EVENT=play_request_id_changed → play_request_id_changed after end_of_track (track skip, ignoring)
2026-04-20T00:42:06Z PLAYER_EVENT=track_changed ignored
2026-04-20T00:42:06Z PLAYER_EVENT=playing → track change (stream connected, skipping webhook)
2026-04-20T00:44:04Z PLAYER_EVENT=preload_next ignored
2026-04-20T00:44:05Z PLAYER_EVENT=preloading ignored
2026-04-20T00:44:33Z PLAYER_EVENT=end_of_track → end_of_track (flagged for next play_request_id_changed)
2026-04-20T00:44:33Z PLAYER_EVENT=play_request_id_changed → play_request_id_changed after end_of_track (track skip, ignoring)
2026-04-20T00:44:33Z PLAYER_EVENT=track_changed ignored
2026-04-20T00:44:33Z PLAYER_EVENT=playing → track change (stream connected, skipping webhook)
2026-04-20T00:44:49Z PLAYER_EVENT=preload_next ignored
2026-04-20T00:44:51Z PLAYER_EVENT=preloading ignored
2026-04-20T00:45:18Z PLAYER_EVENT=end_of_track → end_of_track (flagged for next play_request_id_changed)
2026-04-20T00:45:18Z PLAYER_EVENT=play_request_id_changed → play_request_id_changed after end_of_track (track skip, ignoring)
2026-04-20T00:45:18Z PLAYER_EVENT=track_changed ignored
2026-04-20T00:45:18Z PLAYER_EVENT=playing → track change (stream connected, skipping webhook)
2026-04-20T00:48:20Z PLAYER_EVENT=preload_next ignored
2026-04-20T00:48:21Z PLAYER_EVENT=preloading ignored
2026-04-20T00:48:48Z PLAYER_EVENT=end_of_track → end_of_track (flagged for next play_request_id_changed)
2026-04-20T00:48:48Z PLAYER_EVENT=play_request_id_changed → play_request_id_changed after end_of_track (track skip, ignoring)
2026-04-20T00:48:48Z PLAYER_EVENT=track_changed ignored
2026-04-20T00:48:48Z PLAYER_EVENT=playing → track change (stream connected, skipping webhook)
2026-04-20T00:49:08Z PLAYER_EVENT=preload_next ignored
2026-04-20T00:49:08Z PLAYER_EVENT=preloading ignored
2026-04-20T00:49:36Z PLAYER_EVENT=end_of_track → end_of_track (flagged for next play_request_id_changed)
2026-04-20T00:49:36Z PLAYER_EVENT=play_request_id_changed → play_request_id_changed after end_of_track (track skip, ignoring)
2026-04-20T00:49:36Z PLAYER_EVENT=track_changed ignored
2026-04-20T00:49:36Z PLAYER_EVENT=playing → track change (stream connected, skipping webhook)
2026-04-20T00:51:59Z PLAYER_EVENT=preload_next ignored
2026-04-20T00:52:00Z PLAYER_EVENT=preloading ignored
2026-04-20T00:52:28Z PLAYER_EVENT=end_of_track → end_of_track (flagged for next play_request_id_changed)
2026-04-20T00:52:28Z PLAYER_EVENT=play_request_id_changed → play_request_id_changed after end_of_track (track skip, ignoring)
2026-04-20T00:52:28Z PLAYER_EVENT=track_changed ignored
2026-04-20T00:52:28Z PLAYER_EVENT=playing → track change (stream connected, skipping webhook)
2026-04-20T00:52:40Z PLAYER_EVENT=preload_next ignored
2026-04-20T00:52:41Z PLAYER_EVENT=preloading ignored
2026-04-20T00:53:09Z PLAYER_EVENT=end_of_track → end_of_track (flagged for next play_request_id_changed)
2026-04-20T00:53:09Z PLAYER_EVENT=play_request_id_changed → play_request_id_changed after end_of_track (track skip, ignoring)
2026-04-20T00:53:09Z PLAYER_EVENT=track_changed ignored
2026-04-20T00:53:09Z PLAYER_EVENT=playing → track change (stream connected, skipping webhook)
2026-04-20T00:55:53Z PLAYER_EVENT=preload_next ignored
2026-04-20T00:55:55Z PLAYER_EVENT=preloading ignored
2026-04-20T00:56:22Z PLAYER_EVENT=end_of_track → end_of_track (flagged for next play_request_id_changed)
2026-04-20T00:56:22Z PLAYER_EVENT=play_request_id_changed → play_request_id_changed after end_of_track (track skip, ignoring)
2026-04-20T00:56:22Z PLAYER_EVENT=track_changed ignored
2026-04-20T00:56:22Z PLAYER_EVENT=playing → track change (stream connected, skipping webhook)
2026-04-20T01:27:24Z PLAYER_EVENT=preload_next ignored
2026-04-20T01:27:53Z PLAYER_EVENT=end_of_track → end_of_track (flagged for next play_request_id_changed)
2026-04-20T01:27:53Z PLAYER_EVENT=play_request_id_changed → play_request_id_changed after end_of_track (track skip, ignoring)
2026-04-20T01:27:53Z PLAYER_EVENT=loading ignored
2026-04-20T01:27:54Z PLAYER_EVENT=track_changed ignored
2026-04-20T01:27:54Z PLAYER_EVENT=playing → track change (stream connected, skipping webhook)
2026-04-20T01:30:06Z PLAYER_EVENT=preload_next ignored
2026-04-20T01:30:07Z PLAYER_EVENT=preloading ignored
2026-04-20T01:30:34Z PLAYER_EVENT=end_of_track → end_of_track (flagged for next play_request_id_changed)
2026-04-20T01:30:34Z PLAYER_EVENT=play_request_id_changed → play_request_id_changed after end_of_track (track skip, ignoring)
2026-04-20T01:30:34Z PLAYER_EVENT=track_changed ignored
2026-04-20T01:30:34Z PLAYER_EVENT=playing → track change (stream connected, skipping webhook)
2026-04-20T01:31:41Z PLAYER_EVENT=paused → paused, debouncing (3s)
2026-04-20T01:31:44Z PLAYER_EVENT=paused → notifying HA: librespot_stopped (paused)
2026-04-20T01:31:59Z PLAYER_EVENT=play_request_id_changed → reset state to stopped (fresh play request, no preceding end_of_track)
2026-04-20T01:31:59Z PLAYER_EVENT=loading ignored
2026-04-20T01:32:00Z PLAYER_EVENT=track_changed ignored
2026-04-20T01:32:00Z PLAYER_EVENT=playing → notifying HA: librespot_playing
2026-04-20T01:34:32Z PLAYER_EVENT=play_request_id_changed → reset state to stopped (fresh play request, no preceding end_of_track)
2026-04-20T01:34:32Z PLAYER_EVENT=loading ignored
2026-04-20T01:34:33Z PLAYER_EVENT=track_changed ignored
2026-04-20T01:34:33Z PLAYER_EVENT=playing → notifying HA: librespot_playing
2026-04-20T01:34:35Z PLAYER_EVENT=play_request_id_changed → reset state to stopped (fresh play request, no preceding end_of_track)
2026-04-20T01:34:35Z PLAYER_EVENT=track_changed ignored
2026-04-20T01:34:35Z PLAYER_EVENT=playing → notifying HA: librespot_playing
2026-04-20T01:37:06Z PLAYER_EVENT=preload_next ignored
2026-04-20T01:37:08Z PLAYER_EVENT=preloading ignored
2026-04-20T01:37:35Z PLAYER_EVENT=end_of_track → end_of_track (flagged for next play_request_id_changed)
2026-04-20T01:37:35Z PLAYER_EVENT=play_request_id_changed → play_request_id_changed after end_of_track (track skip, ignoring)
2026-04-20T01:37:35Z PLAYER_EVENT=track_changed ignored
2026-04-20T01:37:35Z PLAYER_EVENT=playing → track change (stream connected, skipping webhook)
2026-04-20T01:40:17Z PLAYER_EVENT=preload_next ignored
2026-04-20T01:40:18Z PLAYER_EVENT=preloading ignored
2026-04-20T01:40:46Z PLAYER_EVENT=end_of_track → end_of_track (flagged for next play_request_id_changed)
2026-04-20T01:40:46Z PLAYER_EVENT=play_request_id_changed → play_request_id_changed after end_of_track (track skip, ignoring)
2026-04-20T01:40:46Z PLAYER_EVENT=track_changed ignored
2026-04-20T01:40:46Z PLAYER_EVENT=playing → track change (stream connected, skipping webhook)
2026-04-20T01:43:43Z PLAYER_EVENT=preload_next ignored
2026-04-20T01:43:44Z PLAYER_EVENT=preloading ignored
2026-04-20T01:44:11Z PLAYER_EVENT=end_of_track → end_of_track (flagged for next play_request_id_changed)
2026-04-20T01:44:11Z PLAYER_EVENT=play_request_id_changed → play_request_id_changed after end_of_track (track skip, ignoring)
2026-04-20T01:44:11Z PLAYER_EVENT=track_changed ignored
2026-04-20T01:44:11Z PLAYER_EVENT=playing → track change (stream connected, skipping webhook)
2026-04-20T01:46:15Z PLAYER_EVENT=preload_next ignored
2026-04-20T01:46:16Z PLAYER_EVENT=preloading ignored
2026-04-20T01:46:44Z PLAYER_EVENT=end_of_track → end_of_track (flagged for next play_request_id_changed)
2026-04-20T01:46:44Z PLAYER_EVENT=play_request_id_changed → play_request_id_changed after end_of_track (track skip, ignoring)
2026-04-20T01:46:44Z PLAYER_EVENT=track_changed ignored
2026-04-20T01:46:44Z PLAYER_EVENT=playing → track change (stream connected, skipping webhook)
2026-04-20T01:50:03Z PLAYER_EVENT=preload_next ignored
2026-04-20T01:50:05Z PLAYER_EVENT=preloading ignored
2026-04-20T01:50:32Z PLAYER_EVENT=end_of_track → end_of_track (flagged for next play_request_id_changed)
2026-04-20T01:50:32Z PLAYER_EVENT=play_request_id_changed → play_request_id_changed after end_of_track (track skip, ignoring)
2026-04-20T01:50:32Z PLAYER_EVENT=track_changed ignored
2026-04-20T01:50:32Z PLAYER_EVENT=playing → track change (stream connected, skipping webhook)
2026-04-20T01:53:13Z PLAYER_EVENT=preload_next ignored
2026-04-20T01:53:14Z PLAYER_EVENT=preloading ignored
2026-04-20T01:53:41Z PLAYER_EVENT=end_of_track → end_of_track (flagged for next play_request_id_changed)
2026-04-20T01:53:41Z PLAYER_EVENT=play_request_id_changed → play_request_id_changed after end_of_track (track skip, ignoring)
2026-04-20T01:53:41Z PLAYER_EVENT=track_changed ignored
2026-04-20T01:53:41Z PLAYER_EVENT=playing → track change (stream connected, skipping webhook)
2026-04-20T01:55:29Z PLAYER_EVENT=play_request_id_changed → reset state to stopped (fresh play request, no preceding end_of_track)
2026-04-20T01:55:29Z PLAYER_EVENT=loading ignored
2026-04-20T01:55:30Z PLAYER_EVENT=track_changed ignored
2026-04-20T01:55:30Z PLAYER_EVENT=playing → notifying HA: librespot_playing
2026-04-20T01:55:30Z PLAYER_EVENT=play_request_id_changed → reset state to stopped (fresh play request, no preceding end_of_track)
2026-04-20T01:55:30Z PLAYER_EVENT=track_changed ignored
2026-04-20T01:55:30Z PLAYER_EVENT=playing → notifying HA: librespot_playing
2026-04-20T01:59:52Z PLAYER_EVENT=preload_next ignored
2026-04-20T01:59:53Z PLAYER_EVENT=preloading ignored
2026-04-20T02:00:21Z PLAYER_EVENT=end_of_track → end_of_track (flagged for next play_request_id_changed)
2026-04-20T02:00:21Z PLAYER_EVENT=play_request_id_changed → play_request_id_changed after end_of_track (track skip, ignoring)
2026-04-20T02:00:21Z PLAYER_EVENT=track_changed ignored
2026-04-20T02:00:21Z PLAYER_EVENT=playing → track change (stream connected, skipping webhook)
2026-04-20T02:02:55Z PLAYER_EVENT=preload_next ignored
2026-04-20T02:02:56Z PLAYER_EVENT=preloading ignored
2026-04-20T02:03:24Z PLAYER_EVENT=end_of_track → end_of_track (flagged for next play_request_id_changed)
2026-04-20T02:03:24Z PLAYER_EVENT=play_request_id_changed → play_request_id_changed after end_of_track (track skip, ignoring)
2026-04-20T02:03:24Z PLAYER_EVENT=track_changed ignored
2026-04-20T02:03:24Z PLAYER_EVENT=playing → track change (stream connected, skipping webhook)
2026-04-20T02:08:36Z PLAYER_EVENT=preload_next ignored
2026-04-20T02:08:38Z PLAYER_EVENT=preloading ignored
2026-04-20T02:09:05Z PLAYER_EVENT=end_of_track → end_of_track (flagged for next play_request_id_changed)
2026-04-20T02:09:05Z PLAYER_EVENT=play_request_id_changed → play_request_id_changed after end_of_track (track skip, ignoring)
2026-04-20T02:09:05Z PLAYER_EVENT=track_changed ignored
2026-04-20T02:09:05Z PLAYER_EVENT=playing → track change (stream connected, skipping webhook)
2026-04-20T02:11:30Z PLAYER_EVENT=preload_next ignored
2026-04-20T02:11:32Z PLAYER_EVENT=preloading ignored
2026-04-20T02:11:59Z PLAYER_EVENT=end_of_track → end_of_track (flagged for next play_request_id_changed)
2026-04-20T02:11:59Z PLAYER_EVENT=play_request_id_changed → play_request_id_changed after end_of_track (track skip, ignoring)
2026-04-20T02:11:59Z PLAYER_EVENT=track_changed ignored
2026-04-20T02:11:59Z PLAYER_EVENT=playing → track change (stream connected, skipping webhook)
2026-04-20T02:13:13Z PLAYER_EVENT=play_request_id_changed → reset state to stopped (fresh play request, no preceding end_of_track)
2026-04-20T02:13:13Z PLAYER_EVENT=loading ignored
2026-04-20T02:13:14Z PLAYER_EVENT=track_changed ignored
2026-04-20T02:13:14Z PLAYER_EVENT=playing → notifying HA: librespot_playing
2026-04-20T02:13:21Z PLAYER_EVENT=play_request_id_changed → reset state to stopped (fresh play request, no preceding end_of_track)
2026-04-20T02:13:21Z PLAYER_EVENT=track_changed ignored
2026-04-20T02:13:21Z PLAYER_EVENT=playing → notifying HA: librespot_playing
2026-04-20T02:16:29Z PLAYER_EVENT=preload_next ignored
2026-04-20T02:16:31Z PLAYER_EVENT=preloading ignored
2026-04-20T02:16:58Z PLAYER_EVENT=end_of_track → end_of_track (flagged for next play_request_id_changed)
2026-04-20T02:16:58Z PLAYER_EVENT=play_request_id_changed → play_request_id_changed after end_of_track (track skip, ignoring)
2026-04-20T02:16:58Z PLAYER_EVENT=track_changed ignored
2026-04-20T02:16:58Z PLAYER_EVENT=playing → track change (stream connected, skipping webhook)
2026-04-20T02:21:12Z PLAYER_EVENT=preload_next ignored
2026-04-20T02:21:14Z PLAYER_EVENT=preloading ignored
2026-04-20T02:21:40Z PLAYER_EVENT=end_of_track → end_of_track (flagged for next play_request_id_changed)
2026-04-20T02:21:40Z PLAYER_EVENT=play_request_id_changed → play_request_id_changed after end_of_track (track skip, ignoring)
2026-04-20T02:21:40Z PLAYER_EVENT=track_changed ignored
2026-04-20T02:21:41Z PLAYER_EVENT=playing → track change (stream connected, skipping webhook)
2026-04-20T02:25:41Z PLAYER_EVENT=preload_next ignored
2026-04-20T02:25:42Z PLAYER_EVENT=preloading ignored
2026-04-20T02:26:09Z PLAYER_EVENT=end_of_track → end_of_track (flagged for next play_request_id_changed)
2026-04-20T02:26:09Z PLAYER_EVENT=play_request_id_changed → play_request_id_changed after end_of_track (track skip, ignoring)
2026-04-20T02:26:09Z PLAYER_EVENT=track_changed ignored
2026-04-20T02:26:09Z PLAYER_EVENT=playing → track change (stream connected, skipping webhook)
2026-04-20T02:29:38Z PLAYER_EVENT=preload_next ignored
2026-04-20T02:29:39Z PLAYER_EVENT=preloading ignored
2026-04-20T02:30:06Z PLAYER_EVENT=end_of_track → end_of_track (flagged for next play_request_id_changed)
2026-04-20T02:30:06Z PLAYER_EVENT=play_request_id_changed → play_request_id_changed after end_of_track (track skip, ignoring)
2026-04-20T02:30:06Z PLAYER_EVENT=track_changed ignored
2026-04-20T02:30:06Z PLAYER_EVENT=playing → track change (stream connected, skipping webhook)
2026-04-20T02:33:24Z PLAYER_EVENT=preload_next ignored
2026-04-20T02:33:25Z PLAYER_EVENT=preloading ignored
2026-04-20T02:33:52Z PLAYER_EVENT=end_of_track → end_of_track (flagged for next play_request_id_changed)
2026-04-20T02:33:52Z PLAYER_EVENT=play_request_id_changed → play_request_id_changed after end_of_track (track skip, ignoring)
2026-04-20T02:33:52Z PLAYER_EVENT=track_changed ignored
2026-04-20T02:33:52Z PLAYER_EVENT=playing → track change (stream connected, skipping webhook)
2026-04-20T02:36:05Z PLAYER_EVENT=preload_next ignored
2026-04-20T02:36:06Z PLAYER_EVENT=preloading ignored
2026-04-20T02:36:33Z PLAYER_EVENT=end_of_track → end_of_track (flagged for next play_request_id_changed)
2026-04-20T02:36:33Z PLAYER_EVENT=play_request_id_changed → play_request_id_changed after end_of_track (track skip, ignoring)
2026-04-20T02:36:33Z PLAYER_EVENT=track_changed ignored
2026-04-20T02:36:33Z PLAYER_EVENT=playing → track change (stream connected, skipping webhook)
2026-04-20T02:40:04Z PLAYER_EVENT=preload_next ignored
2026-04-20T02:40:05Z PLAYER_EVENT=preloading ignored
2026-04-20T02:40:33Z PLAYER_EVENT=end_of_track → end_of_track (flagged for next play_request_id_changed)
2026-04-20T02:40:33Z PLAYER_EVENT=play_request_id_changed → play_request_id_changed after end_of_track (track skip, ignoring)
2026-04-20T02:40:33Z PLAYER_EVENT=track_changed ignored
2026-04-20T02:40:33Z PLAYER_EVENT=playing → track change (stream connected, skipping webhook)
2026-04-20T02:43:36Z PLAYER_EVENT=preload_next ignored
2026-04-20T02:43:37Z PLAYER_EVENT=preloading ignored
2026-04-20T02:44:05Z PLAYER_EVENT=end_of_track → end_of_track (flagged for next play_request_id_changed)
2026-04-20T02:44:05Z PLAYER_EVENT=play_request_id_changed → play_request_id_changed after end_of_track (track skip, ignoring)
2026-04-20T02:44:05Z PLAYER_EVENT=track_changed ignored
2026-04-20T02:44:05Z PLAYER_EVENT=playing → track change (stream connected, skipping webhook)
2026-04-20T02:47:09Z PLAYER_EVENT=preload_next ignored
2026-04-20T02:47:11Z PLAYER_EVENT=preloading ignored
2026-04-20T02:47:38Z PLAYER_EVENT=end_of_track → end_of_track (flagged for next play_request_id_changed)
2026-04-20T02:47:38Z PLAYER_EVENT=play_request_id_changed → play_request_id_changed after end_of_track (track skip, ignoring)
2026-04-20T02:47:38Z PLAYER_EVENT=track_changed ignored
2026-04-20T02:47:38Z PLAYER_EVENT=playing → track change (stream connected, skipping webhook)
2026-04-20T02:50:33Z PLAYER_EVENT=preload_next ignored
2026-04-20T02:50:35Z PLAYER_EVENT=preloading ignored
2026-04-20T02:51:02Z PLAYER_EVENT=end_of_track → end_of_track (flagged for next play_request_id_changed)
2026-04-20T02:51:02Z PLAYER_EVENT=play_request_id_changed → play_request_id_changed after end_of_track (track skip, ignoring)
2026-04-20T02:51:02Z PLAYER_EVENT=track_changed ignored
2026-04-20T02:51:02Z PLAYER_EVENT=playing → track change (stream connected, skipping webhook)
2026-04-20T02:53:52Z PLAYER_EVENT=preload_next ignored
2026-04-20T02:53:53Z PLAYER_EVENT=preloading ignored
2026-04-20T02:54:20Z PLAYER_EVENT=end_of_track → end_of_track (flagged for next play_request_id_changed)
2026-04-20T02:54:20Z PLAYER_EVENT=play_request_id_changed → play_request_id_changed after end_of_track (track skip, ignoring)
2026-04-20T02:54:20Z PLAYER_EVENT=track_changed ignored
2026-04-20T02:54:20Z PLAYER_EVENT=playing → track change (stream connected, skipping webhook)
2026-04-20T02:57:11Z PLAYER_EVENT=preload_next ignored
2026-04-20T02:57:13Z PLAYER_EVENT=preloading ignored
2026-04-20T02:57:40Z PLAYER_EVENT=end_of_track → end_of_track (flagged for next play_request_id_changed)
2026-04-20T02:57:40Z PLAYER_EVENT=play_request_id_changed → play_request_id_changed after end_of_track (track skip, ignoring)
2026-04-20T02:57:40Z PLAYER_EVENT=track_changed ignored
2026-04-20T02:57:40Z PLAYER_EVENT=playing → track change (stream connected, skipping webhook)
2026-04-20T02:59:43Z PLAYER_EVENT=session_disconnected → reset state to stopped (new session)
2026-04-20T02:59:43Z PLAYER_EVENT=stopped → stopped, debouncing (5s)
2026-04-20T02:59:48Z PLAYER_EVENT=stopped → notifying HA: librespot_stopped
2026-04-21T00:37:22Z PLAYER_EVENT=session_connected → reset state to stopped (new session)
2026-04-21T00:37:22Z PLAYER_EVENT=session_client_changed ignored
2026-04-21T00:37:22Z PLAYER_EVENT=volume_changed ignored
2026-04-21T00:37:22Z PLAYER_EVENT=auto_play_changed ignored
2026-04-21T00:37:22Z PLAYER_EVENT=filter_explicit_content_changed ignored
2026-04-21T00:37:22Z PLAYER_EVENT=shuffle_changed ignored
2026-04-21T00:37:22Z PLAYER_EVENT=repeat_changed ignored
2026-04-21T00:37:22Z PLAYER_EVENT=play_request_id_changed → reset state to stopped (fresh play request, no preceding end_of_track)
2026-04-21T00:37:22Z PLAYER_EVENT=loading ignored
2026-04-21T00:37:23Z PLAYER_EVENT=track_changed ignored
2026-04-21T00:37:23Z PLAYER_EVENT=playing → notifying HA: librespot_playing
2026-04-21T00:38:02Z PLAYER_EVENT=play_request_id_changed → reset state to stopped (fresh play request, no preceding end_of_track)
2026-04-21T00:38:02Z PLAYER_EVENT=track_changed ignored
2026-04-21T00:38:02Z PLAYER_EVENT=playing → notifying HA: librespot_playing
2026-04-21T00:38:45Z PLAYER_EVENT=preload_next ignored
2026-04-21T00:39:13Z PLAYER_EVENT=end_of_track → end_of_track (flagged for next play_request_id_changed)
2026-04-21T00:39:13Z PLAYER_EVENT=stopped → stopped, debouncing (5s)
2026-04-21T00:39:18Z PLAYER_EVENT=stopped → notifying HA: librespot_stopped
2026-04-21T00:44:36Z PLAYER_EVENT=play_request_id_changed → play_request_id_changed after end_of_track (track skip, ignoring)
2026-04-21T00:44:36Z PLAYER_EVENT=loading ignored
2026-04-21T00:44:37Z PLAYER_EVENT=track_changed ignored
2026-04-21T00:44:37Z PLAYER_EVENT=playing → notifying HA: librespot_playing
2026-04-21T00:45:20Z PLAYER_EVENT=preload_next ignored
2026-04-21T00:45:48Z PLAYER_EVENT=end_of_track → end_of_track (flagged for next play_request_id_changed)
2026-04-21T00:45:48Z PLAYER_EVENT=play_request_id_changed → play_request_id_changed after end_of_track (track skip, ignoring)
2026-04-21T00:45:48Z PLAYER_EVENT=track_changed ignored
2026-04-21T00:45:49Z PLAYER_EVENT=playing → track change (stream connected, skipping webhook)
2026-04-21T00:46:32Z PLAYER_EVENT=preload_next ignored
2026-04-21T00:46:33Z PLAYER_EVENT=preloading ignored
2026-04-21T00:47:01Z PLAYER_EVENT=end_of_track → end_of_track (flagged for next play_request_id_changed)
2026-04-21T00:47:01Z PLAYER_EVENT=play_request_id_changed → play_request_id_changed after end_of_track (track skip, ignoring)
2026-04-21T00:47:01Z PLAYER_EVENT=track_changed ignored
2026-04-21T00:47:01Z PLAYER_EVENT=playing → track change (stream connected, skipping webhook)
2026-04-21T00:48:41Z PLAYER_EVENT=preload_next ignored
2026-04-21T00:48:42Z PLAYER_EVENT=preloading ignored
2026-04-21T00:49:09Z PLAYER_EVENT=end_of_track → end_of_track (flagged for next play_request_id_changed)
2026-04-21T00:49:09Z PLAYER_EVENT=play_request_id_changed → play_request_id_changed after end_of_track (track skip, ignoring)
2026-04-21T00:49:09Z PLAYER_EVENT=track_changed ignored
2026-04-21T00:49:09Z PLAYER_EVENT=playing → track change (stream connected, skipping webhook)
2026-04-21T00:52:25Z PLAYER_EVENT=preload_next ignored
2026-04-21T00:52:26Z PLAYER_EVENT=preloading ignored
2026-04-21T00:52:54Z PLAYER_EVENT=end_of_track → end_of_track (flagged for next play_request_id_changed)
2026-04-21T00:52:54Z PLAYER_EVENT=play_request_id_changed → play_request_id_changed after end_of_track (track skip, ignoring)
2026-04-21T00:52:54Z PLAYER_EVENT=track_changed ignored
2026-04-21T00:52:54Z PLAYER_EVENT=playing → track change (stream connected, skipping webhook)
2026-04-21T00:55:29Z PLAYER_EVENT=preload_next ignored
2026-04-21T00:55:31Z PLAYER_EVENT=preloading ignored
2026-04-21T00:55:58Z PLAYER_EVENT=end_of_track → end_of_track (flagged for next play_request_id_changed)
2026-04-21T00:55:58Z PLAYER_EVENT=play_request_id_changed → play_request_id_changed after end_of_track (track skip, ignoring)
2026-04-21T00:55:58Z PLAYER_EVENT=track_changed ignored
2026-04-21T00:55:58Z PLAYER_EVENT=playing → track change (stream connected, skipping webhook)
2026-04-21T00:57:32Z PLAYER_EVENT=preload_next ignored
2026-04-21T00:57:33Z PLAYER_EVENT=preloading ignored
2026-04-21T00:58:00Z PLAYER_EVENT=end_of_track → end_of_track (flagged for next play_request_id_changed)
2026-04-21T00:58:00Z PLAYER_EVENT=play_request_id_changed → play_request_id_changed after end_of_track (track skip, ignoring)
2026-04-21T00:58:00Z PLAYER_EVENT=track_changed ignored
2026-04-21T00:58:01Z PLAYER_EVENT=playing → track change (stream connected, skipping webhook)
2026-04-21T00:59:10Z PLAYER_EVENT=preload_next ignored
2026-04-21T00:59:12Z PLAYER_EVENT=preloading ignored
2026-04-21T00:59:39Z PLAYER_EVENT=end_of_track → end_of_track (flagged for next play_request_id_changed)
2026-04-21T00:59:39Z PLAYER_EVENT=play_request_id_changed → play_request_id_changed after end_of_track (track skip, ignoring)
2026-04-21T00:59:39Z PLAYER_EVENT=track_changed ignored
2026-04-21T00:59:39Z PLAYER_EVENT=playing → track change (stream connected, skipping webhook)
2026-04-21T01:00:42Z PLAYER_EVENT=preload_next ignored
2026-04-21T01:00:42Z PLAYER_EVENT=preloading ignored
2026-04-21T01:01:10Z PLAYER_EVENT=end_of_track → end_of_track (flagged for next play_request_id_changed)
2026-04-21T01:01:10Z PLAYER_EVENT=play_request_id_changed → play_request_id_changed after end_of_track (track skip, ignoring)
2026-04-21T01:01:10Z PLAYER_EVENT=track_changed ignored
2026-04-21T01:01:11Z PLAYER_EVENT=playing → track change (stream connected, skipping webhook)
2026-04-21T01:02:19Z PLAYER_EVENT=preload_next ignored
2026-04-21T01:02:20Z PLAYER_EVENT=preloading ignored
2026-04-21T01:02:47Z PLAYER_EVENT=end_of_track → end_of_track (flagged for next play_request_id_changed)
2026-04-21T01:02:47Z PLAYER_EVENT=play_request_id_changed → play_request_id_changed after end_of_track (track skip, ignoring)
2026-04-21T01:02:47Z PLAYER_EVENT=track_changed ignored
2026-04-21T01:02:47Z PLAYER_EVENT=playing → track change (stream connected, skipping webhook)
2026-04-21T01:04:57Z PLAYER_EVENT=play_request_id_changed → reset state to stopped (fresh play request, no preceding end_of_track)
2026-04-21T01:04:57Z PLAYER_EVENT=loading ignored
2026-04-21T01:04:58Z PLAYER_EVENT=track_changed ignored
2026-04-21T01:04:58Z PLAYER_EVENT=playing → notifying HA: librespot_playing
2026-04-21T01:07:36Z PLAYER_EVENT=preload_next ignored
2026-04-21T01:07:37Z PLAYER_EVENT=preloading ignored
2026-04-21T01:08:04Z PLAYER_EVENT=end_of_track → end_of_track (flagged for next play_request_id_changed)
2026-04-21T01:08:04Z PLAYER_EVENT=play_request_id_changed → play_request_id_changed after end_of_track (track skip, ignoring)
2026-04-21T01:08:04Z PLAYER_EVENT=track_changed ignored
2026-04-21T01:08:04Z PLAYER_EVENT=playing → track change (stream connected, skipping webhook)
2026-04-21T01:10:16Z PLAYER_EVENT=preload_next ignored
2026-04-21T01:10:17Z PLAYER_EVENT=preloading ignored
2026-04-21T01:10:44Z PLAYER_EVENT=end_of_track → end_of_track (flagged for next play_request_id_changed)
2026-04-21T01:10:44Z PLAYER_EVENT=play_request_id_changed → play_request_id_changed after end_of_track (track skip, ignoring)
2026-04-21T01:10:45Z PLAYER_EVENT=track_changed ignored
2026-04-21T01:10:45Z PLAYER_EVENT=playing → track change (stream connected, skipping webhook)
2026-04-21T01:12:42Z PLAYER_EVENT=preload_next ignored
2026-04-21T01:12:44Z PLAYER_EVENT=preloading ignored
2026-04-21T01:13:11Z PLAYER_EVENT=end_of_track → end_of_track (flagged for next play_request_id_changed)
2026-04-21T01:13:11Z PLAYER_EVENT=play_request_id_changed → play_request_id_changed after end_of_track (track skip, ignoring)
2026-04-21T01:13:11Z PLAYER_EVENT=track_changed ignored
2026-04-21T01:13:11Z PLAYER_EVENT=playing → track change (stream connected, skipping webhook)
2026-04-21T01:15:53Z PLAYER_EVENT=preload_next ignored
2026-04-21T01:15:54Z PLAYER_EVENT=preloading ignored
2026-04-21T01:16:21Z PLAYER_EVENT=end_of_track → end_of_track (flagged for next play_request_id_changed)
2026-04-21T01:16:21Z PLAYER_EVENT=play_request_id_changed → play_request_id_changed after end_of_track (track skip, ignoring)
2026-04-21T01:16:21Z PLAYER_EVENT=track_changed ignored
2026-04-21T01:16:21Z PLAYER_EVENT=playing → track change (stream connected, skipping webhook)
2026-04-21T01:18:23Z PLAYER_EVENT=preload_next ignored
2026-04-21T01:18:24Z PLAYER_EVENT=preloading ignored
2026-04-21T01:18:52Z PLAYER_EVENT=end_of_track → end_of_track (flagged for next play_request_id_changed)
2026-04-21T01:18:52Z PLAYER_EVENT=play_request_id_changed → play_request_id_changed after end_of_track (track skip, ignoring)
2026-04-21T01:18:52Z PLAYER_EVENT=track_changed ignored
2026-04-21T01:18:52Z PLAYER_EVENT=playing → track change (stream connected, skipping webhook)
2026-04-21T01:22:27Z PLAYER_EVENT=preload_next ignored
2026-04-21T01:22:28Z PLAYER_EVENT=preloading ignored
2026-04-21T01:22:56Z PLAYER_EVENT=end_of_track → end_of_track (flagged for next play_request_id_changed)
2026-04-21T01:22:56Z PLAYER_EVENT=play_request_id_changed → play_request_id_changed after end_of_track (track skip, ignoring)
2026-04-21T01:22:56Z PLAYER_EVENT=track_changed ignored
2026-04-21T01:22:56Z PLAYER_EVENT=playing → track change (stream connected, skipping webhook)
2026-04-21T01:25:06Z PLAYER_EVENT=preload_next ignored
2026-04-21T01:25:07Z PLAYER_EVENT=preloading ignored
2026-04-21T01:25:35Z PLAYER_EVENT=end_of_track → end_of_track (flagged for next play_request_id_changed)
2026-04-21T01:25:35Z PLAYER_EVENT=play_request_id_changed → play_request_id_changed after end_of_track (track skip, ignoring)
2026-04-21T01:25:35Z PLAYER_EVENT=track_changed ignored
2026-04-21T01:25:35Z PLAYER_EVENT=playing → track change (stream connected, skipping webhook)
2026-04-21T01:28:38Z PLAYER_EVENT=preload_next ignored
2026-04-21T01:28:39Z PLAYER_EVENT=preloading ignored
2026-04-21T01:29:06Z PLAYER_EVENT=end_of_track → end_of_track (flagged for next play_request_id_changed)
2026-04-21T01:29:06Z PLAYER_EVENT=play_request_id_changed → play_request_id_changed after end_of_track (track skip, ignoring)
2026-04-21T01:29:06Z PLAYER_EVENT=track_changed ignored
2026-04-21T01:29:06Z PLAYER_EVENT=playing → track change (stream connected, skipping webhook)
2026-04-21T01:32:44Z PLAYER_EVENT=preload_next ignored
2026-04-21T01:32:46Z PLAYER_EVENT=preloading ignored
2026-04-21T01:33:13Z PLAYER_EVENT=end_of_track → end_of_track (flagged for next play_request_id_changed)
2026-04-21T01:33:13Z PLAYER_EVENT=play_request_id_changed → play_request_id_changed after end_of_track (track skip, ignoring)
2026-04-21T01:33:13Z PLAYER_EVENT=track_changed ignored
2026-04-21T01:33:13Z PLAYER_EVENT=playing → track change (stream connected, skipping webhook)
2026-04-21T01:35:20Z PLAYER_EVENT=preload_next ignored
2026-04-21T01:35:20Z PLAYER_EVENT=preloading ignored
2026-04-21T01:35:48Z PLAYER_EVENT=end_of_track → end_of_track (flagged for next play_request_id_changed)
2026-04-21T01:35:48Z PLAYER_EVENT=play_request_id_changed → play_request_id_changed after end_of_track (track skip, ignoring)
2026-04-21T01:35:48Z PLAYER_EVENT=track_changed ignored
2026-04-21T01:35:48Z PLAYER_EVENT=playing → track change (stream connected, skipping webhook)
2026-04-21T01:35:52Z PLAYER_EVENT=preload_next ignored
2026-04-21T01:35:53Z PLAYER_EVENT=preloading ignored
2026-04-21T01:36:21Z PLAYER_EVENT=end_of_track → end_of_track (flagged for next play_request_id_changed)
2026-04-21T01:36:21Z PLAYER_EVENT=play_request_id_changed → play_request_id_changed after end_of_track (track skip, ignoring)
2026-04-21T01:36:21Z PLAYER_EVENT=track_changed ignored
2026-04-21T01:36:21Z PLAYER_EVENT=playing → track change (stream connected, skipping webhook)
2026-04-21T01:36:39Z PLAYER_EVENT=preload_next ignored
2026-04-21T01:36:40Z PLAYER_EVENT=preloading ignored
2026-04-21T01:37:07Z PLAYER_EVENT=end_of_track → end_of_track (flagged for next play_request_id_changed)
2026-04-21T01:37:07Z PLAYER_EVENT=play_request_id_changed → play_request_id_changed after end_of_track (track skip, ignoring)
2026-04-21T01:37:07Z PLAYER_EVENT=track_changed ignored
2026-04-21T01:37:07Z PLAYER_EVENT=playing → track change (stream connected, skipping webhook)
2026-04-21T01:37:26Z PLAYER_EVENT=preload_next ignored
2026-04-21T01:37:27Z PLAYER_EVENT=preloading ignored
2026-04-21T01:37:55Z PLAYER_EVENT=end_of_track → end_of_track (flagged for next play_request_id_changed)
2026-04-21T01:37:55Z PLAYER_EVENT=play_request_id_changed → play_request_id_changed after end_of_track (track skip, ignoring)
2026-04-21T01:37:55Z PLAYER_EVENT=track_changed ignored
2026-04-21T01:37:55Z PLAYER_EVENT=playing → track change (stream connected, skipping webhook)
2026-04-21T01:38:15Z PLAYER_EVENT=preload_next ignored
2026-04-21T01:38:16Z PLAYER_EVENT=preloading ignored
2026-04-21T01:38:43Z PLAYER_EVENT=end_of_track → end_of_track (flagged for next play_request_id_changed)
2026-04-21T01:38:43Z PLAYER_EVENT=play_request_id_changed → play_request_id_changed after end_of_track (track skip, ignoring)
2026-04-21T01:38:43Z PLAYER_EVENT=track_changed ignored
2026-04-21T01:38:43Z PLAYER_EVENT=playing → track change (stream connected, skipping webhook)
2026-04-21T01:38:52Z PLAYER_EVENT=preload_next ignored
2026-04-21T01:38:52Z PLAYER_EVENT=preloading ignored
2026-04-21T01:39:20Z PLAYER_EVENT=end_of_track → end_of_track (flagged for next play_request_id_changed)
2026-04-21T01:39:20Z PLAYER_EVENT=play_request_id_changed → play_request_id_changed after end_of_track (track skip, ignoring)
2026-04-21T01:39:20Z PLAYER_EVENT=track_changed ignored
2026-04-21T01:39:20Z PLAYER_EVENT=playing → track change (stream connected, skipping webhook)
2026-04-21T01:39:41Z PLAYER_EVENT=preload_next ignored
2026-04-21T01:39:42Z PLAYER_EVENT=preloading ignored
2026-04-21T01:40:10Z PLAYER_EVENT=end_of_track → end_of_track (flagged for next play_request_id_changed)
2026-04-21T01:40:10Z PLAYER_EVENT=play_request_id_changed → play_request_id_changed after end_of_track (track skip, ignoring)
2026-04-21T01:40:10Z PLAYER_EVENT=track_changed ignored
2026-04-21T01:40:10Z PLAYER_EVENT=playing → track change (stream connected, skipping webhook)
2026-04-21T01:40:37Z PLAYER_EVENT=preload_next ignored
2026-04-21T01:40:38Z PLAYER_EVENT=preloading ignored
2026-04-21T01:41:05Z PLAYER_EVENT=end_of_track → end_of_track (flagged for next play_request_id_changed)
2026-04-21T01:41:05Z PLAYER_EVENT=play_request_id_changed → play_request_id_changed after end_of_track (track skip, ignoring)
2026-04-21T01:41:05Z PLAYER_EVENT=track_changed ignored
2026-04-21T01:41:05Z PLAYER_EVENT=playing → track change (stream connected, skipping webhook)
2026-04-21T01:42:00Z PLAYER_EVENT=preload_next ignored
2026-04-21T01:42:01Z PLAYER_EVENT=preloading ignored
2026-04-21T01:42:28Z PLAYER_EVENT=end_of_track → end_of_track (flagged for next play_request_id_changed)
2026-04-21T01:42:29Z PLAYER_EVENT=play_request_id_changed → play_request_id_changed after end_of_track (track skip, ignoring)
2026-04-21T01:42:29Z PLAYER_EVENT=track_changed ignored
2026-04-21T01:42:29Z PLAYER_EVENT=playing → track change (stream connected, skipping webhook)
2026-04-21T01:42:58Z PLAYER_EVENT=preload_next ignored
2026-04-21T01:42:59Z PLAYER_EVENT=preloading ignored
2026-04-21T01:43:26Z PLAYER_EVENT=end_of_track → end_of_track (flagged for next play_request_id_changed)
2026-04-21T01:43:26Z PLAYER_EVENT=play_request_id_changed → play_request_id_changed after end_of_track (track skip, ignoring)
2026-04-21T01:43:26Z PLAYER_EVENT=track_changed ignored
2026-04-21T01:43:26Z PLAYER_EVENT=playing → track change (stream connected, skipping webhook)
2026-04-21T01:44:03Z PLAYER_EVENT=preload_next ignored
2026-04-21T01:44:04Z PLAYER_EVENT=preloading ignored
2026-04-21T01:44:32Z PLAYER_EVENT=end_of_track → end_of_track (flagged for next play_request_id_changed)
2026-04-21T01:44:32Z PLAYER_EVENT=play_request_id_changed → play_request_id_changed after end_of_track (track skip, ignoring)
2026-04-21T01:44:32Z PLAYER_EVENT=track_changed ignored
2026-04-21T01:44:32Z PLAYER_EVENT=playing → track change (stream connected, skipping webhook)
2026-04-21T01:45:14Z PLAYER_EVENT=preload_next ignored
2026-04-21T01:45:15Z PLAYER_EVENT=preloading ignored
2026-04-21T01:45:43Z PLAYER_EVENT=end_of_track → end_of_track (flagged for next play_request_id_changed)
2026-04-21T01:45:43Z PLAYER_EVENT=play_request_id_changed → play_request_id_changed after end_of_track (track skip, ignoring)
2026-04-21T01:45:43Z PLAYER_EVENT=track_changed ignored
2026-04-21T01:45:43Z PLAYER_EVENT=playing → track change (stream connected, skipping webhook)
2026-04-21T01:46:26Z PLAYER_EVENT=preload_next ignored
2026-04-21T01:46:27Z PLAYER_EVENT=preloading ignored
2026-04-21T01:46:55Z PLAYER_EVENT=end_of_track → end_of_track (flagged for next play_request_id_changed)
2026-04-21T01:46:55Z PLAYER_EVENT=play_request_id_changed → play_request_id_changed after end_of_track (track skip, ignoring)
2026-04-21T01:46:55Z PLAYER_EVENT=track_changed ignored
2026-04-21T01:46:55Z PLAYER_EVENT=playing → track change (stream connected, skipping webhook)
2026-04-21T01:47:44Z PLAYER_EVENT=preload_next ignored
2026-04-21T01:47:45Z PLAYER_EVENT=preloading ignored
2026-04-21T01:48:12Z PLAYER_EVENT=end_of_track → end_of_track (flagged for next play_request_id_changed)
2026-04-21T01:48:12Z PLAYER_EVENT=play_request_id_changed → play_request_id_changed after end_of_track (track skip, ignoring)
2026-04-21T01:48:12Z PLAYER_EVENT=track_changed ignored
2026-04-21T01:48:12Z PLAYER_EVENT=playing → track change (stream connected, skipping webhook)
2026-04-21T01:49:03Z PLAYER_EVENT=preload_next ignored
2026-04-21T01:49:04Z PLAYER_EVENT=preloading ignored
2026-04-21T01:49:31Z PLAYER_EVENT=end_of_track → end_of_track (flagged for next play_request_id_changed)
2026-04-21T01:49:31Z PLAYER_EVENT=play_request_id_changed → play_request_id_changed after end_of_track (track skip, ignoring)
2026-04-21T01:49:31Z PLAYER_EVENT=track_changed ignored
2026-04-21T01:49:31Z PLAYER_EVENT=playing → track change (stream connected, skipping webhook)
2026-04-21T01:50:24Z PLAYER_EVENT=preload_next ignored
2026-04-21T01:50:25Z PLAYER_EVENT=preloading ignored
2026-04-21T01:50:52Z PLAYER_EVENT=end_of_track → end_of_track (flagged for next play_request_id_changed)
2026-04-21T01:50:52Z PLAYER_EVENT=play_request_id_changed → play_request_id_changed after end_of_track (track skip, ignoring)
2026-04-21T01:50:52Z PLAYER_EVENT=track_changed ignored
2026-04-21T01:50:52Z PLAYER_EVENT=playing → track change (stream connected, skipping webhook)
2026-04-21T01:52:02Z PLAYER_EVENT=preload_next ignored
2026-04-21T01:52:03Z PLAYER_EVENT=preloading ignored
2026-04-21T01:52:30Z PLAYER_EVENT=end_of_track → end_of_track (flagged for next play_request_id_changed)
2026-04-21T01:52:30Z PLAYER_EVENT=play_request_id_changed → play_request_id_changed after end_of_track (track skip, ignoring)
2026-04-21T01:52:30Z PLAYER_EVENT=track_changed ignored
2026-04-21T01:52:30Z PLAYER_EVENT=playing → track change (stream connected, skipping webhook)
2026-04-21T01:53:26Z PLAYER_EVENT=preload_next ignored
2026-04-21T01:53:27Z PLAYER_EVENT=preloading ignored
2026-04-21T01:53:54Z PLAYER_EVENT=end_of_track → end_of_track (flagged for next play_request_id_changed)
2026-04-21T01:53:54Z PLAYER_EVENT=play_request_id_changed → play_request_id_changed after end_of_track (track skip, ignoring)
2026-04-21T01:53:54Z PLAYER_EVENT=track_changed ignored
2026-04-21T01:53:54Z PLAYER_EVENT=playing → track change (stream connected, skipping webhook)
2026-04-21T01:55:04Z PLAYER_EVENT=preload_next ignored
2026-04-21T01:55:05Z PLAYER_EVENT=preloading ignored
2026-04-21T01:55:32Z PLAYER_EVENT=end_of_track → end_of_track (flagged for next play_request_id_changed)
2026-04-21T01:55:32Z PLAYER_EVENT=play_request_id_changed → play_request_id_changed after end_of_track (track skip, ignoring)
2026-04-21T01:55:32Z PLAYER_EVENT=track_changed ignored
2026-04-21T01:55:32Z PLAYER_EVENT=playing → track change (stream connected, skipping webhook)
2026-04-21T01:56:37Z PLAYER_EVENT=preload_next ignored
2026-04-21T01:56:38Z PLAYER_EVENT=preloading ignored
2026-04-21T01:57:06Z PLAYER_EVENT=end_of_track → end_of_track (flagged for next play_request_id_changed)
2026-04-21T01:57:06Z PLAYER_EVENT=play_request_id_changed → play_request_id_changed after end_of_track (track skip, ignoring)
2026-04-21T01:57:06Z PLAYER_EVENT=track_changed ignored
2026-04-21T01:57:06Z PLAYER_EVENT=playing → track change (stream connected, skipping webhook)
2026-04-21T01:58:08Z PLAYER_EVENT=preload_next ignored
2026-04-21T01:58:09Z PLAYER_EVENT=preloading ignored
2026-04-21T01:58:37Z PLAYER_EVENT=end_of_track → end_of_track (flagged for next play_request_id_changed)
2026-04-21T01:58:37Z PLAYER_EVENT=play_request_id_changed → play_request_id_changed after end_of_track (track skip, ignoring)
2026-04-21T01:58:37Z PLAYER_EVENT=track_changed ignored
2026-04-21T01:58:37Z PLAYER_EVENT=playing → track change (stream connected, skipping webhook)
2026-04-21T01:59:42Z PLAYER_EVENT=preload_next ignored
2026-04-21T01:59:43Z PLAYER_EVENT=preloading ignored
2026-04-21T02:00:10Z PLAYER_EVENT=end_of_track → end_of_track (flagged for next play_request_id_changed)
2026-04-21T02:00:10Z PLAYER_EVENT=play_request_id_changed → play_request_id_changed after end_of_track (track skip, ignoring)
2026-04-21T02:00:10Z PLAYER_EVENT=track_changed ignored
2026-04-21T02:00:10Z PLAYER_EVENT=playing → track change (stream connected, skipping webhook)
2026-04-21T02:01:19Z PLAYER_EVENT=preload_next ignored
2026-04-21T02:01:20Z PLAYER_EVENT=preloading ignored
2026-04-21T02:01:47Z PLAYER_EVENT=end_of_track → end_of_track (flagged for next play_request_id_changed)
2026-04-21T02:01:47Z PLAYER_EVENT=play_request_id_changed → play_request_id_changed after end_of_track (track skip, ignoring)
2026-04-21T02:01:47Z PLAYER_EVENT=track_changed ignored
2026-04-21T02:01:47Z PLAYER_EVENT=playing → track change (stream connected, skipping webhook)
2026-04-21T02:02:52Z PLAYER_EVENT=preload_next ignored
2026-04-21T02:02:53Z PLAYER_EVENT=preloading ignored
2026-04-21T02:03:21Z PLAYER_EVENT=end_of_track → end_of_track (flagged for next play_request_id_changed)
2026-04-21T02:03:21Z PLAYER_EVENT=play_request_id_changed → play_request_id_changed after end_of_track (track skip, ignoring)
2026-04-21T02:03:21Z PLAYER_EVENT=track_changed ignored
2026-04-21T02:03:21Z PLAYER_EVENT=playing → track change (stream connected, skipping webhook)
2026-04-21T02:04:54Z PLAYER_EVENT=preload_next ignored
2026-04-21T02:04:55Z PLAYER_EVENT=preloading ignored
2026-04-21T02:05:22Z PLAYER_EVENT=end_of_track → end_of_track (flagged for next play_request_id_changed)
2026-04-21T02:05:22Z PLAYER_EVENT=play_request_id_changed → play_request_id_changed after end_of_track (track skip, ignoring)
2026-04-21T02:05:22Z PLAYER_EVENT=track_changed ignored
2026-04-21T02:05:22Z PLAYER_EVENT=playing → track change (stream connected, skipping webhook)
2026-04-21T02:06:35Z PLAYER_EVENT=preload_next ignored
2026-04-21T02:06:37Z PLAYER_EVENT=preloading ignored
2026-04-21T02:07:03Z PLAYER_EVENT=end_of_track → end_of_track (flagged for next play_request_id_changed)
2026-04-21T02:07:03Z PLAYER_EVENT=play_request_id_changed → play_request_id_changed after end_of_track (track skip, ignoring)
2026-04-21T02:07:03Z PLAYER_EVENT=track_changed ignored
2026-04-21T02:07:03Z PLAYER_EVENT=playing → track change (stream connected, skipping webhook)
2026-04-21T02:08:18Z PLAYER_EVENT=preload_next ignored
2026-04-21T02:08:19Z PLAYER_EVENT=preloading ignored
2026-04-21T02:08:46Z PLAYER_EVENT=end_of_track → end_of_track (flagged for next play_request_id_changed)
2026-04-21T02:08:46Z PLAYER_EVENT=play_request_id_changed → play_request_id_changed after end_of_track (track skip, ignoring)
2026-04-21T02:08:46Z PLAYER_EVENT=track_changed ignored
2026-04-21T02:08:46Z PLAYER_EVENT=playing → track change (stream connected, skipping webhook)
2026-04-21T02:10:11Z PLAYER_EVENT=preload_next ignored
2026-04-21T02:10:13Z PLAYER_EVENT=preloading ignored
2026-04-21T02:10:40Z PLAYER_EVENT=end_of_track → end_of_track (flagged for next play_request_id_changed)
2026-04-21T02:10:40Z PLAYER_EVENT=play_request_id_changed → play_request_id_changed after end_of_track (track skip, ignoring)
2026-04-21T02:10:40Z PLAYER_EVENT=track_changed ignored
2026-04-21T02:10:40Z PLAYER_EVENT=playing → track change (stream connected, skipping webhook)
2026-04-21T02:12:02Z PLAYER_EVENT=preload_next ignored
2026-04-21T02:12:19Z PLAYER_EVENT=preloading ignored
2026-04-21T02:12:31Z PLAYER_EVENT=end_of_track → end_of_track (flagged for next play_request_id_changed)
2026-04-21T02:12:31Z PLAYER_EVENT=play_request_id_changed → play_request_id_changed after end_of_track (track skip, ignoring)
2026-04-21T02:12:31Z PLAYER_EVENT=track_changed ignored
2026-04-21T02:12:31Z PLAYER_EVENT=playing → track change (stream connected, skipping webhook)
2026-04-21T02:14:01Z PLAYER_EVENT=preload_next ignored
2026-04-21T02:14:03Z PLAYER_EVENT=preloading ignored
2026-04-21T02:14:30Z PLAYER_EVENT=end_of_track → end_of_track (flagged for next play_request_id_changed)
2026-04-21T02:14:30Z PLAYER_EVENT=play_request_id_changed → play_request_id_changed after end_of_track (track skip, ignoring)
2026-04-21T02:14:30Z PLAYER_EVENT=track_changed ignored
2026-04-21T02:14:30Z PLAYER_EVENT=playing → track change (stream connected, skipping webhook)
2026-04-21T02:15:55Z PLAYER_EVENT=preload_next ignored
2026-04-21T02:15:56Z PLAYER_EVENT=preloading ignored
2026-04-21T02:16:24Z PLAYER_EVENT=end_of_track → end_of_track (flagged for next play_request_id_changed)
2026-04-21T02:16:24Z PLAYER_EVENT=play_request_id_changed → play_request_id_changed after end_of_track (track skip, ignoring)
2026-04-21T02:16:24Z PLAYER_EVENT=track_changed ignored
2026-04-21T02:16:24Z PLAYER_EVENT=playing → track change (stream connected, skipping webhook)
2026-04-21T02:18:00Z PLAYER_EVENT=preload_next ignored
2026-04-21T02:18:03Z PLAYER_EVENT=preloading ignored
2026-04-21T02:18:28Z PLAYER_EVENT=end_of_track → end_of_track (flagged for next play_request_id_changed)
2026-04-21T02:18:28Z PLAYER_EVENT=play_request_id_changed → play_request_id_changed after end_of_track (track skip, ignoring)
2026-04-21T02:18:28Z PLAYER_EVENT=track_changed ignored
2026-04-21T02:18:28Z PLAYER_EVENT=playing → track change (stream connected, skipping webhook)
2026-04-21T02:20:05Z PLAYER_EVENT=preload_next ignored
2026-04-21T02:20:07Z PLAYER_EVENT=preloading ignored
2026-04-21T02:20:33Z PLAYER_EVENT=end_of_track → end_of_track (flagged for next play_request_id_changed)
2026-04-21T02:20:33Z PLAYER_EVENT=play_request_id_changed → play_request_id_changed after end_of_track (track skip, ignoring)
2026-04-21T02:20:33Z PLAYER_EVENT=track_changed ignored
2026-04-21T02:20:33Z PLAYER_EVENT=playing → track change (stream connected, skipping webhook)
2026-04-21T02:22:17Z PLAYER_EVENT=preload_next ignored
2026-04-21T02:22:18Z PLAYER_EVENT=preloading ignored
2026-04-21T02:22:45Z PLAYER_EVENT=end_of_track → end_of_track (flagged for next play_request_id_changed)
2026-04-21T02:22:45Z PLAYER_EVENT=play_request_id_changed → play_request_id_changed after end_of_track (track skip, ignoring)
2026-04-21T02:22:45Z PLAYER_EVENT=track_changed ignored
2026-04-21T02:22:45Z PLAYER_EVENT=playing → track change (stream connected, skipping webhook)
2026-04-21T02:24:22Z PLAYER_EVENT=preload_next ignored
2026-04-21T02:24:24Z PLAYER_EVENT=preloading ignored
2026-04-21T02:24:50Z PLAYER_EVENT=end_of_track → end_of_track (flagged for next play_request_id_changed)
2026-04-21T02:24:50Z PLAYER_EVENT=play_request_id_changed → play_request_id_changed after end_of_track (track skip, ignoring)
2026-04-21T02:24:50Z PLAYER_EVENT=track_changed ignored
2026-04-21T02:24:50Z PLAYER_EVENT=playing → track change (stream connected, skipping webhook)
2026-04-21T02:26:31Z PLAYER_EVENT=preload_next ignored
2026-04-21T02:26:33Z PLAYER_EVENT=preloading ignored
2026-04-21T02:27:00Z PLAYER_EVENT=end_of_track → end_of_track (flagged for next play_request_id_changed)
2026-04-21T02:27:00Z PLAYER_EVENT=play_request_id_changed → play_request_id_changed after end_of_track (track skip, ignoring)
2026-04-21T02:27:00Z PLAYER_EVENT=track_changed ignored
2026-04-21T02:27:00Z PLAYER_EVENT=playing → track change (stream connected, skipping webhook)
2026-04-21T02:28:39Z PLAYER_EVENT=preload_next ignored
2026-04-21T02:28:41Z PLAYER_EVENT=preloading ignored
2026-04-21T02:29:08Z PLAYER_EVENT=end_of_track → end_of_track (flagged for next play_request_id_changed)
2026-04-21T02:29:08Z PLAYER_EVENT=play_request_id_changed → play_request_id_changed after end_of_track (track skip, ignoring)
2026-04-21T02:29:08Z PLAYER_EVENT=track_changed ignored
2026-04-21T02:29:08Z PLAYER_EVENT=playing → track change (stream connected, skipping webhook)
2026-04-21T02:30:59Z PLAYER_EVENT=preload_next ignored
2026-04-21T02:31:00Z PLAYER_EVENT=preloading ignored
2026-04-21T02:31:27Z PLAYER_EVENT=end_of_track → end_of_track (flagged for next play_request_id_changed)
2026-04-21T02:31:27Z PLAYER_EVENT=play_request_id_changed → play_request_id_changed after end_of_track (track skip, ignoring)
2026-04-21T02:31:27Z PLAYER_EVENT=track_changed ignored
2026-04-21T02:31:27Z PLAYER_EVENT=playing → track change (stream connected, skipping webhook)
2026-04-21T02:33:10Z PLAYER_EVENT=preload_next ignored
2026-04-21T02:33:11Z PLAYER_EVENT=preloading ignored
2026-04-21T02:33:39Z PLAYER_EVENT=end_of_track → end_of_track (flagged for next play_request_id_changed)
2026-04-21T02:33:39Z PLAYER_EVENT=play_request_id_changed → play_request_id_changed after end_of_track (track skip, ignoring)
2026-04-21T02:33:39Z PLAYER_EVENT=track_changed ignored
2026-04-21T02:33:39Z PLAYER_EVENT=playing → track change (stream connected, skipping webhook)
2026-04-21T02:35:23Z PLAYER_EVENT=preload_next ignored
2026-04-21T02:35:40Z PLAYER_EVENT=preloading ignored
2026-04-21T02:35:52Z PLAYER_EVENT=end_of_track → end_of_track (flagged for next play_request_id_changed)
2026-04-21T02:35:52Z PLAYER_EVENT=play_request_id_changed → play_request_id_changed after end_of_track (track skip, ignoring)
2026-04-21T02:35:52Z PLAYER_EVENT=track_changed ignored
2026-04-21T02:35:52Z PLAYER_EVENT=playing → track change (stream connected, skipping webhook)
2026-04-21T02:37:45Z PLAYER_EVENT=preload_next ignored
2026-04-21T02:37:46Z PLAYER_EVENT=preloading ignored
2026-04-21T02:38:13Z PLAYER_EVENT=end_of_track → end_of_track (flagged for next play_request_id_changed)
2026-04-21T02:38:13Z PLAYER_EVENT=play_request_id_changed → play_request_id_changed after end_of_track (track skip, ignoring)
2026-04-21T02:38:13Z PLAYER_EVENT=track_changed ignored
2026-04-21T02:38:13Z PLAYER_EVENT=playing → track change (stream connected, skipping webhook)
2026-04-21T02:40:07Z PLAYER_EVENT=preload_next ignored
2026-04-21T02:40:08Z PLAYER_EVENT=preloading ignored
2026-04-21T02:40:36Z PLAYER_EVENT=end_of_track → end_of_track (flagged for next play_request_id_changed)
2026-04-21T02:40:36Z PLAYER_EVENT=play_request_id_changed → play_request_id_changed after end_of_track (track skip, ignoring)
2026-04-21T02:40:36Z PLAYER_EVENT=track_changed ignored
2026-04-21T02:40:36Z PLAYER_EVENT=playing → track change (stream connected, skipping webhook)
2026-04-21T02:42:27Z PLAYER_EVENT=preload_next ignored
2026-04-21T02:42:31Z PLAYER_EVENT=preloading ignored
2026-04-21T02:42:56Z PLAYER_EVENT=end_of_track → end_of_track (flagged for next play_request_id_changed)
2026-04-21T02:42:56Z PLAYER_EVENT=play_request_id_changed → play_request_id_changed after end_of_track (track skip, ignoring)
2026-04-21T02:42:56Z PLAYER_EVENT=track_changed ignored
2026-04-21T02:42:56Z PLAYER_EVENT=playing → track change (stream connected, skipping webhook)
2026-04-21T02:44:48Z PLAYER_EVENT=preload_next ignored
2026-04-21T02:44:51Z PLAYER_EVENT=preloading ignored
2026-04-21T02:45:17Z PLAYER_EVENT=end_of_track → end_of_track (flagged for next play_request_id_changed)
2026-04-21T02:45:17Z PLAYER_EVENT=play_request_id_changed → play_request_id_changed after end_of_track (track skip, ignoring)
2026-04-21T02:45:17Z PLAYER_EVENT=track_changed ignored
2026-04-21T02:45:17Z PLAYER_EVENT=playing → track change (stream connected, skipping webhook)
2026-04-21T02:47:17Z PLAYER_EVENT=preload_next ignored
2026-04-21T02:47:19Z PLAYER_EVENT=preloading ignored
2026-04-21T02:47:46Z PLAYER_EVENT=end_of_track → end_of_track (flagged for next play_request_id_changed)
2026-04-21T02:47:46Z PLAYER_EVENT=play_request_id_changed → play_request_id_changed after end_of_track (track skip, ignoring)
2026-04-21T02:47:46Z PLAYER_EVENT=track_changed ignored
2026-04-21T02:47:46Z PLAYER_EVENT=playing → track change (stream connected, skipping webhook)
2026-04-21T02:49:43Z PLAYER_EVENT=preload_next ignored
2026-04-21T02:49:44Z PLAYER_EVENT=preloading ignored
2026-04-21T02:50:11Z PLAYER_EVENT=end_of_track → end_of_track (flagged for next play_request_id_changed)
2026-04-21T02:50:11Z PLAYER_EVENT=play_request_id_changed → play_request_id_changed after end_of_track (track skip, ignoring)
2026-04-21T02:50:11Z PLAYER_EVENT=track_changed ignored
2026-04-21T02:50:11Z PLAYER_EVENT=playing → track change (stream connected, skipping webhook)
2026-04-21T02:52:10Z PLAYER_EVENT=preload_next ignored
2026-04-21T02:52:11Z PLAYER_EVENT=preloading ignored
2026-04-21T02:52:39Z PLAYER_EVENT=end_of_track → end_of_track (flagged for next play_request_id_changed)
2026-04-21T02:52:39Z PLAYER_EVENT=play_request_id_changed → play_request_id_changed after end_of_track (track skip, ignoring)
2026-04-21T02:52:39Z PLAYER_EVENT=track_changed ignored
2026-04-21T02:52:39Z PLAYER_EVENT=playing → track change (stream connected, skipping webhook)
2026-04-21T02:54:35Z PLAYER_EVENT=preload_next ignored
2026-04-21T02:54:37Z PLAYER_EVENT=preloading ignored
2026-04-21T02:55:03Z PLAYER_EVENT=end_of_track → end_of_track (flagged for next play_request_id_changed)
2026-04-21T02:55:04Z PLAYER_EVENT=play_request_id_changed → play_request_id_changed after end_of_track (track skip, ignoring)
2026-04-21T02:55:04Z PLAYER_EVENT=track_changed ignored
2026-04-21T02:55:04Z PLAYER_EVENT=playing → track change (stream connected, skipping webhook)
2026-04-21T02:57:11Z PLAYER_EVENT=preload_next ignored
2026-04-21T02:57:12Z PLAYER_EVENT=preloading ignored
2026-04-21T02:57:39Z PLAYER_EVENT=end_of_track → end_of_track (flagged for next play_request_id_changed)
2026-04-21T02:57:39Z PLAYER_EVENT=play_request_id_changed → play_request_id_changed after end_of_track (track skip, ignoring)
2026-04-21T02:57:39Z PLAYER_EVENT=track_changed ignored
2026-04-21T02:57:39Z PLAYER_EVENT=playing → track change (stream connected, skipping webhook)
2026-04-21T02:59:35Z PLAYER_EVENT=preload_next ignored
2026-04-21T02:59:37Z PLAYER_EVENT=preloading ignored
2026-04-21T03:00:03Z PLAYER_EVENT=end_of_track → end_of_track (flagged for next play_request_id_changed)
2026-04-21T03:00:03Z PLAYER_EVENT=play_request_id_changed → play_request_id_changed after end_of_track (track skip, ignoring)
2026-04-21T03:00:03Z PLAYER_EVENT=track_changed ignored
2026-04-21T03:00:03Z PLAYER_EVENT=playing → track change (stream connected, skipping webhook)
2026-04-21T03:02:17Z PLAYER_EVENT=preload_next ignored
2026-04-21T03:02:18Z PLAYER_EVENT=preloading ignored
2026-04-21T03:02:45Z PLAYER_EVENT=end_of_track → end_of_track (flagged for next play_request_id_changed)
2026-04-21T03:02:45Z PLAYER_EVENT=play_request_id_changed → play_request_id_changed after end_of_track (track skip, ignoring)
2026-04-21T03:02:45Z PLAYER_EVENT=track_changed ignored
2026-04-21T03:02:45Z PLAYER_EVENT=playing → track change (stream connected, skipping webhook)
2026-04-21T03:04:52Z PLAYER_EVENT=preload_next ignored
2026-04-21T03:04:54Z PLAYER_EVENT=preloading ignored
2026-04-21T03:05:21Z PLAYER_EVENT=end_of_track → end_of_track (flagged for next play_request_id_changed)
2026-04-21T03:05:21Z PLAYER_EVENT=play_request_id_changed → play_request_id_changed after end_of_track (track skip, ignoring)
2026-04-21T03:05:21Z PLAYER_EVENT=track_changed ignored
2026-04-21T03:05:21Z PLAYER_EVENT=playing → track change (stream connected, skipping webhook)
2026-04-21T03:07:29Z PLAYER_EVENT=preload_next ignored
2026-04-21T03:07:31Z PLAYER_EVENT=preloading ignored
2026-04-21T03:07:58Z PLAYER_EVENT=end_of_track → end_of_track (flagged for next play_request_id_changed)
2026-04-21T03:07:58Z PLAYER_EVENT=play_request_id_changed → play_request_id_changed after end_of_track (track skip, ignoring)
2026-04-21T03:07:58Z PLAYER_EVENT=track_changed ignored
2026-04-21T03:07:58Z PLAYER_EVENT=playing → track change (stream connected, skipping webhook)
2026-04-21T03:10:07Z PLAYER_EVENT=preload_next ignored
2026-04-21T03:10:09Z PLAYER_EVENT=preloading ignored
2026-04-21T03:10:36Z PLAYER_EVENT=end_of_track → end_of_track (flagged for next play_request_id_changed)
2026-04-21T03:10:36Z PLAYER_EVENT=play_request_id_changed → play_request_id_changed after end_of_track (track skip, ignoring)
2026-04-21T03:10:36Z PLAYER_EVENT=track_changed ignored
2026-04-21T03:10:36Z PLAYER_EVENT=playing → track change (stream connected, skipping webhook)
2026-04-21T03:12:47Z PLAYER_EVENT=preload_next ignored
2026-04-21T03:12:48Z PLAYER_EVENT=preloading ignored
2026-04-21T03:13:16Z PLAYER_EVENT=end_of_track → end_of_track (flagged for next play_request_id_changed)
2026-04-21T03:13:16Z PLAYER_EVENT=play_request_id_changed → play_request_id_changed after end_of_track (track skip, ignoring)
2026-04-21T03:13:16Z PLAYER_EVENT=track_changed ignored
2026-04-21T03:13:16Z PLAYER_EVENT=playing → track change (stream connected, skipping webhook)
2026-04-21T03:15:28Z PLAYER_EVENT=preload_next ignored
2026-04-21T03:15:29Z PLAYER_EVENT=preloading ignored
2026-04-21T03:15:57Z PLAYER_EVENT=end_of_track → end_of_track (flagged for next play_request_id_changed)
2026-04-21T03:15:57Z PLAYER_EVENT=play_request_id_changed → play_request_id_changed after end_of_track (track skip, ignoring)
2026-04-21T03:15:57Z PLAYER_EVENT=track_changed ignored
2026-04-21T03:15:57Z PLAYER_EVENT=playing → track change (stream connected, skipping webhook)
2026-04-21T03:18:14Z PLAYER_EVENT=preload_next ignored
2026-04-21T03:18:15Z PLAYER_EVENT=preloading ignored
2026-04-21T03:18:42Z PLAYER_EVENT=end_of_track → end_of_track (flagged for next play_request_id_changed)
2026-04-21T03:18:42Z PLAYER_EVENT=play_request_id_changed → play_request_id_changed after end_of_track (track skip, ignoring)
2026-04-21T03:18:42Z PLAYER_EVENT=track_changed ignored
2026-04-21T03:18:42Z PLAYER_EVENT=playing → track change (stream connected, skipping webhook)
2026-04-21T03:19:28Z PLAYER_EVENT=paused → paused, debouncing (3s)
2026-04-21T03:19:31Z PLAYER_EVENT=paused → notifying HA: librespot_stopped (paused)
2026-04-21T03:29:36Z PLAYER_EVENT=session_disconnected → reset state to stopped (new session)
2026-04-21T03:29:36Z PLAYER_EVENT=stopped → stopped, debouncing (5s)
2026-04-21T03:29:42Z PLAYER_EVENT=stopped → notifying HA: librespot_stopped
2026-04-21T05:00:03Z PLAYER_EVENT=session_connected → reset state to stopped (new session)
2026-04-21T05:00:03Z PLAYER_EVENT=session_client_changed ignored
2026-04-21T05:00:03Z PLAYER_EVENT=volume_changed ignored
2026-04-21T05:00:03Z PLAYER_EVENT=auto_play_changed ignored
2026-04-21T05:00:03Z PLAYER_EVENT=filter_explicit_content_changed ignored
2026-04-21T05:00:03Z PLAYER_EVENT=shuffle_changed ignored
2026-04-21T05:00:03Z PLAYER_EVENT=repeat_changed ignored
2026-04-21T05:00:03Z PLAYER_EVENT=play_request_id_changed → reset state to stopped (fresh play request, no preceding end_of_track)
2026-04-21T05:00:03Z PLAYER_EVENT=loading ignored
2026-04-21T05:00:04Z PLAYER_EVENT=track_changed ignored
2026-04-21T05:00:04Z PLAYER_EVENT=paused → paused, debouncing (3s)
2026-04-21T05:00:07Z PLAYER_EVENT=paused → notifying HA: librespot_stopped (paused)
2026-04-21T05:07:41Z PLAYER_EVENT=session_disconnected → reset state to stopped (new session)
2026-04-21T05:07:41Z PLAYER_EVENT=stopped → stopped, debouncing (5s)
2026-04-21T05:07:46Z PLAYER_EVENT=stopped → notifying HA: librespot_stopped
2026-04-21T06:41:36Z PLAYER_EVENT=session_connected → reset state to stopped (new session)
2026-04-21T06:41:36Z PLAYER_EVENT=session_client_changed ignored
2026-04-21T06:41:36Z PLAYER_EVENT=volume_changed ignored
2026-04-21T06:41:36Z PLAYER_EVENT=auto_play_changed ignored
2026-04-21T06:41:36Z PLAYER_EVENT=filter_explicit_content_changed ignored
2026-04-21T06:41:36Z PLAYER_EVENT=shuffle_changed ignored
2026-04-21T06:41:36Z PLAYER_EVENT=repeat_changed ignored
2026-04-21T06:41:36Z PLAYER_EVENT=play_request_id_changed → reset state to stopped (fresh play request, no preceding end_of_track)
2026-04-21T06:41:36Z PLAYER_EVENT=loading ignored
2026-04-21T06:41:37Z PLAYER_EVENT=track_changed ignored
2026-04-21T06:41:37Z PLAYER_EVENT=paused → paused, debouncing (3s)
2026-04-21T06:41:40Z PLAYER_EVENT=paused → notifying HA: librespot_stopped (paused)
2026-04-21T06:51:47Z PLAYER_EVENT=session_disconnected → reset state to stopped (new session)
2026-04-21T06:51:47Z PLAYER_EVENT=stopped → stopped, debouncing (5s)
2026-04-21T06:51:53Z PLAYER_EVENT=stopped → notifying HA: librespot_stopped
2026-04-21T07:32:40Z PLAYER_EVENT=session_connected → reset state to stopped (new session)
2026-04-21T07:32:40Z PLAYER_EVENT=session_client_changed ignored
2026-04-21T07:32:40Z PLAYER_EVENT=volume_changed ignored
2026-04-21T07:32:40Z PLAYER_EVENT=auto_play_changed ignored
2026-04-21T07:32:40Z PLAYER_EVENT=filter_explicit_content_changed ignored
2026-04-21T07:32:40Z PLAYER_EVENT=shuffle_changed ignored
2026-04-21T07:32:40Z PLAYER_EVENT=repeat_changed ignored
2026-04-21T07:32:40Z PLAYER_EVENT=play_request_id_changed → reset state to stopped (fresh play request, no preceding end_of_track)
2026-04-21T07:32:40Z PLAYER_EVENT=loading ignored
2026-04-21T07:32:40Z PLAYER_EVENT=track_changed ignored
2026-04-21T07:32:40Z PLAYER_EVENT=paused → paused, debouncing (3s)
2026-04-21T07:32:43Z PLAYER_EVENT=paused → notifying HA: librespot_stopped (paused)
2026-04-21T07:33:35Z PLAYER_EVENT=session_disconnected → reset state to stopped (new session)
2026-04-21T07:33:35Z PLAYER_EVENT=stopped → stopped, debouncing (5s)
2026-04-21T07:33:40Z PLAYER_EVENT=stopped → notifying HA: librespot_stopped
2026-04-21T11:33:13Z PLAYER_EVENT=session_connected → reset state to stopped (new session)
2026-04-21T11:33:13Z PLAYER_EVENT=session_client_changed ignored
2026-04-21T11:33:13Z PLAYER_EVENT=volume_changed ignored
2026-04-21T11:33:13Z PLAYER_EVENT=auto_play_changed ignored
2026-04-21T11:33:13Z PLAYER_EVENT=filter_explicit_content_changed ignored
2026-04-21T11:33:13Z PLAYER_EVENT=shuffle_changed ignored
2026-04-21T11:33:13Z PLAYER_EVENT=repeat_changed ignored
2026-04-21T11:33:13Z PLAYER_EVENT=play_request_id_changed → reset state to stopped (fresh play request, no preceding end_of_track)
2026-04-21T11:33:13Z PLAYER_EVENT=loading ignored
2026-04-21T11:33:14Z PLAYER_EVENT=track_changed ignored
2026-04-21T11:33:14Z PLAYER_EVENT=paused → paused, debouncing (3s)
2026-04-21T11:33:17Z PLAYER_EVENT=paused → notifying HA: librespot_stopped (paused)
2026-04-21T11:33:17Z PLAYER_EVENT=session_disconnected → reset state to stopped (new session)
2026-04-21T11:33:17Z PLAYER_EVENT=stopped → stopped, debouncing (5s)
2026-04-21T11:33:22Z PLAYER_EVENT=stopped → notifying HA: librespot_stopped
2026-04-22T00:42:07Z PLAYER_EVENT=session_disconnected → reset state to stopped (new session)
2026-04-22T00:42:11Z PLAYER_EVENT=session_connected → reset state to stopped (new session)
2026-04-22T00:42:11Z PLAYER_EVENT=session_client_changed ignored
2026-04-22T00:42:11Z PLAYER_EVENT=volume_changed ignored
2026-04-22T00:42:11Z PLAYER_EVENT=auto_play_changed ignored
2026-04-22T00:42:11Z PLAYER_EVENT=filter_explicit_content_changed ignored
2026-04-22T00:42:11Z PLAYER_EVENT=shuffle_changed ignored
2026-04-22T00:42:11Z PLAYER_EVENT=repeat_changed ignored
2026-04-22T00:42:11Z PLAYER_EVENT=play_request_id_changed → reset state to stopped (fresh play request, no preceding end_of_track)
2026-04-22T00:42:11Z PLAYER_EVENT=loading ignored
2026-04-22T00:42:11Z PLAYER_EVENT=track_changed ignored
2026-04-22T00:42:11Z PLAYER_EVENT=paused → paused, debouncing (3s)
2026-04-22T00:42:15Z PLAYER_EVENT=paused → notifying HA: librespot_stopped (paused)
2026-04-22T00:42:15Z PLAYER_EVENT=playing → notifying HA: librespot_playing
2026-04-22T00:42:15Z PLAYER_EVENT=seeked ignored
2026-04-22T00:44:14Z PLAYER_EVENT=play_request_id_changed → reset state to stopped (fresh play request, no preceding end_of_track)
2026-04-22T00:44:14Z PLAYER_EVENT=loading ignored
2026-04-22T00:44:15Z PLAYER_EVENT=track_changed ignored
2026-04-22T00:44:15Z PLAYER_EVENT=playing → notifying HA: librespot_playing
2026-04-22T00:46:37Z PLAYER_EVENT=preload_next ignored
2026-04-22T00:47:05Z PLAYER_EVENT=end_of_track → end_of_track (flagged for next play_request_id_changed)
2026-04-22T00:47:05Z PLAYER_EVENT=play_request_id_changed → play_request_id_changed after end_of_track (track skip, ignoring)
2026-04-22T00:47:05Z PLAYER_EVENT=loading ignored
2026-04-22T00:47:08Z PLAYER_EVENT=track_changed ignored
2026-04-22T00:47:08Z PLAYER_EVENT=playing → track change (stream connected, skipping webhook)
2026-04-22T00:50:06Z PLAYER_EVENT=preload_next ignored
2026-04-22T00:50:07Z PLAYER_EVENT=preloading ignored
2026-04-22T00:50:34Z PLAYER_EVENT=end_of_track → end_of_track (flagged for next play_request_id_changed)
2026-04-22T00:50:35Z PLAYER_EVENT=play_request_id_changed → play_request_id_changed after end_of_track (track skip, ignoring)
2026-04-22T00:50:35Z PLAYER_EVENT=track_changed ignored
2026-04-22T00:50:35Z PLAYER_EVENT=playing → track change (stream connected, skipping webhook)
2026-04-22T00:50:56Z PLAYER_EVENT=paused → paused, debouncing (3s)
2026-04-22T00:50:59Z PLAYER_EVENT=paused → notifying HA: librespot_stopped (paused)
2026-04-22T01:01:07Z PLAYER_EVENT=session_disconnected → reset state to stopped (new session)
2026-04-22T01:01:07Z PLAYER_EVENT=stopped → stopped, debouncing (5s)
2026-04-22T01:01:12Z PLAYER_EVENT=stopped → notifying HA: librespot_stopped
2026-04-22T23:57:23Z PLAYER_EVENT=session_connected → reset state to stopped (new session)
2026-04-22T23:57:23Z PLAYER_EVENT=session_client_changed ignored
2026-04-22T23:57:23Z PLAYER_EVENT=volume_changed ignored
2026-04-22T23:57:23Z PLAYER_EVENT=auto_play_changed ignored
2026-04-22T23:57:23Z PLAYER_EVENT=filter_explicit_content_changed ignored
2026-04-22T23:57:23Z PLAYER_EVENT=shuffle_changed ignored
2026-04-22T23:57:23Z PLAYER_EVENT=repeat_changed ignored
2026-04-22T23:57:23Z PLAYER_EVENT=play_request_id_changed → reset state to stopped (fresh play request, no preceding end_of_track)
2026-04-22T23:57:23Z PLAYER_EVENT=loading ignored
2026-04-22T23:57:24Z PLAYER_EVENT=track_changed ignored
2026-04-22T23:57:24Z PLAYER_EVENT=playing → notifying HA: librespot_playing
2026-04-22T23:58:05Z PLAYER_EVENT=play_request_id_changed → reset state to stopped (fresh play request, no preceding end_of_track)
2026-04-22T23:58:05Z PLAYER_EVENT=loading ignored
2026-04-22T23:58:06Z PLAYER_EVENT=track_changed ignored
2026-04-22T23:58:06Z PLAYER_EVENT=playing → notifying HA: librespot_playing
2026-04-23T00:00:43Z PLAYER_EVENT=preload_next ignored
2026-04-23T00:00:45Z PLAYER_EVENT=preloading ignored
2026-04-23T00:01:12Z PLAYER_EVENT=end_of_track → end_of_track (flagged for next play_request_id_changed)
2026-04-23T00:01:12Z PLAYER_EVENT=play_request_id_changed → play_request_id_changed after end_of_track (track skip, ignoring)
2026-04-23T00:01:12Z PLAYER_EVENT=track_changed ignored
2026-04-23T00:01:12Z PLAYER_EVENT=playing → track change (stream connected, skipping webhook)
2026-04-23T00:03:24Z PLAYER_EVENT=preload_next ignored
2026-04-23T00:03:25Z PLAYER_EVENT=preloading ignored
2026-04-23T00:03:53Z PLAYER_EVENT=end_of_track → end_of_track (flagged for next play_request_id_changed)
2026-04-23T00:03:53Z PLAYER_EVENT=play_request_id_changed → play_request_id_changed after end_of_track (track skip, ignoring)
2026-04-23T00:03:53Z PLAYER_EVENT=track_changed ignored
2026-04-23T00:03:53Z PLAYER_EVENT=playing → track change (stream connected, skipping webhook)
2026-04-23T00:05:50Z PLAYER_EVENT=preload_next ignored
2026-04-23T00:05:51Z PLAYER_EVENT=preloading ignored
2026-04-23T00:06:19Z PLAYER_EVENT=end_of_track → end_of_track (flagged for next play_request_id_changed)
2026-04-23T00:06:19Z PLAYER_EVENT=play_request_id_changed → play_request_id_changed after end_of_track (track skip, ignoring)
2026-04-23T00:06:19Z PLAYER_EVENT=track_changed ignored
2026-04-23T00:06:19Z PLAYER_EVENT=playing → track change (stream connected, skipping webhook)
2026-04-23T00:09:01Z PLAYER_EVENT=preload_next ignored
2026-04-23T00:09:02Z PLAYER_EVENT=preloading ignored
2026-04-23T00:09:29Z PLAYER_EVENT=end_of_track → end_of_track (flagged for next play_request_id_changed)
2026-04-23T00:09:29Z PLAYER_EVENT=play_request_id_changed → play_request_id_changed after end_of_track (track skip, ignoring)
2026-04-23T00:09:29Z PLAYER_EVENT=track_changed ignored
2026-04-23T00:09:29Z PLAYER_EVENT=playing → track change (stream connected, skipping webhook)
2026-04-23T00:11:31Z PLAYER_EVENT=preload_next ignored
2026-04-23T00:11:33Z PLAYER_EVENT=preloading ignored
2026-04-23T00:12:00Z PLAYER_EVENT=end_of_track → end_of_track (flagged for next play_request_id_changed)
2026-04-23T00:12:00Z PLAYER_EVENT=play_request_id_changed → play_request_id_changed after end_of_track (track skip, ignoring)
2026-04-23T00:12:00Z PLAYER_EVENT=track_changed ignored
2026-04-23T00:12:00Z PLAYER_EVENT=playing → track change (stream connected, skipping webhook)
2026-04-23T00:15:35Z PLAYER_EVENT=preload_next ignored
2026-04-23T00:15:36Z PLAYER_EVENT=preloading ignored
2026-04-23T00:16:03Z PLAYER_EVENT=end_of_track → end_of_track (flagged for next play_request_id_changed)
2026-04-23T00:16:03Z PLAYER_EVENT=play_request_id_changed → play_request_id_changed after end_of_track (track skip, ignoring)
2026-04-23T00:16:03Z PLAYER_EVENT=track_changed ignored
2026-04-23T00:16:03Z PLAYER_EVENT=playing → track change (stream connected, skipping webhook)
2026-04-23T00:18:14Z PLAYER_EVENT=preload_next ignored
2026-04-23T00:18:15Z PLAYER_EVENT=preloading ignored
2026-04-23T00:18:42Z PLAYER_EVENT=end_of_track → end_of_track (flagged for next play_request_id_changed)
2026-04-23T00:18:42Z PLAYER_EVENT=play_request_id_changed → play_request_id_changed after end_of_track (track skip, ignoring)
2026-04-23T00:18:42Z PLAYER_EVENT=track_changed ignored
2026-04-23T00:18:42Z PLAYER_EVENT=playing → track change (stream connected, skipping webhook)
2026-04-23T00:21:46Z PLAYER_EVENT=preload_next ignored
2026-04-23T00:21:47Z PLAYER_EVENT=preloading ignored
2026-04-23T00:22:14Z PLAYER_EVENT=end_of_track → end_of_track (flagged for next play_request_id_changed)
2026-04-23T00:22:14Z PLAYER_EVENT=play_request_id_changed → play_request_id_changed after end_of_track (track skip, ignoring)
2026-04-23T00:22:14Z PLAYER_EVENT=track_changed ignored
2026-04-23T00:22:14Z PLAYER_EVENT=playing → track change (stream connected, skipping webhook)
2026-04-23T00:25:53Z PLAYER_EVENT=preload_next ignored
2026-04-23T00:25:54Z PLAYER_EVENT=preloading ignored
2026-04-23T00:26:21Z PLAYER_EVENT=end_of_track → end_of_track (flagged for next play_request_id_changed)
2026-04-23T00:26:21Z PLAYER_EVENT=play_request_id_changed → play_request_id_changed after end_of_track (track skip, ignoring)
2026-04-23T00:26:21Z PLAYER_EVENT=track_changed ignored
2026-04-23T00:26:21Z PLAYER_EVENT=playing → track change (stream connected, skipping webhook)
2026-04-23T00:28:28Z PLAYER_EVENT=preload_next ignored
2026-04-23T00:28:31Z PLAYER_EVENT=preloading ignored
2026-04-23T00:28:56Z PLAYER_EVENT=end_of_track → end_of_track (flagged for next play_request_id_changed)
2026-04-23T00:28:56Z PLAYER_EVENT=play_request_id_changed → play_request_id_changed after end_of_track (track skip, ignoring)
2026-04-23T00:28:56Z PLAYER_EVENT=track_changed ignored
2026-04-23T00:28:56Z PLAYER_EVENT=playing → track change (stream connected, skipping webhook)
2026-04-23T00:29:00Z PLAYER_EVENT=preload_next ignored
2026-04-23T00:29:02Z PLAYER_EVENT=preloading ignored
2026-04-23T00:29:29Z PLAYER_EVENT=end_of_track → end_of_track (flagged for next play_request_id_changed)
2026-04-23T00:29:29Z PLAYER_EVENT=play_request_id_changed → play_request_id_changed after end_of_track (track skip, ignoring)
2026-04-23T00:29:29Z PLAYER_EVENT=track_changed ignored
2026-04-23T00:29:29Z PLAYER_EVENT=playing → track change (stream connected, skipping webhook)
2026-04-23T00:29:47Z PLAYER_EVENT=preload_next ignored
2026-04-23T00:29:49Z PLAYER_EVENT=preloading ignored
2026-04-23T00:30:16Z PLAYER_EVENT=end_of_track → end_of_track (flagged for next play_request_id_changed)
2026-04-23T00:30:16Z PLAYER_EVENT=play_request_id_changed → play_request_id_changed after end_of_track (track skip, ignoring)
2026-04-23T00:30:16Z PLAYER_EVENT=track_changed ignored
2026-04-23T00:30:16Z PLAYER_EVENT=playing → track change (stream connected, skipping webhook)
2026-04-23T00:30:34Z PLAYER_EVENT=preload_next ignored
2026-04-23T00:30:36Z PLAYER_EVENT=preloading ignored
2026-04-23T00:31:03Z PLAYER_EVENT=end_of_track → end_of_track (flagged for next play_request_id_changed)
2026-04-23T00:31:03Z PLAYER_EVENT=play_request_id_changed → play_request_id_changed after end_of_track (track skip, ignoring)
2026-04-23T00:31:03Z PLAYER_EVENT=track_changed ignored
2026-04-23T00:31:03Z PLAYER_EVENT=playing → track change (stream connected, skipping webhook)
2026-04-23T00:31:23Z PLAYER_EVENT=preload_next ignored
2026-04-23T00:31:24Z PLAYER_EVENT=preloading ignored
2026-04-23T00:31:51Z PLAYER_EVENT=end_of_track → end_of_track (flagged for next play_request_id_changed)
2026-04-23T00:31:51Z PLAYER_EVENT=play_request_id_changed → play_request_id_changed after end_of_track (track skip, ignoring)
2026-04-23T00:31:51Z PLAYER_EVENT=track_changed ignored
2026-04-23T00:31:51Z PLAYER_EVENT=playing → track change (stream connected, skipping webhook)
2026-04-23T00:31:59Z PLAYER_EVENT=preload_next ignored
2026-04-23T00:32:00Z PLAYER_EVENT=preloading ignored
2026-04-23T00:32:28Z PLAYER_EVENT=end_of_track → end_of_track (flagged for next play_request_id_changed)
2026-04-23T00:32:28Z PLAYER_EVENT=play_request_id_changed → play_request_id_changed after end_of_track (track skip, ignoring)
2026-04-23T00:32:28Z PLAYER_EVENT=track_changed ignored
2026-04-23T00:32:28Z PLAYER_EVENT=playing → track change (stream connected, skipping webhook)
2026-04-23T00:32:49Z PLAYER_EVENT=preload_next ignored
2026-04-23T00:32:50Z PLAYER_EVENT=preloading ignored
2026-04-23T00:33:18Z PLAYER_EVENT=end_of_track → end_of_track (flagged for next play_request_id_changed)
2026-04-23T00:33:18Z PLAYER_EVENT=play_request_id_changed → play_request_id_changed after end_of_track (track skip, ignoring)
2026-04-23T00:33:18Z PLAYER_EVENT=track_changed ignored
2026-04-23T00:33:18Z PLAYER_EVENT=playing → track change (stream connected, skipping webhook)
2026-04-23T00:33:45Z PLAYER_EVENT=preload_next ignored
2026-04-23T00:33:46Z PLAYER_EVENT=preloading ignored
2026-04-23T00:34:13Z PLAYER_EVENT=end_of_track → end_of_track (flagged for next play_request_id_changed)
2026-04-23T00:34:14Z PLAYER_EVENT=play_request_id_changed → play_request_id_changed after end_of_track (track skip, ignoring)
2026-04-23T00:34:14Z PLAYER_EVENT=track_changed ignored
2026-04-23T00:34:14Z PLAYER_EVENT=playing → track change (stream connected, skipping webhook)
2026-04-23T00:35:08Z PLAYER_EVENT=preload_next ignored
2026-04-23T00:35:09Z PLAYER_EVENT=preloading ignored
2026-04-23T00:35:36Z PLAYER_EVENT=end_of_track → end_of_track (flagged for next play_request_id_changed)
2026-04-23T00:35:36Z PLAYER_EVENT=play_request_id_changed → play_request_id_changed after end_of_track (track skip, ignoring)
2026-04-23T00:35:36Z PLAYER_EVENT=track_changed ignored
2026-04-23T00:35:36Z PLAYER_EVENT=playing → track change (stream connected, skipping webhook)
2026-04-23T00:36:06Z PLAYER_EVENT=preload_next ignored
2026-04-23T00:36:07Z PLAYER_EVENT=preloading ignored
2026-04-23T00:36:34Z PLAYER_EVENT=end_of_track → end_of_track (flagged for next play_request_id_changed)
2026-04-23T00:36:34Z PLAYER_EVENT=play_request_id_changed → play_request_id_changed after end_of_track (track skip, ignoring)
2026-04-23T00:36:34Z PLAYER_EVENT=track_changed ignored
2026-04-23T00:36:34Z PLAYER_EVENT=playing → track change (stream connected, skipping webhook)
2026-04-23T00:37:11Z PLAYER_EVENT=preload_next ignored
2026-04-23T00:37:12Z PLAYER_EVENT=preloading ignored
2026-04-23T00:37:40Z PLAYER_EVENT=end_of_track → end_of_track (flagged for next play_request_id_changed)
2026-04-23T00:37:40Z PLAYER_EVENT=play_request_id_changed → play_request_id_changed after end_of_track (track skip, ignoring)
2026-04-23T00:37:40Z PLAYER_EVENT=track_changed ignored
2026-04-23T00:37:40Z PLAYER_EVENT=playing → track change (stream connected, skipping webhook)
2026-04-23T00:38:23Z PLAYER_EVENT=preload_next ignored
2026-04-23T00:38:24Z PLAYER_EVENT=preloading ignored
2026-04-23T00:38:51Z PLAYER_EVENT=end_of_track → end_of_track (flagged for next play_request_id_changed)
2026-04-23T00:38:51Z PLAYER_EVENT=play_request_id_changed → play_request_id_changed after end_of_track (track skip, ignoring)
2026-04-23T00:38:51Z PLAYER_EVENT=track_changed ignored
2026-04-23T00:38:51Z PLAYER_EVENT=playing → track change (stream connected, skipping webhook)
2026-04-23T00:39:34Z PLAYER_EVENT=preload_next ignored
2026-04-23T00:39:36Z PLAYER_EVENT=preloading ignored
2026-04-23T00:40:03Z PLAYER_EVENT=end_of_track → end_of_track (flagged for next play_request_id_changed)
2026-04-23T00:40:03Z PLAYER_EVENT=play_request_id_changed → play_request_id_changed after end_of_track (track skip, ignoring)
2026-04-23T00:40:03Z PLAYER_EVENT=track_changed ignored
2026-04-23T00:40:03Z PLAYER_EVENT=playing → track change (stream connected, skipping webhook)
2026-04-23T00:40:52Z PLAYER_EVENT=preload_next ignored
2026-04-23T00:40:53Z PLAYER_EVENT=preloading ignored
2026-04-23T00:41:21Z PLAYER_EVENT=end_of_track → end_of_track (flagged for next play_request_id_changed)
2026-04-23T00:41:21Z PLAYER_EVENT=play_request_id_changed → play_request_id_changed after end_of_track (track skip, ignoring)
2026-04-23T00:41:21Z PLAYER_EVENT=track_changed ignored
2026-04-23T00:41:21Z PLAYER_EVENT=playing → track change (stream connected, skipping webhook)
2026-04-23T00:42:11Z PLAYER_EVENT=preload_next ignored
2026-04-23T00:42:12Z PLAYER_EVENT=preloading ignored
2026-04-23T00:42:39Z PLAYER_EVENT=end_of_track → end_of_track (flagged for next play_request_id_changed)
2026-04-23T00:42:39Z PLAYER_EVENT=play_request_id_changed → play_request_id_changed after end_of_track (track skip, ignoring)
2026-04-23T00:42:39Z PLAYER_EVENT=track_changed ignored
2026-04-23T00:42:39Z PLAYER_EVENT=playing → track change (stream connected, skipping webhook)
2026-04-23T00:43:32Z PLAYER_EVENT=preload_next ignored
2026-04-23T00:43:33Z PLAYER_EVENT=preloading ignored
2026-04-23T00:43:43Z PLAYER_EVENT=paused → paused, debouncing (3s)
2026-04-23T00:43:46Z PLAYER_EVENT=paused → notifying HA: librespot_stopped (paused)
2026-04-23T01:13:44Z PLAYER_EVENT=session_disconnected → reset state to stopped (new session)
2026-04-23T01:13:44Z PLAYER_EVENT=stopped → stopped, debouncing (5s)
2026-04-23T01:13:49Z PLAYER_EVENT=stopped → notifying HA: librespot_stopped
2026-04-23T03:10:44Z PLAYER_EVENT=session_connected → reset state to stopped (new session)
2026-04-23T03:10:44Z PLAYER_EVENT=session_client_changed ignored
2026-04-23T03:10:44Z PLAYER_EVENT=volume_changed ignored
2026-04-23T03:10:44Z PLAYER_EVENT=auto_play_changed ignored
2026-04-23T03:10:44Z PLAYER_EVENT=filter_explicit_content_changed ignored
2026-04-23T03:10:44Z PLAYER_EVENT=shuffle_changed ignored
2026-04-23T03:10:44Z PLAYER_EVENT=repeat_changed ignored
2026-04-23T03:10:44Z PLAYER_EVENT=play_request_id_changed → reset state to stopped (fresh play request, no preceding end_of_track)
2026-04-23T03:10:44Z PLAYER_EVENT=loading ignored
2026-04-23T03:10:45Z PLAYER_EVENT=track_changed ignored
2026-04-23T03:10:45Z PLAYER_EVENT=paused → paused, debouncing (3s)
2026-04-23T03:10:48Z PLAYER_EVENT=paused → notifying HA: librespot_stopped (paused)
2026-04-23T03:23:48Z PLAYER_EVENT=session_connected → reset state to stopped (new session)
2026-04-23T03:23:48Z PLAYER_EVENT=session_client_changed ignored
2026-04-23T03:23:48Z PLAYER_EVENT=volume_changed ignored
2026-04-23T03:23:48Z PLAYER_EVENT=auto_play_changed ignored
2026-04-23T03:23:48Z PLAYER_EVENT=filter_explicit_content_changed ignored
2026-04-23T03:23:48Z PLAYER_EVENT=shuffle_changed ignored
2026-04-23T03:23:48Z PLAYER_EVENT=repeat_changed ignored
2026-04-23T03:23:48Z PLAYER_EVENT=play_request_id_changed → reset state to stopped (fresh play request, no preceding end_of_track)
2026-04-23T03:23:48Z PLAYER_EVENT=track_changed ignored
2026-04-23T03:23:48Z PLAYER_EVENT=paused → paused, debouncing (3s)
2026-04-23T03:23:51Z PLAYER_EVENT=paused → notifying HA: librespot_stopped (paused)
2026-04-23T03:50:41Z PLAYER_EVENT=session_disconnected → reset state to stopped (new session)
2026-04-23T03:50:41Z PLAYER_EVENT=stopped → stopped, debouncing (5s)
2026-04-23T03:50:46Z PLAYER_EVENT=stopped → notifying HA: librespot_stopped
2026-04-23T10:45:21Z PLAYER_EVENT=session_connected → reset state to stopped (new session)
2026-04-23T10:45:21Z PLAYER_EVENT=session_client_changed ignored
2026-04-23T10:45:21Z PLAYER_EVENT=volume_changed ignored
2026-04-23T10:45:21Z PLAYER_EVENT=auto_play_changed ignored
2026-04-23T10:45:21Z PLAYER_EVENT=filter_explicit_content_changed ignored
2026-04-23T10:45:21Z PLAYER_EVENT=shuffle_changed ignored
2026-04-23T10:45:21Z PLAYER_EVENT=repeat_changed ignored
2026-04-23T10:45:21Z PLAYER_EVENT=play_request_id_changed → reset state to stopped (fresh play request, no preceding end_of_track)
2026-04-23T10:45:21Z PLAYER_EVENT=loading ignored
2026-04-23T10:45:22Z PLAYER_EVENT=track_changed ignored
2026-04-23T10:45:22Z PLAYER_EVENT=paused → paused, debouncing (3s)
2026-04-23T10:45:25Z PLAYER_EVENT=paused → notifying HA: librespot_stopped (paused)
2026-04-23T10:51:37Z PLAYER_EVENT=session_disconnected → reset state to stopped (new session)
2026-04-23T10:51:37Z PLAYER_EVENT=stopped → stopped, debouncing (5s)
2026-04-23T10:51:42Z PLAYER_EVENT=stopped → notifying HA: librespot_stopped
2026-04-23T11:03:57Z PLAYER_EVENT=session_connected → reset state to stopped (new session)
2026-04-23T11:03:57Z PLAYER_EVENT=session_client_changed ignored
2026-04-23T11:03:57Z PLAYER_EVENT=volume_changed ignored
2026-04-23T11:03:57Z PLAYER_EVENT=auto_play_changed ignored
2026-04-23T11:03:57Z PLAYER_EVENT=filter_explicit_content_changed ignored
2026-04-23T11:03:57Z PLAYER_EVENT=shuffle_changed ignored
2026-04-23T11:03:57Z PLAYER_EVENT=repeat_changed ignored
2026-04-23T11:03:57Z PLAYER_EVENT=play_request_id_changed → reset state to stopped (fresh play request, no preceding end_of_track)
2026-04-23T11:03:57Z PLAYER_EVENT=loading ignored
2026-04-23T11:03:58Z PLAYER_EVENT=track_changed ignored
2026-04-23T11:03:58Z PLAYER_EVENT=paused → paused, debouncing (3s)
2026-04-23T11:04:01Z PLAYER_EVENT=paused → notifying HA: librespot_stopped (paused)
2026-04-23T11:06:26Z PLAYER_EVENT=session_disconnected → reset state to stopped (new session)
2026-04-23T11:06:26Z PLAYER_EVENT=stopped → stopped, debouncing (5s)
2026-04-23T11:06:31Z PLAYER_EVENT=stopped → notifying HA: librespot_stopped
2026-04-23T11:22:01Z PLAYER_EVENT=session_connected → reset state to stopped (new session)
2026-04-23T11:22:01Z PLAYER_EVENT=session_client_changed ignored
2026-04-23T11:22:01Z PLAYER_EVENT=volume_changed ignored
2026-04-23T11:22:01Z PLAYER_EVENT=auto_play_changed ignored
2026-04-23T11:22:01Z PLAYER_EVENT=filter_explicit_content_changed ignored
2026-04-23T11:22:01Z PLAYER_EVENT=shuffle_changed ignored
2026-04-23T11:22:01Z PLAYER_EVENT=repeat_changed ignored
2026-04-23T11:22:01Z PLAYER_EVENT=play_request_id_changed → reset state to stopped (fresh play request, no preceding end_of_track)
2026-04-23T11:22:01Z PLAYER_EVENT=loading ignored
2026-04-23T11:22:02Z PLAYER_EVENT=track_changed ignored
2026-04-23T11:22:02Z PLAYER_EVENT=paused → paused, debouncing (3s)
2026-04-23T11:22:05Z PLAYER_EVENT=paused → notifying HA: librespot_stopped (paused)
2026-04-23T11:32:10Z PLAYER_EVENT=session_disconnected → reset state to stopped (new session)
2026-04-23T11:32:10Z PLAYER_EVENT=stopped → stopped, debouncing (5s)
2026-04-23T11:32:15Z PLAYER_EVENT=stopped → notifying HA: librespot_stopped
2026-04-24T23:22:44Z PLAYER_EVENT=session_connected → reset state to stopped (new session)
2026-04-24T23:22:44Z PLAYER_EVENT=session_client_changed ignored
2026-04-24T23:22:44Z PLAYER_EVENT=volume_changed ignored
2026-04-24T23:22:44Z PLAYER_EVENT=auto_play_changed ignored
2026-04-24T23:22:44Z PLAYER_EVENT=filter_explicit_content_changed ignored
2026-04-24T23:22:44Z PLAYER_EVENT=shuffle_changed ignored
2026-04-24T23:22:44Z PLAYER_EVENT=repeat_changed ignored
2026-04-24T23:22:44Z PLAYER_EVENT=play_request_id_changed → reset state to stopped (fresh play request, no preceding end_of_track)
2026-04-24T23:22:44Z PLAYER_EVENT=loading ignored
2026-04-24T23:22:45Z PLAYER_EVENT=track_changed ignored
2026-04-24T23:22:45Z PLAYER_EVENT=playing → notifying HA: librespot_playing
2026-04-24T23:25:23Z PLAYER_EVENT=preload_next ignored
2026-04-24T23:25:25Z PLAYER_EVENT=preloading ignored
2026-04-24T23:25:52Z PLAYER_EVENT=end_of_track → end_of_track (flagged for next play_request_id_changed)
2026-04-24T23:25:52Z PLAYER_EVENT=play_request_id_changed → play_request_id_changed after end_of_track (track skip, ignoring)
2026-04-24T23:25:52Z PLAYER_EVENT=track_changed ignored
2026-04-24T23:25:52Z PLAYER_EVENT=playing → track change (stream connected, skipping webhook)
2026-04-24T23:28:04Z PLAYER_EVENT=preload_next ignored
2026-04-24T23:28:05Z PLAYER_EVENT=preloading ignored
2026-04-24T23:28:33Z PLAYER_EVENT=end_of_track → end_of_track (flagged for next play_request_id_changed)
2026-04-24T23:28:33Z PLAYER_EVENT=play_request_id_changed → play_request_id_changed after end_of_track (track skip, ignoring)
2026-04-24T23:28:33Z PLAYER_EVENT=track_changed ignored
2026-04-24T23:28:33Z PLAYER_EVENT=playing → track change (stream connected, skipping webhook)
2026-04-24T23:30:30Z PLAYER_EVENT=preload_next ignored
2026-04-24T23:30:33Z PLAYER_EVENT=preloading ignored
2026-04-24T23:30:59Z PLAYER_EVENT=end_of_track → end_of_track (flagged for next play_request_id_changed)
2026-04-24T23:30:59Z PLAYER_EVENT=play_request_id_changed → play_request_id_changed after end_of_track (track skip, ignoring)
2026-04-24T23:30:59Z PLAYER_EVENT=track_changed ignored
2026-04-24T23:30:59Z PLAYER_EVENT=playing → track change (stream connected, skipping webhook)
2026-04-24T23:33:41Z PLAYER_EVENT=preload_next ignored
2026-04-24T23:33:42Z PLAYER_EVENT=preloading ignored
2026-04-24T23:34:10Z PLAYER_EVENT=end_of_track → end_of_track (flagged for next play_request_id_changed)
2026-04-24T23:34:10Z PLAYER_EVENT=play_request_id_changed → play_request_id_changed after end_of_track (track skip, ignoring)
2026-04-24T23:34:10Z PLAYER_EVENT=track_changed ignored
2026-04-24T23:34:10Z PLAYER_EVENT=playing → track change (stream connected, skipping webhook)
2026-04-24T23:36:12Z PLAYER_EVENT=preload_next ignored
2026-04-24T23:36:13Z PLAYER_EVENT=preloading ignored
2026-04-24T23:36:40Z PLAYER_EVENT=end_of_track → end_of_track (flagged for next play_request_id_changed)
2026-04-24T23:36:40Z PLAYER_EVENT=play_request_id_changed → play_request_id_changed after end_of_track (track skip, ignoring)
2026-04-24T23:36:40Z PLAYER_EVENT=track_changed ignored
2026-04-24T23:36:40Z PLAYER_EVENT=playing → track change (stream connected, skipping webhook)
2026-04-24T23:40:15Z PLAYER_EVENT=preload_next ignored
2026-04-24T23:40:16Z PLAYER_EVENT=preloading ignored
2026-04-24T23:40:44Z PLAYER_EVENT=end_of_track → end_of_track (flagged for next play_request_id_changed)
2026-04-24T23:40:44Z PLAYER_EVENT=play_request_id_changed → play_request_id_changed after end_of_track (track skip, ignoring)
2026-04-24T23:40:44Z PLAYER_EVENT=track_changed ignored
2026-04-24T23:40:44Z PLAYER_EVENT=playing → track change (stream connected, skipping webhook)
2026-04-24T23:42:54Z PLAYER_EVENT=preload_next ignored
2026-04-24T23:42:55Z PLAYER_EVENT=preloading ignored
2026-04-24T23:43:23Z PLAYER_EVENT=end_of_track → end_of_track (flagged for next play_request_id_changed)
2026-04-24T23:43:23Z PLAYER_EVENT=play_request_id_changed → play_request_id_changed after end_of_track (track skip, ignoring)
2026-04-24T23:43:23Z PLAYER_EVENT=track_changed ignored
2026-04-24T23:43:23Z PLAYER_EVENT=playing → track change (stream connected, skipping webhook)
2026-04-24T23:46:26Z PLAYER_EVENT=preload_next ignored
2026-04-24T23:46:27Z PLAYER_EVENT=preloading ignored
2026-04-24T23:46:54Z PLAYER_EVENT=end_of_track → end_of_track (flagged for next play_request_id_changed)
2026-04-24T23:46:54Z PLAYER_EVENT=play_request_id_changed → play_request_id_changed after end_of_track (track skip, ignoring)
2026-04-24T23:46:54Z PLAYER_EVENT=track_changed ignored
2026-04-24T23:46:54Z PLAYER_EVENT=playing → track change (stream connected, skipping webhook)
2026-04-24T23:50:33Z PLAYER_EVENT=preload_next ignored
2026-04-24T23:50:34Z PLAYER_EVENT=preloading ignored
2026-04-24T23:51:01Z PLAYER_EVENT=end_of_track → end_of_track (flagged for next play_request_id_changed)
2026-04-24T23:51:01Z PLAYER_EVENT=play_request_id_changed → play_request_id_changed after end_of_track (track skip, ignoring)
2026-04-24T23:51:01Z PLAYER_EVENT=track_changed ignored
2026-04-24T23:51:01Z PLAYER_EVENT=playing → track change (stream connected, skipping webhook)
2026-04-24T23:53:08Z PLAYER_EVENT=preload_next ignored
2026-04-24T23:53:09Z PLAYER_EVENT=preloading ignored
2026-04-24T23:53:36Z PLAYER_EVENT=end_of_track → end_of_track (flagged for next play_request_id_changed)
2026-04-24T23:53:36Z PLAYER_EVENT=play_request_id_changed → play_request_id_changed after end_of_track (track skip, ignoring)
2026-04-24T23:53:36Z PLAYER_EVENT=track_changed ignored
2026-04-24T23:53:36Z PLAYER_EVENT=playing → track change (stream connected, skipping webhook)
2026-04-24T23:53:41Z PLAYER_EVENT=preload_next ignored
2026-04-24T23:53:41Z PLAYER_EVENT=preloading ignored
2026-04-24T23:54:09Z PLAYER_EVENT=end_of_track → end_of_track (flagged for next play_request_id_changed)
2026-04-24T23:54:09Z PLAYER_EVENT=play_request_id_changed → play_request_id_changed after end_of_track (track skip, ignoring)
2026-04-24T23:54:09Z PLAYER_EVENT=track_changed ignored
2026-04-24T23:54:09Z PLAYER_EVENT=playing → track change (stream connected, skipping webhook)
2026-04-24T23:54:27Z PLAYER_EVENT=preload_next ignored
2026-04-24T23:54:28Z PLAYER_EVENT=preloading ignored
2026-04-24T23:54:56Z PLAYER_EVENT=end_of_track → end_of_track (flagged for next play_request_id_changed)
2026-04-24T23:54:56Z PLAYER_EVENT=play_request_id_changed → play_request_id_changed after end_of_track (track skip, ignoring)
2026-04-24T23:54:56Z PLAYER_EVENT=track_changed ignored
2026-04-24T23:54:56Z PLAYER_EVENT=playing → track change (stream connected, skipping webhook)
2026-04-24T23:55:14Z PLAYER_EVENT=preload_next ignored
2026-04-24T23:55:16Z PLAYER_EVENT=preloading ignored
2026-04-24T23:55:43Z PLAYER_EVENT=end_of_track → end_of_track (flagged for next play_request_id_changed)
2026-04-24T23:55:43Z PLAYER_EVENT=play_request_id_changed → play_request_id_changed after end_of_track (track skip, ignoring)
2026-04-24T23:55:43Z PLAYER_EVENT=track_changed ignored
2026-04-24T23:55:43Z PLAYER_EVENT=playing → track change (stream connected, skipping webhook)
2026-04-24T23:56:03Z PLAYER_EVENT=preload_next ignored
2026-04-24T23:56:04Z PLAYER_EVENT=preloading ignored
2026-04-24T23:56:31Z PLAYER_EVENT=end_of_track → end_of_track (flagged for next play_request_id_changed)
2026-04-24T23:56:31Z PLAYER_EVENT=play_request_id_changed → play_request_id_changed after end_of_track (track skip, ignoring)
2026-04-24T23:56:31Z PLAYER_EVENT=track_changed ignored
2026-04-24T23:56:31Z PLAYER_EVENT=playing → track change (stream connected, skipping webhook)
2026-04-24T23:56:40Z PLAYER_EVENT=preload_next ignored
2026-04-24T23:56:40Z PLAYER_EVENT=preloading ignored
2026-04-24T23:57:08Z PLAYER_EVENT=end_of_track → end_of_track (flagged for next play_request_id_changed)
2026-04-24T23:57:08Z PLAYER_EVENT=play_request_id_changed → play_request_id_changed after end_of_track (track skip, ignoring)
2026-04-24T23:57:08Z PLAYER_EVENT=track_changed ignored
2026-04-24T23:57:08Z PLAYER_EVENT=playing → track change (stream connected, skipping webhook)
2026-04-24T23:57:30Z PLAYER_EVENT=preload_next ignored
2026-04-24T23:57:31Z PLAYER_EVENT=preloading ignored
2026-04-24T23:57:58Z PLAYER_EVENT=end_of_track → end_of_track (flagged for next play_request_id_changed)
2026-04-24T23:57:58Z PLAYER_EVENT=play_request_id_changed → play_request_id_changed after end_of_track (track skip, ignoring)
2026-04-24T23:57:58Z PLAYER_EVENT=track_changed ignored
2026-04-24T23:57:58Z PLAYER_EVENT=playing → track change (stream connected, skipping webhook)
2026-04-24T23:58:25Z PLAYER_EVENT=preload_next ignored
2026-04-24T23:58:26Z PLAYER_EVENT=preloading ignored
2026-04-24T23:58:54Z PLAYER_EVENT=end_of_track → end_of_track (flagged for next play_request_id_changed)
2026-04-24T23:58:54Z PLAYER_EVENT=play_request_id_changed → play_request_id_changed after end_of_track (track skip, ignoring)
2026-04-24T23:58:54Z PLAYER_EVENT=track_changed ignored
2026-04-24T23:58:54Z PLAYER_EVENT=playing → track change (stream connected, skipping webhook)
2026-04-24T23:59:48Z PLAYER_EVENT=preload_next ignored
2026-04-24T23:59:49Z PLAYER_EVENT=preloading ignored
2026-04-25T00:00:17Z PLAYER_EVENT=end_of_track → end_of_track (flagged for next play_request_id_changed)
2026-04-25T00:00:17Z PLAYER_EVENT=play_request_id_changed → play_request_id_changed after end_of_track (track skip, ignoring)
2026-04-25T00:00:17Z PLAYER_EVENT=track_changed ignored
2026-04-25T00:00:17Z PLAYER_EVENT=playing → track change (stream connected, skipping webhook)
2026-04-25T00:00:46Z PLAYER_EVENT=preload_next ignored
2026-04-25T00:00:47Z PLAYER_EVENT=preloading ignored
2026-04-25T00:01:14Z PLAYER_EVENT=end_of_track → end_of_track (flagged for next play_request_id_changed)
2026-04-25T00:01:14Z PLAYER_EVENT=play_request_id_changed → play_request_id_changed after end_of_track (track skip, ignoring)
2026-04-25T00:01:14Z PLAYER_EVENT=track_changed ignored
2026-04-25T00:01:14Z PLAYER_EVENT=playing → track change (stream connected, skipping webhook)
2026-04-25T00:01:51Z PLAYER_EVENT=preload_next ignored
2026-04-25T00:01:52Z PLAYER_EVENT=preloading ignored
2026-04-25T00:02:20Z PLAYER_EVENT=end_of_track → end_of_track (flagged for next play_request_id_changed)
2026-04-25T00:02:20Z PLAYER_EVENT=play_request_id_changed → play_request_id_changed after end_of_track (track skip, ignoring)
2026-04-25T00:02:20Z PLAYER_EVENT=track_changed ignored
2026-04-25T00:02:20Z PLAYER_EVENT=playing → track change (stream connected, skipping webhook)
2026-04-25T00:03:03Z PLAYER_EVENT=preload_next ignored
2026-04-25T00:03:04Z PLAYER_EVENT=preloading ignored
2026-04-25T00:03:31Z PLAYER_EVENT=end_of_track → end_of_track (flagged for next play_request_id_changed)
2026-04-25T00:03:31Z PLAYER_EVENT=play_request_id_changed → play_request_id_changed after end_of_track (track skip, ignoring)
2026-04-25T00:03:31Z PLAYER_EVENT=track_changed ignored
2026-04-25T00:03:31Z PLAYER_EVENT=playing → track change (stream connected, skipping webhook)
2026-04-25T00:04:14Z PLAYER_EVENT=preload_next ignored
2026-04-25T00:04:43Z PLAYER_EVENT=end_of_track → end_of_track (flagged for next play_request_id_changed)
2026-04-25T00:04:43Z PLAYER_EVENT=play_request_id_changed → play_request_id_changed after end_of_track (track skip, ignoring)
2026-04-25T00:04:43Z PLAYER_EVENT=loading ignored
2026-04-25T00:05:01Z PLAYER_EVENT=unavailable ignored
2026-04-25T00:05:01Z PLAYER_EVENT=play_request_id_changed → reset state to stopped (fresh play request, no preceding end_of_track)
2026-04-25T00:05:01Z PLAYER_EVENT=loading ignored
2026-04-25T00:05:03Z PLAYER_EVENT=track_changed ignored
2026-04-25T00:05:03Z PLAYER_EVENT=playing → notifying HA: librespot_playing
2026-04-25T00:05:33Z PLAYER_EVENT=preload_next ignored
2026-04-25T00:05:35Z PLAYER_EVENT=preloading ignored
2026-04-25T00:06:01Z PLAYER_EVENT=end_of_track → end_of_track (flagged for next play_request_id_changed)
2026-04-25T00:06:01Z PLAYER_EVENT=play_request_id_changed → play_request_id_changed after end_of_track (track skip, ignoring)
2026-04-25T00:06:01Z PLAYER_EVENT=track_changed ignored
2026-04-25T00:06:01Z PLAYER_EVENT=playing → track change (stream connected, skipping webhook)
2026-04-25T00:06:54Z PLAYER_EVENT=preload_next ignored
2026-04-25T00:06:55Z PLAYER_EVENT=preloading ignored
2026-04-25T00:07:23Z PLAYER_EVENT=end_of_track → end_of_track (flagged for next play_request_id_changed)
2026-04-25T00:07:23Z PLAYER_EVENT=play_request_id_changed → play_request_id_changed after end_of_track (track skip, ignoring)
2026-04-25T00:07:23Z PLAYER_EVENT=track_changed ignored
2026-04-25T00:07:23Z PLAYER_EVENT=playing → track change (stream connected, skipping webhook)
2026-04-25T00:08:28Z PLAYER_EVENT=paused → paused, debouncing (3s)
2026-04-25T00:08:31Z PLAYER_EVENT=paused → notifying HA: librespot_stopped (paused)
2026-04-25T00:26:32Z PLAYER_EVENT=session_disconnected → reset state to stopped (new session)
2026-04-25T00:26:32Z PLAYER_EVENT=stopped → stopped, debouncing (5s)
2026-04-25T00:26:37Z PLAYER_EVENT=stopped → notifying HA: librespot_stopped
2026-04-25T00:56:05Z PLAYER_EVENT=session_connected → reset state to stopped (new session)
2026-04-25T00:56:05Z PLAYER_EVENT=session_client_changed ignored
2026-04-25T00:56:05Z PLAYER_EVENT=volume_changed ignored
2026-04-25T00:56:05Z PLAYER_EVENT=auto_play_changed ignored
2026-04-25T00:56:05Z PLAYER_EVENT=filter_explicit_content_changed ignored
2026-04-25T00:56:05Z PLAYER_EVENT=shuffle_changed ignored
2026-04-25T00:56:05Z PLAYER_EVENT=repeat_changed ignored
2026-04-25T00:56:05Z PLAYER_EVENT=play_request_id_changed → reset state to stopped (fresh play request, no preceding end_of_track)
2026-04-25T00:56:05Z PLAYER_EVENT=loading ignored
2026-04-25T00:56:05Z PLAYER_EVENT=session_connected → reset state to stopped (new session)
2026-04-25T00:56:06Z PLAYER_EVENT=session_client_changed ignored
2026-04-25T00:56:06Z PLAYER_EVENT=volume_changed ignored
2026-04-25T00:56:06Z PLAYER_EVENT=auto_play_changed ignored
2026-04-25T00:56:06Z PLAYER_EVENT=filter_explicit_content_changed ignored
2026-04-25T00:56:06Z PLAYER_EVENT=shuffle_changed ignored
2026-04-25T00:56:06Z PLAYER_EVENT=repeat_changed ignored
2026-04-25T00:56:06Z PLAYER_EVENT=play_request_id_changed → reset state to stopped (fresh play request, no preceding end_of_track)
2026-04-25T00:56:06Z PLAYER_EVENT=loading ignored
2026-04-25T00:56:06Z PLAYER_EVENT=track_changed ignored
2026-04-25T00:56:06Z PLAYER_EVENT=paused → paused, debouncing (3s)
2026-04-25T00:56:09Z PLAYER_EVENT=paused → notifying HA: librespot_stopped (paused)
2026-04-25T00:56:23Z PLAYER_EVENT=playing → notifying HA: librespot_playing
2026-04-25T00:58:32Z PLAYER_EVENT=play_request_id_changed → reset state to stopped (fresh play request, no preceding end_of_track)
2026-04-25T00:58:32Z PLAYER_EVENT=loading ignored
2026-04-25T00:58:33Z PLAYER_EVENT=track_changed ignored
2026-04-25T00:58:33Z PLAYER_EVENT=playing → notifying HA: librespot_playing
2026-04-25T00:58:56Z PLAYER_EVENT=play_request_id_changed → reset state to stopped (fresh play request, no preceding end_of_track)
2026-04-25T00:58:56Z PLAYER_EVENT=loading ignored
2026-04-25T00:58:57Z PLAYER_EVENT=track_changed ignored
2026-04-25T00:58:57Z PLAYER_EVENT=playing → notifying HA: librespot_playing
2026-04-25T00:58:57Z PLAYER_EVENT=play_request_id_changed → reset state to stopped (fresh play request, no preceding end_of_track)
2026-04-25T00:58:57Z PLAYER_EVENT=loading ignored
2026-04-25T00:58:58Z PLAYER_EVENT=track_changed ignored
2026-04-25T00:58:58Z PLAYER_EVENT=playing → notifying HA: librespot_playing
2026-04-25T00:59:09Z PLAYER_EVENT=play_request_id_changed → reset state to stopped (fresh play request, no preceding end_of_track)
2026-04-25T00:59:09Z PLAYER_EVENT=loading ignored
2026-04-25T00:59:10Z PLAYER_EVENT=track_changed ignored
2026-04-25T00:59:10Z PLAYER_EVENT=playing → notifying HA: librespot_playing
2026-04-25T01:01:19Z PLAYER_EVENT=preload_next ignored
2026-04-25T01:01:20Z PLAYER_EVENT=preloading ignored
2026-04-25T01:01:47Z PLAYER_EVENT=end_of_track → end_of_track (flagged for next play_request_id_changed)
2026-04-25T01:01:47Z PLAYER_EVENT=play_request_id_changed → play_request_id_changed after end_of_track (track skip, ignoring)
2026-04-25T01:01:47Z PLAYER_EVENT=track_changed ignored
2026-04-25T01:01:47Z PLAYER_EVENT=playing → track change (stream connected, skipping webhook)
2026-04-25T01:02:39Z PLAYER_EVENT=play_request_id_changed → reset state to stopped (fresh play request, no preceding end_of_track)
2026-04-25T01:02:39Z PLAYER_EVENT=loading ignored
2026-04-25T01:02:40Z PLAYER_EVENT=track_changed ignored
2026-04-25T01:02:40Z PLAYER_EVENT=playing → notifying HA: librespot_playing
2026-04-25T01:02:59Z PLAYER_EVENT=play_request_id_changed → reset state to stopped (fresh play request, no preceding end_of_track)
2026-04-25T01:02:59Z PLAYER_EVENT=loading ignored
2026-04-25T01:02:59Z PLAYER_EVENT=track_changed ignored
2026-04-25T01:02:59Z PLAYER_EVENT=playing → notifying HA: librespot_playing
2026-04-25T01:03:11Z PLAYER_EVENT=play_request_id_changed → reset state to stopped (fresh play request, no preceding end_of_track)
2026-04-25T01:03:11Z PLAYER_EVENT=loading ignored
2026-04-25T01:03:12Z PLAYER_EVENT=track_changed ignored
2026-04-25T01:03:12Z PLAYER_EVENT=playing → notifying HA: librespot_playing
2026-04-25T01:03:36Z PLAYER_EVENT=play_request_id_changed → reset state to stopped (fresh play request, no preceding end_of_track)
2026-04-25T01:03:36Z PLAYER_EVENT=loading ignored
2026-04-25T01:03:36Z PLAYER_EVENT=track_changed ignored
2026-04-25T01:03:36Z PLAYER_EVENT=playing → notifying HA: librespot_playing
2026-04-25T01:06:05Z PLAYER_EVENT=preload_next ignored
2026-04-25T01:06:07Z PLAYER_EVENT=preloading ignored
2026-04-25T01:06:34Z PLAYER_EVENT=end_of_track → end_of_track (flagged for next play_request_id_changed)
2026-04-25T01:06:34Z PLAYER_EVENT=play_request_id_changed → play_request_id_changed after end_of_track (track skip, ignoring)
2026-04-25T01:06:34Z PLAYER_EVENT=track_changed ignored
2026-04-25T01:06:34Z PLAYER_EVENT=playing → track change (stream connected, skipping webhook)
2026-04-25T01:09:08Z PLAYER_EVENT=preload_next ignored
2026-04-25T01:09:09Z PLAYER_EVENT=preloading ignored
2026-04-25T01:09:36Z PLAYER_EVENT=end_of_track → end_of_track (flagged for next play_request_id_changed)
2026-04-25T01:09:36Z PLAYER_EVENT=play_request_id_changed → play_request_id_changed after end_of_track (track skip, ignoring)
2026-04-25T01:09:36Z PLAYER_EVENT=track_changed ignored
2026-04-25T01:09:36Z PLAYER_EVENT=playing → track change (stream connected, skipping webhook)
2026-04-25T01:12:53Z PLAYER_EVENT=preload_next ignored
2026-04-25T01:12:55Z PLAYER_EVENT=preloading ignored
2026-04-25T01:13:21Z PLAYER_EVENT=end_of_track → end_of_track (flagged for next play_request_id_changed)
2026-04-25T01:13:21Z PLAYER_EVENT=play_request_id_changed → play_request_id_changed after end_of_track (track skip, ignoring)
2026-04-25T01:13:21Z PLAYER_EVENT=track_changed ignored
2026-04-25T01:13:21Z PLAYER_EVENT=playing → track change (stream connected, skipping webhook)
2026-04-25T01:17:00Z PLAYER_EVENT=preload_next ignored
2026-04-25T01:17:02Z PLAYER_EVENT=preloading ignored
2026-04-25T01:17:29Z PLAYER_EVENT=end_of_track → end_of_track (flagged for next play_request_id_changed)
2026-04-25T01:17:29Z PLAYER_EVENT=play_request_id_changed → play_request_id_changed after end_of_track (track skip, ignoring)
2026-04-25T01:17:29Z PLAYER_EVENT=track_changed ignored
2026-04-25T01:17:29Z PLAYER_EVENT=playing → track change (stream connected, skipping webhook)
2026-04-25T01:20:14Z PLAYER_EVENT=play_request_id_changed → reset state to stopped (fresh play request, no preceding end_of_track)
2026-04-25T01:20:14Z PLAYER_EVENT=loading ignored
2026-04-25T01:20:15Z PLAYER_EVENT=track_changed ignored
2026-04-25T01:20:15Z PLAYER_EVENT=playing → notifying HA: librespot_playing
2026-04-25T01:22:21Z PLAYER_EVENT=preload_next ignored
2026-04-25T01:22:23Z PLAYER_EVENT=preloading ignored
2026-04-25T01:22:50Z PLAYER_EVENT=end_of_track → end_of_track (flagged for next play_request_id_changed)
2026-04-25T01:22:50Z PLAYER_EVENT=play_request_id_changed → play_request_id_changed after end_of_track (track skip, ignoring)
2026-04-25T01:22:50Z PLAYER_EVENT=track_changed ignored
2026-04-25T01:22:50Z PLAYER_EVENT=playing → track change (stream connected, skipping webhook)
2026-04-25T01:26:32Z PLAYER_EVENT=preload_next ignored
2026-04-25T01:26:33Z PLAYER_EVENT=preloading ignored
2026-04-25T01:27:01Z PLAYER_EVENT=end_of_track → end_of_track (flagged for next play_request_id_changed)
2026-04-25T01:27:01Z PLAYER_EVENT=play_request_id_changed → play_request_id_changed after end_of_track (track skip, ignoring)
2026-04-25T01:27:01Z PLAYER_EVENT=track_changed ignored
2026-04-25T01:27:01Z PLAYER_EVENT=playing → track change (stream connected, skipping webhook)
2026-04-25T01:30:09Z PLAYER_EVENT=preload_next ignored
2026-04-25T01:30:10Z PLAYER_EVENT=preloading ignored
2026-04-25T01:30:37Z PLAYER_EVENT=end_of_track → end_of_track (flagged for next play_request_id_changed)
2026-04-25T01:30:37Z PLAYER_EVENT=play_request_id_changed → play_request_id_changed after end_of_track (track skip, ignoring)
2026-04-25T01:30:37Z PLAYER_EVENT=track_changed ignored
2026-04-25T01:30:37Z PLAYER_EVENT=playing → track change (stream connected, skipping webhook)
2026-04-25T01:32:21Z PLAYER_EVENT=preload_next ignored
2026-04-25T01:32:22Z PLAYER_EVENT=preloading ignored
2026-04-25T01:32:50Z PLAYER_EVENT=end_of_track → end_of_track (flagged for next play_request_id_changed)
2026-04-25T01:32:50Z PLAYER_EVENT=play_request_id_changed → play_request_id_changed after end_of_track (track skip, ignoring)
2026-04-25T01:32:50Z PLAYER_EVENT=track_changed ignored
2026-04-25T01:32:50Z PLAYER_EVENT=playing → track change (stream connected, skipping webhook)
2026-04-25T01:33:28Z PLAYER_EVENT=paused → paused, debouncing (3s)
2026-04-25T01:33:31Z PLAYER_EVENT=paused → notifying HA: librespot_stopped (paused)
2026-04-25T01:44:14Z PLAYER_EVENT=session_disconnected → reset state to stopped (new session)
2026-04-25T01:44:14Z PLAYER_EVENT=stopped → stopped, debouncing (5s)
2026-04-25T01:44:20Z PLAYER_EVENT=stopped → notifying HA: librespot_stopped
2026-04-25T01:54:07Z PLAYER_EVENT=session_connected → reset state to stopped (new session)
2026-04-25T01:54:07Z PLAYER_EVENT=session_client_changed ignored
2026-04-25T01:54:07Z PLAYER_EVENT=volume_changed ignored
2026-04-25T01:54:07Z PLAYER_EVENT=auto_play_changed ignored
2026-04-25T01:54:07Z PLAYER_EVENT=filter_explicit_content_changed ignored
2026-04-25T01:54:07Z PLAYER_EVENT=shuffle_changed ignored
2026-04-25T01:54:07Z PLAYER_EVENT=repeat_changed ignored
2026-04-25T01:54:07Z PLAYER_EVENT=play_request_id_changed → reset state to stopped (fresh play request, no preceding end_of_track)
2026-04-25T01:54:07Z PLAYER_EVENT=loading ignored
2026-04-25T01:54:08Z PLAYER_EVENT=track_changed ignored
2026-04-25T01:54:08Z PLAYER_EVENT=paused → paused, debouncing (3s)
2026-04-25T01:54:11Z PLAYER_EVENT=paused → notifying HA: librespot_stopped (paused)
2026-04-25T01:56:40Z PLAYER_EVENT=session_disconnected → reset state to stopped (new session)
2026-04-25T01:56:40Z PLAYER_EVENT=stopped → stopped, debouncing (5s)
2026-04-25T01:56:45Z PLAYER_EVENT=stopped → notifying HA: librespot_stopped
2026-04-25T02:21:41Z PLAYER_EVENT=session_connected → reset state to stopped (new session)
2026-04-25T02:21:41Z PLAYER_EVENT=session_client_changed ignored
2026-04-25T02:21:41Z PLAYER_EVENT=volume_changed ignored
2026-04-25T02:21:41Z PLAYER_EVENT=auto_play_changed ignored
2026-04-25T02:21:41Z PLAYER_EVENT=filter_explicit_content_changed ignored
2026-04-25T02:21:41Z PLAYER_EVENT=shuffle_changed ignored
2026-04-25T02:21:41Z PLAYER_EVENT=repeat_changed ignored
2026-04-25T02:21:41Z PLAYER_EVENT=play_request_id_changed → reset state to stopped (fresh play request, no preceding end_of_track)
2026-04-25T02:21:41Z PLAYER_EVENT=loading ignored
2026-04-25T02:21:43Z PLAYER_EVENT=track_changed ignored
2026-04-25T02:21:43Z PLAYER_EVENT=paused → paused, debouncing (3s)
2026-04-25T02:21:46Z PLAYER_EVENT=paused → notifying HA: librespot_stopped (paused)
2026-04-25T02:25:15Z PLAYER_EVENT=session_connected → reset state to stopped (new session)
2026-04-25T02:25:15Z PLAYER_EVENT=session_client_changed ignored
2026-04-25T02:25:15Z PLAYER_EVENT=volume_changed ignored
2026-04-25T02:25:15Z PLAYER_EVENT=auto_play_changed ignored
2026-04-25T02:25:15Z PLAYER_EVENT=filter_explicit_content_changed ignored
2026-04-25T02:25:15Z PLAYER_EVENT=shuffle_changed ignored
2026-04-25T02:25:15Z PLAYER_EVENT=repeat_changed ignored
2026-04-25T02:25:15Z PLAYER_EVENT=play_request_id_changed → reset state to stopped (fresh play request, no preceding end_of_track)
2026-04-25T02:25:15Z PLAYER_EVENT=track_changed ignored
2026-04-25T02:25:15Z PLAYER_EVENT=paused → paused, debouncing (3s)
2026-04-25T02:25:18Z PLAYER_EVENT=paused → notifying HA: librespot_stopped (paused)
2026-04-25T02:27:19Z PLAYER_EVENT=session_connected → reset state to stopped (new session)
2026-04-25T02:27:19Z PLAYER_EVENT=session_client_changed ignored
2026-04-25T02:27:19Z PLAYER_EVENT=volume_changed ignored
2026-04-25T02:27:19Z PLAYER_EVENT=auto_play_changed ignored
2026-04-25T02:27:19Z PLAYER_EVENT=filter_explicit_content_changed ignored
2026-04-25T02:27:19Z PLAYER_EVENT=shuffle_changed ignored
2026-04-25T02:27:19Z PLAYER_EVENT=repeat_changed ignored
2026-04-25T02:27:19Z PLAYER_EVENT=play_request_id_changed → reset state to stopped (fresh play request, no preceding end_of_track)
2026-04-25T02:27:19Z PLAYER_EVENT=track_changed ignored
2026-04-25T02:27:19Z PLAYER_EVENT=paused → paused, debouncing (3s)
2026-04-25T02:27:22Z PLAYER_EVENT=paused → notifying HA: librespot_stopped (paused)
2026-04-25T02:41:20Z PLAYER_EVENT=session_connected → reset state to stopped (new session)
2026-04-25T02:41:20Z PLAYER_EVENT=session_client_changed ignored
2026-04-25T02:41:20Z PLAYER_EVENT=volume_changed ignored
2026-04-25T02:41:20Z PLAYER_EVENT=auto_play_changed ignored
2026-04-25T02:41:20Z PLAYER_EVENT=filter_explicit_content_changed ignored
2026-04-25T02:41:20Z PLAYER_EVENT=shuffle_changed ignored
2026-04-25T02:41:20Z PLAYER_EVENT=repeat_changed ignored
2026-04-25T02:41:20Z PLAYER_EVENT=play_request_id_changed → reset state to stopped (fresh play request, no preceding end_of_track)
2026-04-25T02:41:20Z PLAYER_EVENT=track_changed ignored
2026-04-25T02:41:20Z PLAYER_EVENT=paused → paused, debouncing (3s)
2026-04-25T02:41:23Z PLAYER_EVENT=paused → notifying HA: librespot_stopped (paused)
2026-04-25T02:41:23Z PLAYER_EVENT=session_disconnected → reset state to stopped (new session)
2026-04-25T23:29:13Z PLAYER_EVENT=session_connected → reset state to stopped (new session)
2026-04-25T23:29:13Z PLAYER_EVENT=session_client_changed ignored
2026-04-25T23:29:13Z PLAYER_EVENT=volume_changed ignored
2026-04-25T23:29:13Z PLAYER_EVENT=auto_play_changed ignored
2026-04-25T23:29:13Z PLAYER_EVENT=filter_explicit_content_changed ignored
2026-04-25T23:29:13Z PLAYER_EVENT=shuffle_changed ignored
2026-04-25T23:29:13Z PLAYER_EVENT=repeat_changed ignored
2026-04-26T00:42:19Z PLAYER_EVENT=session_disconnected → reset state to stopped (new session)
2026-04-26T00:42:57Z PLAYER_EVENT=session_connected → reset state to stopped (new session)
2026-04-26T00:42:57Z PLAYER_EVENT=session_client_changed ignored
2026-04-26T00:42:57Z PLAYER_EVENT=volume_changed ignored
2026-04-26T00:42:57Z PLAYER_EVENT=auto_play_changed ignored
2026-04-26T00:42:57Z PLAYER_EVENT=filter_explicit_content_changed ignored
2026-04-26T00:42:58Z PLAYER_EVENT=shuffle_changed ignored
2026-04-26T00:42:58Z PLAYER_EVENT=repeat_changed ignored
2026-04-26T00:42:58Z PLAYER_EVENT=play_request_id_changed → reset state to stopped (fresh play request, no preceding end_of_track)
2026-04-26T00:42:58Z PLAYER_EVENT=loading ignored
2026-04-26T00:42:58Z PLAYER_EVENT=track_changed ignored
2026-04-26T00:42:58Z PLAYER_EVENT=playing → notifying HA: librespot_playing
2026-04-26T00:45:54Z PLAYER_EVENT=preload_next ignored
2026-04-26T00:45:55Z PLAYER_EVENT=preloading ignored
2026-04-26T00:46:22Z PLAYER_EVENT=end_of_track → end_of_track (flagged for next play_request_id_changed)
2026-04-26T00:46:22Z PLAYER_EVENT=play_request_id_changed → play_request_id_changed after end_of_track (track skip, ignoring)
2026-04-26T00:46:22Z PLAYER_EVENT=track_changed ignored
2026-04-26T00:46:22Z PLAYER_EVENT=playing → track change (stream connected, skipping webhook)
2026-04-26T00:46:46Z PLAYER_EVENT=session_disconnected → reset state to stopped (new session)
2026-04-26T00:46:46Z PLAYER_EVENT=stopped → stopped, debouncing (5s)
2026-04-26T00:46:51Z PLAYER_EVENT=stopped → notifying HA: librespot_stopped
2026-04-26T00:46:56Z PLAYER_EVENT=session_connected → reset state to stopped (new session)
2026-04-26T00:46:56Z PLAYER_EVENT=session_client_changed ignored
2026-04-26T00:46:56Z PLAYER_EVENT=volume_changed ignored
2026-04-26T00:46:56Z PLAYER_EVENT=auto_play_changed ignored
2026-04-26T00:46:56Z PLAYER_EVENT=filter_explicit_content_changed ignored
2026-04-26T00:46:56Z PLAYER_EVENT=shuffle_changed ignored
2026-04-26T00:46:56Z PLAYER_EVENT=repeat_changed ignored
2026-04-26T00:46:56Z PLAYER_EVENT=play_request_id_changed → reset state to stopped (fresh play request, no preceding end_of_track)
2026-04-26T00:46:56Z PLAYER_EVENT=loading ignored
2026-04-26T00:46:58Z PLAYER_EVENT=track_changed ignored
2026-04-26T00:46:58Z PLAYER_EVENT=playing → notifying HA: librespot_playing
2026-04-26T00:47:55Z PLAYER_EVENT=volume_changed ignored
2026-04-26T00:47:55Z PLAYER_EVENT=volume_changed ignored
2026-04-26T00:49:34Z PLAYER_EVENT=preload_next ignored
2026-04-26T00:49:41Z PLAYER_EVENT=preloading ignored
2026-04-26T00:50:02Z PLAYER_EVENT=end_of_track → end_of_track (flagged for next play_request_id_changed)
2026-04-26T00:50:02Z PLAYER_EVENT=play_request_id_changed → play_request_id_changed after end_of_track (track skip, ignoring)
2026-04-26T00:50:03Z PLAYER_EVENT=track_changed ignored
2026-04-26T00:50:03Z PLAYER_EVENT=playing → track change (stream connected, skipping webhook)
2026-04-26T00:52:54Z PLAYER_EVENT=preload_next ignored
2026-04-26T00:52:55Z PLAYER_EVENT=preloading ignored
2026-04-26T00:53:22Z PLAYER_EVENT=end_of_track → end_of_track (flagged for next play_request_id_changed)
2026-04-26T00:53:22Z PLAYER_EVENT=play_request_id_changed → play_request_id_changed after end_of_track (track skip, ignoring)
2026-04-26T00:53:22Z PLAYER_EVENT=track_changed ignored
2026-04-26T00:53:22Z PLAYER_EVENT=playing → track change (stream connected, skipping webhook)
2026-04-26T00:56:25Z PLAYER_EVENT=preload_next ignored
2026-04-26T00:56:27Z PLAYER_EVENT=preloading ignored
2026-04-26T00:56:54Z PLAYER_EVENT=end_of_track → end_of_track (flagged for next play_request_id_changed)
2026-04-26T00:56:54Z PLAYER_EVENT=play_request_id_changed → play_request_id_changed after end_of_track (track skip, ignoring)
2026-04-26T00:56:54Z PLAYER_EVENT=track_changed ignored
2026-04-26T00:56:54Z PLAYER_EVENT=playing → track change (stream connected, skipping webhook)
2026-04-26T00:59:26Z PLAYER_EVENT=preload_next ignored
2026-04-26T00:59:28Z PLAYER_EVENT=session_disconnected → reset state to stopped (new session)
2026-04-26T00:59:39Z PLAYER_EVENT=unavailable ignored
2026-04-26T00:59:54Z PLAYER_EVENT=end_of_track → end_of_track (flagged for next play_request_id_changed)
2026-04-26T01:02:23Z PLAYER_EVENT=session_connected → reset state to stopped (new session)
2026-04-26T01:02:23Z PLAYER_EVENT=session_client_changed ignored
2026-04-26T01:02:23Z PLAYER_EVENT=volume_changed ignored
2026-04-26T01:02:23Z PLAYER_EVENT=auto_play_changed ignored
2026-04-26T01:02:23Z PLAYER_EVENT=filter_explicit_content_changed ignored
2026-04-26T01:02:23Z PLAYER_EVENT=shuffle_changed ignored
2026-04-26T01:02:23Z PLAYER_EVENT=repeat_changed ignored
2026-04-26T01:02:23Z PLAYER_EVENT=play_request_id_changed → play_request_id_changed after end_of_track (track skip, ignoring)
2026-04-26T01:02:23Z PLAYER_EVENT=loading ignored
2026-04-26T01:02:24Z PLAYER_EVENT=track_changed ignored
2026-04-26T01:02:24Z PLAYER_EVENT=playing → notifying HA: librespot_playing
2026-04-26T01:02:39Z PLAYER_EVENT=preload_next ignored
2026-04-26T01:02:39Z PLAYER_EVENT=end_of_track → end_of_track (flagged for next play_request_id_changed)
2026-04-26T01:02:39Z PLAYER_EVENT=play_request_id_changed → play_request_id_changed after end_of_track (track skip, ignoring)
2026-04-26T01:02:39Z PLAYER_EVENT=loading ignored
2026-04-26T01:02:45Z PLAYER_EVENT=track_changed ignored
2026-04-26T01:02:45Z PLAYER_EVENT=playing → track change (stream connected, skipping webhook)
2026-04-26T01:02:59Z PLAYER_EVENT=volume_changed ignored
2026-04-26T01:03:05Z PLAYER_EVENT=preload_next ignored
2026-04-26T01:03:05Z PLAYER_EVENT=end_of_track → end_of_track (flagged for next play_request_id_changed)
2026-04-26T01:03:05Z PLAYER_EVENT=play_request_id_changed → play_request_id_changed after end_of_track (track skip, ignoring)
2026-04-26T01:03:05Z PLAYER_EVENT=loading ignored
2026-04-26T01:03:06Z PLAYER_EVENT=track_changed ignored
2026-04-26T01:03:06Z PLAYER_EVENT=playing → track change (stream connected, skipping webhook)
2026-04-26T01:03:14Z PLAYER_EVENT=preload_next ignored
2026-04-26T01:03:15Z PLAYER_EVENT=end_of_track → end_of_track (flagged for next play_request_id_changed)
2026-04-26T01:03:15Z PLAYER_EVENT=play_request_id_changed → play_request_id_changed after end_of_track (track skip, ignoring)
2026-04-26T01:03:15Z PLAYER_EVENT=loading ignored
2026-04-26T01:03:15Z PLAYER_EVENT=track_changed ignored
2026-04-26T01:03:15Z PLAYER_EVENT=playing → track change (stream connected, skipping webhook)
2026-04-26T01:03:19Z PLAYER_EVENT=preload_next ignored
2026-04-26T01:03:19Z PLAYER_EVENT=end_of_track → end_of_track (flagged for next play_request_id_changed)
2026-04-26T01:03:19Z PLAYER_EVENT=play_request_id_changed → play_request_id_changed after end_of_track (track skip, ignoring)
2026-04-26T01:03:19Z PLAYER_EVENT=loading ignored
2026-04-26T01:03:19Z PLAYER_EVENT=volume_changed ignored
2026-04-26T01:03:20Z PLAYER_EVENT=track_changed ignored
2026-04-26T01:03:20Z PLAYER_EVENT=playing → track change (stream connected, skipping webhook)
2026-04-26T01:03:23Z PLAYER_EVENT=volume_changed ignored
2026-04-26T01:03:23Z PLAYER_EVENT=volume_changed ignored
2026-04-26T01:03:23Z PLAYER_EVENT=volume_changed ignored
2026-04-26T01:03:24Z PLAYER_EVENT=preload_next ignored
2026-04-26T01:03:24Z PLAYER_EVENT=end_of_track → end_of_track (flagged for next play_request_id_changed)
2026-04-26T01:03:24Z PLAYER_EVENT=play_request_id_changed → play_request_id_changed after end_of_track (track skip, ignoring)
2026-04-26T01:03:24Z PLAYER_EVENT=loading ignored
2026-04-26T01:03:25Z PLAYER_EVENT=track_changed ignored
2026-04-26T01:03:25Z PLAYER_EVENT=playing → track change (stream connected, skipping webhook)
2026-04-26T01:03:29Z PLAYER_EVENT=preload_next ignored
2026-04-26T01:03:30Z PLAYER_EVENT=end_of_track → end_of_track (flagged for next play_request_id_changed)
2026-04-26T01:03:30Z PLAYER_EVENT=play_request_id_changed → play_request_id_changed after end_of_track (track skip, ignoring)
2026-04-26T01:03:30Z PLAYER_EVENT=loading ignored
2026-04-26T01:03:30Z PLAYER_EVENT=track_changed ignored
2026-04-26T01:03:30Z PLAYER_EVENT=playing → track change (stream connected, skipping webhook)
2026-04-26T01:03:36Z PLAYER_EVENT=preload_next ignored
2026-04-26T01:03:36Z PLAYER_EVENT=end_of_track → end_of_track (flagged for next play_request_id_changed)
2026-04-26T01:03:36Z PLAYER_EVENT=play_request_id_changed → play_request_id_changed after end_of_track (track skip, ignoring)
2026-04-26T01:03:36Z PLAYER_EVENT=loading ignored
2026-04-26T01:03:37Z PLAYER_EVENT=track_changed ignored
2026-04-26T01:03:37Z PLAYER_EVENT=paused → paused, debouncing (3s)
2026-04-26T01:03:40Z PLAYER_EVENT=paused → notifying HA: librespot_stopped (paused)
2026-04-26T01:04:11Z PLAYER_EVENT=play_request_id_changed → reset state to stopped (fresh play request, no preceding end_of_track)
2026-04-26T01:04:11Z PLAYER_EVENT=loading ignored
2026-04-26T01:04:12Z PLAYER_EVENT=track_changed ignored
2026-04-26T01:04:12Z PLAYER_EVENT=playing → notifying HA: librespot_playing
2026-04-26T01:04:17Z PLAYER_EVENT=preload_next ignored
2026-04-26T01:04:18Z PLAYER_EVENT=end_of_track → end_of_track (flagged for next play_request_id_changed)
2026-04-26T01:04:18Z PLAYER_EVENT=play_request_id_changed → play_request_id_changed after end_of_track (track skip, ignoring)
2026-04-26T01:04:18Z PLAYER_EVENT=loading ignored
2026-04-26T01:04:19Z PLAYER_EVENT=track_changed ignored
2026-04-26T01:04:19Z PLAYER_EVENT=playing → track change (stream connected, skipping webhook)
2026-04-26T01:04:28Z PLAYER_EVENT=preload_next ignored
2026-04-26T01:04:28Z PLAYER_EVENT=end_of_track → end_of_track (flagged for next play_request_id_changed)
2026-04-26T01:04:28Z PLAYER_EVENT=play_request_id_changed → play_request_id_changed after end_of_track (track skip, ignoring)
2026-04-26T01:04:28Z PLAYER_EVENT=loading ignored
2026-04-26T01:04:29Z PLAYER_EVENT=track_changed ignored
2026-04-26T01:04:29Z PLAYER_EVENT=playing → track change (stream connected, skipping webhook)
2026-04-26T01:04:34Z PLAYER_EVENT=preload_next ignored
2026-04-26T01:04:35Z PLAYER_EVENT=end_of_track → end_of_track (flagged for next play_request_id_changed)
2026-04-26T01:04:35Z PLAYER_EVENT=play_request_id_changed → play_request_id_changed after end_of_track (track skip, ignoring)
2026-04-26T01:04:35Z PLAYER_EVENT=loading ignored
2026-04-26T01:04:35Z PLAYER_EVENT=track_changed ignored
2026-04-26T01:04:35Z PLAYER_EVENT=playing → track change (stream connected, skipping webhook)
2026-04-26T01:04:41Z PLAYER_EVENT=preload_next ignored
2026-04-26T01:04:41Z PLAYER_EVENT=end_of_track → end_of_track (flagged for next play_request_id_changed)
2026-04-26T01:04:41Z PLAYER_EVENT=play_request_id_changed → play_request_id_changed after end_of_track (track skip, ignoring)
2026-04-26T01:04:41Z PLAYER_EVENT=loading ignored
2026-04-26T01:04:42Z PLAYER_EVENT=track_changed ignored
2026-04-26T01:04:42Z PLAYER_EVENT=playing → track change (stream connected, skipping webhook)
2026-04-26T01:04:46Z PLAYER_EVENT=preload_next ignored
2026-04-26T01:04:47Z PLAYER_EVENT=end_of_track → end_of_track (flagged for next play_request_id_changed)
2026-04-26T01:04:47Z PLAYER_EVENT=play_request_id_changed → play_request_id_changed after end_of_track (track skip, ignoring)
2026-04-26T01:04:47Z PLAYER_EVENT=loading ignored
2026-04-26T01:04:47Z PLAYER_EVENT=track_changed ignored
2026-04-26T01:04:47Z PLAYER_EVENT=playing → track change (stream connected, skipping webhook)
2026-04-26T01:04:59Z PLAYER_EVENT=preload_next ignored
2026-04-26T01:04:59Z PLAYER_EVENT=end_of_track → end_of_track (flagged for next play_request_id_changed)
2026-04-26T01:04:59Z PLAYER_EVENT=play_request_id_changed → play_request_id_changed after end_of_track (track skip, ignoring)
2026-04-26T01:04:59Z PLAYER_EVENT=loading ignored
2026-04-26T01:05:00Z PLAYER_EVENT=track_changed ignored
2026-04-26T01:05:00Z PLAYER_EVENT=playing → track change (stream connected, skipping webhook)
2026-04-26T01:05:22Z PLAYER_EVENT=preload_next ignored
2026-04-26T01:05:23Z PLAYER_EVENT=end_of_track → end_of_track (flagged for next play_request_id_changed)
2026-04-26T01:05:23Z PLAYER_EVENT=play_request_id_changed → play_request_id_changed after end_of_track (track skip, ignoring)
2026-04-26T01:05:23Z PLAYER_EVENT=loading ignored
2026-04-26T01:05:23Z PLAYER_EVENT=track_changed ignored
2026-04-26T01:05:23Z PLAYER_EVENT=playing → track change (stream connected, skipping webhook)
2026-04-26T01:07:50Z PLAYER_EVENT=paused → paused, debouncing (3s)
2026-04-26T01:07:53Z PLAYER_EVENT=paused → notifying HA: librespot_stopped (paused)
2026-04-26T01:07:53Z PLAYER_EVENT=play_request_id_changed → reset state to stopped (fresh play request, no preceding end_of_track)
2026-04-26T01:07:53Z PLAYER_EVENT=loading ignored
2026-04-26T01:07:53Z PLAYER_EVENT=track_changed ignored
2026-04-26T01:07:53Z PLAYER_EVENT=playing → notifying HA: librespot_playing
2026-04-26T01:07:59Z PLAYER_EVENT=preload_next ignored
2026-04-26T01:08:00Z PLAYER_EVENT=end_of_track → end_of_track (flagged for next play_request_id_changed)
2026-04-26T01:08:00Z PLAYER_EVENT=play_request_id_changed → play_request_id_changed after end_of_track (track skip, ignoring)
2026-04-26T01:08:00Z PLAYER_EVENT=loading ignored
2026-04-26T01:08:01Z PLAYER_EVENT=track_changed ignored
2026-04-26T01:08:01Z PLAYER_EVENT=playing → track change (stream connected, skipping webhook)
2026-04-26T01:08:03Z PLAYER_EVENT=position_correction ignored
2026-04-26T01:09:43Z PLAYER_EVENT=preload_next ignored
2026-04-26T01:10:03Z PLAYER_EVENT=preloading ignored
2026-04-26T01:10:03Z PLAYER_EVENT=end_of_track → end_of_track (flagged for next play_request_id_changed)
2026-04-26T01:10:03Z PLAYER_EVENT=play_request_id_changed → play_request_id_changed after end_of_track (track skip, ignoring)
2026-04-26T01:10:03Z PLAYER_EVENT=track_changed ignored
2026-04-26T01:10:03Z PLAYER_EVENT=playing → track change (stream connected, skipping webhook)
2026-04-26T01:10:25Z PLAYER_EVENT=position_correction ignored
2026-04-26T01:11:45Z PLAYER_EVENT=position_correction ignored
2026-04-26T01:12:29Z PLAYER_EVENT=position_correction ignored
2026-04-26T01:12:29Z PLAYER_EVENT=preload_next ignored
2026-04-26T01:12:34Z PLAYER_EVENT=preloading ignored
2026-04-26T01:12:49Z PLAYER_EVENT=end_of_track → end_of_track (flagged for next play_request_id_changed)
2026-04-26T01:12:49Z PLAYER_EVENT=play_request_id_changed → play_request_id_changed after end_of_track (track skip, ignoring)
2026-04-26T01:12:49Z PLAYER_EVENT=track_changed ignored
2026-04-26T01:12:49Z PLAYER_EVENT=playing → track change (stream connected, skipping webhook)
2026-04-26T01:13:31Z PLAYER_EVENT=preload_next ignored
2026-04-26T01:13:31Z PLAYER_EVENT=end_of_track → end_of_track (flagged for next play_request_id_changed)
2026-04-26T01:13:31Z PLAYER_EVENT=play_request_id_changed → play_request_id_changed after end_of_track (track skip, ignoring)
2026-04-26T01:13:31Z PLAYER_EVENT=loading ignored
2026-04-26T01:13:33Z PLAYER_EVENT=track_changed ignored
2026-04-26T01:13:33Z PLAYER_EVENT=playing → track change (stream connected, skipping webhook)
2026-04-26T01:13:54Z PLAYER_EVENT=preload_next ignored
2026-04-26T01:13:54Z PLAYER_EVENT=end_of_track → end_of_track (flagged for next play_request_id_changed)
2026-04-26T01:13:54Z PLAYER_EVENT=play_request_id_changed → play_request_id_changed after end_of_track (track skip, ignoring)
2026-04-26T01:13:54Z PLAYER_EVENT=loading ignored
2026-04-26T01:13:57Z PLAYER_EVENT=track_changed ignored
2026-04-26T01:13:57Z PLAYER_EVENT=playing → track change (stream connected, skipping webhook)
2026-04-26T01:14:27Z PLAYER_EVENT=preload_next ignored
2026-04-26T01:14:28Z PLAYER_EVENT=end_of_track → end_of_track (flagged for next play_request_id_changed)
2026-04-26T01:14:28Z PLAYER_EVENT=play_request_id_changed → play_request_id_changed after end_of_track (track skip, ignoring)
2026-04-26T01:14:28Z PLAYER_EVENT=loading ignored
2026-04-26T01:14:31Z PLAYER_EVENT=track_changed ignored
2026-04-26T01:14:31Z PLAYER_EVENT=playing → track change (stream connected, skipping webhook)
2026-04-26T01:15:20Z PLAYER_EVENT=preload_next ignored
2026-04-26T01:15:58Z PLAYER_EVENT=preloading ignored
2026-04-26T01:15:58Z PLAYER_EVENT=end_of_track → end_of_track (flagged for next play_request_id_changed)
2026-04-26T01:15:58Z PLAYER_EVENT=play_request_id_changed → play_request_id_changed after end_of_track (track skip, ignoring)
2026-04-26T01:15:58Z PLAYER_EVENT=track_changed ignored
2026-04-26T01:15:58Z PLAYER_EVENT=playing → track change (stream connected, skipping webhook)
2026-04-26T01:16:16Z PLAYER_EVENT=position_correction ignored
2026-04-26T01:17:49Z PLAYER_EVENT=preload_next ignored
2026-04-26T01:17:50Z PLAYER_EVENT=end_of_track → end_of_track (flagged for next play_request_id_changed)
2026-04-26T01:17:50Z PLAYER_EVENT=play_request_id_changed → play_request_id_changed after end_of_track (track skip, ignoring)
2026-04-26T01:17:50Z PLAYER_EVENT=loading ignored
2026-04-26T01:17:54Z PLAYER_EVENT=track_changed ignored
2026-04-26T01:17:54Z PLAYER_EVENT=playing → track change (stream connected, skipping webhook)
2026-04-26T01:18:25Z PLAYER_EVENT=preload_next ignored
2026-04-26T01:18:25Z PLAYER_EVENT=end_of_track → end_of_track (flagged for next play_request_id_changed)
2026-04-26T01:18:25Z PLAYER_EVENT=play_request_id_changed → play_request_id_changed after end_of_track (track skip, ignoring)
2026-04-26T01:18:25Z PLAYER_EVENT=loading ignored
2026-04-26T01:18:27Z PLAYER_EVENT=track_changed ignored
2026-04-26T01:18:27Z PLAYER_EVENT=playing → track change (stream connected, skipping webhook)
2026-04-26T01:18:46Z PLAYER_EVENT=preload_next ignored
2026-04-26T01:18:47Z PLAYER_EVENT=end_of_track → end_of_track (flagged for next play_request_id_changed)
2026-04-26T01:18:47Z PLAYER_EVENT=play_request_id_changed → play_request_id_changed after end_of_track (track skip, ignoring)
2026-04-26T01:18:47Z PLAYER_EVENT=loading ignored
2026-04-26T01:18:48Z PLAYER_EVENT=track_changed ignored
2026-04-26T01:18:48Z PLAYER_EVENT=playing → track change (stream connected, skipping webhook)
2026-04-26T01:19:01Z PLAYER_EVENT=preload_next ignored
2026-04-26T01:19:01Z PLAYER_EVENT=end_of_track → end_of_track (flagged for next play_request_id_changed)
2026-04-26T01:19:01Z PLAYER_EVENT=play_request_id_changed → play_request_id_changed after end_of_track (track skip, ignoring)
2026-04-26T01:19:01Z PLAYER_EVENT=loading ignored
2026-04-26T01:19:03Z PLAYER_EVENT=track_changed ignored
2026-04-26T01:19:03Z PLAYER_EVENT=playing → track change (stream connected, skipping webhook)
2026-04-26T01:19:16Z PLAYER_EVENT=preload_next ignored
2026-04-26T01:19:16Z PLAYER_EVENT=end_of_track → end_of_track (flagged for next play_request_id_changed)
2026-04-26T01:19:16Z PLAYER_EVENT=play_request_id_changed → play_request_id_changed after end_of_track (track skip, ignoring)
2026-04-26T01:19:16Z PLAYER_EVENT=loading ignored
2026-04-26T01:19:18Z PLAYER_EVENT=track_changed ignored
2026-04-26T01:19:18Z PLAYER_EVENT=playing → track change (stream connected, skipping webhook)
2026-04-26T01:19:37Z PLAYER_EVENT=preload_next ignored
2026-04-26T01:19:37Z PLAYER_EVENT=end_of_track → end_of_track (flagged for next play_request_id_changed)
2026-04-26T01:19:37Z PLAYER_EVENT=play_request_id_changed → play_request_id_changed after end_of_track (track skip, ignoring)
2026-04-26T01:19:37Z PLAYER_EVENT=loading ignored
2026-04-26T01:19:38Z PLAYER_EVENT=track_changed ignored
2026-04-26T01:19:38Z PLAYER_EVENT=playing → track change (stream connected, skipping webhook)
2026-04-26T01:19:53Z PLAYER_EVENT=preload_next ignored
2026-04-26T01:19:53Z PLAYER_EVENT=end_of_track → end_of_track (flagged for next play_request_id_changed)
2026-04-26T01:19:53Z PLAYER_EVENT=play_request_id_changed → play_request_id_changed after end_of_track (track skip, ignoring)
2026-04-26T01:19:53Z PLAYER_EVENT=loading ignored
2026-04-26T01:19:54Z PLAYER_EVENT=track_changed ignored
2026-04-26T01:19:54Z PLAYER_EVENT=playing → track change (stream connected, skipping webhook)
2026-04-26T01:20:49Z PLAYER_EVENT=preload_next ignored
2026-04-26T01:21:20Z PLAYER_EVENT=preloading ignored
2026-04-26T01:21:49Z PLAYER_EVENT=end_of_track → end_of_track (flagged for next play_request_id_changed)
2026-04-26T01:21:49Z PLAYER_EVENT=play_request_id_changed → play_request_id_changed after end_of_track (track skip, ignoring)
2026-04-26T01:21:49Z PLAYER_EVENT=track_changed ignored
2026-04-26T01:21:49Z PLAYER_EVENT=playing → track change (stream connected, skipping webhook)
2026-04-26T01:22:46Z PLAYER_EVENT=preload_next ignored
2026-04-26T01:22:46Z PLAYER_EVENT=end_of_track → end_of_track (flagged for next play_request_id_changed)
2026-04-26T01:22:46Z PLAYER_EVENT=play_request_id_changed → play_request_id_changed after end_of_track (track skip, ignoring)
2026-04-26T01:22:46Z PLAYER_EVENT=loading ignored
2026-04-26T01:22:47Z PLAYER_EVENT=track_changed ignored
2026-04-26T01:22:47Z PLAYER_EVENT=playing → track change (stream connected, skipping webhook)
2026-04-26T01:23:02Z PLAYER_EVENT=preload_next ignored
2026-04-26T01:23:02Z PLAYER_EVENT=end_of_track → end_of_track (flagged for next play_request_id_changed)
2026-04-26T01:23:02Z PLAYER_EVENT=play_request_id_changed → play_request_id_changed after end_of_track (track skip, ignoring)
2026-04-26T01:23:02Z PLAYER_EVENT=loading ignored
2026-04-26T01:23:05Z PLAYER_EVENT=track_changed ignored
2026-04-26T01:23:05Z PLAYER_EVENT=playing → track change (stream connected, skipping webhook)
2026-04-26T01:23:19Z PLAYER_EVENT=preload_next ignored
2026-04-26T01:23:19Z PLAYER_EVENT=end_of_track → end_of_track (flagged for next play_request_id_changed)
2026-04-26T01:23:19Z PLAYER_EVENT=play_request_id_changed → play_request_id_changed after end_of_track (track skip, ignoring)
2026-04-26T01:23:19Z PLAYER_EVENT=loading ignored
2026-04-26T01:23:20Z PLAYER_EVENT=track_changed ignored
2026-04-26T01:23:20Z PLAYER_EVENT=playing → track change (stream connected, skipping webhook)
2026-04-26T01:23:36Z PLAYER_EVENT=preload_next ignored
2026-04-26T01:23:36Z PLAYER_EVENT=end_of_track → end_of_track (flagged for next play_request_id_changed)
2026-04-26T01:23:36Z PLAYER_EVENT=play_request_id_changed → play_request_id_changed after end_of_track (track skip, ignoring)
2026-04-26T01:23:36Z PLAYER_EVENT=loading ignored
2026-04-26T01:23:38Z PLAYER_EVENT=track_changed ignored
2026-04-26T01:23:38Z PLAYER_EVENT=playing → track change (stream connected, skipping webhook)
2026-04-26T01:23:47Z PLAYER_EVENT=preload_next ignored
2026-04-26T01:23:48Z PLAYER_EVENT=end_of_track → end_of_track (flagged for next play_request_id_changed)
2026-04-26T01:23:48Z PLAYER_EVENT=play_request_id_changed → play_request_id_changed after end_of_track (track skip, ignoring)
2026-04-26T01:23:48Z PLAYER_EVENT=loading ignored
2026-04-26T01:23:49Z PLAYER_EVENT=track_changed ignored
2026-04-26T01:23:49Z PLAYER_EVENT=playing → track change (stream connected, skipping webhook)
2026-04-26T01:24:10Z PLAYER_EVENT=preload_next ignored
2026-04-26T01:24:10Z PLAYER_EVENT=end_of_track → end_of_track (flagged for next play_request_id_changed)
2026-04-26T01:24:10Z PLAYER_EVENT=play_request_id_changed → play_request_id_changed after end_of_track (track skip, ignoring)
2026-04-26T01:24:10Z PLAYER_EVENT=loading ignored
2026-04-26T01:24:11Z PLAYER_EVENT=track_changed ignored
2026-04-26T01:24:11Z PLAYER_EVENT=playing → track change (stream connected, skipping webhook)
2026-04-26T01:24:19Z PLAYER_EVENT=preload_next ignored
2026-04-26T01:24:19Z PLAYER_EVENT=end_of_track → end_of_track (flagged for next play_request_id_changed)
2026-04-26T01:24:19Z PLAYER_EVENT=play_request_id_changed → play_request_id_changed after end_of_track (track skip, ignoring)
2026-04-26T01:24:19Z PLAYER_EVENT=loading ignored
2026-04-26T01:24:20Z PLAYER_EVENT=track_changed ignored
2026-04-26T01:24:20Z PLAYER_EVENT=playing → track change (stream connected, skipping webhook)
2026-04-26T01:25:37Z PLAYER_EVENT=preload_next ignored
2026-04-26T01:25:42Z PLAYER_EVENT=preloading ignored
2026-04-26T01:25:55Z PLAYER_EVENT=end_of_track → end_of_track (flagged for next play_request_id_changed)
2026-04-26T01:25:55Z PLAYER_EVENT=play_request_id_changed → play_request_id_changed after end_of_track (track skip, ignoring)
2026-04-26T01:25:55Z PLAYER_EVENT=track_changed ignored
2026-04-26T01:25:55Z PLAYER_EVENT=playing → track change (stream connected, skipping webhook)
2026-04-26T01:26:00Z PLAYER_EVENT=position_correction ignored
2026-04-26T01:26:24Z PLAYER_EVENT=position_correction ignored
2026-04-26T01:27:33Z PLAYER_EVENT=preload_next ignored
2026-04-26T01:27:38Z PLAYER_EVENT=preloading ignored
2026-04-26T01:27:48Z PLAYER_EVENT=end_of_track → end_of_track (flagged for next play_request_id_changed)
2026-04-26T01:27:48Z PLAYER_EVENT=play_request_id_changed → play_request_id_changed after end_of_track (track skip, ignoring)
2026-04-26T01:27:48Z PLAYER_EVENT=track_changed ignored
2026-04-26T01:27:48Z PLAYER_EVENT=playing → track change (stream connected, skipping webhook)
2026-04-26T01:27:52Z PLAYER_EVENT=preload_next ignored
2026-04-26T01:27:53Z PLAYER_EVENT=end_of_track → end_of_track (flagged for next play_request_id_changed)
2026-04-26T01:27:53Z PLAYER_EVENT=play_request_id_changed → play_request_id_changed after end_of_track (track skip, ignoring)
2026-04-26T01:27:53Z PLAYER_EVENT=loading ignored
2026-04-26T01:27:53Z PLAYER_EVENT=track_changed ignored
2026-04-26T01:27:53Z PLAYER_EVENT=playing → track change (stream connected, skipping webhook)
2026-04-26T01:27:58Z PLAYER_EVENT=preload_next ignored
2026-04-26T01:27:58Z PLAYER_EVENT=end_of_track → end_of_track (flagged for next play_request_id_changed)
2026-04-26T01:27:58Z PLAYER_EVENT=play_request_id_changed → play_request_id_changed after end_of_track (track skip, ignoring)
2026-04-26T01:27:58Z PLAYER_EVENT=loading ignored
2026-04-26T01:27:59Z PLAYER_EVENT=track_changed ignored
2026-04-26T01:27:59Z PLAYER_EVENT=playing → track change (stream connected, skipping webhook)
2026-04-26T01:28:03Z PLAYER_EVENT=preload_next ignored
2026-04-26T01:28:04Z PLAYER_EVENT=end_of_track → end_of_track (flagged for next play_request_id_changed)
2026-04-26T01:28:04Z PLAYER_EVENT=play_request_id_changed → play_request_id_changed after end_of_track (track skip, ignoring)
2026-04-26T01:28:04Z PLAYER_EVENT=loading ignored
2026-04-26T01:28:04Z PLAYER_EVENT=track_changed ignored
2026-04-26T01:28:04Z PLAYER_EVENT=playing → track change (stream connected, skipping webhook)
2026-04-26T01:28:10Z PLAYER_EVENT=preload_next ignored
2026-04-26T01:28:10Z PLAYER_EVENT=end_of_track → end_of_track (flagged for next play_request_id_changed)
2026-04-26T01:28:10Z PLAYER_EVENT=play_request_id_changed → play_request_id_changed after end_of_track (track skip, ignoring)
2026-04-26T01:28:10Z PLAYER_EVENT=loading ignored
2026-04-26T01:28:11Z PLAYER_EVENT=track_changed ignored
2026-04-26T01:28:11Z PLAYER_EVENT=playing → track change (stream connected, skipping webhook)
2026-04-26T01:28:19Z PLAYER_EVENT=preload_next ignored
2026-04-26T01:28:19Z PLAYER_EVENT=end_of_track → end_of_track (flagged for next play_request_id_changed)
2026-04-26T01:28:19Z PLAYER_EVENT=play_request_id_changed → play_request_id_changed after end_of_track (track skip, ignoring)
2026-04-26T01:28:19Z PLAYER_EVENT=loading ignored
2026-04-26T01:28:20Z PLAYER_EVENT=track_changed ignored
2026-04-26T01:28:20Z PLAYER_EVENT=playing → track change (stream connected, skipping webhook)
2026-04-26T01:28:23Z PLAYER_EVENT=preload_next ignored
2026-04-26T01:28:24Z PLAYER_EVENT=end_of_track → end_of_track (flagged for next play_request_id_changed)
2026-04-26T01:28:24Z PLAYER_EVENT=play_request_id_changed → play_request_id_changed after end_of_track (track skip, ignoring)
2026-04-26T01:28:24Z PLAYER_EVENT=loading ignored
2026-04-26T01:28:24Z PLAYER_EVENT=track_changed ignored
2026-04-26T01:28:24Z PLAYER_EVENT=playing → track change (stream connected, skipping webhook)
2026-04-26T01:28:31Z PLAYER_EVENT=preload_next ignored
2026-04-26T01:28:31Z PLAYER_EVENT=end_of_track → end_of_track (flagged for next play_request_id_changed)
2026-04-26T01:28:31Z PLAYER_EVENT=play_request_id_changed → play_request_id_changed after end_of_track (track skip, ignoring)
2026-04-26T01:28:31Z PLAYER_EVENT=loading ignored
2026-04-26T01:28:32Z PLAYER_EVENT=track_changed ignored
2026-04-26T01:28:32Z PLAYER_EVENT=playing → track change (stream connected, skipping webhook)
2026-04-26T01:28:39Z PLAYER_EVENT=preload_next ignored
2026-04-26T01:28:39Z PLAYER_EVENT=end_of_track → end_of_track (flagged for next play_request_id_changed)
2026-04-26T01:28:39Z PLAYER_EVENT=play_request_id_changed → play_request_id_changed after end_of_track (track skip, ignoring)
2026-04-26T01:28:39Z PLAYER_EVENT=loading ignored
2026-04-26T01:28:40Z PLAYER_EVENT=track_changed ignored
2026-04-26T01:28:40Z PLAYER_EVENT=playing → track change (stream connected, skipping webhook)
2026-04-26T01:28:48Z PLAYER_EVENT=preload_next ignored
2026-04-26T01:28:48Z PLAYER_EVENT=end_of_track → end_of_track (flagged for next play_request_id_changed)
2026-04-26T01:28:48Z PLAYER_EVENT=play_request_id_changed → play_request_id_changed after end_of_track (track skip, ignoring)
2026-04-26T01:28:48Z PLAYER_EVENT=loading ignored
2026-04-26T01:28:49Z PLAYER_EVENT=track_changed ignored
2026-04-26T01:28:49Z PLAYER_EVENT=playing → track change (stream connected, skipping webhook)
2026-04-26T01:28:53Z PLAYER_EVENT=preload_next ignored
2026-04-26T01:28:54Z PLAYER_EVENT=end_of_track → end_of_track (flagged for next play_request_id_changed)
2026-04-26T01:28:54Z PLAYER_EVENT=play_request_id_changed → play_request_id_changed after end_of_track (track skip, ignoring)
2026-04-26T01:28:54Z PLAYER_EVENT=loading ignored
2026-04-26T01:28:55Z PLAYER_EVENT=track_changed ignored
2026-04-26T01:28:55Z PLAYER_EVENT=playing → track change (stream connected, skipping webhook)
2026-04-26T01:29:00Z PLAYER_EVENT=preload_next ignored
2026-04-26T01:29:00Z PLAYER_EVENT=end_of_track → end_of_track (flagged for next play_request_id_changed)
2026-04-26T01:29:00Z PLAYER_EVENT=play_request_id_changed → play_request_id_changed after end_of_track (track skip, ignoring)
2026-04-26T01:29:00Z PLAYER_EVENT=loading ignored
2026-04-26T01:29:01Z PLAYER_EVENT=track_changed ignored
2026-04-26T01:29:01Z PLAYER_EVENT=playing → track change (stream connected, skipping webhook)
2026-04-26T01:29:09Z PLAYER_EVENT=preload_next ignored
2026-04-26T01:29:10Z PLAYER_EVENT=preloading ignored
2026-04-26T01:29:10Z PLAYER_EVENT=end_of_track → end_of_track (flagged for next play_request_id_changed)
2026-04-26T01:29:10Z PLAYER_EVENT=play_request_id_changed → play_request_id_changed after end_of_track (track skip, ignoring)
2026-04-26T01:29:10Z PLAYER_EVENT=track_changed ignored
2026-04-26T01:29:10Z PLAYER_EVENT=playing → track change (stream connected, skipping webhook)
2026-04-26T01:29:16Z PLAYER_EVENT=preload_next ignored
2026-04-26T01:29:16Z PLAYER_EVENT=end_of_track → end_of_track (flagged for next play_request_id_changed)
2026-04-26T01:29:16Z PLAYER_EVENT=play_request_id_changed → play_request_id_changed after end_of_track (track skip, ignoring)
2026-04-26T01:29:16Z PLAYER_EVENT=loading ignored
2026-04-26T01:29:17Z PLAYER_EVENT=track_changed ignored
2026-04-26T01:29:17Z PLAYER_EVENT=playing → track change (stream connected, skipping webhook)
2026-04-26T01:29:27Z PLAYER_EVENT=preload_next ignored
2026-04-26T01:29:28Z PLAYER_EVENT=end_of_track → end_of_track (flagged for next play_request_id_changed)
2026-04-26T01:29:28Z PLAYER_EVENT=play_request_id_changed → play_request_id_changed after end_of_track (track skip, ignoring)
2026-04-26T01:29:28Z PLAYER_EVENT=loading ignored
2026-04-26T01:29:28Z PLAYER_EVENT=track_changed ignored
2026-04-26T01:29:28Z PLAYER_EVENT=playing → track change (stream connected, skipping webhook)
2026-04-26T01:30:24Z PLAYER_EVENT=preload_next ignored
2026-04-26T01:30:24Z PLAYER_EVENT=end_of_track → end_of_track (flagged for next play_request_id_changed)
2026-04-26T01:30:24Z PLAYER_EVENT=play_request_id_changed → play_request_id_changed after end_of_track (track skip, ignoring)
2026-04-26T01:30:24Z PLAYER_EVENT=loading ignored
2026-04-26T01:30:27Z PLAYER_EVENT=track_changed ignored
2026-04-26T01:30:27Z PLAYER_EVENT=playing → track change (stream connected, skipping webhook)
2026-04-26T01:31:00Z PLAYER_EVENT=position_correction ignored
2026-04-26T01:32:54Z PLAYER_EVENT=preload_next ignored
2026-04-26T01:32:54Z PLAYER_EVENT=end_of_track → end_of_track (flagged for next play_request_id_changed)
2026-04-26T01:32:54Z PLAYER_EVENT=play_request_id_changed → play_request_id_changed after end_of_track (track skip, ignoring)
2026-04-26T01:32:54Z PLAYER_EVENT=loading ignored
2026-04-26T01:32:55Z PLAYER_EVENT=track_changed ignored
2026-04-26T01:32:55Z PLAYER_EVENT=playing → track change (stream connected, skipping webhook)
2026-04-26T01:32:58Z PLAYER_EVENT=preload_next ignored
2026-04-26T01:32:58Z PLAYER_EVENT=end_of_track → end_of_track (flagged for next play_request_id_changed)
2026-04-26T01:32:58Z PLAYER_EVENT=play_request_id_changed → play_request_id_changed after end_of_track (track skip, ignoring)
2026-04-26T01:32:58Z PLAYER_EVENT=loading ignored
2026-04-26T01:32:59Z PLAYER_EVENT=track_changed ignored
2026-04-26T01:32:59Z PLAYER_EVENT=playing → track change (stream connected, skipping webhook)
2026-04-26T01:33:05Z PLAYER_EVENT=preload_next ignored
2026-04-26T01:33:05Z PLAYER_EVENT=end_of_track → end_of_track (flagged for next play_request_id_changed)
2026-04-26T01:33:05Z PLAYER_EVENT=play_request_id_changed → play_request_id_changed after end_of_track (track skip, ignoring)
2026-04-26T01:33:05Z PLAYER_EVENT=loading ignored
2026-04-26T01:33:06Z PLAYER_EVENT=track_changed ignored
2026-04-26T01:33:06Z PLAYER_EVENT=playing → track change (stream connected, skipping webhook)
2026-04-26T01:33:13Z PLAYER_EVENT=preload_next ignored
2026-04-26T01:33:13Z PLAYER_EVENT=end_of_track → end_of_track (flagged for next play_request_id_changed)
2026-04-26T01:33:13Z PLAYER_EVENT=play_request_id_changed → play_request_id_changed after end_of_track (track skip, ignoring)
2026-04-26T01:33:13Z PLAYER_EVENT=loading ignored
2026-04-26T01:33:14Z PLAYER_EVENT=track_changed ignored
2026-04-26T01:33:14Z PLAYER_EVENT=playing → track change (stream connected, skipping webhook)
2026-04-26T01:33:20Z PLAYER_EVENT=preload_next ignored
2026-04-26T01:33:21Z PLAYER_EVENT=end_of_track → end_of_track (flagged for next play_request_id_changed)
2026-04-26T01:33:21Z PLAYER_EVENT=play_request_id_changed → play_request_id_changed after end_of_track (track skip, ignoring)
2026-04-26T01:33:21Z PLAYER_EVENT=loading ignored
2026-04-26T01:33:22Z PLAYER_EVENT=track_changed ignored
2026-04-26T01:33:22Z PLAYER_EVENT=playing → track change (stream connected, skipping webhook)
2026-04-26T01:33:28Z PLAYER_EVENT=preload_next ignored
2026-04-26T01:33:28Z PLAYER_EVENT=end_of_track → end_of_track (flagged for next play_request_id_changed)
2026-04-26T01:33:28Z PLAYER_EVENT=play_request_id_changed → play_request_id_changed after end_of_track (track skip, ignoring)
2026-04-26T01:33:28Z PLAYER_EVENT=loading ignored
2026-04-26T01:33:29Z PLAYER_EVENT=track_changed ignored
2026-04-26T01:33:29Z PLAYER_EVENT=playing → track change (stream connected, skipping webhook)
2026-04-26T01:33:35Z PLAYER_EVENT=preload_next ignored
2026-04-26T01:33:36Z PLAYER_EVENT=preloading ignored
2026-04-26T01:33:36Z PLAYER_EVENT=end_of_track → end_of_track (flagged for next play_request_id_changed)
2026-04-26T01:33:36Z PLAYER_EVENT=play_request_id_changed → play_request_id_changed after end_of_track (track skip, ignoring)
2026-04-26T01:33:36Z PLAYER_EVENT=track_changed ignored
2026-04-26T01:33:36Z PLAYER_EVENT=playing → track change (stream connected, skipping webhook)
2026-04-26T01:33:40Z PLAYER_EVENT=preload_next ignored
2026-04-26T01:33:40Z PLAYER_EVENT=end_of_track → end_of_track (flagged for next play_request_id_changed)
2026-04-26T01:33:40Z PLAYER_EVENT=play_request_id_changed → play_request_id_changed after end_of_track (track skip, ignoring)
2026-04-26T01:33:40Z PLAYER_EVENT=loading ignored
2026-04-26T01:33:41Z PLAYER_EVENT=track_changed ignored
2026-04-26T01:33:41Z PLAYER_EVENT=playing → track change (stream connected, skipping webhook)
2026-04-26T01:33:46Z PLAYER_EVENT=preload_next ignored
2026-04-26T01:33:47Z PLAYER_EVENT=end_of_track → end_of_track (flagged for next play_request_id_changed)
2026-04-26T01:33:47Z PLAYER_EVENT=play_request_id_changed → play_request_id_changed after end_of_track (track skip, ignoring)
2026-04-26T01:33:47Z PLAYER_EVENT=loading ignored
2026-04-26T01:33:48Z PLAYER_EVENT=track_changed ignored
2026-04-26T01:33:48Z PLAYER_EVENT=playing → track change (stream connected, skipping webhook)
2026-04-26T01:33:54Z PLAYER_EVENT=preload_next ignored
2026-04-26T01:33:54Z PLAYER_EVENT=end_of_track → end_of_track (flagged for next play_request_id_changed)
2026-04-26T01:33:54Z PLAYER_EVENT=play_request_id_changed → play_request_id_changed after end_of_track (track skip, ignoring)
2026-04-26T01:33:54Z PLAYER_EVENT=loading ignored
2026-04-26T01:33:55Z PLAYER_EVENT=track_changed ignored
2026-04-26T01:33:55Z PLAYER_EVENT=playing → track change (stream connected, skipping webhook)
2026-04-26T01:34:00Z PLAYER_EVENT=preload_next ignored
2026-04-26T01:34:00Z PLAYER_EVENT=end_of_track → end_of_track (flagged for next play_request_id_changed)
2026-04-26T01:34:00Z PLAYER_EVENT=play_request_id_changed → play_request_id_changed after end_of_track (track skip, ignoring)
2026-04-26T01:34:00Z PLAYER_EVENT=loading ignored
2026-04-26T01:34:01Z PLAYER_EVENT=track_changed ignored
2026-04-26T01:34:01Z PLAYER_EVENT=playing → track change (stream connected, skipping webhook)
2026-04-26T01:34:09Z PLAYER_EVENT=preload_next ignored
2026-04-26T01:34:09Z PLAYER_EVENT=end_of_track → end_of_track (flagged for next play_request_id_changed)
2026-04-26T01:34:09Z PLAYER_EVENT=play_request_id_changed → play_request_id_changed after end_of_track (track skip, ignoring)
2026-04-26T01:34:09Z PLAYER_EVENT=loading ignored
2026-04-26T01:34:10Z PLAYER_EVENT=track_changed ignored
2026-04-26T01:34:10Z PLAYER_EVENT=playing → track change (stream connected, skipping webhook)
2026-04-26T01:34:17Z PLAYER_EVENT=preload_next ignored
2026-04-26T01:34:17Z PLAYER_EVENT=end_of_track → end_of_track (flagged for next play_request_id_changed)
2026-04-26T01:34:17Z PLAYER_EVENT=play_request_id_changed → play_request_id_changed after end_of_track (track skip, ignoring)
2026-04-26T01:34:17Z PLAYER_EVENT=loading ignored
2026-04-26T01:34:18Z PLAYER_EVENT=track_changed ignored
2026-04-26T01:34:18Z PLAYER_EVENT=playing → track change (stream connected, skipping webhook)
2026-04-26T01:34:25Z PLAYER_EVENT=preload_next ignored
2026-04-26T01:34:25Z PLAYER_EVENT=end_of_track → end_of_track (flagged for next play_request_id_changed)
2026-04-26T01:34:25Z PLAYER_EVENT=play_request_id_changed → play_request_id_changed after end_of_track (track skip, ignoring)
2026-04-26T01:34:25Z PLAYER_EVENT=loading ignored
2026-04-26T01:34:26Z PLAYER_EVENT=track_changed ignored
2026-04-26T01:34:26Z PLAYER_EVENT=playing → track change (stream connected, skipping webhook)
2026-04-26T01:37:58Z PLAYER_EVENT=preload_next ignored
2026-04-26T01:37:58Z PLAYER_EVENT=end_of_track → end_of_track (flagged for next play_request_id_changed)
2026-04-26T01:37:58Z PLAYER_EVENT=play_request_id_changed → play_request_id_changed after end_of_track (track skip, ignoring)
2026-04-26T01:37:58Z PLAYER_EVENT=loading ignored
2026-04-26T01:37:59Z PLAYER_EVENT=track_changed ignored
2026-04-26T01:37:59Z PLAYER_EVENT=playing → track change (stream connected, skipping webhook)
2026-04-26T01:38:02Z PLAYER_EVENT=preload_next ignored
2026-04-26T01:38:02Z PLAYER_EVENT=end_of_track → end_of_track (flagged for next play_request_id_changed)
2026-04-26T01:38:02Z PLAYER_EVENT=play_request_id_changed → play_request_id_changed after end_of_track (track skip, ignoring)
2026-04-26T01:38:02Z PLAYER_EVENT=loading ignored
2026-04-26T01:38:03Z PLAYER_EVENT=track_changed ignored
2026-04-26T01:38:03Z PLAYER_EVENT=playing → track change (stream connected, skipping webhook)
2026-04-26T01:38:09Z PLAYER_EVENT=preload_next ignored
2026-04-26T01:38:09Z PLAYER_EVENT=end_of_track → end_of_track (flagged for next play_request_id_changed)
2026-04-26T01:38:09Z PLAYER_EVENT=play_request_id_changed → play_request_id_changed after end_of_track (track skip, ignoring)
2026-04-26T01:38:09Z PLAYER_EVENT=loading ignored
2026-04-26T01:38:10Z PLAYER_EVENT=track_changed ignored
2026-04-26T01:38:10Z PLAYER_EVENT=playing → track change (stream connected, skipping webhook)
2026-04-26T01:38:15Z PLAYER_EVENT=preload_next ignored
2026-04-26T01:38:15Z PLAYER_EVENT=end_of_track → end_of_track (flagged for next play_request_id_changed)
2026-04-26T01:38:15Z PLAYER_EVENT=play_request_id_changed → play_request_id_changed after end_of_track (track skip, ignoring)
2026-04-26T01:38:15Z PLAYER_EVENT=loading ignored
2026-04-26T01:38:16Z PLAYER_EVENT=track_changed ignored
2026-04-26T01:38:16Z PLAYER_EVENT=playing → track change (stream connected, skipping webhook)
2026-04-26T01:38:23Z PLAYER_EVENT=preload_next ignored
2026-04-26T01:38:23Z PLAYER_EVENT=end_of_track → end_of_track (flagged for next play_request_id_changed)
2026-04-26T01:38:23Z PLAYER_EVENT=play_request_id_changed → play_request_id_changed after end_of_track (track skip, ignoring)
2026-04-26T01:38:23Z PLAYER_EVENT=loading ignored
2026-04-26T01:38:24Z PLAYER_EVENT=track_changed ignored
2026-04-26T01:38:24Z PLAYER_EVENT=playing → track change (stream connected, skipping webhook)
2026-04-26T01:38:30Z PLAYER_EVENT=preload_next ignored
2026-04-26T01:38:31Z PLAYER_EVENT=end_of_track → end_of_track (flagged for next play_request_id_changed)
2026-04-26T01:38:31Z PLAYER_EVENT=play_request_id_changed → play_request_id_changed after end_of_track (track skip, ignoring)
2026-04-26T01:38:31Z PLAYER_EVENT=loading ignored
2026-04-26T01:38:31Z PLAYER_EVENT=track_changed ignored
2026-04-26T01:38:31Z PLAYER_EVENT=playing → track change (stream connected, skipping webhook)
2026-04-26T01:38:38Z PLAYER_EVENT=preload_next ignored
2026-04-26T01:38:38Z PLAYER_EVENT=end_of_track → end_of_track (flagged for next play_request_id_changed)
2026-04-26T01:38:38Z PLAYER_EVENT=play_request_id_changed → play_request_id_changed after end_of_track (track skip, ignoring)
2026-04-26T01:38:38Z PLAYER_EVENT=loading ignored
2026-04-26T01:38:39Z PLAYER_EVENT=track_changed ignored
2026-04-26T01:38:39Z PLAYER_EVENT=playing → track change (stream connected, skipping webhook)
2026-04-26T01:38:46Z PLAYER_EVENT=preload_next ignored
2026-04-26T01:38:46Z PLAYER_EVENT=end_of_track → end_of_track (flagged for next play_request_id_changed)
2026-04-26T01:38:46Z PLAYER_EVENT=play_request_id_changed → play_request_id_changed after end_of_track (track skip, ignoring)
2026-04-26T01:38:46Z PLAYER_EVENT=loading ignored
2026-04-26T01:38:47Z PLAYER_EVENT=track_changed ignored
2026-04-26T01:38:47Z PLAYER_EVENT=playing → track change (stream connected, skipping webhook)
2026-04-26T01:38:52Z PLAYER_EVENT=preload_next ignored
2026-04-26T01:38:52Z PLAYER_EVENT=end_of_track → end_of_track (flagged for next play_request_id_changed)
2026-04-26T01:38:52Z PLAYER_EVENT=play_request_id_changed → play_request_id_changed after end_of_track (track skip, ignoring)
2026-04-26T01:38:52Z PLAYER_EVENT=loading ignored
2026-04-26T01:38:53Z PLAYER_EVENT=track_changed ignored
2026-04-26T01:38:53Z PLAYER_EVENT=playing → track change (stream connected, skipping webhook)
2026-04-26T01:39:00Z PLAYER_EVENT=preload_next ignored
2026-04-26T01:39:01Z PLAYER_EVENT=end_of_track → end_of_track (flagged for next play_request_id_changed)
2026-04-26T01:39:01Z PLAYER_EVENT=play_request_id_changed → play_request_id_changed after end_of_track (track skip, ignoring)
2026-04-26T01:39:01Z PLAYER_EVENT=loading ignored
2026-04-26T01:39:01Z PLAYER_EVENT=track_changed ignored
2026-04-26T01:39:01Z PLAYER_EVENT=playing → track change (stream connected, skipping webhook)
2026-04-26T01:39:06Z PLAYER_EVENT=preload_next ignored
2026-04-26T01:39:07Z PLAYER_EVENT=end_of_track → end_of_track (flagged for next play_request_id_changed)
2026-04-26T01:39:07Z PLAYER_EVENT=play_request_id_changed → play_request_id_changed after end_of_track (track skip, ignoring)
2026-04-26T01:39:07Z PLAYER_EVENT=loading ignored
2026-04-26T01:39:07Z PLAYER_EVENT=track_changed ignored
2026-04-26T01:39:07Z PLAYER_EVENT=playing → track change (stream connected, skipping webhook)
2026-04-26T01:39:12Z PLAYER_EVENT=preload_next ignored
2026-04-26T01:39:12Z PLAYER_EVENT=end_of_track → end_of_track (flagged for next play_request_id_changed)
2026-04-26T01:39:12Z PLAYER_EVENT=play_request_id_changed → play_request_id_changed after end_of_track (track skip, ignoring)
2026-04-26T01:39:12Z PLAYER_EVENT=loading ignored
2026-04-26T01:39:13Z PLAYER_EVENT=track_changed ignored
2026-04-26T01:39:13Z PLAYER_EVENT=playing → track change (stream connected, skipping webhook)
2026-04-26T01:39:18Z PLAYER_EVENT=preload_next ignored
2026-04-26T01:39:19Z PLAYER_EVENT=end_of_track → end_of_track (flagged for next play_request_id_changed)
2026-04-26T01:39:19Z PLAYER_EVENT=play_request_id_changed → play_request_id_changed after end_of_track (track skip, ignoring)
2026-04-26T01:39:19Z PLAYER_EVENT=loading ignored
2026-04-26T01:39:20Z PLAYER_EVENT=track_changed ignored
2026-04-26T01:39:20Z PLAYER_EVENT=playing → track change (stream connected, skipping webhook)
2026-04-26T01:39:29Z PLAYER_EVENT=preload_next ignored
2026-04-26T01:39:30Z PLAYER_EVENT=end_of_track → end_of_track (flagged for next play_request_id_changed)
2026-04-26T01:39:30Z PLAYER_EVENT=play_request_id_changed → play_request_id_changed after end_of_track (track skip, ignoring)
2026-04-26T01:39:30Z PLAYER_EVENT=loading ignored
2026-04-26T01:39:31Z PLAYER_EVENT=track_changed ignored
2026-04-26T01:39:31Z PLAYER_EVENT=playing → track change (stream connected, skipping webhook)
2026-04-26T01:39:39Z PLAYER_EVENT=preload_next ignored
2026-04-26T01:39:40Z PLAYER_EVENT=end_of_track → end_of_track (flagged for next play_request_id_changed)
2026-04-26T01:39:40Z PLAYER_EVENT=play_request_id_changed → play_request_id_changed after end_of_track (track skip, ignoring)
2026-04-26T01:39:40Z PLAYER_EVENT=loading ignored
2026-04-26T01:39:41Z PLAYER_EVENT=track_changed ignored
2026-04-26T01:39:41Z PLAYER_EVENT=playing → track change (stream connected, skipping webhook)
2026-04-26T01:39:50Z PLAYER_EVENT=preload_next ignored
2026-04-26T01:39:50Z PLAYER_EVENT=end_of_track → end_of_track (flagged for next play_request_id_changed)
2026-04-26T01:39:50Z PLAYER_EVENT=play_request_id_changed → play_request_id_changed after end_of_track (track skip, ignoring)
2026-04-26T01:39:50Z PLAYER_EVENT=loading ignored
2026-04-26T01:39:51Z PLAYER_EVENT=track_changed ignored
2026-04-26T01:39:51Z PLAYER_EVENT=playing → track change (stream connected, skipping webhook)
2026-04-26T01:40:09Z PLAYER_EVENT=preload_next ignored
2026-04-26T01:40:15Z PLAYER_EVENT=preloading ignored
2026-04-26T01:40:36Z PLAYER_EVENT=end_of_track → end_of_track (flagged for next play_request_id_changed)
2026-04-26T01:40:36Z PLAYER_EVENT=play_request_id_changed → play_request_id_changed after end_of_track (track skip, ignoring)
2026-04-26T01:40:36Z PLAYER_EVENT=track_changed ignored
2026-04-26T01:40:36Z PLAYER_EVENT=playing → track change (stream connected, skipping webhook)
2026-04-26T01:40:50Z PLAYER_EVENT=position_correction ignored
2026-04-26T01:41:18Z PLAYER_EVENT=position_correction ignored
2026-04-26T01:42:16Z PLAYER_EVENT=preload_next ignored
2026-04-26T01:42:42Z PLAYER_EVENT=preloading ignored
2026-04-26T01:42:42Z PLAYER_EVENT=end_of_track → end_of_track (flagged for next play_request_id_changed)
2026-04-26T01:42:42Z PLAYER_EVENT=play_request_id_changed → play_request_id_changed after end_of_track (track skip, ignoring)
2026-04-26T01:42:42Z PLAYER_EVENT=track_changed ignored
2026-04-26T01:42:42Z PLAYER_EVENT=playing → track change (stream connected, skipping webhook)
2026-04-26T01:42:53Z PLAYER_EVENT=preload_next ignored
2026-04-26T01:42:53Z PLAYER_EVENT=end_of_track → end_of_track (flagged for next play_request_id_changed)
2026-04-26T01:42:53Z PLAYER_EVENT=play_request_id_changed → play_request_id_changed after end_of_track (track skip, ignoring)
2026-04-26T01:42:53Z PLAYER_EVENT=loading ignored
2026-04-26T01:42:54Z PLAYER_EVENT=track_changed ignored
2026-04-26T01:42:55Z PLAYER_EVENT=playing → track change (stream connected, skipping webhook)
2026-04-26T01:43:12Z PLAYER_EVENT=preload_next ignored
2026-04-26T01:43:12Z PLAYER_EVENT=end_of_track → end_of_track (flagged for next play_request_id_changed)
2026-04-26T01:43:12Z PLAYER_EVENT=play_request_id_changed → play_request_id_changed after end_of_track (track skip, ignoring)
2026-04-26T01:43:12Z PLAYER_EVENT=loading ignored
2026-04-26T01:43:13Z PLAYER_EVENT=track_changed ignored
2026-04-26T01:43:13Z PLAYER_EVENT=playing → track change (stream connected, skipping webhook)
2026-04-26T01:43:20Z PLAYER_EVENT=preload_next ignored
2026-04-26T01:43:20Z PLAYER_EVENT=end_of_track → end_of_track (flagged for next play_request_id_changed)
2026-04-26T01:43:20Z PLAYER_EVENT=play_request_id_changed → play_request_id_changed after end_of_track (track skip, ignoring)
2026-04-26T01:43:20Z PLAYER_EVENT=loading ignored
2026-04-26T01:43:21Z PLAYER_EVENT=track_changed ignored
2026-04-26T01:43:21Z PLAYER_EVENT=playing → track change (stream connected, skipping webhook)
2026-04-26T01:43:31Z PLAYER_EVENT=preload_next ignored
2026-04-26T01:43:31Z PLAYER_EVENT=end_of_track → end_of_track (flagged for next play_request_id_changed)
2026-04-26T01:43:31Z PLAYER_EVENT=play_request_id_changed → play_request_id_changed after end_of_track (track skip, ignoring)
2026-04-26T01:43:31Z PLAYER_EVENT=loading ignored
2026-04-26T01:43:32Z PLAYER_EVENT=track_changed ignored
2026-04-26T01:43:32Z PLAYER_EVENT=playing → track change (stream connected, skipping webhook)
2026-04-26T01:44:04Z PLAYER_EVENT=preload_next ignored
2026-04-26T01:44:04Z PLAYER_EVENT=end_of_track → end_of_track (flagged for next play_request_id_changed)
2026-04-26T01:44:04Z PLAYER_EVENT=play_request_id_changed → play_request_id_changed after end_of_track (track skip, ignoring)
2026-04-26T01:44:04Z PLAYER_EVENT=loading ignored
2026-04-26T01:44:06Z PLAYER_EVENT=track_changed ignored
2026-04-26T01:44:06Z PLAYER_EVENT=playing → track change (stream connected, skipping webhook)
2026-04-26T01:44:22Z PLAYER_EVENT=preload_next ignored
2026-04-26T01:44:22Z PLAYER_EVENT=end_of_track → end_of_track (flagged for next play_request_id_changed)
2026-04-26T01:44:22Z PLAYER_EVENT=play_request_id_changed → play_request_id_changed after end_of_track (track skip, ignoring)
2026-04-26T01:44:22Z PLAYER_EVENT=loading ignored
2026-04-26T01:44:24Z PLAYER_EVENT=track_changed ignored
2026-04-26T01:44:24Z PLAYER_EVENT=playing → track change (stream connected, skipping webhook)
2026-04-26T01:44:31Z PLAYER_EVENT=preload_next ignored
2026-04-26T01:44:31Z PLAYER_EVENT=end_of_track → end_of_track (flagged for next play_request_id_changed)
2026-04-26T01:44:31Z PLAYER_EVENT=play_request_id_changed → play_request_id_changed after end_of_track (track skip, ignoring)
2026-04-26T01:44:31Z PLAYER_EVENT=loading ignored
2026-04-26T01:44:34Z PLAYER_EVENT=track_changed ignored
2026-04-26T01:44:34Z PLAYER_EVENT=playing → track change (stream connected, skipping webhook)
2026-04-26T01:44:54Z PLAYER_EVENT=preload_next ignored
2026-04-26T01:44:54Z PLAYER_EVENT=end_of_track → end_of_track (flagged for next play_request_id_changed)
2026-04-26T01:44:54Z PLAYER_EVENT=play_request_id_changed → play_request_id_changed after end_of_track (track skip, ignoring)
2026-04-26T01:44:54Z PLAYER_EVENT=loading ignored
2026-04-26T01:44:56Z PLAYER_EVENT=track_changed ignored
2026-04-26T01:44:56Z PLAYER_EVENT=playing → track change (stream connected, skipping webhook)
2026-04-26T01:46:12Z PLAYER_EVENT=seeked ignored
2026-04-26T01:46:27Z PLAYER_EVENT=position_correction ignored
2026-04-26T01:47:48Z PLAYER_EVENT=preload_next ignored
2026-04-26T01:47:49Z PLAYER_EVENT=end_of_track → end_of_track (flagged for next play_request_id_changed)
2026-04-26T01:47:49Z PLAYER_EVENT=stopped → stopped, debouncing (5s)
2026-04-26T01:47:54Z PLAYER_EVENT=stopped → notifying HA: librespot_stopped
2026-04-26T01:48:13Z PLAYER_EVENT=play_request_id_changed → play_request_id_changed after end_of_track (track skip, ignoring)
2026-04-26T01:48:13Z PLAYER_EVENT=loading ignored
2026-04-26T01:48:15Z PLAYER_EVENT=track_changed ignored
2026-04-26T01:48:15Z PLAYER_EVENT=playing → notifying HA: librespot_playing
2026-04-26T01:49:16Z PLAYER_EVENT=preload_next ignored
2026-04-26T01:49:17Z PLAYER_EVENT=end_of_track → end_of_track (flagged for next play_request_id_changed)
2026-04-26T01:49:17Z PLAYER_EVENT=play_request_id_changed → play_request_id_changed after end_of_track (track skip, ignoring)
2026-04-26T01:49:17Z PLAYER_EVENT=loading ignored
2026-04-26T01:49:17Z PLAYER_EVENT=track_changed ignored
2026-04-26T01:49:17Z PLAYER_EVENT=playing → track change (stream connected, skipping webhook)
2026-04-26T01:50:18Z PLAYER_EVENT=position_correction ignored
2026-04-26T01:52:04Z PLAYER_EVENT=preload_next ignored
2026-04-26T01:52:09Z PLAYER_EVENT=preloading ignored
2026-04-26T01:52:21Z PLAYER_EVENT=end_of_track → end_of_track (flagged for next play_request_id_changed)
2026-04-26T01:52:21Z PLAYER_EVENT=play_request_id_changed → play_request_id_changed after end_of_track (track skip, ignoring)
2026-04-26T01:52:21Z PLAYER_EVENT=track_changed ignored
2026-04-26T01:52:21Z PLAYER_EVENT=playing → track change (stream connected, skipping webhook)
2026-04-26T01:52:51Z PLAYER_EVENT=position_correction ignored
2026-04-26T01:52:54Z PLAYER_EVENT=preload_next ignored
2026-04-26T01:52:55Z PLAYER_EVENT=end_of_track → end_of_track (flagged for next play_request_id_changed)
2026-04-26T01:52:55Z PLAYER_EVENT=play_request_id_changed → play_request_id_changed after end_of_track (track skip, ignoring)
2026-04-26T01:52:55Z PLAYER_EVENT=loading ignored
2026-04-26T01:52:56Z PLAYER_EVENT=track_changed ignored
2026-04-26T01:52:56Z PLAYER_EVENT=playing → track change (stream connected, skipping webhook)
2026-04-26T01:53:05Z PLAYER_EVENT=preload_next ignored
2026-04-26T01:53:05Z PLAYER_EVENT=end_of_track → end_of_track (flagged for next play_request_id_changed)
2026-04-26T01:53:05Z PLAYER_EVENT=play_request_id_changed → play_request_id_changed after end_of_track (track skip, ignoring)
2026-04-26T01:53:05Z PLAYER_EVENT=loading ignored
2026-04-26T01:53:08Z PLAYER_EVENT=track_changed ignored
2026-04-26T01:53:08Z PLAYER_EVENT=playing → track change (stream connected, skipping webhook)
2026-04-26T01:53:20Z PLAYER_EVENT=preload_next ignored
2026-04-26T01:53:20Z PLAYER_EVENT=end_of_track → end_of_track (flagged for next play_request_id_changed)
2026-04-26T01:53:20Z PLAYER_EVENT=play_request_id_changed → play_request_id_changed after end_of_track (track skip, ignoring)
2026-04-26T01:53:20Z PLAYER_EVENT=loading ignored
2026-04-26T01:53:21Z PLAYER_EVENT=track_changed ignored
2026-04-26T01:53:21Z PLAYER_EVENT=playing → track change (stream connected, skipping webhook)
2026-04-26T01:53:47Z PLAYER_EVENT=preload_next ignored
2026-04-26T01:53:47Z PLAYER_EVENT=end_of_track → end_of_track (flagged for next play_request_id_changed)
2026-04-26T01:53:47Z PLAYER_EVENT=play_request_id_changed → play_request_id_changed after end_of_track (track skip, ignoring)
2026-04-26T01:53:47Z PLAYER_EVENT=loading ignored
2026-04-26T01:53:48Z PLAYER_EVENT=track_changed ignored
2026-04-26T01:53:48Z PLAYER_EVENT=playing → track change (stream connected, skipping webhook)
2026-04-26T01:53:54Z PLAYER_EVENT=preload_next ignored
2026-04-26T01:53:55Z PLAYER_EVENT=end_of_track → end_of_track (flagged for next play_request_id_changed)
2026-04-26T01:53:55Z PLAYER_EVENT=play_request_id_changed → play_request_id_changed after end_of_track (track skip, ignoring)
2026-04-26T01:53:55Z PLAYER_EVENT=loading ignored
2026-04-26T01:53:56Z PLAYER_EVENT=track_changed ignored
2026-04-26T01:53:56Z PLAYER_EVENT=playing → track change (stream connected, skipping webhook)
2026-04-26T01:54:07Z PLAYER_EVENT=preload_next ignored
2026-04-26T01:54:07Z PLAYER_EVENT=end_of_track → end_of_track (flagged for next play_request_id_changed)
2026-04-26T01:54:07Z PLAYER_EVENT=play_request_id_changed → play_request_id_changed after end_of_track (track skip, ignoring)
2026-04-26T01:54:07Z PLAYER_EVENT=loading ignored
2026-04-26T01:54:09Z PLAYER_EVENT=track_changed ignored
2026-04-26T01:54:09Z PLAYER_EVENT=playing → track change (stream connected, skipping webhook)
2026-04-26T01:54:16Z PLAYER_EVENT=preload_next ignored
2026-04-26T01:54:16Z PLAYER_EVENT=end_of_track → end_of_track (flagged for next play_request_id_changed)
2026-04-26T01:54:16Z PLAYER_EVENT=play_request_id_changed → play_request_id_changed after end_of_track (track skip, ignoring)
2026-04-26T01:54:16Z PLAYER_EVENT=loading ignored
2026-04-26T01:54:17Z PLAYER_EVENT=track_changed ignored
2026-04-26T01:54:17Z PLAYER_EVENT=playing → track change (stream connected, skipping webhook)
2026-04-26T01:54:24Z PLAYER_EVENT=preload_next ignored
2026-04-26T01:54:24Z PLAYER_EVENT=end_of_track → end_of_track (flagged for next play_request_id_changed)
2026-04-26T01:54:24Z PLAYER_EVENT=play_request_id_changed → play_request_id_changed after end_of_track (track skip, ignoring)
2026-04-26T01:54:24Z PLAYER_EVENT=loading ignored
2026-04-26T01:54:25Z PLAYER_EVENT=track_changed ignored
2026-04-26T01:54:25Z PLAYER_EVENT=playing → track change (stream connected, skipping webhook)
2026-04-26T01:54:38Z PLAYER_EVENT=preload_next ignored
2026-04-26T01:54:38Z PLAYER_EVENT=end_of_track → end_of_track (flagged for next play_request_id_changed)
2026-04-26T01:54:38Z PLAYER_EVENT=play_request_id_changed → play_request_id_changed after end_of_track (track skip, ignoring)
2026-04-26T01:54:38Z PLAYER_EVENT=loading ignored
2026-04-26T01:54:39Z PLAYER_EVENT=track_changed ignored
2026-04-26T01:54:39Z PLAYER_EVENT=playing → track change (stream connected, skipping webhook)
2026-04-26T01:54:49Z PLAYER_EVENT=preload_next ignored
2026-04-26T01:54:49Z PLAYER_EVENT=end_of_track → end_of_track (flagged for next play_request_id_changed)
2026-04-26T01:54:49Z PLAYER_EVENT=play_request_id_changed → play_request_id_changed after end_of_track (track skip, ignoring)
2026-04-26T01:54:49Z PLAYER_EVENT=loading ignored
2026-04-26T01:54:50Z PLAYER_EVENT=track_changed ignored
2026-04-26T01:54:50Z PLAYER_EVENT=playing → track change (stream connected, skipping webhook)
2026-04-26T01:54:59Z PLAYER_EVENT=preload_next ignored
2026-04-26T01:54:59Z PLAYER_EVENT=end_of_track → end_of_track (flagged for next play_request_id_changed)
2026-04-26T01:54:59Z PLAYER_EVENT=play_request_id_changed → play_request_id_changed after end_of_track (track skip, ignoring)
2026-04-26T01:54:59Z PLAYER_EVENT=loading ignored
2026-04-26T01:55:00Z PLAYER_EVENT=track_changed ignored
2026-04-26T01:55:00Z PLAYER_EVENT=playing → track change (stream connected, skipping webhook)
2026-04-26T01:55:08Z PLAYER_EVENT=preload_next ignored
2026-04-26T01:55:08Z PLAYER_EVENT=end_of_track → end_of_track (flagged for next play_request_id_changed)
2026-04-26T01:55:08Z PLAYER_EVENT=play_request_id_changed → play_request_id_changed after end_of_track (track skip, ignoring)
2026-04-26T01:55:08Z PLAYER_EVENT=loading ignored
2026-04-26T01:55:09Z PLAYER_EVENT=track_changed ignored
2026-04-26T01:55:09Z PLAYER_EVENT=playing → track change (stream connected, skipping webhook)
2026-04-26T01:56:46Z PLAYER_EVENT=preload_next ignored
2026-04-26T01:56:46Z PLAYER_EVENT=end_of_track → end_of_track (flagged for next play_request_id_changed)
2026-04-26T01:56:46Z PLAYER_EVENT=play_request_id_changed → play_request_id_changed after end_of_track (track skip, ignoring)
2026-04-26T01:56:46Z PLAYER_EVENT=loading ignored
2026-04-26T01:56:47Z PLAYER_EVENT=track_changed ignored
2026-04-26T01:56:47Z PLAYER_EVENT=playing → track change (stream connected, skipping webhook)
2026-04-26T01:57:21Z PLAYER_EVENT=position_correction ignored
2026-04-26T01:58:04Z PLAYER_EVENT=preload_next ignored
2026-04-26T01:58:04Z PLAYER_EVENT=end_of_track → end_of_track (flagged for next play_request_id_changed)
2026-04-26T01:58:04Z PLAYER_EVENT=play_request_id_changed → play_request_id_changed after end_of_track (track skip, ignoring)
2026-04-26T01:58:04Z PLAYER_EVENT=loading ignored
2026-04-26T01:58:05Z PLAYER_EVENT=track_changed ignored
2026-04-26T01:58:05Z PLAYER_EVENT=playing → track change (stream connected, skipping webhook)
2026-04-26T01:58:10Z PLAYER_EVENT=preload_next ignored
2026-04-26T01:58:11Z PLAYER_EVENT=end_of_track → end_of_track (flagged for next play_request_id_changed)
2026-04-26T01:58:11Z PLAYER_EVENT=play_request_id_changed → play_request_id_changed after end_of_track (track skip, ignoring)
2026-04-26T01:58:11Z PLAYER_EVENT=loading ignored
2026-04-26T01:58:11Z PLAYER_EVENT=track_changed ignored
2026-04-26T01:58:11Z PLAYER_EVENT=playing → track change (stream connected, skipping webhook)
2026-04-26T01:58:16Z PLAYER_EVENT=preload_next ignored
2026-04-26T01:58:16Z PLAYER_EVENT=end_of_track → end_of_track (flagged for next play_request_id_changed)
2026-04-26T01:58:16Z PLAYER_EVENT=play_request_id_changed → play_request_id_changed after end_of_track (track skip, ignoring)
2026-04-26T01:58:16Z PLAYER_EVENT=loading ignored
2026-04-26T01:58:17Z PLAYER_EVENT=track_changed ignored
2026-04-26T01:58:17Z PLAYER_EVENT=playing → track change (stream connected, skipping webhook)
2026-04-26T01:58:22Z PLAYER_EVENT=preload_next ignored
2026-04-26T01:58:22Z PLAYER_EVENT=end_of_track → end_of_track (flagged for next play_request_id_changed)
2026-04-26T01:58:22Z PLAYER_EVENT=play_request_id_changed → play_request_id_changed after end_of_track (track skip, ignoring)
2026-04-26T01:58:22Z PLAYER_EVENT=loading ignored
2026-04-26T01:58:23Z PLAYER_EVENT=track_changed ignored
2026-04-26T01:58:23Z PLAYER_EVENT=playing → track change (stream connected, skipping webhook)
2026-04-26T01:58:28Z PLAYER_EVENT=preload_next ignored
2026-04-26T01:58:28Z PLAYER_EVENT=end_of_track → end_of_track (flagged for next play_request_id_changed)
2026-04-26T01:58:28Z PLAYER_EVENT=play_request_id_changed → play_request_id_changed after end_of_track (track skip, ignoring)
2026-04-26T01:58:28Z PLAYER_EVENT=loading ignored
2026-04-26T01:58:29Z PLAYER_EVENT=track_changed ignored
2026-04-26T01:58:29Z PLAYER_EVENT=playing → track change (stream connected, skipping webhook)
2026-04-26T01:58:38Z PLAYER_EVENT=preload_next ignored
2026-04-26T01:58:38Z PLAYER_EVENT=end_of_track → end_of_track (flagged for next play_request_id_changed)
2026-04-26T01:58:38Z PLAYER_EVENT=play_request_id_changed → play_request_id_changed after end_of_track (track skip, ignoring)
2026-04-26T01:58:38Z PLAYER_EVENT=loading ignored
2026-04-26T01:58:39Z PLAYER_EVENT=track_changed ignored
2026-04-26T01:58:39Z PLAYER_EVENT=playing → track change (stream connected, skipping webhook)
2026-04-26T01:58:47Z PLAYER_EVENT=preload_next ignored
2026-04-26T01:58:48Z PLAYER_EVENT=end_of_track → end_of_track (flagged for next play_request_id_changed)
2026-04-26T01:58:48Z PLAYER_EVENT=play_request_id_changed → play_request_id_changed after end_of_track (track skip, ignoring)
2026-04-26T01:58:48Z PLAYER_EVENT=loading ignored
2026-04-26T01:58:49Z PLAYER_EVENT=track_changed ignored
2026-04-26T01:58:49Z PLAYER_EVENT=playing → track change (stream connected, skipping webhook)
2026-04-26T01:58:53Z PLAYER_EVENT=preload_next ignored
2026-04-26T01:58:53Z PLAYER_EVENT=end_of_track → end_of_track (flagged for next play_request_id_changed)
2026-04-26T01:58:53Z PLAYER_EVENT=play_request_id_changed → play_request_id_changed after end_of_track (track skip, ignoring)
2026-04-26T01:58:53Z PLAYER_EVENT=loading ignored
2026-04-26T01:58:54Z PLAYER_EVENT=track_changed ignored
2026-04-26T01:58:54Z PLAYER_EVENT=playing → track change (stream connected, skipping webhook)
2026-04-26T01:58:59Z PLAYER_EVENT=preload_next ignored
2026-04-26T01:58:59Z PLAYER_EVENT=end_of_track → end_of_track (flagged for next play_request_id_changed)
2026-04-26T01:58:59Z PLAYER_EVENT=play_request_id_changed → play_request_id_changed after end_of_track (track skip, ignoring)
2026-04-26T01:58:59Z PLAYER_EVENT=loading ignored
2026-04-26T01:59:00Z PLAYER_EVENT=track_changed ignored
2026-04-26T01:59:00Z PLAYER_EVENT=playing → track change (stream connected, skipping webhook)
2026-04-26T01:59:06Z PLAYER_EVENT=preload_next ignored
2026-04-26T01:59:06Z PLAYER_EVENT=end_of_track → end_of_track (flagged for next play_request_id_changed)
2026-04-26T01:59:06Z PLAYER_EVENT=play_request_id_changed → play_request_id_changed after end_of_track (track skip, ignoring)
2026-04-26T01:59:06Z PLAYER_EVENT=loading ignored
2026-04-26T01:59:07Z PLAYER_EVENT=track_changed ignored
2026-04-26T01:59:07Z PLAYER_EVENT=playing → track change (stream connected, skipping webhook)
2026-04-26T01:59:10Z PLAYER_EVENT=preload_next ignored
2026-04-26T01:59:11Z PLAYER_EVENT=end_of_track → end_of_track (flagged for next play_request_id_changed)
2026-04-26T01:59:11Z PLAYER_EVENT=play_request_id_changed → play_request_id_changed after end_of_track (track skip, ignoring)
2026-04-26T01:59:11Z PLAYER_EVENT=loading ignored
2026-04-26T01:59:11Z PLAYER_EVENT=track_changed ignored
2026-04-26T01:59:11Z PLAYER_EVENT=playing → track change (stream connected, skipping webhook)
2026-04-26T01:59:17Z PLAYER_EVENT=preload_next ignored
2026-04-26T01:59:17Z PLAYER_EVENT=end_of_track → end_of_track (flagged for next play_request_id_changed)
2026-04-26T01:59:17Z PLAYER_EVENT=play_request_id_changed → play_request_id_changed after end_of_track (track skip, ignoring)
2026-04-26T01:59:17Z PLAYER_EVENT=loading ignored
2026-04-26T01:59:18Z PLAYER_EVENT=track_changed ignored
2026-04-26T01:59:18Z PLAYER_EVENT=playing → track change (stream connected, skipping webhook)
2026-04-26T01:59:32Z PLAYER_EVENT=preload_next ignored
2026-04-26T01:59:32Z PLAYER_EVENT=end_of_track → end_of_track (flagged for next play_request_id_changed)
2026-04-26T01:59:32Z PLAYER_EVENT=play_request_id_changed → play_request_id_changed after end_of_track (track skip, ignoring)
2026-04-26T01:59:32Z PLAYER_EVENT=loading ignored
2026-04-26T01:59:33Z PLAYER_EVENT=track_changed ignored
2026-04-26T01:59:33Z PLAYER_EVENT=playing → track change (stream connected, skipping webhook)
2026-04-26T01:59:42Z PLAYER_EVENT=preload_next ignored
2026-04-26T01:59:42Z PLAYER_EVENT=end_of_track → end_of_track (flagged for next play_request_id_changed)
2026-04-26T01:59:42Z PLAYER_EVENT=play_request_id_changed → play_request_id_changed after end_of_track (track skip, ignoring)
2026-04-26T01:59:42Z PLAYER_EVENT=loading ignored
2026-04-26T01:59:43Z PLAYER_EVENT=track_changed ignored
2026-04-26T01:59:43Z PLAYER_EVENT=playing → track change (stream connected, skipping webhook)
2026-04-26T01:59:48Z PLAYER_EVENT=preload_next ignored
2026-04-26T01:59:48Z PLAYER_EVENT=end_of_track → end_of_track (flagged for next play_request_id_changed)
2026-04-26T01:59:48Z PLAYER_EVENT=play_request_id_changed → play_request_id_changed after end_of_track (track skip, ignoring)
2026-04-26T01:59:48Z PLAYER_EVENT=loading ignored
2026-04-26T01:59:49Z PLAYER_EVENT=track_changed ignored
2026-04-26T01:59:49Z PLAYER_EVENT=playing → track change (stream connected, skipping webhook)
2026-04-26T01:59:55Z PLAYER_EVENT=preload_next ignored
2026-04-26T01:59:55Z PLAYER_EVENT=end_of_track → end_of_track (flagged for next play_request_id_changed)
2026-04-26T01:59:55Z PLAYER_EVENT=play_request_id_changed → play_request_id_changed after end_of_track (track skip, ignoring)
2026-04-26T01:59:55Z PLAYER_EVENT=loading ignored
2026-04-26T01:59:56Z PLAYER_EVENT=track_changed ignored
2026-04-26T01:59:56Z PLAYER_EVENT=playing → track change (stream connected, skipping webhook)
2026-04-26T02:00:01Z PLAYER_EVENT=preload_next ignored
2026-04-26T02:00:01Z PLAYER_EVENT=end_of_track → end_of_track (flagged for next play_request_id_changed)
2026-04-26T02:00:01Z PLAYER_EVENT=play_request_id_changed → play_request_id_changed after end_of_track (track skip, ignoring)
2026-04-26T02:00:01Z PLAYER_EVENT=loading ignored
2026-04-26T02:00:18Z PLAYER_EVENT=unavailable ignored
2026-04-26T02:00:18Z PLAYER_EVENT=play_request_id_changed → reset state to stopped (fresh play request, no preceding end_of_track)
2026-04-26T02:00:18Z PLAYER_EVENT=loading ignored
2026-04-26T02:00:19Z PLAYER_EVENT=track_changed ignored
2026-04-26T02:00:19Z PLAYER_EVENT=playing → notifying HA: librespot_playing
2026-04-26T02:00:28Z PLAYER_EVENT=preload_next ignored
2026-04-26T02:01:01Z PLAYER_EVENT=unavailable ignored
2026-04-26T02:01:01Z PLAYER_EVENT=end_of_track → end_of_track (flagged for next play_request_id_changed)
2026-04-26T02:01:01Z PLAYER_EVENT=play_request_id_changed → play_request_id_changed after end_of_track (track skip, ignoring)
2026-04-26T02:01:01Z PLAYER_EVENT=loading ignored
2026-04-26T02:01:02Z PLAYER_EVENT=track_changed ignored
2026-04-26T02:01:02Z PLAYER_EVENT=playing → track change (stream connected, skipping webhook)
2026-04-26T02:01:18Z PLAYER_EVENT=position_correction ignored
2026-04-26T02:01:51Z PLAYER_EVENT=position_correction ignored
2026-04-26T02:02:51Z PLAYER_EVENT=preload_next ignored
2026-04-26T02:02:51Z PLAYER_EVENT=end_of_track → end_of_track (flagged for next play_request_id_changed)
2026-04-26T02:02:51Z PLAYER_EVENT=play_request_id_changed → play_request_id_changed after end_of_track (track skip, ignoring)
2026-04-26T02:02:51Z PLAYER_EVENT=loading ignored
2026-04-26T02:02:52Z PLAYER_EVENT=track_changed ignored
2026-04-26T02:02:52Z PLAYER_EVENT=playing → track change (stream connected, skipping webhook)
2026-04-26T02:02:55Z PLAYER_EVENT=preload_next ignored
2026-04-26T02:02:55Z PLAYER_EVENT=end_of_track → end_of_track (flagged for next play_request_id_changed)
2026-04-26T02:02:55Z PLAYER_EVENT=play_request_id_changed → play_request_id_changed after end_of_track (track skip, ignoring)
2026-04-26T02:02:55Z PLAYER_EVENT=loading ignored
2026-04-26T02:02:55Z PLAYER_EVENT=track_changed ignored
2026-04-26T02:02:55Z PLAYER_EVENT=playing → track change (stream connected, skipping webhook)
2026-04-26T02:02:59Z PLAYER_EVENT=preload_next ignored
2026-04-26T02:02:59Z PLAYER_EVENT=end_of_track → end_of_track (flagged for next play_request_id_changed)
2026-04-26T02:02:59Z PLAYER_EVENT=play_request_id_changed → play_request_id_changed after end_of_track (track skip, ignoring)
2026-04-26T02:02:59Z PLAYER_EVENT=loading ignored
2026-04-26T02:02:59Z PLAYER_EVENT=track_changed ignored
2026-04-26T02:02:59Z PLAYER_EVENT=playing → track change (stream connected, skipping webhook)
2026-04-26T02:03:03Z PLAYER_EVENT=preload_next ignored
2026-04-26T02:03:04Z PLAYER_EVENT=end_of_track → end_of_track (flagged for next play_request_id_changed)
2026-04-26T02:03:04Z PLAYER_EVENT=play_request_id_changed → play_request_id_changed after end_of_track (track skip, ignoring)
2026-04-26T02:03:04Z PLAYER_EVENT=loading ignored
2026-04-26T02:03:04Z PLAYER_EVENT=track_changed ignored
2026-04-26T02:03:04Z PLAYER_EVENT=playing → track change (stream connected, skipping webhook)
2026-04-26T02:03:08Z PLAYER_EVENT=preload_next ignored
2026-04-26T02:03:08Z PLAYER_EVENT=end_of_track → end_of_track (flagged for next play_request_id_changed)
2026-04-26T02:03:08Z PLAYER_EVENT=play_request_id_changed → play_request_id_changed after end_of_track (track skip, ignoring)
2026-04-26T02:03:08Z PLAYER_EVENT=loading ignored
2026-04-26T02:03:14Z PLAYER_EVENT=unavailable ignored
2026-04-26T02:03:14Z PLAYER_EVENT=play_request_id_changed → reset state to stopped (fresh play request, no preceding end_of_track)
2026-04-26T02:03:14Z PLAYER_EVENT=loading ignored
2026-04-26T02:03:24Z PLAYER_EVENT=unavailable ignored
2026-04-26T02:03:24Z PLAYER_EVENT=play_request_id_changed → reset state to stopped (fresh play request, no preceding end_of_track)
2026-04-26T02:03:24Z PLAYER_EVENT=loading ignored
2026-04-26T02:03:34Z PLAYER_EVENT=unavailable ignored
2026-04-26T02:03:34Z PLAYER_EVENT=play_request_id_changed → reset state to stopped (fresh play request, no preceding end_of_track)
2026-04-26T02:03:34Z PLAYER_EVENT=loading ignored
2026-04-26T02:03:34Z PLAYER_EVENT=track_changed ignored
2026-04-26T02:03:35Z PLAYER_EVENT=playing → notifying HA: librespot_playing
2026-04-26T02:05:31Z PLAYER_EVENT=preload_next ignored
2026-04-26T02:05:36Z PLAYER_EVENT=preloading ignored
2026-04-26T02:05:50Z PLAYER_EVENT=end_of_track → end_of_track (flagged for next play_request_id_changed)
2026-04-26T02:05:50Z PLAYER_EVENT=play_request_id_changed → play_request_id_changed after end_of_track (track skip, ignoring)
2026-04-26T02:05:50Z PLAYER_EVENT=track_changed ignored
2026-04-26T02:05:50Z PLAYER_EVENT=playing → track change (stream connected, skipping webhook)
2026-04-26T02:06:26Z PLAYER_EVENT=position_correction ignored
2026-04-26T02:07:54Z PLAYER_EVENT=preload_next ignored
2026-04-26T02:07:55Z PLAYER_EVENT=end_of_track → end_of_track (flagged for next play_request_id_changed)
2026-04-26T02:07:55Z PLAYER_EVENT=play_request_id_changed → play_request_id_changed after end_of_track (track skip, ignoring)
2026-04-26T02:07:55Z PLAYER_EVENT=loading ignored
2026-04-26T02:07:55Z PLAYER_EVENT=track_changed ignored
2026-04-26T02:07:55Z PLAYER_EVENT=playing → track change (stream connected, skipping webhook)
2026-04-26T02:07:58Z PLAYER_EVENT=preload_next ignored
2026-04-26T02:07:59Z PLAYER_EVENT=end_of_track → end_of_track (flagged for next play_request_id_changed)
2026-04-26T02:07:59Z PLAYER_EVENT=play_request_id_changed → play_request_id_changed after end_of_track (track skip, ignoring)
2026-04-26T02:07:59Z PLAYER_EVENT=loading ignored
2026-04-26T02:07:59Z PLAYER_EVENT=track_changed ignored
2026-04-26T02:07:59Z PLAYER_EVENT=playing → track change (stream connected, skipping webhook)
2026-04-26T02:08:04Z PLAYER_EVENT=preload_next ignored
2026-04-26T02:08:05Z PLAYER_EVENT=end_of_track → end_of_track (flagged for next play_request_id_changed)
2026-04-26T02:08:05Z PLAYER_EVENT=play_request_id_changed → play_request_id_changed after end_of_track (track skip, ignoring)
2026-04-26T02:08:05Z PLAYER_EVENT=loading ignored
2026-04-26T02:08:05Z PLAYER_EVENT=track_changed ignored
2026-04-26T02:08:05Z PLAYER_EVENT=playing → track change (stream connected, skipping webhook)
2026-04-26T02:08:07Z PLAYER_EVENT=preload_next ignored
2026-04-26T02:08:07Z PLAYER_EVENT=end_of_track → end_of_track (flagged for next play_request_id_changed)
2026-04-26T02:08:07Z PLAYER_EVENT=play_request_id_changed → play_request_id_changed after end_of_track (track skip, ignoring)
2026-04-26T02:08:07Z PLAYER_EVENT=loading ignored
2026-04-26T02:08:07Z PLAYER_EVENT=track_changed ignored
2026-04-26T02:08:07Z PLAYER_EVENT=playing → track change (stream connected, skipping webhook)
2026-04-26T02:08:11Z PLAYER_EVENT=preload_next ignored
2026-04-26T02:08:12Z PLAYER_EVENT=end_of_track → end_of_track (flagged for next play_request_id_changed)
2026-04-26T02:08:12Z PLAYER_EVENT=play_request_id_changed → play_request_id_changed after end_of_track (track skip, ignoring)
2026-04-26T02:08:12Z PLAYER_EVENT=loading ignored
2026-04-26T02:08:12Z PLAYER_EVENT=track_changed ignored
2026-04-26T02:08:12Z PLAYER_EVENT=playing → track change (stream connected, skipping webhook)
2026-04-26T02:08:16Z PLAYER_EVENT=preload_next ignored
2026-04-26T02:08:16Z PLAYER_EVENT=end_of_track → end_of_track (flagged for next play_request_id_changed)
2026-04-26T02:08:16Z PLAYER_EVENT=stopped → stopped, debouncing (5s)
2026-04-26T02:08:21Z PLAYER_EVENT=stopped → notifying HA: librespot_stopped
2026-04-26T02:18:24Z PLAYER_EVENT=session_disconnected → reset state to stopped (new session)
2026-04-26T02:28:25Z PLAYER_EVENT=session_connected → reset state to stopped (new session)
2026-04-26T02:28:25Z PLAYER_EVENT=session_client_changed ignored
2026-04-26T02:28:25Z PLAYER_EVENT=volume_changed ignored
2026-04-26T02:28:25Z PLAYER_EVENT=auto_play_changed ignored
2026-04-26T02:28:25Z PLAYER_EVENT=filter_explicit_content_changed ignored
2026-04-26T02:28:25Z PLAYER_EVENT=shuffle_changed ignored
2026-04-26T02:28:25Z PLAYER_EVENT=repeat_changed ignored
2026-04-26T02:28:25Z PLAYER_EVENT=play_request_id_changed → play_request_id_changed after end_of_track (track skip, ignoring)
2026-04-26T02:28:25Z PLAYER_EVENT=loading ignored
2026-04-26T02:28:27Z PLAYER_EVENT=session_connected → reset state to stopped (new session)
2026-04-26T02:28:27Z PLAYER_EVENT=session_client_changed ignored
2026-04-26T02:28:27Z PLAYER_EVENT=volume_changed ignored
2026-04-26T02:28:27Z PLAYER_EVENT=auto_play_changed ignored
2026-04-26T02:28:27Z PLAYER_EVENT=filter_explicit_content_changed ignored
2026-04-26T02:28:27Z PLAYER_EVENT=shuffle_changed ignored
2026-04-26T02:28:27Z PLAYER_EVENT=repeat_changed ignored
2026-04-26T02:28:27Z PLAYER_EVENT=play_request_id_changed → reset state to stopped (fresh play request, no preceding end_of_track)
2026-04-26T02:28:27Z PLAYER_EVENT=loading ignored
2026-04-26T02:28:59Z PLAYER_EVENT=unavailable ignored
2026-04-26T02:38:31Z PLAYER_EVENT=session_disconnected → reset state to stopped (new session)
2026-04-26T02:38:31Z PLAYER_EVENT=stopped → stopped, debouncing (5s)
2026-04-26T02:38:36Z PLAYER_EVENT=stopped → notifying HA: librespot_stopped
2026-04-26T02:40:09Z PLAYER_EVENT=session_connected → reset state to stopped (new session)
2026-04-26T02:40:09Z PLAYER_EVENT=session_client_changed ignored
2026-04-26T02:40:09Z PLAYER_EVENT=volume_changed ignored
2026-04-26T02:40:09Z PLAYER_EVENT=auto_play_changed ignored
2026-04-26T02:40:09Z PLAYER_EVENT=filter_explicit_content_changed ignored
2026-04-26T02:40:09Z PLAYER_EVENT=shuffle_changed ignored
2026-04-26T02:40:09Z PLAYER_EVENT=repeat_changed ignored
2026-04-26T02:40:09Z PLAYER_EVENT=play_request_id_changed → reset state to stopped (fresh play request, no preceding end_of_track)
2026-04-26T02:40:09Z PLAYER_EVENT=loading ignored
2026-04-26T02:40:15Z PLAYER_EVENT=track_changed ignored
2026-04-26T02:40:15Z PLAYER_EVENT=paused → paused, debouncing (3s)
2026-04-26T02:40:18Z PLAYER_EVENT=paused → notifying HA: librespot_stopped (paused)
2026-04-26T02:45:13Z PLAYER_EVENT=session_disconnected → reset state to stopped (new session)
2026-04-26T02:45:13Z PLAYER_EVENT=stopped → stopped, debouncing (5s)
2026-04-26T02:45:18Z PLAYER_EVENT=stopped → notifying HA: librespot_stopped
2026-04-26T03:27:41Z PLAYER_EVENT=session_connected → reset state to stopped (new session)
2026-04-26T03:27:41Z PLAYER_EVENT=session_client_changed ignored
2026-04-26T03:27:41Z PLAYER_EVENT=volume_changed ignored
2026-04-26T03:27:41Z PLAYER_EVENT=auto_play_changed ignored
2026-04-26T03:27:41Z PLAYER_EVENT=filter_explicit_content_changed ignored
2026-04-26T03:27:41Z PLAYER_EVENT=shuffle_changed ignored
2026-04-26T03:27:41Z PLAYER_EVENT=repeat_changed ignored
2026-04-26T03:27:41Z PLAYER_EVENT=play_request_id_changed → reset state to stopped (fresh play request, no preceding end_of_track)
2026-04-26T03:27:41Z PLAYER_EVENT=loading ignored
2026-04-26T03:27:43Z PLAYER_EVENT=track_changed ignored
2026-04-26T03:27:43Z PLAYER_EVENT=paused → paused, debouncing (3s)
2026-04-26T03:27:46Z PLAYER_EVENT=paused → notifying HA: librespot_stopped (paused)
2026-04-26T03:32:42Z PLAYER_EVENT=session_disconnected → reset state to stopped (new session)
2026-04-26T03:32:42Z PLAYER_EVENT=stopped → stopped, debouncing (5s)
2026-04-26T03:32:47Z PLAYER_EVENT=stopped → notifying HA: librespot_stopped
2026-04-26T06:55:15Z PLAYER_EVENT=session_connected → reset state to stopped (new session)
2026-04-26T06:55:15Z PLAYER_EVENT=session_client_changed ignored
2026-04-26T06:55:15Z PLAYER_EVENT=volume_changed ignored
2026-04-26T06:55:15Z PLAYER_EVENT=auto_play_changed ignored
2026-04-26T06:55:15Z PLAYER_EVENT=filter_explicit_content_changed ignored
2026-04-26T06:55:15Z PLAYER_EVENT=shuffle_changed ignored
2026-04-26T06:55:15Z PLAYER_EVENT=repeat_changed ignored
2026-04-26T06:55:15Z PLAYER_EVENT=play_request_id_changed → reset state to stopped (fresh play request, no preceding end_of_track)
2026-04-26T06:55:15Z PLAYER_EVENT=loading ignored
2026-04-26T06:55:16Z PLAYER_EVENT=session_disconnected → reset state to stopped (new session)
2026-04-26T06:56:05Z PLAYER_EVENT=unavailable ignored
2026-04-26T23:10:45Z PLAYER_EVENT=session_connected → reset state to stopped (new session)
2026-04-26T23:10:46Z PLAYER_EVENT=session_client_changed ignored
2026-04-26T23:10:46Z PLAYER_EVENT=volume_changed ignored
2026-04-26T23:10:46Z PLAYER_EVENT=auto_play_changed ignored
2026-04-26T23:10:46Z PLAYER_EVENT=filter_explicit_content_changed ignored
2026-04-26T23:10:46Z PLAYER_EVENT=shuffle_changed ignored
2026-04-26T23:10:46Z PLAYER_EVENT=repeat_changed ignored
2026-04-26T23:10:46Z PLAYER_EVENT=play_request_id_changed → reset state to stopped (fresh play request, no preceding end_of_track)
2026-04-26T23:10:46Z PLAYER_EVENT=loading ignored
2026-04-26T23:10:47Z PLAYER_EVENT=track_changed ignored
2026-04-26T23:10:47Z PLAYER_EVENT=playing → notifying HA: librespot_playing
2026-04-26T23:11:02Z PLAYER_EVENT=preload_next ignored
2026-04-26T23:11:03Z PLAYER_EVENT=end_of_track → end_of_track (flagged for next play_request_id_changed)
2026-04-26T23:11:03Z PLAYER_EVENT=play_request_id_changed → play_request_id_changed after end_of_track (track skip, ignoring)
2026-04-26T23:11:03Z PLAYER_EVENT=loading ignored
2026-04-26T23:11:03Z PLAYER_EVENT=track_changed ignored
2026-04-26T23:11:03Z PLAYER_EVENT=playing → track change (stream connected, skipping webhook)
2026-04-26T23:11:06Z PLAYER_EVENT=preload_next ignored
2026-04-26T23:11:06Z PLAYER_EVENT=end_of_track → end_of_track (flagged for next play_request_id_changed)
2026-04-26T23:11:06Z PLAYER_EVENT=play_request_id_changed → play_request_id_changed after end_of_track (track skip, ignoring)
2026-04-26T23:11:06Z PLAYER_EVENT=loading ignored
2026-04-26T23:11:07Z PLAYER_EVENT=track_changed ignored
2026-04-26T23:11:07Z PLAYER_EVENT=playing → track change (stream connected, skipping webhook)
2026-04-26T23:11:10Z PLAYER_EVENT=preload_next ignored
2026-04-26T23:11:10Z PLAYER_EVENT=end_of_track → end_of_track (flagged for next play_request_id_changed)
2026-04-26T23:11:10Z PLAYER_EVENT=play_request_id_changed → play_request_id_changed after end_of_track (track skip, ignoring)
2026-04-26T23:11:10Z PLAYER_EVENT=loading ignored
2026-04-26T23:11:10Z PLAYER_EVENT=track_changed ignored
2026-04-26T23:11:10Z PLAYER_EVENT=playing → track change (stream connected, skipping webhook)
2026-04-26T23:11:12Z PLAYER_EVENT=preload_next ignored
2026-04-26T23:11:13Z PLAYER_EVENT=end_of_track → end_of_track (flagged for next play_request_id_changed)
2026-04-26T23:11:13Z PLAYER_EVENT=play_request_id_changed → play_request_id_changed after end_of_track (track skip, ignoring)
2026-04-26T23:11:13Z PLAYER_EVENT=loading ignored
2026-04-26T23:11:13Z PLAYER_EVENT=track_changed ignored
2026-04-26T23:11:13Z PLAYER_EVENT=playing → track change (stream connected, skipping webhook)
2026-04-26T23:11:16Z PLAYER_EVENT=preload_next ignored
2026-04-26T23:11:16Z PLAYER_EVENT=end_of_track → end_of_track (flagged for next play_request_id_changed)
2026-04-26T23:11:16Z PLAYER_EVENT=play_request_id_changed → play_request_id_changed after end_of_track (track skip, ignoring)
2026-04-26T23:11:16Z PLAYER_EVENT=loading ignored
2026-04-26T23:11:17Z PLAYER_EVENT=track_changed ignored
2026-04-26T23:11:17Z PLAYER_EVENT=playing → track change (stream connected, skipping webhook)
2026-04-26T23:11:19Z PLAYER_EVENT=preload_next ignored
2026-04-26T23:11:19Z PLAYER_EVENT=end_of_track → end_of_track (flagged for next play_request_id_changed)
2026-04-26T23:11:19Z PLAYER_EVENT=play_request_id_changed → play_request_id_changed after end_of_track (track skip, ignoring)
2026-04-26T23:11:19Z PLAYER_EVENT=loading ignored
2026-04-26T23:11:19Z PLAYER_EVENT=track_changed ignored
2026-04-26T23:11:19Z PLAYER_EVENT=playing → track change (stream connected, skipping webhook)
2026-04-26T23:11:23Z PLAYER_EVENT=preload_next ignored
2026-04-26T23:11:23Z PLAYER_EVENT=end_of_track → end_of_track (flagged for next play_request_id_changed)
2026-04-26T23:11:23Z PLAYER_EVENT=play_request_id_changed → play_request_id_changed after end_of_track (track skip, ignoring)
2026-04-26T23:11:23Z PLAYER_EVENT=loading ignored
2026-04-26T23:11:24Z PLAYER_EVENT=track_changed ignored
2026-04-26T23:11:24Z PLAYER_EVENT=playing → track change (stream connected, skipping webhook)
2026-04-26T23:11:28Z PLAYER_EVENT=preload_next ignored
2026-04-26T23:11:28Z PLAYER_EVENT=end_of_track → end_of_track (flagged for next play_request_id_changed)
2026-04-26T23:11:28Z PLAYER_EVENT=play_request_id_changed → play_request_id_changed after end_of_track (track skip, ignoring)
2026-04-26T23:11:28Z PLAYER_EVENT=loading ignored
2026-04-26T23:11:28Z PLAYER_EVENT=track_changed ignored
2026-04-26T23:11:28Z PLAYER_EVENT=playing → track change (stream connected, skipping webhook)
2026-04-26T23:11:32Z PLAYER_EVENT=preload_next ignored
2026-04-26T23:11:32Z PLAYER_EVENT=end_of_track → end_of_track (flagged for next play_request_id_changed)
2026-04-26T23:11:32Z PLAYER_EVENT=play_request_id_changed → play_request_id_changed after end_of_track (track skip, ignoring)
2026-04-26T23:11:32Z PLAYER_EVENT=loading ignored
2026-04-26T23:11:33Z PLAYER_EVENT=track_changed ignored
2026-04-26T23:11:33Z PLAYER_EVENT=playing → track change (stream connected, skipping webhook)
2026-04-26T23:11:34Z PLAYER_EVENT=preload_next ignored
2026-04-26T23:11:35Z PLAYER_EVENT=end_of_track → end_of_track (flagged for next play_request_id_changed)
2026-04-26T23:11:35Z PLAYER_EVENT=play_request_id_changed → play_request_id_changed after end_of_track (track skip, ignoring)
2026-04-26T23:11:35Z PLAYER_EVENT=loading ignored
2026-04-26T23:11:35Z PLAYER_EVENT=track_changed ignored
2026-04-26T23:11:35Z PLAYER_EVENT=playing → track change (stream connected, skipping webhook)
2026-04-26T23:11:37Z PLAYER_EVENT=preload_next ignored
2026-04-26T23:11:38Z PLAYER_EVENT=end_of_track → end_of_track (flagged for next play_request_id_changed)
2026-04-26T23:11:38Z PLAYER_EVENT=play_request_id_changed → play_request_id_changed after end_of_track (track skip, ignoring)
2026-04-26T23:11:38Z PLAYER_EVENT=loading ignored
2026-04-26T23:11:38Z PLAYER_EVENT=track_changed ignored
2026-04-26T23:11:38Z PLAYER_EVENT=playing → track change (stream connected, skipping webhook)
2026-04-26T23:11:41Z PLAYER_EVENT=preload_next ignored
2026-04-26T23:11:42Z PLAYER_EVENT=end_of_track → end_of_track (flagged for next play_request_id_changed)
2026-04-26T23:11:42Z PLAYER_EVENT=play_request_id_changed → play_request_id_changed after end_of_track (track skip, ignoring)
2026-04-26T23:11:42Z PLAYER_EVENT=loading ignored
2026-04-26T23:11:42Z PLAYER_EVENT=track_changed ignored
2026-04-26T23:11:42Z PLAYER_EVENT=playing → track change (stream connected, skipping webhook)
2026-04-26T23:11:45Z PLAYER_EVENT=preload_next ignored
2026-04-26T23:11:46Z PLAYER_EVENT=end_of_track → end_of_track (flagged for next play_request_id_changed)
2026-04-26T23:11:46Z PLAYER_EVENT=play_request_id_changed → play_request_id_changed after end_of_track (track skip, ignoring)
2026-04-26T23:11:46Z PLAYER_EVENT=loading ignored
2026-04-26T23:11:46Z PLAYER_EVENT=track_changed ignored
2026-04-26T23:11:46Z PLAYER_EVENT=playing → track change (stream connected, skipping webhook)
2026-04-26T23:11:48Z PLAYER_EVENT=preload_next ignored
2026-04-26T23:11:48Z PLAYER_EVENT=end_of_track → end_of_track (flagged for next play_request_id_changed)
2026-04-26T23:11:48Z PLAYER_EVENT=play_request_id_changed → play_request_id_changed after end_of_track (track skip, ignoring)
2026-04-26T23:11:48Z PLAYER_EVENT=loading ignored
2026-04-26T23:11:49Z PLAYER_EVENT=track_changed ignored
2026-04-26T23:11:49Z PLAYER_EVENT=playing → track change (stream connected, skipping webhook)
2026-04-26T23:11:54Z PLAYER_EVENT=preload_next ignored
2026-04-26T23:11:55Z PLAYER_EVENT=end_of_track → end_of_track (flagged for next play_request_id_changed)
2026-04-26T23:11:55Z PLAYER_EVENT=play_request_id_changed → play_request_id_changed after end_of_track (track skip, ignoring)
2026-04-26T23:11:55Z PLAYER_EVENT=loading ignored
2026-04-26T23:11:55Z PLAYER_EVENT=track_changed ignored
2026-04-26T23:11:55Z PLAYER_EVENT=playing → track change (stream connected, skipping webhook)
2026-04-26T23:11:57Z PLAYER_EVENT=preload_next ignored
2026-04-26T23:11:57Z PLAYER_EVENT=end_of_track → end_of_track (flagged for next play_request_id_changed)
2026-04-26T23:11:57Z PLAYER_EVENT=play_request_id_changed → play_request_id_changed after end_of_track (track skip, ignoring)
2026-04-26T23:11:57Z PLAYER_EVENT=loading ignored
2026-04-26T23:11:57Z PLAYER_EVENT=track_changed ignored
2026-04-26T23:11:57Z PLAYER_EVENT=playing → track change (stream connected, skipping webhook)
2026-04-26T23:12:03Z PLAYER_EVENT=preload_next ignored
2026-04-26T23:12:03Z PLAYER_EVENT=end_of_track → end_of_track (flagged for next play_request_id_changed)
2026-04-26T23:12:03Z PLAYER_EVENT=play_request_id_changed → play_request_id_changed after end_of_track (track skip, ignoring)
2026-04-26T23:12:03Z PLAYER_EVENT=loading ignored
2026-04-26T23:12:04Z PLAYER_EVENT=track_changed ignored
2026-04-26T23:12:04Z PLAYER_EVENT=playing → track change (stream connected, skipping webhook)
2026-04-26T23:12:08Z PLAYER_EVENT=preload_next ignored
2026-04-26T23:12:08Z PLAYER_EVENT=end_of_track → end_of_track (flagged for next play_request_id_changed)
2026-04-26T23:12:08Z PLAYER_EVENT=play_request_id_changed → play_request_id_changed after end_of_track (track skip, ignoring)
2026-04-26T23:12:08Z PLAYER_EVENT=loading ignored
2026-04-26T23:12:08Z PLAYER_EVENT=track_changed ignored
2026-04-26T23:12:08Z PLAYER_EVENT=playing → track change (stream connected, skipping webhook)
2026-04-26T23:12:10Z PLAYER_EVENT=preload_next ignored
2026-04-26T23:12:10Z PLAYER_EVENT=end_of_track → end_of_track (flagged for next play_request_id_changed)
2026-04-26T23:12:10Z PLAYER_EVENT=play_request_id_changed → play_request_id_changed after end_of_track (track skip, ignoring)
2026-04-26T23:12:10Z PLAYER_EVENT=loading ignored
2026-04-26T23:12:11Z PLAYER_EVENT=track_changed ignored
2026-04-26T23:12:11Z PLAYER_EVENT=playing → track change (stream connected, skipping webhook)
2026-04-26T23:12:14Z PLAYER_EVENT=preload_next ignored
2026-04-26T23:12:14Z PLAYER_EVENT=end_of_track → end_of_track (flagged for next play_request_id_changed)
2026-04-26T23:12:14Z PLAYER_EVENT=play_request_id_changed → play_request_id_changed after end_of_track (track skip, ignoring)
2026-04-26T23:12:14Z PLAYER_EVENT=loading ignored
2026-04-26T23:12:14Z PLAYER_EVENT=track_changed ignored
2026-04-26T23:12:14Z PLAYER_EVENT=playing → track change (stream connected, skipping webhook)
2026-04-26T23:12:16Z PLAYER_EVENT=preload_next ignored
2026-04-26T23:12:16Z PLAYER_EVENT=end_of_track → end_of_track (flagged for next play_request_id_changed)
2026-04-26T23:12:16Z PLAYER_EVENT=play_request_id_changed → play_request_id_changed after end_of_track (track skip, ignoring)
2026-04-26T23:12:16Z PLAYER_EVENT=loading ignored
2026-04-26T23:12:17Z PLAYER_EVENT=track_changed ignored
2026-04-26T23:12:17Z PLAYER_EVENT=playing → track change (stream connected, skipping webhook)
2026-04-26T23:12:21Z PLAYER_EVENT=preload_next ignored
2026-04-26T23:12:21Z PLAYER_EVENT=end_of_track → end_of_track (flagged for next play_request_id_changed)
2026-04-26T23:12:21Z PLAYER_EVENT=play_request_id_changed → play_request_id_changed after end_of_track (track skip, ignoring)
2026-04-26T23:12:21Z PLAYER_EVENT=loading ignored
2026-04-26T23:12:21Z PLAYER_EVENT=track_changed ignored
2026-04-26T23:12:21Z PLAYER_EVENT=playing → track change (stream connected, skipping webhook)
2026-04-26T23:12:24Z PLAYER_EVENT=preload_next ignored
2026-04-26T23:12:25Z PLAYER_EVENT=end_of_track → end_of_track (flagged for next play_request_id_changed)
2026-04-26T23:12:25Z PLAYER_EVENT=play_request_id_changed → play_request_id_changed after end_of_track (track skip, ignoring)
2026-04-26T23:12:25Z PLAYER_EVENT=loading ignored
2026-04-26T23:12:25Z PLAYER_EVENT=track_changed ignored
2026-04-26T23:12:25Z PLAYER_EVENT=playing → track change (stream connected, skipping webhook)
2026-04-26T23:12:28Z PLAYER_EVENT=preload_next ignored
2026-04-26T23:12:29Z PLAYER_EVENT=end_of_track → end_of_track (flagged for next play_request_id_changed)
2026-04-26T23:12:29Z PLAYER_EVENT=play_request_id_changed → play_request_id_changed after end_of_track (track skip, ignoring)
2026-04-26T23:12:29Z PLAYER_EVENT=loading ignored
2026-04-26T23:12:29Z PLAYER_EVENT=track_changed ignored
2026-04-26T23:12:29Z PLAYER_EVENT=playing → track change (stream connected, skipping webhook)
2026-04-26T23:12:33Z PLAYER_EVENT=preload_next ignored
2026-04-26T23:12:33Z PLAYER_EVENT=end_of_track → end_of_track (flagged for next play_request_id_changed)
2026-04-26T23:12:33Z PLAYER_EVENT=play_request_id_changed → play_request_id_changed after end_of_track (track skip, ignoring)
2026-04-26T23:12:33Z PLAYER_EVENT=loading ignored
2026-04-26T23:12:34Z PLAYER_EVENT=track_changed ignored
2026-04-26T23:12:34Z PLAYER_EVENT=playing → track change (stream connected, skipping webhook)
2026-04-26T23:12:36Z PLAYER_EVENT=preload_next ignored
2026-04-26T23:12:36Z PLAYER_EVENT=end_of_track → end_of_track (flagged for next play_request_id_changed)
2026-04-26T23:12:36Z PLAYER_EVENT=play_request_id_changed → play_request_id_changed after end_of_track (track skip, ignoring)
2026-04-26T23:12:36Z PLAYER_EVENT=loading ignored
2026-04-26T23:12:37Z PLAYER_EVENT=track_changed ignored
2026-04-26T23:12:37Z PLAYER_EVENT=playing → track change (stream connected, skipping webhook)
2026-04-26T23:12:39Z PLAYER_EVENT=preload_next ignored
2026-04-26T23:12:39Z PLAYER_EVENT=end_of_track → end_of_track (flagged for next play_request_id_changed)
2026-04-26T23:12:39Z PLAYER_EVENT=play_request_id_changed → play_request_id_changed after end_of_track (track skip, ignoring)
2026-04-26T23:12:39Z PLAYER_EVENT=loading ignored
2026-04-26T23:12:40Z PLAYER_EVENT=track_changed ignored
2026-04-26T23:12:40Z PLAYER_EVENT=playing → track change (stream connected, skipping webhook)
2026-04-26T23:12:44Z PLAYER_EVENT=preload_next ignored
2026-04-26T23:12:45Z PLAYER_EVENT=end_of_track → end_of_track (flagged for next play_request_id_changed)
2026-04-26T23:12:45Z PLAYER_EVENT=play_request_id_changed → play_request_id_changed after end_of_track (track skip, ignoring)
2026-04-26T23:12:45Z PLAYER_EVENT=loading ignored
2026-04-26T23:12:45Z PLAYER_EVENT=track_changed ignored
2026-04-26T23:12:45Z PLAYER_EVENT=playing → track change (stream connected, skipping webhook)
2026-04-26T23:12:46Z PLAYER_EVENT=preload_next ignored
2026-04-26T23:12:46Z PLAYER_EVENT=end_of_track → end_of_track (flagged for next play_request_id_changed)
2026-04-26T23:12:46Z PLAYER_EVENT=play_request_id_changed → play_request_id_changed after end_of_track (track skip, ignoring)
2026-04-26T23:12:46Z PLAYER_EVENT=loading ignored
2026-04-26T23:12:46Z PLAYER_EVENT=track_changed ignored
2026-04-26T23:12:46Z PLAYER_EVENT=playing → track change (stream connected, skipping webhook)
2026-04-26T23:12:50Z PLAYER_EVENT=preload_next ignored
2026-04-26T23:12:50Z PLAYER_EVENT=end_of_track → end_of_track (flagged for next play_request_id_changed)
2026-04-26T23:12:50Z PLAYER_EVENT=play_request_id_changed → play_request_id_changed after end_of_track (track skip, ignoring)
2026-04-26T23:12:50Z PLAYER_EVENT=loading ignored
2026-04-26T23:12:50Z PLAYER_EVENT=track_changed ignored
2026-04-26T23:12:50Z PLAYER_EVENT=playing → track change (stream connected, skipping webhook)
2026-04-26T23:12:54Z PLAYER_EVENT=preload_next ignored
2026-04-26T23:12:55Z PLAYER_EVENT=end_of_track → end_of_track (flagged for next play_request_id_changed)
2026-04-26T23:12:55Z PLAYER_EVENT=play_request_id_changed → play_request_id_changed after end_of_track (track skip, ignoring)
2026-04-26T23:12:55Z PLAYER_EVENT=loading ignored
2026-04-26T23:12:55Z PLAYER_EVENT=track_changed ignored
2026-04-26T23:12:55Z PLAYER_EVENT=playing → track change (stream connected, skipping webhook)
2026-04-26T23:12:57Z PLAYER_EVENT=preload_next ignored
2026-04-26T23:12:57Z PLAYER_EVENT=end_of_track → end_of_track (flagged for next play_request_id_changed)
2026-04-26T23:12:57Z PLAYER_EVENT=play_request_id_changed → play_request_id_changed after end_of_track (track skip, ignoring)
2026-04-26T23:12:57Z PLAYER_EVENT=loading ignored
2026-04-26T23:12:58Z PLAYER_EVENT=track_changed ignored
2026-04-26T23:12:58Z PLAYER_EVENT=playing → track change (stream connected, skipping webhook)
2026-04-26T23:13:01Z PLAYER_EVENT=preload_next ignored
2026-04-26T23:13:02Z PLAYER_EVENT=end_of_track → end_of_track (flagged for next play_request_id_changed)
2026-04-26T23:13:02Z PLAYER_EVENT=play_request_id_changed → play_request_id_changed after end_of_track (track skip, ignoring)
2026-04-26T23:13:02Z PLAYER_EVENT=loading ignored
2026-04-26T23:13:02Z PLAYER_EVENT=track_changed ignored
2026-04-26T23:13:02Z PLAYER_EVENT=playing → track change (stream connected, skipping webhook)
2026-04-26T23:13:06Z PLAYER_EVENT=preload_next ignored
2026-04-26T23:13:06Z PLAYER_EVENT=end_of_track → end_of_track (flagged for next play_request_id_changed)
2026-04-26T23:13:06Z PLAYER_EVENT=play_request_id_changed → play_request_id_changed after end_of_track (track skip, ignoring)
2026-04-26T23:13:06Z PLAYER_EVENT=loading ignored
2026-04-26T23:13:13Z PLAYER_EVENT=unavailable ignored
2026-04-26T23:13:13Z PLAYER_EVENT=play_request_id_changed → reset state to stopped (fresh play request, no preceding end_of_track)
2026-04-26T23:13:13Z PLAYER_EVENT=loading ignored
2026-04-26T23:13:25Z PLAYER_EVENT=unavailable ignored
2026-04-26T23:13:25Z PLAYER_EVENT=play_request_id_changed → reset state to stopped (fresh play request, no preceding end_of_track)
2026-04-26T23:13:25Z PLAYER_EVENT=loading ignored
2026-04-26T23:13:38Z PLAYER_EVENT=unavailable ignored
2026-04-26T23:13:38Z PLAYER_EVENT=play_request_id_changed → reset state to stopped (fresh play request, no preceding end_of_track)
2026-04-26T23:13:38Z PLAYER_EVENT=loading ignored
2026-04-26T23:13:38Z PLAYER_EVENT=track_changed ignored
2026-04-26T23:13:38Z PLAYER_EVENT=playing → notifying HA: librespot_playing
2026-04-26T23:13:40Z PLAYER_EVENT=preload_next ignored
2026-04-26T23:13:40Z PLAYER_EVENT=end_of_track → end_of_track (flagged for next play_request_id_changed)
2026-04-26T23:13:40Z PLAYER_EVENT=play_request_id_changed → play_request_id_changed after end_of_track (track skip, ignoring)
2026-04-26T23:13:40Z PLAYER_EVENT=loading ignored
2026-04-26T23:13:47Z PLAYER_EVENT=unavailable ignored
2026-04-26T23:13:47Z PLAYER_EVENT=play_request_id_changed → reset state to stopped (fresh play request, no preceding end_of_track)
2026-04-26T23:13:47Z PLAYER_EVENT=loading ignored
2026-04-26T23:14:05Z PLAYER_EVENT=unavailable ignored
2026-04-26T23:14:05Z PLAYER_EVENT=play_request_id_changed → reset state to stopped (fresh play request, no preceding end_of_track)
2026-04-26T23:14:05Z PLAYER_EVENT=loading ignored
2026-04-26T23:14:05Z PLAYER_EVENT=track_changed ignored
2026-04-26T23:14:05Z PLAYER_EVENT=playing → notifying HA: librespot_playing
2026-04-26T23:14:07Z PLAYER_EVENT=preload_next ignored
2026-04-26T23:14:08Z PLAYER_EVENT=end_of_track → end_of_track (flagged for next play_request_id_changed)
2026-04-26T23:14:08Z PLAYER_EVENT=play_request_id_changed → play_request_id_changed after end_of_track (track skip, ignoring)
2026-04-26T23:14:08Z PLAYER_EVENT=loading ignored
2026-04-26T23:14:19Z PLAYER_EVENT=unavailable ignored
2026-04-26T23:14:19Z PLAYER_EVENT=play_request_id_changed → reset state to stopped (fresh play request, no preceding end_of_track)
2026-04-26T23:14:19Z PLAYER_EVENT=loading ignored
2026-04-26T23:14:37Z PLAYER_EVENT=unavailable ignored
2026-04-26T23:14:37Z PLAYER_EVENT=play_request_id_changed → reset state to stopped (fresh play request, no preceding end_of_track)
2026-04-26T23:14:37Z PLAYER_EVENT=loading ignored
2026-04-26T23:14:38Z PLAYER_EVENT=track_changed ignored
2026-04-26T23:14:38Z PLAYER_EVENT=playing → notifying HA: librespot_playing
2026-04-26T23:14:43Z PLAYER_EVENT=preload_next ignored
2026-04-26T23:14:43Z PLAYER_EVENT=end_of_track → end_of_track (flagged for next play_request_id_changed)
2026-04-26T23:14:43Z PLAYER_EVENT=play_request_id_changed → play_request_id_changed after end_of_track (track skip, ignoring)
2026-04-26T23:14:43Z PLAYER_EVENT=loading ignored
2026-04-26T23:14:53Z PLAYER_EVENT=unavailable ignored
2026-04-26T23:14:53Z PLAYER_EVENT=play_request_id_changed → reset state to stopped (fresh play request, no preceding end_of_track)
2026-04-26T23:14:53Z PLAYER_EVENT=loading ignored
2026-04-26T23:15:14Z PLAYER_EVENT=unavailable ignored
2026-04-26T23:15:14Z PLAYER_EVENT=play_request_id_changed → reset state to stopped (fresh play request, no preceding end_of_track)
2026-04-26T23:15:14Z PLAYER_EVENT=loading ignored
2026-04-26T23:15:15Z PLAYER_EVENT=track_changed ignored
2026-04-26T23:15:15Z PLAYER_EVENT=playing → notifying HA: librespot_playing
2026-04-26T23:15:18Z PLAYER_EVENT=preload_next ignored
2026-04-26T23:15:19Z PLAYER_EVENT=end_of_track → end_of_track (flagged for next play_request_id_changed)
2026-04-26T23:15:19Z PLAYER_EVENT=play_request_id_changed → play_request_id_changed after end_of_track (track skip, ignoring)
2026-04-26T23:15:19Z PLAYER_EVENT=loading ignored
2026-04-26T23:15:32Z PLAYER_EVENT=unavailable ignored
2026-04-26T23:15:32Z PLAYER_EVENT=play_request_id_changed → reset state to stopped (fresh play request, no preceding end_of_track)
2026-04-26T23:15:32Z PLAYER_EVENT=loading ignored
2026-04-26T23:15:50Z PLAYER_EVENT=unavailable ignored
2026-04-26T23:15:50Z PLAYER_EVENT=play_request_id_changed → reset state to stopped (fresh play request, no preceding end_of_track)
2026-04-26T23:15:50Z PLAYER_EVENT=loading ignored
2026-04-26T23:15:51Z PLAYER_EVENT=track_changed ignored
2026-04-26T23:15:51Z PLAYER_EVENT=playing → notifying HA: librespot_playing
2026-04-26T23:15:56Z PLAYER_EVENT=preload_next ignored
2026-04-26T23:15:56Z PLAYER_EVENT=end_of_track → end_of_track (flagged for next play_request_id_changed)
2026-04-26T23:15:56Z PLAYER_EVENT=play_request_id_changed → play_request_id_changed after end_of_track (track skip, ignoring)
2026-04-26T23:15:56Z PLAYER_EVENT=loading ignored
2026-04-26T23:16:17Z PLAYER_EVENT=unavailable ignored
2026-04-26T23:16:17Z PLAYER_EVENT=play_request_id_changed → reset state to stopped (fresh play request, no preceding end_of_track)
2026-04-26T23:16:17Z PLAYER_EVENT=loading ignored
2026-04-26T23:16:18Z PLAYER_EVENT=track_changed ignored
2026-04-26T23:16:18Z PLAYER_EVENT=playing → notifying HA: librespot_playing
2026-04-26T23:16:23Z PLAYER_EVENT=preload_next ignored
2026-04-26T23:16:23Z PLAYER_EVENT=end_of_track → end_of_track (flagged for next play_request_id_changed)
2026-04-26T23:16:23Z PLAYER_EVENT=play_request_id_changed → play_request_id_changed after end_of_track (track skip, ignoring)
2026-04-26T23:16:23Z PLAYER_EVENT=loading ignored
2026-04-26T23:16:34Z PLAYER_EVENT=unavailable ignored
2026-04-26T23:16:34Z PLAYER_EVENT=play_request_id_changed → reset state to stopped (fresh play request, no preceding end_of_track)
2026-04-26T23:16:34Z PLAYER_EVENT=loading ignored
2026-04-26T23:16:43Z PLAYER_EVENT=unavailable ignored
2026-04-26T23:16:43Z PLAYER_EVENT=play_request_id_changed → reset state to stopped (fresh play request, no preceding end_of_track)
2026-04-26T23:16:43Z PLAYER_EVENT=loading ignored
2026-04-26T23:16:54Z PLAYER_EVENT=unavailable ignored
2026-04-26T23:16:54Z PLAYER_EVENT=play_request_id_changed → reset state to stopped (fresh play request, no preceding end_of_track)
2026-04-26T23:16:54Z PLAYER_EVENT=loading ignored
2026-04-26T23:16:55Z PLAYER_EVENT=track_changed ignored
2026-04-26T23:16:55Z PLAYER_EVENT=playing → notifying HA: librespot_playing
2026-04-26T23:16:58Z PLAYER_EVENT=preload_next ignored
2026-04-26T23:16:58Z PLAYER_EVENT=end_of_track → end_of_track (flagged for next play_request_id_changed)
2026-04-26T23:16:58Z PLAYER_EVENT=play_request_id_changed → play_request_id_changed after end_of_track (track skip, ignoring)
2026-04-26T23:16:58Z PLAYER_EVENT=loading ignored
2026-04-26T23:17:15Z PLAYER_EVENT=unavailable ignored
2026-04-26T23:17:15Z PLAYER_EVENT=play_request_id_changed → reset state to stopped (fresh play request, no preceding end_of_track)
2026-04-26T23:17:15Z PLAYER_EVENT=loading ignored
2026-04-26T23:17:36Z PLAYER_EVENT=unavailable ignored
2026-04-26T23:17:36Z PLAYER_EVENT=play_request_id_changed → reset state to stopped (fresh play request, no preceding end_of_track)
2026-04-26T23:17:36Z PLAYER_EVENT=loading ignored
2026-04-26T23:17:37Z PLAYER_EVENT=track_changed ignored
2026-04-26T23:17:37Z PLAYER_EVENT=playing → notifying HA: librespot_playing
2026-04-26T23:17:41Z PLAYER_EVENT=preload_next ignored
2026-04-26T23:17:42Z PLAYER_EVENT=end_of_track → end_of_track (flagged for next play_request_id_changed)
2026-04-26T23:17:42Z PLAYER_EVENT=play_request_id_changed → play_request_id_changed after end_of_track (track skip, ignoring)
2026-04-26T23:17:42Z PLAYER_EVENT=loading ignored
2026-04-26T23:17:49Z PLAYER_EVENT=unavailable ignored
2026-04-26T23:17:49Z PLAYER_EVENT=play_request_id_changed → reset state to stopped (fresh play request, no preceding end_of_track)
2026-04-26T23:17:49Z PLAYER_EVENT=loading ignored
2026-04-26T23:18:01Z PLAYER_EVENT=unavailable ignored
2026-04-26T23:18:01Z PLAYER_EVENT=play_request_id_changed → reset state to stopped (fresh play request, no preceding end_of_track)
2026-04-26T23:18:01Z PLAYER_EVENT=loading ignored
2026-04-26T23:18:02Z PLAYER_EVENT=track_changed ignored
2026-04-26T23:18:02Z PLAYER_EVENT=playing → notifying HA: librespot_playing
2026-04-26T23:18:08Z PLAYER_EVENT=preload_next ignored
2026-04-26T23:18:08Z PLAYER_EVENT=end_of_track → end_of_track (flagged for next play_request_id_changed)
2026-04-26T23:18:08Z PLAYER_EVENT=play_request_id_changed → play_request_id_changed after end_of_track (track skip, ignoring)
2026-04-26T23:18:08Z PLAYER_EVENT=loading ignored
2026-04-26T23:18:22Z PLAYER_EVENT=unavailable ignored
2026-04-26T23:18:22Z PLAYER_EVENT=play_request_id_changed → reset state to stopped (fresh play request, no preceding end_of_track)
2026-04-26T23:18:22Z PLAYER_EVENT=loading ignored
2026-04-26T23:18:37Z PLAYER_EVENT=unavailable ignored
2026-04-26T23:18:37Z PLAYER_EVENT=play_request_id_changed → reset state to stopped (fresh play request, no preceding end_of_track)
2026-04-26T23:18:37Z PLAYER_EVENT=loading ignored
2026-04-26T23:18:38Z PLAYER_EVENT=track_changed ignored
2026-04-26T23:18:38Z PLAYER_EVENT=playing → notifying HA: librespot_playing
2026-04-26T23:18:42Z PLAYER_EVENT=preload_next ignored
2026-04-26T23:18:42Z PLAYER_EVENT=end_of_track → end_of_track (flagged for next play_request_id_changed)
2026-04-26T23:18:42Z PLAYER_EVENT=play_request_id_changed → play_request_id_changed after end_of_track (track skip, ignoring)
2026-04-26T23:18:42Z PLAYER_EVENT=loading ignored
2026-04-26T23:18:49Z PLAYER_EVENT=unavailable ignored
2026-04-26T23:18:49Z PLAYER_EVENT=play_request_id_changed → reset state to stopped (fresh play request, no preceding end_of_track)
2026-04-26T23:18:49Z PLAYER_EVENT=loading ignored
2026-04-26T23:18:59Z PLAYER_EVENT=unavailable ignored
2026-04-26T23:18:59Z PLAYER_EVENT=play_request_id_changed → reset state to stopped (fresh play request, no preceding end_of_track)
2026-04-26T23:18:59Z PLAYER_EVENT=loading ignored
2026-04-26T23:19:13Z PLAYER_EVENT=unavailable ignored
2026-04-26T23:19:13Z PLAYER_EVENT=play_request_id_changed → reset state to stopped (fresh play request, no preceding end_of_track)
2026-04-26T23:19:13Z PLAYER_EVENT=loading ignored
2026-04-26T23:19:13Z PLAYER_EVENT=track_changed ignored
2026-04-26T23:19:13Z PLAYER_EVENT=playing → notifying HA: librespot_playing
2026-04-26T23:19:16Z PLAYER_EVENT=preload_next ignored
2026-04-26T23:19:17Z PLAYER_EVENT=end_of_track → end_of_track (flagged for next play_request_id_changed)
2026-04-26T23:19:17Z PLAYER_EVENT=play_request_id_changed → play_request_id_changed after end_of_track (track skip, ignoring)
2026-04-26T23:19:17Z PLAYER_EVENT=loading ignored
2026-04-26T23:19:22Z PLAYER_EVENT=unavailable ignored
2026-04-26T23:19:22Z PLAYER_EVENT=play_request_id_changed → reset state to stopped (fresh play request, no preceding end_of_track)
2026-04-26T23:19:22Z PLAYER_EVENT=loading ignored
2026-04-26T23:19:43Z PLAYER_EVENT=unavailable ignored
2026-04-26T23:19:43Z PLAYER_EVENT=play_request_id_changed → reset state to stopped (fresh play request, no preceding end_of_track)
2026-04-26T23:19:43Z PLAYER_EVENT=loading ignored
2026-04-26T23:19:44Z PLAYER_EVENT=track_changed ignored
2026-04-26T23:19:44Z PLAYER_EVENT=playing → notifying HA: librespot_playing
2026-04-26T23:19:49Z PLAYER_EVENT=preload_next ignored
2026-04-26T23:19:50Z PLAYER_EVENT=end_of_track → end_of_track (flagged for next play_request_id_changed)
2026-04-26T23:19:50Z PLAYER_EVENT=play_request_id_changed → play_request_id_changed after end_of_track (track skip, ignoring)
2026-04-26T23:19:50Z PLAYER_EVENT=loading ignored
2026-04-26T23:20:02Z PLAYER_EVENT=unavailable ignored
2026-04-26T23:20:02Z PLAYER_EVENT=play_request_id_changed → reset state to stopped (fresh play request, no preceding end_of_track)
2026-04-26T23:20:02Z PLAYER_EVENT=loading ignored
2026-04-26T23:20:29Z PLAYER_EVENT=unavailable ignored
2026-04-26T23:20:29Z PLAYER_EVENT=play_request_id_changed → reset state to stopped (fresh play request, no preceding end_of_track)
2026-04-26T23:20:29Z PLAYER_EVENT=loading ignored
2026-04-26T23:20:30Z PLAYER_EVENT=track_changed ignored
2026-04-26T23:20:30Z PLAYER_EVENT=playing → notifying HA: librespot_playing
2026-04-26T23:20:34Z PLAYER_EVENT=preload_next ignored
2026-04-26T23:20:35Z PLAYER_EVENT=end_of_track → end_of_track (flagged for next play_request_id_changed)
2026-04-26T23:20:35Z PLAYER_EVENT=play_request_id_changed → play_request_id_changed after end_of_track (track skip, ignoring)
2026-04-26T23:20:35Z PLAYER_EVENT=loading ignored
2026-04-26T23:20:51Z PLAYER_EVENT=unavailable ignored
2026-04-26T23:20:51Z PLAYER_EVENT=play_request_id_changed → reset state to stopped (fresh play request, no preceding end_of_track)
2026-04-26T23:20:51Z PLAYER_EVENT=loading ignored
2026-04-26T23:20:52Z PLAYER_EVENT=track_changed ignored
2026-04-26T23:20:52Z PLAYER_EVENT=playing → notifying HA: librespot_playing
2026-04-26T23:20:57Z PLAYER_EVENT=preload_next ignored
2026-04-26T23:20:57Z PLAYER_EVENT=end_of_track → end_of_track (flagged for next play_request_id_changed)
2026-04-26T23:20:57Z PLAYER_EVENT=play_request_id_changed → play_request_id_changed after end_of_track (track skip, ignoring)
2026-04-26T23:20:57Z PLAYER_EVENT=loading ignored
2026-04-26T23:21:12Z PLAYER_EVENT=unavailable ignored
2026-04-26T23:21:12Z PLAYER_EVENT=play_request_id_changed → reset state to stopped (fresh play request, no preceding end_of_track)
2026-04-26T23:21:12Z PLAYER_EVENT=loading ignored
2026-04-26T23:21:20Z PLAYER_EVENT=unavailable ignored
2026-04-26T23:21:20Z PLAYER_EVENT=play_request_id_changed → reset state to stopped (fresh play request, no preceding end_of_track)
2026-04-26T23:21:20Z PLAYER_EVENT=loading ignored
2026-04-26T23:21:21Z PLAYER_EVENT=track_changed ignored
2026-04-26T23:21:21Z PLAYER_EVENT=playing → notifying HA: librespot_playing
2026-04-26T23:21:25Z PLAYER_EVENT=preload_next ignored
2026-04-26T23:21:26Z PLAYER_EVENT=end_of_track → end_of_track (flagged for next play_request_id_changed)
2026-04-26T23:21:26Z PLAYER_EVENT=play_request_id_changed → play_request_id_changed after end_of_track (track skip, ignoring)
2026-04-26T23:21:26Z PLAYER_EVENT=loading ignored
2026-04-26T23:21:43Z PLAYER_EVENT=unavailable ignored
2026-04-26T23:21:43Z PLAYER_EVENT=play_request_id_changed → reset state to stopped (fresh play request, no preceding end_of_track)
2026-04-26T23:21:43Z PLAYER_EVENT=loading ignored
2026-04-26T23:21:52Z PLAYER_EVENT=unavailable ignored
2026-04-26T23:21:52Z PLAYER_EVENT=play_request_id_changed → reset state to stopped (fresh play request, no preceding end_of_track)
2026-04-26T23:21:53Z PLAYER_EVENT=loading ignored
2026-04-26T23:21:53Z PLAYER_EVENT=track_changed ignored
2026-04-26T23:21:53Z PLAYER_EVENT=playing → notifying HA: librespot_playing
2026-04-26T23:22:01Z PLAYER_EVENT=end_of_track → end_of_track (flagged for next play_request_id_changed)
2026-04-26T23:22:10Z PLAYER_EVENT=end_of_track → end_of_track (flagged for next play_request_id_changed)
2026-04-26T23:22:10Z PLAYER_EVENT=play_request_id_changed → play_request_id_changed after end_of_track (track skip, ignoring)
2026-04-26T23:22:10Z PLAYER_EVENT=loading ignored
2026-04-26T23:22:10Z PLAYER_EVENT=play_request_id_changed → reset state to stopped (fresh play request, no preceding end_of_track)
2026-04-26T23:22:10Z PLAYER_EVENT=loading ignored
2026-04-26T23:22:25Z PLAYER_EVENT=unavailable ignored
2026-04-26T23:22:25Z PLAYER_EVENT=play_request_id_changed → reset state to stopped (fresh play request, no preceding end_of_track)
2026-04-26T23:22:25Z PLAYER_EVENT=loading ignored
2026-04-26T23:22:26Z PLAYER_EVENT=track_changed ignored
2026-04-26T23:22:26Z PLAYER_EVENT=playing → notifying HA: librespot_playing
2026-04-26T23:22:31Z PLAYER_EVENT=preload_next ignored
2026-04-26T23:22:31Z PLAYER_EVENT=end_of_track → end_of_track (flagged for next play_request_id_changed)
2026-04-26T23:22:31Z PLAYER_EVENT=play_request_id_changed → play_request_id_changed after end_of_track (track skip, ignoring)
2026-04-26T23:22:31Z PLAYER_EVENT=loading ignored
2026-04-26T23:22:45Z PLAYER_EVENT=unavailable ignored
2026-04-26T23:22:45Z PLAYER_EVENT=play_request_id_changed → reset state to stopped (fresh play request, no preceding end_of_track)
2026-04-26T23:22:45Z PLAYER_EVENT=loading ignored
2026-04-26T23:22:53Z PLAYER_EVENT=unavailable ignored
2026-04-26T23:22:53Z PLAYER_EVENT=play_request_id_changed → reset state to stopped (fresh play request, no preceding end_of_track)
2026-04-26T23:22:53Z PLAYER_EVENT=loading ignored
2026-04-26T23:23:12Z PLAYER_EVENT=unavailable ignored
2026-04-26T23:23:13Z PLAYER_EVENT=play_request_id_changed → reset state to stopped (fresh play request, no preceding end_of_track)
2026-04-26T23:23:13Z PLAYER_EVENT=loading ignored
2026-04-26T23:23:13Z PLAYER_EVENT=track_changed ignored
2026-04-26T23:23:13Z PLAYER_EVENT=playing → notifying HA: librespot_playing
2026-04-26T23:23:19Z PLAYER_EVENT=preload_next ignored
2026-04-26T23:23:19Z PLAYER_EVENT=end_of_track → end_of_track (flagged for next play_request_id_changed)
2026-04-26T23:23:19Z PLAYER_EVENT=play_request_id_changed → play_request_id_changed after end_of_track (track skip, ignoring)
2026-04-26T23:23:19Z PLAYER_EVENT=loading ignored
2026-04-26T23:23:33Z PLAYER_EVENT=unavailable ignored
2026-04-26T23:23:33Z PLAYER_EVENT=play_request_id_changed → reset state to stopped (fresh play request, no preceding end_of_track)
2026-04-26T23:23:33Z PLAYER_EVENT=loading ignored
2026-04-26T23:23:34Z PLAYER_EVENT=track_changed ignored
2026-04-26T23:23:34Z PLAYER_EVENT=playing → notifying HA: librespot_playing
2026-04-26T23:23:40Z PLAYER_EVENT=preload_next ignored
2026-04-26T23:23:41Z PLAYER_EVENT=end_of_track → end_of_track (flagged for next play_request_id_changed)
2026-04-26T23:23:41Z PLAYER_EVENT=play_request_id_changed → play_request_id_changed after end_of_track (track skip, ignoring)
2026-04-26T23:23:41Z PLAYER_EVENT=loading ignored
2026-04-26T23:23:59Z PLAYER_EVENT=unavailable ignored
2026-04-26T23:23:59Z PLAYER_EVENT=play_request_id_changed → reset state to stopped (fresh play request, no preceding end_of_track)
2026-04-26T23:23:59Z PLAYER_EVENT=loading ignored
2026-04-26T23:24:14Z PLAYER_EVENT=unavailable ignored
2026-04-26T23:24:14Z PLAYER_EVENT=play_request_id_changed → reset state to stopped (fresh play request, no preceding end_of_track)
2026-04-26T23:24:14Z PLAYER_EVENT=loading ignored
2026-04-26T23:24:15Z PLAYER_EVENT=track_changed ignored
2026-04-26T23:24:15Z PLAYER_EVENT=playing → notifying HA: librespot_playing
2026-04-26T23:24:20Z PLAYER_EVENT=preload_next ignored
2026-04-26T23:24:21Z PLAYER_EVENT=end_of_track → end_of_track (flagged for next play_request_id_changed)
2026-04-26T23:24:21Z PLAYER_EVENT=play_request_id_changed → play_request_id_changed after end_of_track (track skip, ignoring)
2026-04-26T23:24:21Z PLAYER_EVENT=loading ignored
2026-04-26T23:24:36Z PLAYER_EVENT=unavailable ignored
2026-04-26T23:24:36Z PLAYER_EVENT=play_request_id_changed → reset state to stopped (fresh play request, no preceding end_of_track)
2026-04-26T23:24:36Z PLAYER_EVENT=loading ignored
2026-04-26T23:24:47Z PLAYER_EVENT=unavailable ignored
2026-04-26T23:24:47Z PLAYER_EVENT=play_request_id_changed → reset state to stopped (fresh play request, no preceding end_of_track)
2026-04-26T23:24:47Z PLAYER_EVENT=loading ignored
2026-04-26T23:24:48Z PLAYER_EVENT=track_changed ignored
2026-04-26T23:24:48Z PLAYER_EVENT=playing → notifying HA: librespot_playing
2026-04-26T23:24:51Z PLAYER_EVENT=preload_next ignored
2026-04-26T23:24:51Z PLAYER_EVENT=end_of_track → end_of_track (flagged for next play_request_id_changed)
2026-04-26T23:24:51Z PLAYER_EVENT=play_request_id_changed → play_request_id_changed after end_of_track (track skip, ignoring)
2026-04-26T23:24:51Z PLAYER_EVENT=loading ignored
2026-04-26T23:25:13Z PLAYER_EVENT=unavailable ignored
2026-04-26T23:25:13Z PLAYER_EVENT=play_request_id_changed → reset state to stopped (fresh play request, no preceding end_of_track)
2026-04-26T23:25:13Z PLAYER_EVENT=loading ignored
2026-04-26T23:25:14Z PLAYER_EVENT=track_changed ignored
2026-04-26T23:25:14Z PLAYER_EVENT=playing → notifying HA: librespot_playing
2026-04-26T23:25:18Z PLAYER_EVENT=preload_next ignored
2026-04-26T23:25:19Z PLAYER_EVENT=end_of_track → end_of_track (flagged for next play_request_id_changed)
2026-04-26T23:25:19Z PLAYER_EVENT=play_request_id_changed → play_request_id_changed after end_of_track (track skip, ignoring)
2026-04-26T23:25:19Z PLAYER_EVENT=loading ignored
2026-04-26T23:25:32Z PLAYER_EVENT=unavailable ignored
2026-04-26T23:25:32Z PLAYER_EVENT=play_request_id_changed → reset state to stopped (fresh play request, no preceding end_of_track)
2026-04-26T23:25:32Z PLAYER_EVENT=loading ignored
2026-04-26T23:25:47Z PLAYER_EVENT=unavailable ignored
2026-04-26T23:25:47Z PLAYER_EVENT=play_request_id_changed → reset state to stopped (fresh play request, no preceding end_of_track)
2026-04-26T23:25:47Z PLAYER_EVENT=loading ignored
2026-04-26T23:25:48Z PLAYER_EVENT=track_changed ignored
2026-04-26T23:25:48Z PLAYER_EVENT=playing → notifying HA: librespot_playing
2026-04-26T23:25:51Z PLAYER_EVENT=preload_next ignored
2026-04-26T23:25:52Z PLAYER_EVENT=end_of_track → end_of_track (flagged for next play_request_id_changed)
2026-04-26T23:25:52Z PLAYER_EVENT=play_request_id_changed → play_request_id_changed after end_of_track (track skip, ignoring)
2026-04-26T23:25:52Z PLAYER_EVENT=loading ignored
2026-04-26T23:26:11Z PLAYER_EVENT=unavailable ignored
2026-04-26T23:26:11Z PLAYER_EVENT=play_request_id_changed → reset state to stopped (fresh play request, no preceding end_of_track)
2026-04-26T23:26:11Z PLAYER_EVENT=loading ignored
2026-04-26T23:26:14Z PLAYER_EVENT=unavailable ignored
2026-04-26T23:26:14Z PLAYER_EVENT=play_request_id_changed → reset state to stopped (fresh play request, no preceding end_of_track)
2026-04-26T23:26:14Z PLAYER_EVENT=loading ignored
2026-04-26T23:26:22Z PLAYER_EVENT=unavailable ignored
2026-04-26T23:26:22Z PLAYER_EVENT=play_request_id_changed → reset state to stopped (fresh play request, no preceding end_of_track)
2026-04-26T23:26:22Z PLAYER_EVENT=loading ignored
2026-04-26T23:26:23Z PLAYER_EVENT=track_changed ignored
2026-04-26T23:26:23Z PLAYER_EVENT=playing → notifying HA: librespot_playing
2026-04-26T23:26:27Z PLAYER_EVENT=preload_next ignored
2026-04-26T23:26:27Z PLAYER_EVENT=end_of_track → end_of_track (flagged for next play_request_id_changed)
2026-04-26T23:26:27Z PLAYER_EVENT=play_request_id_changed → play_request_id_changed after end_of_track (track skip, ignoring)
2026-04-26T23:26:27Z PLAYER_EVENT=loading ignored
2026-04-26T23:26:42Z PLAYER_EVENT=unavailable ignored
2026-04-26T23:26:42Z PLAYER_EVENT=play_request_id_changed → reset state to stopped (fresh play request, no preceding end_of_track)
2026-04-26T23:26:42Z PLAYER_EVENT=loading ignored
2026-04-26T23:27:06Z PLAYER_EVENT=unavailable ignored
2026-04-26T23:27:06Z PLAYER_EVENT=play_request_id_changed → reset state to stopped (fresh play request, no preceding end_of_track)
2026-04-26T23:27:06Z PLAYER_EVENT=loading ignored
2026-04-26T23:27:07Z PLAYER_EVENT=track_changed ignored
2026-04-26T23:27:07Z PLAYER_EVENT=playing → notifying HA: librespot_playing
2026-04-26T23:27:11Z PLAYER_EVENT=preload_next ignored
2026-04-26T23:27:11Z PLAYER_EVENT=end_of_track → end_of_track (flagged for next play_request_id_changed)
2026-04-26T23:27:11Z PLAYER_EVENT=play_request_id_changed → play_request_id_changed after end_of_track (track skip, ignoring)
2026-04-26T23:27:11Z PLAYER_EVENT=loading ignored
2026-04-26T23:27:25Z PLAYER_EVENT=unavailable ignored
2026-04-26T23:27:25Z PLAYER_EVENT=play_request_id_changed → reset state to stopped (fresh play request, no preceding end_of_track)
2026-04-26T23:27:25Z PLAYER_EVENT=loading ignored
2026-04-26T23:27:26Z PLAYER_EVENT=track_changed ignored
2026-04-26T23:27:26Z PLAYER_EVENT=playing → notifying HA: librespot_playing
2026-04-26T23:27:30Z PLAYER_EVENT=preload_next ignored
2026-04-26T23:27:30Z PLAYER_EVENT=end_of_track → end_of_track (flagged for next play_request_id_changed)
2026-04-26T23:27:30Z PLAYER_EVENT=play_request_id_changed → play_request_id_changed after end_of_track (track skip, ignoring)
2026-04-26T23:27:30Z PLAYER_EVENT=loading ignored
2026-04-26T23:27:42Z PLAYER_EVENT=unavailable ignored
2026-04-26T23:27:42Z PLAYER_EVENT=play_request_id_changed → reset state to stopped (fresh play request, no preceding end_of_track)
2026-04-26T23:27:42Z PLAYER_EVENT=loading ignored
2026-04-26T23:27:59Z PLAYER_EVENT=unavailable ignored
2026-04-26T23:27:59Z PLAYER_EVENT=play_request_id_changed → reset state to stopped (fresh play request, no preceding end_of_track)
2026-04-26T23:27:59Z PLAYER_EVENT=loading ignored
2026-04-26T23:27:59Z PLAYER_EVENT=track_changed ignored
2026-04-26T23:28:00Z PLAYER_EVENT=playing → notifying HA: librespot_playing
2026-04-26T23:28:03Z PLAYER_EVENT=preload_next ignored
2026-04-26T23:28:03Z PLAYER_EVENT=end_of_track → end_of_track (flagged for next play_request_id_changed)
2026-04-26T23:28:03Z PLAYER_EVENT=play_request_id_changed → play_request_id_changed after end_of_track (track skip, ignoring)
2026-04-26T23:28:03Z PLAYER_EVENT=loading ignored
2026-04-26T23:28:22Z PLAYER_EVENT=unavailable ignored
2026-04-26T23:28:22Z PLAYER_EVENT=play_request_id_changed → reset state to stopped (fresh play request, no preceding end_of_track)
2026-04-26T23:28:22Z PLAYER_EVENT=loading ignored
2026-04-26T23:28:36Z PLAYER_EVENT=unavailable ignored
2026-04-26T23:28:36Z PLAYER_EVENT=play_request_id_changed → reset state to stopped (fresh play request, no preceding end_of_track)
2026-04-26T23:28:36Z PLAYER_EVENT=loading ignored
2026-04-26T23:28:37Z PLAYER_EVENT=track_changed ignored
2026-04-26T23:28:37Z PLAYER_EVENT=playing → notifying HA: librespot_playing
2026-04-26T23:28:42Z PLAYER_EVENT=preload_next ignored
2026-04-26T23:28:42Z PLAYER_EVENT=end_of_track → end_of_track (flagged for next play_request_id_changed)
2026-04-26T23:28:42Z PLAYER_EVENT=play_request_id_changed → play_request_id_changed after end_of_track (track skip, ignoring)
2026-04-26T23:28:42Z PLAYER_EVENT=loading ignored
2026-04-26T23:29:08Z PLAYER_EVENT=unavailable ignored
2026-04-26T23:29:08Z PLAYER_EVENT=play_request_id_changed → reset state to stopped (fresh play request, no preceding end_of_track)
2026-04-26T23:29:08Z PLAYER_EVENT=loading ignored
2026-04-26T23:29:08Z PLAYER_EVENT=track_changed ignored
2026-04-26T23:29:08Z PLAYER_EVENT=playing → notifying HA: librespot_playing
2026-04-26T23:29:11Z PLAYER_EVENT=preload_next ignored
2026-04-26T23:29:11Z PLAYER_EVENT=end_of_track → end_of_track (flagged for next play_request_id_changed)
2026-04-26T23:29:11Z PLAYER_EVENT=play_request_id_changed → play_request_id_changed after end_of_track (track skip, ignoring)
2026-04-26T23:29:11Z PLAYER_EVENT=loading ignored
2026-04-26T23:29:24Z PLAYER_EVENT=unavailable ignored
2026-04-26T23:29:24Z PLAYER_EVENT=play_request_id_changed → reset state to stopped (fresh play request, no preceding end_of_track)
2026-04-26T23:29:24Z PLAYER_EVENT=loading ignored
2026-04-26T23:29:37Z PLAYER_EVENT=unavailable ignored
2026-04-26T23:29:37Z PLAYER_EVENT=play_request_id_changed → reset state to stopped (fresh play request, no preceding end_of_track)
2026-04-26T23:29:37Z PLAYER_EVENT=loading ignored
2026-04-26T23:29:49Z PLAYER_EVENT=unavailable ignored
2026-04-26T23:29:49Z PLAYER_EVENT=play_request_id_changed → reset state to stopped (fresh play request, no preceding end_of_track)
2026-04-26T23:29:49Z PLAYER_EVENT=loading ignored
2026-04-26T23:29:50Z PLAYER_EVENT=track_changed ignored
2026-04-26T23:29:50Z PLAYER_EVENT=playing → notifying HA: librespot_playing
2026-04-26T23:29:53Z PLAYER_EVENT=preload_next ignored
2026-04-26T23:29:53Z PLAYER_EVENT=end_of_track → end_of_track (flagged for next play_request_id_changed)
2026-04-26T23:29:53Z PLAYER_EVENT=play_request_id_changed → play_request_id_changed after end_of_track (track skip, ignoring)
2026-04-26T23:29:53Z PLAYER_EVENT=loading ignored
2026-04-26T23:30:03Z PLAYER_EVENT=unavailable ignored
2026-04-26T23:30:03Z PLAYER_EVENT=play_request_id_changed → reset state to stopped (fresh play request, no preceding end_of_track)
2026-04-26T23:30:03Z PLAYER_EVENT=loading ignored
2026-04-26T23:30:13Z PLAYER_EVENT=unavailable ignored
2026-04-26T23:30:13Z PLAYER_EVENT=play_request_id_changed → reset state to stopped (fresh play request, no preceding end_of_track)
2026-04-26T23:30:13Z PLAYER_EVENT=loading ignored
2026-04-26T23:30:13Z PLAYER_EVENT=track_changed ignored
2026-04-26T23:30:13Z PLAYER_EVENT=playing → notifying HA: librespot_playing
2026-04-26T23:30:17Z PLAYER_EVENT=preload_next ignored
2026-04-26T23:30:18Z PLAYER_EVENT=end_of_track → end_of_track (flagged for next play_request_id_changed)
2026-04-26T23:30:18Z PLAYER_EVENT=play_request_id_changed → play_request_id_changed after end_of_track (track skip, ignoring)
2026-04-26T23:30:18Z PLAYER_EVENT=loading ignored
2026-04-26T23:30:30Z PLAYER_EVENT=unavailable ignored
2026-04-26T23:30:30Z PLAYER_EVENT=play_request_id_changed → reset state to stopped (fresh play request, no preceding end_of_track)
2026-04-26T23:30:30Z PLAYER_EVENT=loading ignored
2026-04-26T23:30:39Z PLAYER_EVENT=unavailable ignored
2026-04-26T23:30:39Z PLAYER_EVENT=play_request_id_changed → reset state to stopped (fresh play request, no preceding end_of_track)
2026-04-26T23:30:39Z PLAYER_EVENT=loading ignored
2026-04-26T23:30:53Z PLAYER_EVENT=unavailable ignored
2026-04-26T23:30:53Z PLAYER_EVENT=play_request_id_changed → reset state to stopped (fresh play request, no preceding end_of_track)
2026-04-26T23:30:53Z PLAYER_EVENT=loading ignored
2026-04-26T23:30:54Z PLAYER_EVENT=track_changed ignored
2026-04-26T23:30:54Z PLAYER_EVENT=playing → notifying HA: librespot_playing
2026-04-26T23:30:59Z PLAYER_EVENT=preload_next ignored
2026-04-26T23:30:59Z PLAYER_EVENT=end_of_track → end_of_track (flagged for next play_request_id_changed)
2026-04-26T23:30:59Z PLAYER_EVENT=play_request_id_changed → play_request_id_changed after end_of_track (track skip, ignoring)
2026-04-26T23:30:59Z PLAYER_EVENT=loading ignored
2026-04-26T23:31:10Z PLAYER_EVENT=unavailable ignored
2026-04-26T23:31:10Z PLAYER_EVENT=play_request_id_changed → reset state to stopped (fresh play request, no preceding end_of_track)
2026-04-26T23:31:10Z PLAYER_EVENT=loading ignored
2026-04-26T23:31:15Z PLAYER_EVENT=unavailable ignored
2026-04-26T23:31:15Z PLAYER_EVENT=play_request_id_changed → reset state to stopped (fresh play request, no preceding end_of_track)
2026-04-26T23:31:15Z PLAYER_EVENT=loading ignored
2026-04-26T23:31:32Z PLAYER_EVENT=unavailable ignored
2026-04-26T23:31:32Z PLAYER_EVENT=play_request_id_changed → reset state to stopped (fresh play request, no preceding end_of_track)
2026-04-26T23:31:32Z PLAYER_EVENT=loading ignored
2026-04-26T23:31:33Z PLAYER_EVENT=track_changed ignored
2026-04-26T23:31:33Z PLAYER_EVENT=playing → notifying HA: librespot_playing
2026-04-26T23:31:37Z PLAYER_EVENT=preload_next ignored
2026-04-26T23:31:37Z PLAYER_EVENT=end_of_track → end_of_track (flagged for next play_request_id_changed)
2026-04-26T23:31:37Z PLAYER_EVENT=play_request_id_changed → play_request_id_changed after end_of_track (track skip, ignoring)
2026-04-26T23:31:37Z PLAYER_EVENT=loading ignored
2026-04-26T23:31:55Z PLAYER_EVENT=unavailable ignored
2026-04-26T23:31:55Z PLAYER_EVENT=play_request_id_changed → reset state to stopped (fresh play request, no preceding end_of_track)
2026-04-26T23:31:55Z PLAYER_EVENT=loading ignored
2026-04-26T23:31:56Z PLAYER_EVENT=track_changed ignored
2026-04-26T23:31:56Z PLAYER_EVENT=playing → notifying HA: librespot_playing
2026-04-26T23:32:00Z PLAYER_EVENT=preload_next ignored
2026-04-26T23:32:01Z PLAYER_EVENT=end_of_track → end_of_track (flagged for next play_request_id_changed)
2026-04-26T23:32:01Z PLAYER_EVENT=play_request_id_changed → play_request_id_changed after end_of_track (track skip, ignoring)
2026-04-26T23:32:01Z PLAYER_EVENT=loading ignored
2026-04-26T23:32:16Z PLAYER_EVENT=unavailable ignored
2026-04-26T23:32:16Z PLAYER_EVENT=play_request_id_changed → reset state to stopped (fresh play request, no preceding end_of_track)
2026-04-26T23:32:16Z PLAYER_EVENT=loading ignored
2026-04-26T23:32:23Z PLAYER_EVENT=unavailable ignored
2026-04-26T23:32:23Z PLAYER_EVENT=play_request_id_changed → reset state to stopped (fresh play request, no preceding end_of_track)
2026-04-26T23:32:23Z PLAYER_EVENT=loading ignored
2026-04-26T23:32:41Z PLAYER_EVENT=unavailable ignored
2026-04-26T23:32:41Z PLAYER_EVENT=play_request_id_changed → reset state to stopped (fresh play request, no preceding end_of_track)
2026-04-26T23:32:41Z PLAYER_EVENT=loading ignored
2026-04-26T23:32:42Z PLAYER_EVENT=track_changed ignored
2026-04-26T23:32:42Z PLAYER_EVENT=playing → notifying HA: librespot_playing
2026-04-26T23:32:45Z PLAYER_EVENT=preload_next ignored
2026-04-26T23:32:46Z PLAYER_EVENT=end_of_track → end_of_track (flagged for next play_request_id_changed)
2026-04-26T23:32:46Z PLAYER_EVENT=play_request_id_changed → play_request_id_changed after end_of_track (track skip, ignoring)
2026-04-26T23:32:46Z PLAYER_EVENT=loading ignored
2026-04-26T23:33:00Z PLAYER_EVENT=unavailable ignored
2026-04-26T23:33:00Z PLAYER_EVENT=play_request_id_changed → reset state to stopped (fresh play request, no preceding end_of_track)
2026-04-26T23:33:00Z PLAYER_EVENT=loading ignored
2026-04-26T23:33:01Z PLAYER_EVENT=track_changed ignored
2026-04-26T23:33:02Z PLAYER_EVENT=playing → notifying HA: librespot_playing
2026-04-26T23:33:07Z PLAYER_EVENT=preload_next ignored
2026-04-26T23:33:07Z PLAYER_EVENT=end_of_track → end_of_track (flagged for next play_request_id_changed)
2026-04-26T23:33:07Z PLAYER_EVENT=play_request_id_changed → play_request_id_changed after end_of_track (track skip, ignoring)
2026-04-26T23:33:07Z PLAYER_EVENT=loading ignored
2026-04-26T23:33:39Z PLAYER_EVENT=unavailable ignored
2026-04-26T23:33:39Z PLAYER_EVENT=play_request_id_changed → reset state to stopped (fresh play request, no preceding end_of_track)
2026-04-26T23:33:39Z PLAYER_EVENT=loading ignored
2026-04-26T23:33:40Z PLAYER_EVENT=track_changed ignored
2026-04-26T23:33:40Z PLAYER_EVENT=playing → notifying HA: librespot_playing
2026-04-26T23:33:47Z PLAYER_EVENT=preload_next ignored
2026-04-26T23:33:47Z PLAYER_EVENT=end_of_track → end_of_track (flagged for next play_request_id_changed)
2026-04-26T23:33:47Z PLAYER_EVENT=play_request_id_changed → play_request_id_changed after end_of_track (track skip, ignoring)
2026-04-26T23:33:47Z PLAYER_EVENT=loading ignored
2026-04-26T23:33:50Z PLAYER_EVENT=unavailable ignored
2026-04-26T23:33:50Z PLAYER_EVENT=play_request_id_changed → reset state to stopped (fresh play request, no preceding end_of_track)
2026-04-26T23:33:50Z PLAYER_EVENT=loading ignored
2026-04-26T23:34:10Z PLAYER_EVENT=unavailable ignored
2026-04-26T23:34:10Z PLAYER_EVENT=play_request_id_changed → reset state to stopped (fresh play request, no preceding end_of_track)
2026-04-26T23:34:10Z PLAYER_EVENT=loading ignored
2026-04-26T23:34:11Z PLAYER_EVENT=track_changed ignored
2026-04-26T23:34:11Z PLAYER_EVENT=playing → notifying HA: librespot_playing
2026-04-26T23:34:18Z PLAYER_EVENT=preload_next ignored
2026-04-26T23:34:19Z PLAYER_EVENT=end_of_track → end_of_track (flagged for next play_request_id_changed)
2026-04-26T23:34:19Z PLAYER_EVENT=play_request_id_changed → play_request_id_changed after end_of_track (track skip, ignoring)
2026-04-26T23:34:19Z PLAYER_EVENT=loading ignored
2026-04-26T23:34:31Z PLAYER_EVENT=unavailable ignored
2026-04-26T23:34:31Z PLAYER_EVENT=play_request_id_changed → reset state to stopped (fresh play request, no preceding end_of_track)
2026-04-26T23:34:31Z PLAYER_EVENT=loading ignored
2026-04-26T23:34:47Z PLAYER_EVENT=unavailable ignored
2026-04-26T23:34:47Z PLAYER_EVENT=play_request_id_changed → reset state to stopped (fresh play request, no preceding end_of_track)
2026-04-26T23:34:47Z PLAYER_EVENT=loading ignored
2026-04-26T23:34:48Z PLAYER_EVENT=track_changed ignored
2026-04-26T23:34:48Z PLAYER_EVENT=playing → notifying HA: librespot_playing
2026-04-26T23:34:52Z PLAYER_EVENT=preload_next ignored
2026-04-26T23:34:53Z PLAYER_EVENT=end_of_track → end_of_track (flagged for next play_request_id_changed)
2026-04-26T23:34:53Z PLAYER_EVENT=play_request_id_changed → play_request_id_changed after end_of_track (track skip, ignoring)
2026-04-26T23:34:53Z PLAYER_EVENT=loading ignored
2026-04-26T23:35:07Z PLAYER_EVENT=unavailable ignored
2026-04-26T23:35:07Z PLAYER_EVENT=play_request_id_changed → reset state to stopped (fresh play request, no preceding end_of_track)
2026-04-26T23:35:07Z PLAYER_EVENT=loading ignored
2026-04-26T23:35:23Z PLAYER_EVENT=unavailable ignored
2026-04-26T23:35:23Z PLAYER_EVENT=play_request_id_changed → reset state to stopped (fresh play request, no preceding end_of_track)
2026-04-26T23:35:23Z PLAYER_EVENT=loading ignored
2026-04-26T23:35:24Z PLAYER_EVENT=track_changed ignored
2026-04-26T23:35:24Z PLAYER_EVENT=paused → paused, debouncing (3s)
2026-04-26T23:35:27Z PLAYER_EVENT=paused → notifying HA: librespot_stopped (paused)
2026-04-26T23:49:07Z PLAYER_EVENT=session_disconnected → reset state to stopped (new session)
2026-04-26T23:49:07Z PLAYER_EVENT=stopped → stopped, debouncing (5s)
2026-04-26T23:49:12Z PLAYER_EVENT=stopped → notifying HA: librespot_stopped
2026-04-27T00:37:25Z PLAYER_EVENT=session_connected → reset state to stopped (new session)
2026-04-27T00:37:25Z PLAYER_EVENT=session_client_changed ignored
2026-04-27T00:37:25Z PLAYER_EVENT=volume_changed ignored
2026-04-27T00:37:25Z PLAYER_EVENT=auto_play_changed ignored
2026-04-27T00:37:25Z PLAYER_EVENT=filter_explicit_content_changed ignored
2026-04-27T00:37:25Z PLAYER_EVENT=shuffle_changed ignored
2026-04-27T00:37:25Z PLAYER_EVENT=repeat_changed ignored
2026-04-27T00:37:25Z PLAYER_EVENT=play_request_id_changed → reset state to stopped (fresh play request, no preceding end_of_track)
2026-04-27T00:37:25Z PLAYER_EVENT=loading ignored
2026-04-27T00:37:32Z PLAYER_EVENT=session_connected → reset state to stopped (new session)
2026-04-27T00:37:32Z PLAYER_EVENT=session_client_changed ignored
2026-04-27T00:37:32Z PLAYER_EVENT=volume_changed ignored
2026-04-27T00:37:32Z PLAYER_EVENT=auto_play_changed ignored
2026-04-27T00:37:32Z PLAYER_EVENT=filter_explicit_content_changed ignored
2026-04-27T00:37:32Z PLAYER_EVENT=shuffle_changed ignored
2026-04-27T00:37:32Z PLAYER_EVENT=repeat_changed ignored
2026-04-27T00:37:32Z PLAYER_EVENT=play_request_id_changed → reset state to stopped (fresh play request, no preceding end_of_track)
2026-04-27T00:37:32Z PLAYER_EVENT=loading ignored
2026-04-27T00:37:38Z PLAYER_EVENT=session_connected → reset state to stopped (new session)
2026-04-27T00:37:38Z PLAYER_EVENT=session_client_changed ignored
2026-04-27T00:37:38Z PLAYER_EVENT=volume_changed ignored
2026-04-27T00:37:38Z PLAYER_EVENT=auto_play_changed ignored
2026-04-27T00:37:38Z PLAYER_EVENT=filter_explicit_content_changed ignored
2026-04-27T00:37:38Z PLAYER_EVENT=shuffle_changed ignored
2026-04-27T00:37:38Z PLAYER_EVENT=repeat_changed ignored
2026-04-27T00:37:38Z PLAYER_EVENT=play_request_id_changed → reset state to stopped (fresh play request, no preceding end_of_track)
2026-04-27T00:37:38Z PLAYER_EVENT=loading ignored
2026-04-27T00:37:54Z PLAYER_EVENT=session_connected → reset state to stopped (new session)
2026-04-27T00:37:54Z PLAYER_EVENT=session_client_changed ignored
2026-04-27T00:37:54Z PLAYER_EVENT=volume_changed ignored
2026-04-27T00:37:54Z PLAYER_EVENT=auto_play_changed ignored
2026-04-27T00:37:54Z PLAYER_EVENT=filter_explicit_content_changed ignored
2026-04-27T00:37:54Z PLAYER_EVENT=shuffle_changed ignored
2026-04-27T00:37:54Z PLAYER_EVENT=repeat_changed ignored
2026-04-27T00:37:54Z PLAYER_EVENT=play_request_id_changed → reset state to stopped (fresh play request, no preceding end_of_track)
2026-04-27T00:37:54Z PLAYER_EVENT=loading ignored
2026-04-27T00:38:08Z PLAYER_EVENT=track_changed ignored
2026-04-27T00:38:08Z PLAYER_EVENT=paused → paused, debouncing (3s)
2026-04-27T00:38:11Z PLAYER_EVENT=paused → notifying HA: librespot_stopped (paused)
2026-04-27T00:55:55Z PLAYER_EVENT=session_disconnected → reset state to stopped (new session)
2026-04-27T00:55:55Z PLAYER_EVENT=stopped → stopped, debouncing (5s)
2026-04-27T00:56:00Z PLAYER_EVENT=stopped → notifying HA: librespot_stopped
2026-04-30T22:18:28Z PLAYER_EVENT=session_connected → reset state to stopped (new session)
2026-04-30T22:18:28Z PLAYER_EVENT=session_client_changed ignored
2026-04-30T22:18:28Z PLAYER_EVENT=volume_changed ignored
2026-04-30T22:18:28Z PLAYER_EVENT=auto_play_changed ignored
2026-04-30T22:18:28Z PLAYER_EVENT=filter_explicit_content_changed ignored
2026-04-30T22:18:28Z PLAYER_EVENT=shuffle_changed ignored
2026-04-30T22:18:28Z PLAYER_EVENT=repeat_changed ignored
2026-04-30T22:18:29Z PLAYER_EVENT=play_request_id_changed → reset state to stopped (fresh play request, no preceding end_of_track)
2026-04-30T22:18:29Z PLAYER_EVENT=loading ignored
2026-04-30T22:18:29Z PLAYER_EVENT=session_disconnected → reset state to stopped (new session)
2026-04-30T22:18:39Z PLAYER_EVENT=unavailable ignored
2026-04-30T23:41:56Z PLAYER_EVENT=session_connected → reset state to stopped (new session)
2026-04-30T23:41:56Z PLAYER_EVENT=session_client_changed ignored
2026-04-30T23:41:56Z PLAYER_EVENT=volume_changed ignored
2026-04-30T23:41:56Z PLAYER_EVENT=auto_play_changed ignored
2026-04-30T23:41:56Z PLAYER_EVENT=filter_explicit_content_changed ignored
2026-04-30T23:41:56Z PLAYER_EVENT=shuffle_changed ignored
2026-04-30T23:41:56Z PLAYER_EVENT=repeat_changed ignored
2026-04-30T23:41:57Z PLAYER_EVENT=play_request_id_changed → reset state to stopped (fresh play request, no preceding end_of_track)
2026-04-30T23:41:57Z PLAYER_EVENT=loading ignored
2026-04-30T23:41:57Z PLAYER_EVENT=session_disconnected → reset state to stopped (new session)
2026-04-30T23:42:05Z PLAYER_EVENT=unavailable ignored
2026-05-02T01:45:20Z PLAYER_EVENT=session_disconnected → reset state to stopped (new session)
2026-05-02T01:45:52Z PLAYER_EVENT=session_disconnected → reset state to stopped (new session)
2026-05-02T01:45:59Z PLAYER_EVENT=session_disconnected → reset state to stopped (new session)
2026-05-02T01:46:06Z PLAYER_EVENT=session_disconnected → reset state to stopped (new session)
2026-05-02T01:46:12Z PLAYER_EVENT=session_disconnected → reset state to stopped (new session)
2026-05-02T01:46:19Z PLAYER_EVENT=session_disconnected → reset state to stopped (new session)
2026-05-02T01:46:25Z PLAYER_EVENT=session_disconnected → reset state to stopped (new session)
2026-05-02T01:46:32Z PLAYER_EVENT=session_disconnected → reset state to stopped (new session)
2026-05-02T01:46:39Z PLAYER_EVENT=session_disconnected → reset state to stopped (new session)
2026-05-02T01:46:46Z PLAYER_EVENT=session_disconnected → reset state to stopped (new session)
2026-05-02T01:46:52Z PLAYER_EVENT=session_disconnected → reset state to stopped (new session)
2026-05-02T01:46:59Z PLAYER_EVENT=session_disconnected → reset state to stopped (new session)
2026-05-02T01:47:06Z PLAYER_EVENT=session_disconnected → reset state to stopped (new session)
2026-05-02T01:47:09Z PLAYER_EVENT=session_connected → reset state to stopped (new session)
2026-05-02T01:47:09Z PLAYER_EVENT=session_client_changed ignored
2026-05-02T01:47:09Z PLAYER_EVENT=volume_changed ignored
2026-05-02T01:47:09Z PLAYER_EVENT=auto_play_changed ignored
2026-05-02T01:47:09Z PLAYER_EVENT=filter_explicit_content_changed ignored
2026-05-02T01:47:09Z PLAYER_EVENT=shuffle_changed ignored
2026-05-02T01:47:09Z PLAYER_EVENT=repeat_changed ignored
2026-05-02T01:47:09Z PLAYER_EVENT=play_request_id_changed → reset state to stopped (fresh play request, no preceding end_of_track)
2026-05-02T01:47:09Z PLAYER_EVENT=loading ignored
2026-05-02T01:47:10Z PLAYER_EVENT=track_changed ignored
2026-05-02T01:47:10Z PLAYER_EVENT=playing → notifying HA: librespot_playing
2026-05-02T01:47:10Z PLAYER_EVENT=preload_next ignored
2026-05-02T01:47:10Z PLAYER_EVENT=end_of_track → end_of_track (flagged for next play_request_id_changed)
2026-05-02T01:47:10Z PLAYER_EVENT=play_request_id_changed → play_request_id_changed after end_of_track (track skip, ignoring)
2026-05-02T01:47:10Z PLAYER_EVENT=loading ignored
2026-05-02T01:47:11Z PLAYER_EVENT=track_changed ignored
2026-05-02T01:47:11Z PLAYER_EVENT=playing → track change (stream connected, skipping webhook)
2026-05-02T01:47:23Z PLAYER_EVENT=preload_next ignored
2026-05-02T01:47:23Z PLAYER_EVENT=end_of_track → end_of_track (flagged for next play_request_id_changed)
2026-05-02T01:47:23Z PLAYER_EVENT=play_request_id_changed → play_request_id_changed after end_of_track (track skip, ignoring)
2026-05-02T01:47:23Z PLAYER_EVENT=loading ignored
2026-05-02T01:47:24Z PLAYER_EVENT=track_changed ignored
2026-05-02T01:47:24Z PLAYER_EVENT=playing → track change (stream connected, skipping webhook)
2026-05-02T01:47:45Z PLAYER_EVENT=position_correction ignored
2026-05-02T01:48:10Z PLAYER_EVENT=position_correction ignored
2026-05-02T01:49:27Z PLAYER_EVENT=position_correction ignored
2026-05-02T01:49:32Z PLAYER_EVENT=paused → paused, debouncing (3s)
2026-05-02T01:49:35Z PLAYER_EVENT=paused → notifying HA: librespot_stopped (paused)
2026-05-02T01:49:35Z PLAYER_EVENT=playing → notifying HA: librespot_playing
2026-05-02T01:49:35Z PLAYER_EVENT=seeked ignored
2026-05-02T01:49:35Z PLAYER_EVENT=position_correction ignored
2026-05-02T01:49:37Z PLAYER_EVENT=seeked ignored
2026-05-02T01:49:47Z PLAYER_EVENT=play_request_id_changed → reset state to stopped (fresh play request, no preceding end_of_track)
2026-05-02T01:49:47Z PLAYER_EVENT=loading ignored
2026-05-02T01:49:47Z PLAYER_EVENT=play_request_id_changed → reset state to stopped (fresh play request, no preceding end_of_track)
2026-05-02T01:49:47Z PLAYER_EVENT=loading ignored
2026-05-02T01:49:47Z PLAYER_EVENT=track_changed ignored
2026-05-02T01:49:47Z PLAYER_EVENT=paused → paused, debouncing (3s)
2026-05-02T01:49:50Z PLAYER_EVENT=paused → notifying HA: librespot_stopped (paused)
2026-05-02T01:50:23Z PLAYER_EVENT=playing → notifying HA: librespot_playing
2026-05-02T01:50:25Z PLAYER_EVENT=preload_next ignored
2026-05-02T01:50:26Z PLAYER_EVENT=end_of_track → end_of_track (flagged for next play_request_id_changed)
2026-05-02T01:50:26Z PLAYER_EVENT=play_request_id_changed → play_request_id_changed after end_of_track (track skip, ignoring)
2026-05-02T01:50:26Z PLAYER_EVENT=loading ignored
2026-05-02T01:50:26Z PLAYER_EVENT=track_changed ignored
2026-05-02T01:50:26Z PLAYER_EVENT=playing → track change (stream connected, skipping webhook)
2026-05-02T01:52:08Z PLAYER_EVENT=preload_next ignored
2026-05-02T01:52:37Z PLAYER_EVENT=preloading ignored
2026-05-02T01:52:37Z PLAYER_EVENT=end_of_track → end_of_track (flagged for next play_request_id_changed)
2026-05-02T01:52:37Z PLAYER_EVENT=play_request_id_changed → play_request_id_changed after end_of_track (track skip, ignoring)
2026-05-02T01:52:37Z PLAYER_EVENT=track_changed ignored
2026-05-02T01:52:37Z PLAYER_EVENT=playing → track change (stream connected, skipping webhook)
2026-05-02T01:53:02Z PLAYER_EVENT=position_correction ignored
2026-05-02T01:53:47Z PLAYER_EVENT=position_correction ignored
2026-05-02T01:55:30Z PLAYER_EVENT=preload_next ignored
2026-05-02T01:55:31Z PLAYER_EVENT=end_of_track → end_of_track (flagged for next play_request_id_changed)
2026-05-02T01:55:31Z PLAYER_EVENT=play_request_id_changed → play_request_id_changed after end_of_track (track skip, ignoring)
2026-05-02T01:55:31Z PLAYER_EVENT=loading ignored
2026-05-02T01:55:31Z PLAYER_EVENT=track_changed ignored
2026-05-02T01:55:31Z PLAYER_EVENT=playing → track change (stream connected, skipping webhook)
2026-05-02T01:55:34Z PLAYER_EVENT=preload_next ignored
2026-05-02T01:55:35Z PLAYER_EVENT=end_of_track → end_of_track (flagged for next play_request_id_changed)
2026-05-02T01:55:35Z PLAYER_EVENT=play_request_id_changed → play_request_id_changed after end_of_track (track skip, ignoring)
2026-05-02T01:55:35Z PLAYER_EVENT=loading ignored
2026-05-02T01:55:35Z PLAYER_EVENT=track_changed ignored
2026-05-02T01:55:35Z PLAYER_EVENT=playing → track change (stream connected, skipping webhook)
2026-05-02T01:55:38Z PLAYER_EVENT=preload_next ignored
2026-05-02T01:55:39Z PLAYER_EVENT=end_of_track → end_of_track (flagged for next play_request_id_changed)
2026-05-02T01:55:39Z PLAYER_EVENT=play_request_id_changed → play_request_id_changed after end_of_track (track skip, ignoring)
2026-05-02T01:55:39Z PLAYER_EVENT=loading ignored
2026-05-02T01:55:39Z PLAYER_EVENT=track_changed ignored
2026-05-02T01:55:39Z PLAYER_EVENT=playing → track change (stream connected, skipping webhook)
2026-05-02T01:55:41Z PLAYER_EVENT=preload_next ignored
2026-05-02T01:55:41Z PLAYER_EVENT=end_of_track → end_of_track (flagged for next play_request_id_changed)
2026-05-02T01:55:41Z PLAYER_EVENT=play_request_id_changed → play_request_id_changed after end_of_track (track skip, ignoring)
2026-05-02T01:55:41Z PLAYER_EVENT=loading ignored
2026-05-02T01:55:42Z PLAYER_EVENT=track_changed ignored
2026-05-02T01:55:42Z PLAYER_EVENT=playing → track change (stream connected, skipping webhook)
2026-05-02T01:55:46Z PLAYER_EVENT=preload_next ignored
2026-05-02T01:55:46Z PLAYER_EVENT=end_of_track → end_of_track (flagged for next play_request_id_changed)
2026-05-02T01:55:46Z PLAYER_EVENT=play_request_id_changed → play_request_id_changed after end_of_track (track skip, ignoring)
2026-05-02T01:55:46Z PLAYER_EVENT=loading ignored
2026-05-02T01:55:47Z PLAYER_EVENT=track_changed ignored
2026-05-02T01:55:47Z PLAYER_EVENT=playing → track change (stream connected, skipping webhook)
2026-05-02T01:55:49Z PLAYER_EVENT=preload_next ignored
2026-05-02T01:55:50Z PLAYER_EVENT=end_of_track → end_of_track (flagged for next play_request_id_changed)
2026-05-02T01:55:50Z PLAYER_EVENT=play_request_id_changed → play_request_id_changed after end_of_track (track skip, ignoring)
2026-05-02T01:55:50Z PLAYER_EVENT=loading ignored
2026-05-02T01:55:50Z PLAYER_EVENT=track_changed ignored
2026-05-02T01:55:50Z PLAYER_EVENT=playing → track change (stream connected, skipping webhook)
2026-05-02T01:55:54Z PLAYER_EVENT=preload_next ignored
2026-05-02T01:55:54Z PLAYER_EVENT=end_of_track → end_of_track (flagged for next play_request_id_changed)
2026-05-02T01:55:54Z PLAYER_EVENT=play_request_id_changed → play_request_id_changed after end_of_track (track skip, ignoring)
2026-05-02T01:55:54Z PLAYER_EVENT=loading ignored
2026-05-02T01:55:54Z PLAYER_EVENT=track_changed ignored
2026-05-02T01:55:54Z PLAYER_EVENT=playing → track change (stream connected, skipping webhook)
2026-05-02T01:55:58Z PLAYER_EVENT=preload_next ignored
2026-05-02T01:55:58Z PLAYER_EVENT=end_of_track → end_of_track (flagged for next play_request_id_changed)
2026-05-02T01:55:58Z PLAYER_EVENT=play_request_id_changed → play_request_id_changed after end_of_track (track skip, ignoring)
2026-05-02T01:55:58Z PLAYER_EVENT=loading ignored
2026-05-02T01:55:59Z PLAYER_EVENT=track_changed ignored
2026-05-02T01:55:59Z PLAYER_EVENT=playing → track change (stream connected, skipping webhook)
2026-05-02T01:56:04Z PLAYER_EVENT=preload_next ignored
2026-05-02T01:56:04Z PLAYER_EVENT=end_of_track → end_of_track (flagged for next play_request_id_changed)
2026-05-02T01:56:04Z PLAYER_EVENT=play_request_id_changed → play_request_id_changed after end_of_track (track skip, ignoring)
2026-05-02T01:56:04Z PLAYER_EVENT=loading ignored
2026-05-02T01:56:04Z PLAYER_EVENT=track_changed ignored
2026-05-02T01:56:04Z PLAYER_EVENT=playing → track change (stream connected, skipping webhook)
2026-05-02T01:56:08Z PLAYER_EVENT=preload_next ignored
2026-05-02T01:56:08Z PLAYER_EVENT=end_of_track → end_of_track (flagged for next play_request_id_changed)
2026-05-02T01:56:08Z PLAYER_EVENT=play_request_id_changed → play_request_id_changed after end_of_track (track skip, ignoring)
2026-05-02T01:56:08Z PLAYER_EVENT=loading ignored
2026-05-02T01:56:09Z PLAYER_EVENT=track_changed ignored
2026-05-02T01:56:09Z PLAYER_EVENT=playing → track change (stream connected, skipping webhook)
2026-05-02T01:56:11Z PLAYER_EVENT=preload_next ignored
2026-05-02T01:56:11Z PLAYER_EVENT=end_of_track → end_of_track (flagged for next play_request_id_changed)
2026-05-02T01:56:12Z PLAYER_EVENT=play_request_id_changed → play_request_id_changed after end_of_track (track skip, ignoring)
2026-05-02T01:56:12Z PLAYER_EVENT=loading ignored
2026-05-02T01:56:12Z PLAYER_EVENT=track_changed ignored
2026-05-02T01:56:12Z PLAYER_EVENT=playing → track change (stream connected, skipping webhook)
2026-05-02T01:56:16Z PLAYER_EVENT=preload_next ignored
2026-05-02T01:56:16Z PLAYER_EVENT=end_of_track → end_of_track (flagged for next play_request_id_changed)
2026-05-02T01:56:16Z PLAYER_EVENT=play_request_id_changed → play_request_id_changed after end_of_track (track skip, ignoring)
2026-05-02T01:56:16Z PLAYER_EVENT=loading ignored
2026-05-02T01:56:16Z PLAYER_EVENT=track_changed ignored
2026-05-02T01:56:16Z PLAYER_EVENT=playing → track change (stream connected, skipping webhook)
2026-05-02T01:56:20Z PLAYER_EVENT=preload_next ignored
2026-05-02T01:56:20Z PLAYER_EVENT=end_of_track → end_of_track (flagged for next play_request_id_changed)
2026-05-02T01:56:20Z PLAYER_EVENT=play_request_id_changed → play_request_id_changed after end_of_track (track skip, ignoring)
2026-05-02T01:56:20Z PLAYER_EVENT=loading ignored
2026-05-02T01:56:21Z PLAYER_EVENT=track_changed ignored
2026-05-02T01:56:21Z PLAYER_EVENT=playing → track change (stream connected, skipping webhook)
2026-05-02T01:56:24Z PLAYER_EVENT=preload_next ignored
2026-05-02T01:56:24Z PLAYER_EVENT=end_of_track → end_of_track (flagged for next play_request_id_changed)
2026-05-02T01:56:24Z PLAYER_EVENT=play_request_id_changed → play_request_id_changed after end_of_track (track skip, ignoring)
2026-05-02T01:56:24Z PLAYER_EVENT=loading ignored
2026-05-02T01:56:25Z PLAYER_EVENT=track_changed ignored
2026-05-02T01:56:25Z PLAYER_EVENT=playing → track change (stream connected, skipping webhook)
2026-05-02T01:56:28Z PLAYER_EVENT=preload_next ignored
2026-05-02T01:56:28Z PLAYER_EVENT=end_of_track → end_of_track (flagged for next play_request_id_changed)
2026-05-02T01:56:28Z PLAYER_EVENT=play_request_id_changed → play_request_id_changed after end_of_track (track skip, ignoring)
2026-05-02T01:56:28Z PLAYER_EVENT=loading ignored
2026-05-02T01:56:28Z PLAYER_EVENT=track_changed ignored
2026-05-02T01:56:28Z PLAYER_EVENT=playing → track change (stream connected, skipping webhook)
2026-05-02T01:56:32Z PLAYER_EVENT=preload_next ignored
2026-05-02T01:56:32Z PLAYER_EVENT=end_of_track → end_of_track (flagged for next play_request_id_changed)
2026-05-02T01:56:32Z PLAYER_EVENT=play_request_id_changed → play_request_id_changed after end_of_track (track skip, ignoring)
2026-05-02T01:56:32Z PLAYER_EVENT=loading ignored
2026-05-02T01:56:33Z PLAYER_EVENT=track_changed ignored
2026-05-02T01:56:33Z PLAYER_EVENT=playing → track change (stream connected, skipping webhook)
2026-05-02T01:56:36Z PLAYER_EVENT=preload_next ignored
2026-05-02T01:56:36Z PLAYER_EVENT=end_of_track → end_of_track (flagged for next play_request_id_changed)
2026-05-02T01:56:36Z PLAYER_EVENT=play_request_id_changed → play_request_id_changed after end_of_track (track skip, ignoring)
2026-05-02T01:56:36Z PLAYER_EVENT=loading ignored
2026-05-02T01:56:37Z PLAYER_EVENT=track_changed ignored
2026-05-02T01:56:37Z PLAYER_EVENT=playing → track change (stream connected, skipping webhook)
2026-05-02T01:56:39Z PLAYER_EVENT=preload_next ignored
2026-05-02T01:56:40Z PLAYER_EVENT=end_of_track → end_of_track (flagged for next play_request_id_changed)
2026-05-02T01:56:40Z PLAYER_EVENT=play_request_id_changed → play_request_id_changed after end_of_track (track skip, ignoring)
2026-05-02T01:56:40Z PLAYER_EVENT=loading ignored
2026-05-02T01:56:40Z PLAYER_EVENT=track_changed ignored
2026-05-02T01:56:40Z PLAYER_EVENT=playing → track change (stream connected, skipping webhook)
2026-05-02T01:56:44Z PLAYER_EVENT=preload_next ignored
2026-05-02T01:56:44Z PLAYER_EVENT=end_of_track → end_of_track (flagged for next play_request_id_changed)
2026-05-02T01:56:44Z PLAYER_EVENT=play_request_id_changed → play_request_id_changed after end_of_track (track skip, ignoring)
2026-05-02T01:56:44Z PLAYER_EVENT=loading ignored
2026-05-02T01:56:45Z PLAYER_EVENT=track_changed ignored
2026-05-02T01:56:45Z PLAYER_EVENT=playing → track change (stream connected, skipping webhook)
2026-05-02T01:56:48Z PLAYER_EVENT=preload_next ignored
2026-05-02T01:56:48Z PLAYER_EVENT=end_of_track → end_of_track (flagged for next play_request_id_changed)
2026-05-02T01:56:48Z PLAYER_EVENT=play_request_id_changed → play_request_id_changed after end_of_track (track skip, ignoring)
2026-05-02T01:56:48Z PLAYER_EVENT=loading ignored
2026-05-02T01:56:49Z PLAYER_EVENT=track_changed ignored
2026-05-02T01:56:49Z PLAYER_EVENT=playing → track change (stream connected, skipping webhook)
2026-05-02T01:56:53Z PLAYER_EVENT=preload_next ignored
2026-05-02T01:56:53Z PLAYER_EVENT=end_of_track → end_of_track (flagged for next play_request_id_changed)
2026-05-02T01:56:53Z PLAYER_EVENT=play_request_id_changed → play_request_id_changed after end_of_track (track skip, ignoring)
2026-05-02T01:56:53Z PLAYER_EVENT=loading ignored
2026-05-02T01:56:54Z PLAYER_EVENT=track_changed ignored
2026-05-02T01:56:54Z PLAYER_EVENT=playing → track change (stream connected, skipping webhook)
2026-05-02T01:56:57Z PLAYER_EVENT=preload_next ignored
2026-05-02T01:56:58Z PLAYER_EVENT=end_of_track → end_of_track (flagged for next play_request_id_changed)
2026-05-02T01:56:58Z PLAYER_EVENT=play_request_id_changed → play_request_id_changed after end_of_track (track skip, ignoring)
2026-05-02T01:56:58Z PLAYER_EVENT=loading ignored
2026-05-02T01:56:58Z PLAYER_EVENT=track_changed ignored
2026-05-02T01:56:58Z PLAYER_EVENT=playing → track change (stream connected, skipping webhook)
2026-05-02T01:57:00Z PLAYER_EVENT=preload_next ignored
2026-05-02T01:57:01Z PLAYER_EVENT=end_of_track → end_of_track (flagged for next play_request_id_changed)
2026-05-02T01:57:01Z PLAYER_EVENT=play_request_id_changed → play_request_id_changed after end_of_track (track skip, ignoring)
2026-05-02T01:57:01Z PLAYER_EVENT=loading ignored
2026-05-02T01:57:01Z PLAYER_EVENT=track_changed ignored
2026-05-02T01:57:01Z PLAYER_EVENT=playing → track change (stream connected, skipping webhook)
2026-05-02T01:57:03Z PLAYER_EVENT=preload_next ignored
2026-05-02T01:57:04Z PLAYER_EVENT=end_of_track → end_of_track (flagged for next play_request_id_changed)
2026-05-02T01:57:04Z PLAYER_EVENT=play_request_id_changed → play_request_id_changed after end_of_track (track skip, ignoring)
2026-05-02T01:57:04Z PLAYER_EVENT=loading ignored
2026-05-02T01:57:04Z PLAYER_EVENT=track_changed ignored
2026-05-02T01:57:04Z PLAYER_EVENT=playing → track change (stream connected, skipping webhook)
2026-05-02T01:57:06Z PLAYER_EVENT=preload_next ignored
2026-05-02T01:57:07Z PLAYER_EVENT=end_of_track → end_of_track (flagged for next play_request_id_changed)
2026-05-02T01:57:07Z PLAYER_EVENT=play_request_id_changed → play_request_id_changed after end_of_track (track skip, ignoring)
2026-05-02T01:57:07Z PLAYER_EVENT=loading ignored
2026-05-02T01:57:07Z PLAYER_EVENT=track_changed ignored
2026-05-02T01:57:07Z PLAYER_EVENT=playing → track change (stream connected, skipping webhook)
2026-05-02T01:57:10Z PLAYER_EVENT=preload_next ignored
2026-05-02T01:57:11Z PLAYER_EVENT=end_of_track → end_of_track (flagged for next play_request_id_changed)
2026-05-02T01:57:11Z PLAYER_EVENT=play_request_id_changed → play_request_id_changed after end_of_track (track skip, ignoring)
2026-05-02T01:57:11Z PLAYER_EVENT=loading ignored
2026-05-02T01:57:11Z PLAYER_EVENT=track_changed ignored
2026-05-02T01:57:11Z PLAYER_EVENT=playing → track change (stream connected, skipping webhook)
2026-05-02T01:57:13Z PLAYER_EVENT=preload_next ignored
2026-05-02T01:57:14Z PLAYER_EVENT=end_of_track → end_of_track (flagged for next play_request_id_changed)
2026-05-02T01:57:14Z PLAYER_EVENT=play_request_id_changed → play_request_id_changed after end_of_track (track skip, ignoring)
2026-05-02T01:57:14Z PLAYER_EVENT=loading ignored
2026-05-02T01:57:14Z PLAYER_EVENT=track_changed ignored
2026-05-02T01:57:14Z PLAYER_EVENT=playing → track change (stream connected, skipping webhook)
2026-05-02T01:57:17Z PLAYER_EVENT=preload_next ignored
2026-05-02T01:57:18Z PLAYER_EVENT=end_of_track → end_of_track (flagged for next play_request_id_changed)
2026-05-02T01:57:18Z PLAYER_EVENT=play_request_id_changed → play_request_id_changed after end_of_track (track skip, ignoring)
2026-05-02T01:57:18Z PLAYER_EVENT=loading ignored
2026-05-02T01:57:18Z PLAYER_EVENT=track_changed ignored
2026-05-02T01:57:18Z PLAYER_EVENT=playing → track change (stream connected, skipping webhook)
2026-05-02T01:57:20Z PLAYER_EVENT=preload_next ignored
2026-05-02T01:57:21Z PLAYER_EVENT=end_of_track → end_of_track (flagged for next play_request_id_changed)
2026-05-02T01:57:21Z PLAYER_EVENT=play_request_id_changed → play_request_id_changed after end_of_track (track skip, ignoring)
2026-05-02T01:57:21Z PLAYER_EVENT=loading ignored
2026-05-02T01:57:21Z PLAYER_EVENT=track_changed ignored
2026-05-02T01:57:21Z PLAYER_EVENT=playing → track change (stream connected, skipping webhook)
2026-05-02T01:57:24Z PLAYER_EVENT=preload_next ignored
2026-05-02T01:57:25Z PLAYER_EVENT=end_of_track → end_of_track (flagged for next play_request_id_changed)
2026-05-02T01:57:25Z PLAYER_EVENT=play_request_id_changed → play_request_id_changed after end_of_track (track skip, ignoring)
2026-05-02T01:57:25Z PLAYER_EVENT=loading ignored
2026-05-02T01:57:25Z PLAYER_EVENT=track_changed ignored
2026-05-02T01:57:25Z PLAYER_EVENT=playing → track change (stream connected, skipping webhook)
2026-05-02T01:58:15Z PLAYER_EVENT=preload_next ignored
2026-05-02T01:58:39Z PLAYER_EVENT=preloading ignored
2026-05-02T01:58:39Z PLAYER_EVENT=end_of_track → end_of_track (flagged for next play_request_id_changed)
2026-05-02T01:58:39Z PLAYER_EVENT=play_request_id_changed → play_request_id_changed after end_of_track (track skip, ignoring)
2026-05-02T01:58:39Z PLAYER_EVENT=track_changed ignored
2026-05-02T01:58:39Z PLAYER_EVENT=playing → track change (stream connected, skipping webhook)
2026-05-02T01:59:00Z PLAYER_EVENT=position_correction ignored
2026-05-02T01:59:22Z PLAYER_EVENT=position_correction ignored
2026-05-02T02:00:38Z PLAYER_EVENT=preload_next ignored
2026-05-02T02:00:38Z PLAYER_EVENT=end_of_track → end_of_track (flagged for next play_request_id_changed)
2026-05-02T02:00:38Z PLAYER_EVENT=play_request_id_changed → play_request_id_changed after end_of_track (track skip, ignoring)
2026-05-02T02:00:38Z PLAYER_EVENT=loading ignored
2026-05-02T02:00:39Z PLAYER_EVENT=track_changed ignored
2026-05-02T02:00:39Z PLAYER_EVENT=playing → track change (stream connected, skipping webhook)
2026-05-02T02:00:44Z PLAYER_EVENT=preload_next ignored
2026-05-02T02:00:44Z PLAYER_EVENT=end_of_track → end_of_track (flagged for next play_request_id_changed)
2026-05-02T02:00:44Z PLAYER_EVENT=play_request_id_changed → play_request_id_changed after end_of_track (track skip, ignoring)
2026-05-02T02:00:44Z PLAYER_EVENT=loading ignored
2026-05-02T02:00:44Z PLAYER_EVENT=track_changed ignored
2026-05-02T02:00:44Z PLAYER_EVENT=playing → track change (stream connected, skipping webhook)
2026-05-02T02:00:46Z PLAYER_EVENT=preload_next ignored
2026-05-02T02:00:46Z PLAYER_EVENT=end_of_track → end_of_track (flagged for next play_request_id_changed)
2026-05-02T02:00:46Z PLAYER_EVENT=play_request_id_changed → play_request_id_changed after end_of_track (track skip, ignoring)
2026-05-02T02:00:46Z PLAYER_EVENT=loading ignored
2026-05-02T02:00:47Z PLAYER_EVENT=track_changed ignored
2026-05-02T02:00:47Z PLAYER_EVENT=playing → track change (stream connected, skipping webhook)
2026-05-02T02:00:49Z PLAYER_EVENT=preload_next ignored
2026-05-02T02:00:50Z PLAYER_EVENT=end_of_track → end_of_track (flagged for next play_request_id_changed)
2026-05-02T02:00:50Z PLAYER_EVENT=play_request_id_changed → play_request_id_changed after end_of_track (track skip, ignoring)
2026-05-02T02:00:50Z PLAYER_EVENT=loading ignored
2026-05-02T02:00:50Z PLAYER_EVENT=track_changed ignored
2026-05-02T02:00:50Z PLAYER_EVENT=playing → track change (stream connected, skipping webhook)
2026-05-02T02:00:54Z PLAYER_EVENT=preload_next ignored
2026-05-02T02:00:54Z PLAYER_EVENT=end_of_track → end_of_track (flagged for next play_request_id_changed)
2026-05-02T02:00:54Z PLAYER_EVENT=play_request_id_changed → play_request_id_changed after end_of_track (track skip, ignoring)
2026-05-02T02:00:54Z PLAYER_EVENT=loading ignored
2026-05-02T02:00:55Z PLAYER_EVENT=track_changed ignored
2026-05-02T02:00:55Z PLAYER_EVENT=playing → track change (stream connected, skipping webhook)
2026-05-02T02:00:59Z PLAYER_EVENT=preload_next ignored
2026-05-02T02:00:59Z PLAYER_EVENT=end_of_track → end_of_track (flagged for next play_request_id_changed)
2026-05-02T02:00:59Z PLAYER_EVENT=play_request_id_changed → play_request_id_changed after end_of_track (track skip, ignoring)
2026-05-02T02:00:59Z PLAYER_EVENT=loading ignored
2026-05-02T02:00:59Z PLAYER_EVENT=track_changed ignored
2026-05-02T02:00:59Z PLAYER_EVENT=playing → track change (stream connected, skipping webhook)
2026-05-02T02:01:02Z PLAYER_EVENT=preload_next ignored
2026-05-02T02:01:03Z PLAYER_EVENT=end_of_track → end_of_track (flagged for next play_request_id_changed)
2026-05-02T02:01:03Z PLAYER_EVENT=play_request_id_changed → play_request_id_changed after end_of_track (track skip, ignoring)
2026-05-02T02:01:03Z PLAYER_EVENT=loading ignored
2026-05-02T02:01:03Z PLAYER_EVENT=track_changed ignored
2026-05-02T02:01:03Z PLAYER_EVENT=playing → track change (stream connected, skipping webhook)
2026-05-02T02:01:06Z PLAYER_EVENT=preload_next ignored
2026-05-02T02:01:07Z PLAYER_EVENT=end_of_track → end_of_track (flagged for next play_request_id_changed)
2026-05-02T02:01:07Z PLAYER_EVENT=play_request_id_changed → play_request_id_changed after end_of_track (track skip, ignoring)
2026-05-02T02:01:07Z PLAYER_EVENT=loading ignored
2026-05-02T02:01:07Z PLAYER_EVENT=track_changed ignored
2026-05-02T02:01:07Z PLAYER_EVENT=playing → track change (stream connected, skipping webhook)
2026-05-02T02:01:10Z PLAYER_EVENT=preload_next ignored
2026-05-02T02:01:11Z PLAYER_EVENT=end_of_track → end_of_track (flagged for next play_request_id_changed)
2026-05-02T02:01:11Z PLAYER_EVENT=play_request_id_changed → play_request_id_changed after end_of_track (track skip, ignoring)
2026-05-02T02:01:11Z PLAYER_EVENT=loading ignored
2026-05-02T02:01:11Z PLAYER_EVENT=track_changed ignored
2026-05-02T02:01:11Z PLAYER_EVENT=playing → track change (stream connected, skipping webhook)
2026-05-02T02:01:15Z PLAYER_EVENT=preload_next ignored
2026-05-02T02:01:15Z PLAYER_EVENT=end_of_track → end_of_track (flagged for next play_request_id_changed)
2026-05-02T02:01:15Z PLAYER_EVENT=play_request_id_changed → play_request_id_changed after end_of_track (track skip, ignoring)
2026-05-02T02:01:15Z PLAYER_EVENT=loading ignored
2026-05-02T02:01:26Z PLAYER_EVENT=unavailable ignored
2026-05-02T02:01:26Z PLAYER_EVENT=play_request_id_changed → reset state to stopped (fresh play request, no preceding end_of_track)
2026-05-02T02:01:26Z PLAYER_EVENT=loading ignored
2026-05-02T02:01:27Z PLAYER_EVENT=track_changed ignored
2026-05-02T02:01:27Z PLAYER_EVENT=playing → notifying HA: librespot_playing
2026-05-02T02:03:08Z PLAYER_EVENT=preload_next ignored
2026-05-02T02:03:13Z PLAYER_EVENT=preloading ignored
2026-05-02T02:03:51Z PLAYER_EVENT=end_of_track → end_of_track (flagged for next play_request_id_changed)
2026-05-02T02:03:51Z PLAYER_EVENT=play_request_id_changed → play_request_id_changed after end_of_track (track skip, ignoring)
2026-05-02T02:03:51Z PLAYER_EVENT=track_changed ignored
2026-05-02T02:03:51Z PLAYER_EVENT=playing → track change (stream connected, skipping webhook)
2026-05-02T02:04:34Z PLAYER_EVENT=position_correction ignored
2026-05-02T02:05:41Z PLAYER_EVENT=preload_next ignored
2026-05-02T02:05:41Z PLAYER_EVENT=end_of_track → end_of_track (flagged for next play_request_id_changed)
2026-05-02T02:05:41Z PLAYER_EVENT=play_request_id_changed → play_request_id_changed after end_of_track (track skip, ignoring)
2026-05-02T02:05:41Z PLAYER_EVENT=loading ignored
2026-05-02T02:05:43Z PLAYER_EVENT=track_changed ignored
2026-05-02T02:05:43Z PLAYER_EVENT=playing → track change (stream connected, skipping webhook)
2026-05-02T02:05:46Z PLAYER_EVENT=preload_next ignored
2026-05-02T02:05:46Z PLAYER_EVENT=end_of_track → end_of_track (flagged for next play_request_id_changed)
2026-05-02T02:05:46Z PLAYER_EVENT=play_request_id_changed → play_request_id_changed after end_of_track (track skip, ignoring)
2026-05-02T02:05:46Z PLAYER_EVENT=loading ignored
2026-05-02T02:05:47Z PLAYER_EVENT=track_changed ignored
2026-05-02T02:05:47Z PLAYER_EVENT=playing → track change (stream connected, skipping webhook)
2026-05-02T02:05:50Z PLAYER_EVENT=preload_next ignored
2026-05-02T02:05:51Z PLAYER_EVENT=end_of_track → end_of_track (flagged for next play_request_id_changed)
2026-05-02T02:05:51Z PLAYER_EVENT=play_request_id_changed → play_request_id_changed after end_of_track (track skip, ignoring)
2026-05-02T02:05:51Z PLAYER_EVENT=loading ignored
2026-05-02T02:05:51Z PLAYER_EVENT=track_changed ignored
2026-05-02T02:05:51Z PLAYER_EVENT=playing → track change (stream connected, skipping webhook)
2026-05-02T02:05:54Z PLAYER_EVENT=preload_next ignored
2026-05-02T02:05:55Z PLAYER_EVENT=end_of_track → end_of_track (flagged for next play_request_id_changed)
2026-05-02T02:05:55Z PLAYER_EVENT=play_request_id_changed → play_request_id_changed after end_of_track (track skip, ignoring)
2026-05-02T02:05:55Z PLAYER_EVENT=loading ignored
2026-05-02T02:05:55Z PLAYER_EVENT=track_changed ignored
2026-05-02T02:05:55Z PLAYER_EVENT=playing → track change (stream connected, skipping webhook)
2026-05-02T02:06:01Z PLAYER_EVENT=preload_next ignored
2026-05-02T02:06:01Z PLAYER_EVENT=end_of_track → end_of_track (flagged for next play_request_id_changed)
2026-05-02T02:06:01Z PLAYER_EVENT=play_request_id_changed → play_request_id_changed after end_of_track (track skip, ignoring)
2026-05-02T02:06:01Z PLAYER_EVENT=loading ignored
2026-05-02T02:06:01Z PLAYER_EVENT=track_changed ignored
2026-05-02T02:06:01Z PLAYER_EVENT=playing → track change (stream connected, skipping webhook)
2026-05-02T02:06:04Z PLAYER_EVENT=preload_next ignored
2026-05-02T02:06:05Z PLAYER_EVENT=end_of_track → end_of_track (flagged for next play_request_id_changed)
2026-05-02T02:06:05Z PLAYER_EVENT=play_request_id_changed → play_request_id_changed after end_of_track (track skip, ignoring)
2026-05-02T02:06:05Z PLAYER_EVENT=loading ignored
2026-05-02T02:06:05Z PLAYER_EVENT=track_changed ignored
2026-05-02T02:06:05Z PLAYER_EVENT=playing → track change (stream connected, skipping webhook)
2026-05-02T02:06:10Z PLAYER_EVENT=preload_next ignored
2026-05-02T02:06:10Z PLAYER_EVENT=end_of_track → end_of_track (flagged for next play_request_id_changed)
2026-05-02T02:06:10Z PLAYER_EVENT=play_request_id_changed → play_request_id_changed after end_of_track (track skip, ignoring)
2026-05-02T02:06:10Z PLAYER_EVENT=loading ignored
2026-05-02T02:06:10Z PLAYER_EVENT=track_changed ignored
2026-05-02T02:06:10Z PLAYER_EVENT=playing → track change (stream connected, skipping webhook)
2026-05-02T02:06:12Z PLAYER_EVENT=preload_next ignored
2026-05-02T02:06:12Z PLAYER_EVENT=end_of_track → end_of_track (flagged for next play_request_id_changed)
2026-05-02T02:06:12Z PLAYER_EVENT=play_request_id_changed → play_request_id_changed after end_of_track (track skip, ignoring)
2026-05-02T02:06:12Z PLAYER_EVENT=loading ignored
2026-05-02T02:06:24Z PLAYER_EVENT=unavailable ignored
2026-05-02T02:06:24Z PLAYER_EVENT=play_request_id_changed → reset state to stopped (fresh play request, no preceding end_of_track)
2026-05-02T02:06:24Z PLAYER_EVENT=loading ignored
2026-05-02T02:06:25Z PLAYER_EVENT=track_changed ignored
2026-05-02T02:06:25Z PLAYER_EVENT=playing → notifying HA: librespot_playing
2026-05-02T02:07:13Z PLAYER_EVENT=preload_next ignored
2026-05-02T02:07:13Z PLAYER_EVENT=end_of_track → end_of_track (flagged for next play_request_id_changed)
2026-05-02T02:07:13Z PLAYER_EVENT=play_request_id_changed → play_request_id_changed after end_of_track (track skip, ignoring)
2026-05-02T02:07:13Z PLAYER_EVENT=loading ignored
2026-05-02T02:07:14Z PLAYER_EVENT=track_changed ignored
2026-05-02T02:07:14Z PLAYER_EVENT=playing → track change (stream connected, skipping webhook)
2026-05-02T02:07:18Z PLAYER_EVENT=position_correction ignored
2026-05-02T02:07:26Z PLAYER_EVENT=position_correction ignored
2026-05-02T02:07:50Z PLAYER_EVENT=position_correction ignored
2026-05-02T02:08:51Z PLAYER_EVENT=preload_next ignored
2026-05-02T02:08:56Z PLAYER_EVENT=preloading ignored
2026-05-02T02:09:40Z PLAYER_EVENT=end_of_track → end_of_track (flagged for next play_request_id_changed)
2026-05-02T02:09:40Z PLAYER_EVENT=play_request_id_changed → play_request_id_changed after end_of_track (track skip, ignoring)
2026-05-02T02:09:40Z PLAYER_EVENT=track_changed ignored
2026-05-02T02:09:40Z PLAYER_EVENT=playing → track change (stream connected, skipping webhook)
2026-05-02T02:10:31Z PLAYER_EVENT=preload_next ignored
2026-05-02T02:10:32Z PLAYER_EVENT=end_of_track → end_of_track (flagged for next play_request_id_changed)
2026-05-02T02:10:32Z PLAYER_EVENT=play_request_id_changed → play_request_id_changed after end_of_track (track skip, ignoring)
2026-05-02T02:10:32Z PLAYER_EVENT=loading ignored
2026-05-02T02:10:32Z PLAYER_EVENT=track_changed ignored
2026-05-02T02:10:32Z PLAYER_EVENT=playing → track change (stream connected, skipping webhook)
2026-05-02T02:10:34Z PLAYER_EVENT=preload_next ignored
2026-05-02T02:10:34Z PLAYER_EVENT=end_of_track → end_of_track (flagged for next play_request_id_changed)
2026-05-02T02:10:34Z PLAYER_EVENT=play_request_id_changed → play_request_id_changed after end_of_track (track skip, ignoring)
2026-05-02T02:10:34Z PLAYER_EVENT=loading ignored
2026-05-02T02:10:35Z PLAYER_EVENT=track_changed ignored
2026-05-02T02:10:35Z PLAYER_EVENT=playing → track change (stream connected, skipping webhook)
2026-05-02T02:10:37Z PLAYER_EVENT=preload_next ignored
2026-05-02T02:10:37Z PLAYER_EVENT=end_of_track → end_of_track (flagged for next play_request_id_changed)
2026-05-02T02:10:37Z PLAYER_EVENT=play_request_id_changed → play_request_id_changed after end_of_track (track skip, ignoring)
2026-05-02T02:10:37Z PLAYER_EVENT=loading ignored
2026-05-02T02:10:38Z PLAYER_EVENT=track_changed ignored
2026-05-02T02:10:38Z PLAYER_EVENT=playing → track change (stream connected, skipping webhook)
2026-05-02T02:10:40Z PLAYER_EVENT=preload_next ignored
2026-05-02T02:10:41Z PLAYER_EVENT=end_of_track → end_of_track (flagged for next play_request_id_changed)
2026-05-02T02:10:41Z PLAYER_EVENT=play_request_id_changed → play_request_id_changed after end_of_track (track skip, ignoring)
2026-05-02T02:10:41Z PLAYER_EVENT=loading ignored
2026-05-02T02:10:41Z PLAYER_EVENT=track_changed ignored
2026-05-02T02:10:41Z PLAYER_EVENT=playing → track change (stream connected, skipping webhook)
2026-05-02T02:10:46Z PLAYER_EVENT=preload_next ignored
2026-05-02T02:10:46Z PLAYER_EVENT=end_of_track → end_of_track (flagged for next play_request_id_changed)
2026-05-02T02:10:46Z PLAYER_EVENT=play_request_id_changed → play_request_id_changed after end_of_track (track skip, ignoring)
2026-05-02T02:10:46Z PLAYER_EVENT=loading ignored
2026-05-02T02:10:47Z PLAYER_EVENT=track_changed ignored
2026-05-02T02:10:47Z PLAYER_EVENT=playing → track change (stream connected, skipping webhook)
2026-05-02T02:10:51Z PLAYER_EVENT=preload_next ignored
2026-05-02T02:10:51Z PLAYER_EVENT=end_of_track → end_of_track (flagged for next play_request_id_changed)
2026-05-02T02:10:51Z PLAYER_EVENT=play_request_id_changed → play_request_id_changed after end_of_track (track skip, ignoring)
2026-05-02T02:10:51Z PLAYER_EVENT=loading ignored
2026-05-02T02:10:52Z PLAYER_EVENT=track_changed ignored
2026-05-02T02:10:52Z PLAYER_EVENT=playing → track change (stream connected, skipping webhook)
2026-05-02T02:10:57Z PLAYER_EVENT=preload_next ignored
2026-05-02T02:10:57Z PLAYER_EVENT=end_of_track → end_of_track (flagged for next play_request_id_changed)
2026-05-02T02:10:57Z PLAYER_EVENT=play_request_id_changed → play_request_id_changed after end_of_track (track skip, ignoring)
2026-05-02T02:10:57Z PLAYER_EVENT=loading ignored
2026-05-02T02:11:18Z PLAYER_EVENT=unavailable ignored
2026-05-02T02:11:18Z PLAYER_EVENT=play_request_id_changed → reset state to stopped (fresh play request, no preceding end_of_track)
2026-05-02T02:11:18Z PLAYER_EVENT=loading ignored
2026-05-02T02:11:19Z PLAYER_EVENT=track_changed ignored
2026-05-02T02:11:19Z PLAYER_EVENT=playing → notifying HA: librespot_playing
2026-05-02T02:11:59Z PLAYER_EVENT=preload_next ignored
2026-05-02T02:12:28Z PLAYER_EVENT=preloading ignored
2026-05-02T02:12:48Z PLAYER_EVENT=end_of_track → end_of_track (flagged for next play_request_id_changed)
2026-05-02T02:12:48Z PLAYER_EVENT=play_request_id_changed → play_request_id_changed after end_of_track (track skip, ignoring)
2026-05-02T02:12:48Z PLAYER_EVENT=track_changed ignored
2026-05-02T02:12:48Z PLAYER_EVENT=playing → track change (stream connected, skipping webhook)
2026-05-02T02:14:33Z PLAYER_EVENT=preload_next ignored
2026-05-02T02:14:38Z PLAYER_EVENT=preloading ignored
2026-05-02T02:15:00Z PLAYER_EVENT=end_of_track → end_of_track (flagged for next play_request_id_changed)
2026-05-02T02:15:00Z PLAYER_EVENT=play_request_id_changed → play_request_id_changed after end_of_track (track skip, ignoring)
2026-05-02T02:15:00Z PLAYER_EVENT=track_changed ignored
2026-05-02T02:15:00Z PLAYER_EVENT=playing → track change (stream connected, skipping webhook)
2026-05-02T02:15:27Z PLAYER_EVENT=position_correction ignored
2026-05-02T02:15:28Z PLAYER_EVENT=preload_next ignored
2026-05-02T02:15:28Z PLAYER_EVENT=end_of_track → end_of_track (flagged for next play_request_id_changed)
2026-05-02T02:15:28Z PLAYER_EVENT=play_request_id_changed → play_request_id_changed after end_of_track (track skip, ignoring)
2026-05-02T02:15:28Z PLAYER_EVENT=loading ignored
2026-05-02T02:15:29Z PLAYER_EVENT=track_changed ignored
2026-05-02T02:15:29Z PLAYER_EVENT=playing → track change (stream connected, skipping webhook)
2026-05-02T02:15:30Z PLAYER_EVENT=preload_next ignored
2026-05-02T02:15:30Z PLAYER_EVENT=end_of_track → end_of_track (flagged for next play_request_id_changed)
2026-05-02T02:15:30Z PLAYER_EVENT=play_request_id_changed → play_request_id_changed after end_of_track (track skip, ignoring)
2026-05-02T02:15:30Z PLAYER_EVENT=loading ignored
2026-05-02T02:15:31Z PLAYER_EVENT=track_changed ignored
2026-05-02T02:15:31Z PLAYER_EVENT=playing → track change (stream connected, skipping webhook)
2026-05-02T02:15:36Z PLAYER_EVENT=preload_next ignored
2026-05-02T02:15:36Z PLAYER_EVENT=end_of_track → end_of_track (flagged for next play_request_id_changed)
2026-05-02T02:15:36Z PLAYER_EVENT=play_request_id_changed → play_request_id_changed after end_of_track (track skip, ignoring)
2026-05-02T02:15:36Z PLAYER_EVENT=loading ignored
2026-05-02T02:15:37Z PLAYER_EVENT=track_changed ignored
2026-05-02T02:15:37Z PLAYER_EVENT=playing → track change (stream connected, skipping webhook)
2026-05-02T02:15:50Z PLAYER_EVENT=preload_next ignored
2026-05-02T02:15:50Z PLAYER_EVENT=end_of_track → end_of_track (flagged for next play_request_id_changed)
2026-05-02T02:15:50Z PLAYER_EVENT=play_request_id_changed → play_request_id_changed after end_of_track (track skip, ignoring)
2026-05-02T02:15:50Z PLAYER_EVENT=loading ignored
2026-05-02T02:15:50Z PLAYER_EVENT=track_changed ignored
2026-05-02T02:15:50Z PLAYER_EVENT=playing → track change (stream connected, skipping webhook)
2026-05-02T02:15:53Z PLAYER_EVENT=preload_next ignored
2026-05-02T02:15:54Z PLAYER_EVENT=end_of_track → end_of_track (flagged for next play_request_id_changed)
2026-05-02T02:15:54Z PLAYER_EVENT=play_request_id_changed → play_request_id_changed after end_of_track (track skip, ignoring)
2026-05-02T02:15:54Z PLAYER_EVENT=loading ignored
2026-05-02T02:15:54Z PLAYER_EVENT=track_changed ignored
2026-05-02T02:15:54Z PLAYER_EVENT=playing → track change (stream connected, skipping webhook)
2026-05-02T02:15:56Z PLAYER_EVENT=preload_next ignored
2026-05-02T02:15:57Z PLAYER_EVENT=end_of_track → end_of_track (flagged for next play_request_id_changed)
2026-05-02T02:15:57Z PLAYER_EVENT=play_request_id_changed → play_request_id_changed after end_of_track (track skip, ignoring)
2026-05-02T02:15:57Z PLAYER_EVENT=loading ignored
2026-05-02T02:15:57Z PLAYER_EVENT=track_changed ignored
2026-05-02T02:15:57Z PLAYER_EVENT=playing → track change (stream connected, skipping webhook)
2026-05-02T02:16:00Z PLAYER_EVENT=preload_next ignored
2026-05-02T02:16:00Z PLAYER_EVENT=end_of_track → end_of_track (flagged for next play_request_id_changed)
2026-05-02T02:16:00Z PLAYER_EVENT=play_request_id_changed → play_request_id_changed after end_of_track (track skip, ignoring)
2026-05-02T02:16:00Z PLAYER_EVENT=loading ignored
2026-05-02T02:16:14Z PLAYER_EVENT=unavailable ignored
2026-05-02T02:16:14Z PLAYER_EVENT=play_request_id_changed → reset state to stopped (fresh play request, no preceding end_of_track)
2026-05-02T02:16:14Z PLAYER_EVENT=loading ignored
2026-05-02T02:16:28Z PLAYER_EVENT=unavailable ignored
2026-05-02T02:16:28Z PLAYER_EVENT=play_request_id_changed → reset state to stopped (fresh play request, no preceding end_of_track)
2026-05-02T02:16:28Z PLAYER_EVENT=loading ignored
2026-05-02T02:16:30Z PLAYER_EVENT=track_changed ignored
2026-05-02T02:16:30Z PLAYER_EVENT=playing → notifying HA: librespot_playing
2026-05-02T02:17:26Z PLAYER_EVENT=preload_next ignored
2026-05-02T02:17:26Z PLAYER_EVENT=end_of_track → end_of_track (flagged for next play_request_id_changed)
2026-05-02T02:17:26Z PLAYER_EVENT=stopped → stopped, debouncing (5s)
2026-05-02T02:17:31Z PLAYER_EVENT=stopped → notifying HA: librespot_stopped
2026-05-02T02:20:55Z PLAYER_EVENT=play_request_id_changed → play_request_id_changed after end_of_track (track skip, ignoring)
2026-05-02T02:20:55Z PLAYER_EVENT=loading ignored
2026-05-02T02:20:56Z PLAYER_EVENT=track_changed ignored
2026-05-02T02:20:56Z PLAYER_EVENT=playing → notifying HA: librespot_playing
2026-05-02T02:21:41Z PLAYER_EVENT=play_request_id_changed → reset state to stopped (fresh play request, no preceding end_of_track)
2026-05-02T02:21:41Z PLAYER_EVENT=loading ignored
2026-05-02T02:21:43Z PLAYER_EVENT=track_changed ignored
2026-05-02T02:21:43Z PLAYER_EVENT=playing → notifying HA: librespot_playing
2026-05-02T02:22:28Z PLAYER_EVENT=preload_next ignored
2026-05-02T02:22:33Z PLAYER_EVENT=preloading ignored
2026-05-02T02:22:53Z PLAYER_EVENT=end_of_track → end_of_track (flagged for next play_request_id_changed)
2026-05-02T02:22:53Z PLAYER_EVENT=play_request_id_changed → play_request_id_changed after end_of_track (track skip, ignoring)
2026-05-02T02:22:53Z PLAYER_EVENT=track_changed ignored
2026-05-02T02:22:53Z PLAYER_EVENT=playing → track change (stream connected, skipping webhook)
2026-05-02T02:23:15Z PLAYER_EVENT=position_correction ignored
2026-05-02T02:25:17Z PLAYER_EVENT=seeked ignored
2026-05-02T02:25:17Z PLAYER_EVENT=paused → paused, debouncing (3s)
2026-05-02T02:25:20Z PLAYER_EVENT=paused → notifying HA: librespot_stopped (paused)
2026-05-02T02:25:20Z PLAYER_EVENT=playing → notifying HA: librespot_playing
2026-05-02T02:25:20Z PLAYER_EVENT=play_request_id_changed → reset state to stopped (fresh play request, no preceding end_of_track)
2026-05-02T02:25:20Z PLAYER_EVENT=loading ignored
2026-05-02T02:25:20Z PLAYER_EVENT=track_changed ignored
2026-05-02T02:25:20Z PLAYER_EVENT=playing → notifying HA: librespot_playing
2026-05-02T02:25:21Z PLAYER_EVENT=preload_next ignored
2026-05-02T02:25:21Z PLAYER_EVENT=end_of_track → end_of_track (flagged for next play_request_id_changed)
2026-05-02T02:25:21Z PLAYER_EVENT=play_request_id_changed → play_request_id_changed after end_of_track (track skip, ignoring)
2026-05-02T02:25:21Z PLAYER_EVENT=loading ignored
2026-05-02T02:25:22Z PLAYER_EVENT=track_changed ignored
2026-05-02T02:25:22Z PLAYER_EVENT=paused → paused, debouncing (3s)
2026-05-02T02:25:25Z PLAYER_EVENT=paused → notifying HA: librespot_stopped (paused)
2026-05-02T02:26:34Z PLAYER_EVENT=playing → notifying HA: librespot_playing
2026-05-02T02:26:58Z PLAYER_EVENT=preload_next ignored
2026-05-02T02:27:03Z PLAYER_EVENT=preloading ignored
2026-05-02T02:27:42Z PLAYER_EVENT=end_of_track → end_of_track (flagged for next play_request_id_changed)
2026-05-02T02:27:42Z PLAYER_EVENT=play_request_id_changed → play_request_id_changed after end_of_track (track skip, ignoring)
2026-05-02T02:27:42Z PLAYER_EVENT=track_changed ignored
2026-05-02T02:27:42Z PLAYER_EVENT=playing → track change (stream connected, skipping webhook)
2026-05-02T02:30:02Z PLAYER_EVENT=preload_next ignored
2026-05-02T02:30:07Z PLAYER_EVENT=preloading ignored
2026-05-02T02:30:27Z PLAYER_EVENT=end_of_track → end_of_track (flagged for next play_request_id_changed)
2026-05-02T02:30:27Z PLAYER_EVENT=play_request_id_changed → play_request_id_changed after end_of_track (track skip, ignoring)
2026-05-02T02:30:27Z PLAYER_EVENT=track_changed ignored
2026-05-02T02:30:27Z PLAYER_EVENT=playing → track change (stream connected, skipping webhook)
2026-05-02T02:30:29Z PLAYER_EVENT=preload_next ignored
2026-05-02T02:30:30Z PLAYER_EVENT=end_of_track → end_of_track (flagged for next play_request_id_changed)
2026-05-02T02:30:30Z PLAYER_EVENT=play_request_id_changed → play_request_id_changed after end_of_track (track skip, ignoring)
2026-05-02T02:30:30Z PLAYER_EVENT=loading ignored
2026-05-02T02:30:30Z PLAYER_EVENT=track_changed ignored
2026-05-02T02:30:30Z PLAYER_EVENT=playing → track change (stream connected, skipping webhook)
2026-05-02T02:30:39Z PLAYER_EVENT=preload_next ignored
2026-05-02T02:30:39Z PLAYER_EVENT=end_of_track → end_of_track (flagged for next play_request_id_changed)
2026-05-02T02:30:39Z PLAYER_EVENT=play_request_id_changed → play_request_id_changed after end_of_track (track skip, ignoring)
2026-05-02T02:30:39Z PLAYER_EVENT=loading ignored
2026-05-02T02:30:40Z PLAYER_EVENT=track_changed ignored
2026-05-02T02:30:40Z PLAYER_EVENT=playing → track change (stream connected, skipping webhook)
2026-05-02T02:30:45Z PLAYER_EVENT=preload_next ignored
2026-05-02T02:30:46Z PLAYER_EVENT=end_of_track → end_of_track (flagged for next play_request_id_changed)
2026-05-02T02:30:46Z PLAYER_EVENT=play_request_id_changed → play_request_id_changed after end_of_track (track skip, ignoring)
2026-05-02T02:30:46Z PLAYER_EVENT=loading ignored
2026-05-02T02:30:46Z PLAYER_EVENT=track_changed ignored
2026-05-02T02:30:46Z PLAYER_EVENT=playing → track change (stream connected, skipping webhook)
2026-05-02T02:30:48Z PLAYER_EVENT=preload_next ignored
2026-05-02T02:30:49Z PLAYER_EVENT=end_of_track → end_of_track (flagged for next play_request_id_changed)
2026-05-02T02:30:49Z PLAYER_EVENT=play_request_id_changed → play_request_id_changed after end_of_track (track skip, ignoring)
2026-05-02T02:30:49Z PLAYER_EVENT=loading ignored
2026-05-02T02:30:49Z PLAYER_EVENT=track_changed ignored
2026-05-02T02:30:49Z PLAYER_EVENT=playing → track change (stream connected, skipping webhook)
2026-05-02T02:30:55Z PLAYER_EVENT=preload_next ignored
2026-05-02T02:30:55Z PLAYER_EVENT=end_of_track → end_of_track (flagged for next play_request_id_changed)
2026-05-02T02:30:55Z PLAYER_EVENT=play_request_id_changed → play_request_id_changed after end_of_track (track skip, ignoring)
2026-05-02T02:30:55Z PLAYER_EVENT=loading ignored
2026-05-02T02:30:57Z PLAYER_EVENT=track_changed ignored
2026-05-02T02:30:57Z PLAYER_EVENT=playing → track change (stream connected, skipping webhook)
2026-05-02T02:31:03Z PLAYER_EVENT=preload_next ignored
2026-05-02T02:31:03Z PLAYER_EVENT=end_of_track → end_of_track (flagged for next play_request_id_changed)
2026-05-02T02:31:03Z PLAYER_EVENT=play_request_id_changed → play_request_id_changed after end_of_track (track skip, ignoring)
2026-05-02T02:31:03Z PLAYER_EVENT=loading ignored
2026-05-02T02:31:05Z PLAYER_EVENT=track_changed ignored
2026-05-02T02:31:05Z PLAYER_EVENT=playing → track change (stream connected, skipping webhook)
2026-05-02T02:31:10Z PLAYER_EVENT=preload_next ignored
2026-05-02T02:31:11Z PLAYER_EVENT=end_of_track → end_of_track (flagged for next play_request_id_changed)
2026-05-02T02:31:11Z PLAYER_EVENT=play_request_id_changed → play_request_id_changed after end_of_track (track skip, ignoring)
2026-05-02T02:31:11Z PLAYER_EVENT=loading ignored
2026-05-02T02:31:11Z PLAYER_EVENT=track_changed ignored
2026-05-02T02:31:11Z PLAYER_EVENT=playing → track change (stream connected, skipping webhook)
2026-05-02T02:31:17Z PLAYER_EVENT=preload_next ignored
2026-05-02T02:31:17Z PLAYER_EVENT=end_of_track → end_of_track (flagged for next play_request_id_changed)
2026-05-02T02:31:17Z PLAYER_EVENT=play_request_id_changed → play_request_id_changed after end_of_track (track skip, ignoring)
2026-05-02T02:31:17Z PLAYER_EVENT=loading ignored
2026-05-02T02:31:18Z PLAYER_EVENT=track_changed ignored
2026-05-02T02:31:18Z PLAYER_EVENT=playing → track change (stream connected, skipping webhook)
2026-05-02T02:31:26Z PLAYER_EVENT=preload_next ignored
2026-05-02T02:31:26Z PLAYER_EVENT=end_of_track → end_of_track (flagged for next play_request_id_changed)
2026-05-02T02:31:26Z PLAYER_EVENT=play_request_id_changed → play_request_id_changed after end_of_track (track skip, ignoring)
2026-05-02T02:31:26Z PLAYER_EVENT=loading ignored
2026-05-02T02:31:28Z PLAYER_EVENT=track_changed ignored
2026-05-02T02:31:28Z PLAYER_EVENT=playing → track change (stream connected, skipping webhook)
2026-05-02T02:31:45Z PLAYER_EVENT=preload_next ignored
2026-05-02T02:31:45Z PLAYER_EVENT=end_of_track → end_of_track (flagged for next play_request_id_changed)
2026-05-02T02:31:45Z PLAYER_EVENT=play_request_id_changed → play_request_id_changed after end_of_track (track skip, ignoring)
2026-05-02T02:31:45Z PLAYER_EVENT=loading ignored
2026-05-02T02:31:46Z PLAYER_EVENT=track_changed ignored
2026-05-02T02:31:46Z PLAYER_EVENT=playing → track change (stream connected, skipping webhook)
2026-05-02T02:31:53Z PLAYER_EVENT=preload_next ignored
2026-05-02T02:31:53Z PLAYER_EVENT=end_of_track → end_of_track (flagged for next play_request_id_changed)
2026-05-02T02:31:53Z PLAYER_EVENT=play_request_id_changed → play_request_id_changed after end_of_track (track skip, ignoring)
2026-05-02T02:31:53Z PLAYER_EVENT=loading ignored
2026-05-02T02:31:54Z PLAYER_EVENT=track_changed ignored
2026-05-02T02:31:54Z PLAYER_EVENT=playing → track change (stream connected, skipping webhook)
2026-05-02T02:31:59Z PLAYER_EVENT=preload_next ignored
2026-05-02T02:31:59Z PLAYER_EVENT=end_of_track → end_of_track (flagged for next play_request_id_changed)
2026-05-02T02:31:59Z PLAYER_EVENT=play_request_id_changed → play_request_id_changed after end_of_track (track skip, ignoring)
2026-05-02T02:31:59Z PLAYER_EVENT=loading ignored
2026-05-02T02:32:01Z PLAYER_EVENT=track_changed ignored
2026-05-02T02:32:01Z PLAYER_EVENT=playing → track change (stream connected, skipping webhook)
2026-05-02T02:32:09Z PLAYER_EVENT=preload_next ignored
2026-05-02T02:32:09Z PLAYER_EVENT=end_of_track → end_of_track (flagged for next play_request_id_changed)
2026-05-02T02:32:09Z PLAYER_EVENT=play_request_id_changed → play_request_id_changed after end_of_track (track skip, ignoring)
2026-05-02T02:32:09Z PLAYER_EVENT=loading ignored
2026-05-02T02:32:11Z PLAYER_EVENT=track_changed ignored
2026-05-02T02:32:11Z PLAYER_EVENT=playing → track change (stream connected, skipping webhook)
2026-05-02T02:32:42Z PLAYER_EVENT=preload_next ignored
2026-05-02T02:33:05Z PLAYER_EVENT=preloading ignored
2026-05-02T02:33:28Z PLAYER_EVENT=end_of_track → end_of_track (flagged for next play_request_id_changed)
2026-05-02T02:33:28Z PLAYER_EVENT=play_request_id_changed → play_request_id_changed after end_of_track (track skip, ignoring)
2026-05-02T02:33:28Z PLAYER_EVENT=track_changed ignored
2026-05-02T02:33:28Z PLAYER_EVENT=playing → track change (stream connected, skipping webhook)
2026-05-02T02:33:43Z PLAYER_EVENT=position_correction ignored
2026-05-02T02:51:46Z PLAYER_EVENT=session_connected → reset state to stopped (new session)
2026-05-02T02:51:47Z PLAYER_EVENT=session_client_changed ignored
2026-05-02T02:51:47Z PLAYER_EVENT=volume_changed ignored
2026-05-02T02:51:47Z PLAYER_EVENT=auto_play_changed ignored
2026-05-02T02:51:47Z PLAYER_EVENT=filter_explicit_content_changed ignored
2026-05-02T02:51:47Z PLAYER_EVENT=shuffle_changed ignored
2026-05-02T02:51:47Z PLAYER_EVENT=repeat_changed ignored
2026-05-02T02:51:47Z PLAYER_EVENT=play_request_id_changed → reset state to stopped (fresh play request, no preceding end_of_track)
2026-05-02T02:51:47Z PLAYER_EVENT=loading ignored
2026-05-02T02:51:48Z PLAYER_EVENT=track_changed ignored
2026-05-02T02:51:48Z PLAYER_EVENT=playing → notifying HA: librespot_playing
2026-05-02T02:51:54Z PLAYER_EVENT=preload_next ignored
2026-05-02T02:51:54Z PLAYER_EVENT=end_of_track → end_of_track (flagged for next play_request_id_changed)
2026-05-02T02:51:54Z PLAYER_EVENT=play_request_id_changed → play_request_id_changed after end_of_track (track skip, ignoring)
2026-05-02T02:51:54Z PLAYER_EVENT=loading ignored
2026-05-02T02:51:55Z PLAYER_EVENT=track_changed ignored
2026-05-02T02:51:55Z PLAYER_EVENT=playing → track change (stream connected, skipping webhook)
2026-05-02T02:52:58Z PLAYER_EVENT=position_correction ignored
2026-05-02T02:53:56Z PLAYER_EVENT=position_correction ignored
2026-05-02T02:54:11Z PLAYER_EVENT=preload_next ignored
2026-05-02T02:54:11Z PLAYER_EVENT=end_of_track → end_of_track (flagged for next play_request_id_changed)
2026-05-02T02:54:11Z PLAYER_EVENT=play_request_id_changed → play_request_id_changed after end_of_track (track skip, ignoring)
2026-05-02T02:54:11Z PLAYER_EVENT=loading ignored
2026-05-02T02:54:12Z PLAYER_EVENT=track_changed ignored
2026-05-02T02:54:12Z PLAYER_EVENT=playing → track change (stream connected, skipping webhook)
2026-05-02T02:54:51Z PLAYER_EVENT=preload_next ignored
2026-05-02T02:55:27Z PLAYER_EVENT=paused → paused, debouncing (3s)
2026-05-02T02:55:30Z PLAYER_EVENT=paused → notifying HA: librespot_stopped (paused)
2026-05-02T02:55:30Z PLAYER_EVENT=preloading ignored
2026-05-02T02:55:30Z PLAYER_EVENT=playing → notifying HA: librespot_playing
2026-05-02T02:55:30Z PLAYER_EVENT=paused → paused, debouncing (3s)
2026-05-02T02:55:33Z PLAYER_EVENT=paused → notifying HA: librespot_stopped (paused)
2026-05-02T02:55:33Z PLAYER_EVENT=playing → notifying HA: librespot_playing
2026-05-02T02:55:33Z PLAYER_EVENT=end_of_track → end_of_track (flagged for next play_request_id_changed)
2026-05-02T02:55:33Z PLAYER_EVENT=play_request_id_changed → play_request_id_changed after end_of_track (track skip, ignoring)
2026-05-02T02:55:33Z PLAYER_EVENT=track_changed ignored
2026-05-02T02:55:33Z PLAYER_EVENT=playing → track change (stream connected, skipping webhook)
2026-05-02T02:58:17Z PLAYER_EVENT=session_disconnected → reset state to stopped (new session)
2026-05-02T02:58:49Z PLAYER_EVENT=session_connected → reset state to stopped (new session)
2026-05-02T02:58:49Z PLAYER_EVENT=session_client_changed ignored
2026-05-02T02:58:49Z PLAYER_EVENT=volume_changed ignored
2026-05-02T02:58:49Z PLAYER_EVENT=auto_play_changed ignored
2026-05-02T02:58:49Z PLAYER_EVENT=filter_explicit_content_changed ignored
2026-05-02T02:58:49Z PLAYER_EVENT=shuffle_changed ignored
2026-05-02T02:58:49Z PLAYER_EVENT=repeat_changed ignored
2026-05-02T02:58:49Z PLAYER_EVENT=play_request_id_changed → reset state to stopped (fresh play request, no preceding end_of_track)
2026-05-02T02:58:49Z PLAYER_EVENT=loading ignored
2026-05-02T02:58:50Z PLAYER_EVENT=track_changed ignored
2026-05-02T02:58:50Z PLAYER_EVENT=playing → notifying HA: librespot_playing
2026-05-02T02:58:55Z PLAYER_EVENT=session_disconnected → reset state to stopped (new session)
2026-05-02T02:58:55Z PLAYER_EVENT=stopped → stopped, debouncing (5s)
2026-05-02T02:59:00Z PLAYER_EVENT=stopped → notifying HA: librespot_stopped
2026-05-02T02:59:18Z PLAYER_EVENT=session_connected → reset state to stopped (new session)
2026-05-02T02:59:18Z PLAYER_EVENT=session_client_changed ignored
2026-05-02T02:59:18Z PLAYER_EVENT=volume_changed ignored
2026-05-02T02:59:18Z PLAYER_EVENT=auto_play_changed ignored
2026-05-02T02:59:18Z PLAYER_EVENT=filter_explicit_content_changed ignored
2026-05-02T02:59:18Z PLAYER_EVENT=shuffle_changed ignored
2026-05-02T02:59:18Z PLAYER_EVENT=repeat_changed ignored
2026-05-02T02:59:18Z PLAYER_EVENT=play_request_id_changed → reset state to stopped (fresh play request, no preceding end_of_track)
2026-05-02T02:59:18Z PLAYER_EVENT=loading ignored
2026-05-02T02:59:19Z PLAYER_EVENT=track_changed ignored
2026-05-02T02:59:19Z PLAYER_EVENT=playing → notifying HA: librespot_playing
2026-05-02T02:59:22Z PLAYER_EVENT=play_request_id_changed → reset state to stopped (fresh play request, no preceding end_of_track)
2026-05-02T02:59:22Z PLAYER_EVENT=loading ignored
2026-05-02T02:59:23Z PLAYER_EVENT=track_changed ignored
2026-05-02T02:59:23Z PLAYER_EVENT=playing → notifying HA: librespot_playing
2026-05-02T02:59:33Z PLAYER_EVENT=play_request_id_changed → reset state to stopped (fresh play request, no preceding end_of_track)
2026-05-02T02:59:33Z PLAYER_EVENT=loading ignored
2026-05-02T02:59:33Z PLAYER_EVENT=track_changed ignored
2026-05-02T02:59:33Z PLAYER_EVENT=playing → notifying HA: librespot_playing
2026-05-02T02:59:34Z PLAYER_EVENT=play_request_id_changed → reset state to stopped (fresh play request, no preceding end_of_track)
2026-05-02T02:59:34Z PLAYER_EVENT=loading ignored
2026-05-02T02:59:35Z PLAYER_EVENT=track_changed ignored
2026-05-02T02:59:35Z PLAYER_EVENT=playing → notifying HA: librespot_playing
2026-05-02T03:01:48Z PLAYER_EVENT=preload_next ignored
2026-05-02T03:01:50Z PLAYER_EVENT=preloading ignored
2026-05-02T03:02:19Z PLAYER_EVENT=end_of_track → end_of_track (flagged for next play_request_id_changed)
2026-05-02T03:02:19Z PLAYER_EVENT=play_request_id_changed → play_request_id_changed after end_of_track (track skip, ignoring)
2026-05-02T03:02:19Z PLAYER_EVENT=track_changed ignored
2026-05-02T03:02:19Z PLAYER_EVENT=playing → track change (stream connected, skipping webhook)
2026-05-02T03:02:58Z PLAYER_EVENT=play_request_id_changed → reset state to stopped (fresh play request, no preceding end_of_track)
2026-05-02T03:02:58Z PLAYER_EVENT=loading ignored
2026-05-02T03:02:59Z PLAYER_EVENT=track_changed ignored
2026-05-02T03:02:59Z PLAYER_EVENT=playing → notifying HA: librespot_playing
2026-05-02T03:05:56Z PLAYER_EVENT=volume_changed ignored
2026-05-02T03:05:56Z PLAYER_EVENT=volume_changed ignored
2026-05-02T03:06:18Z PLAYER_EVENT=play_request_id_changed → reset state to stopped (fresh play request, no preceding end_of_track)
2026-05-02T03:06:18Z PLAYER_EVENT=loading ignored
2026-05-02T03:06:19Z PLAYER_EVENT=track_changed ignored
2026-05-02T03:06:19Z PLAYER_EVENT=playing → notifying HA: librespot_playing
2026-05-02T03:06:40Z PLAYER_EVENT=paused → paused, debouncing (3s)
2026-05-02T03:06:43Z PLAYER_EVENT=paused → notifying HA: librespot_stopped (paused)
2026-05-02T03:06:51Z PLAYER_EVENT=playing → notifying HA: librespot_playing
2026-05-02T03:07:18Z PLAYER_EVENT=play_request_id_changed → reset state to stopped (fresh play request, no preceding end_of_track)
2026-05-02T03:07:18Z PLAYER_EVENT=loading ignored
2026-05-02T03:07:19Z PLAYER_EVENT=track_changed ignored
2026-05-02T03:07:19Z PLAYER_EVENT=playing → notifying HA: librespot_playing
2026-05-02T03:07:21Z PLAYER_EVENT=play_request_id_changed → reset state to stopped (fresh play request, no preceding end_of_track)
2026-05-02T03:07:21Z PLAYER_EVENT=loading ignored
2026-05-02T03:07:21Z PLAYER_EVENT=play_request_id_changed → reset state to stopped (fresh play request, no preceding end_of_track)
2026-05-02T03:07:21Z PLAYER_EVENT=loading ignored
2026-05-02T03:07:21Z PLAYER_EVENT=play_request_id_changed → reset state to stopped (fresh play request, no preceding end_of_track)
2026-05-02T03:07:21Z PLAYER_EVENT=loading ignored
2026-05-02T03:07:21Z PLAYER_EVENT=play_request_id_changed → reset state to stopped (fresh play request, no preceding end_of_track)
2026-05-02T03:07:21Z PLAYER_EVENT=loading ignored
2026-05-02T03:07:21Z PLAYER_EVENT=play_request_id_changed → reset state to stopped (fresh play request, no preceding end_of_track)
2026-05-02T03:07:21Z PLAYER_EVENT=loading ignored
2026-05-02T03:07:21Z PLAYER_EVENT=play_request_id_changed → reset state to stopped (fresh play request, no preceding end_of_track)
2026-05-02T03:07:21Z PLAYER_EVENT=loading ignored
2026-05-02T03:07:22Z PLAYER_EVENT=track_changed ignored
2026-05-02T03:07:22Z PLAYER_EVENT=playing → notifying HA: librespot_playing
2026-05-02T03:07:56Z PLAYER_EVENT=paused → paused, debouncing (3s)
2026-05-02T03:07:59Z PLAYER_EVENT=paused → notifying HA: librespot_stopped (paused)
2026-05-02T03:08:46Z PLAYER_EVENT=session_connected → reset state to stopped (new session)
2026-05-02T03:08:46Z PLAYER_EVENT=session_client_changed ignored
2026-05-02T03:08:46Z PLAYER_EVENT=volume_changed ignored
2026-05-02T03:08:46Z PLAYER_EVENT=auto_play_changed ignored
2026-05-02T03:08:46Z PLAYER_EVENT=filter_explicit_content_changed ignored
2026-05-02T03:08:46Z PLAYER_EVENT=shuffle_changed ignored
2026-05-02T03:08:46Z PLAYER_EVENT=repeat_changed ignored
2026-05-02T03:08:46Z PLAYER_EVENT=play_request_id_changed → reset state to stopped (fresh play request, stream was not live)
2026-05-02T03:08:46Z PLAYER_EVENT=loading ignored
2026-05-02T03:08:47Z PLAYER_EVENT=track_changed ignored
2026-05-02T03:08:47Z PLAYER_EVENT=playing → notifying HA: librespot_playing
2026-05-02T03:10:37Z PLAYER_EVENT=paused → paused, debouncing (3s)
2026-05-02T03:10:40Z PLAYER_EVENT=paused → notifying HA: librespot_stopped (paused)
2026-05-02T03:12:43Z PLAYER_EVENT=playing → notifying HA: librespot_playing
2026-05-02T03:12:44Z PLAYER_EVENT=session_disconnected → reset state to stopped (new session)
2026-05-02T03:12:44Z PLAYER_EVENT=preload_next ignored
2026-05-02T03:12:44Z PLAYER_EVENT=end_of_track → end_of_track (flagged for next play_request_id_changed)
2026-05-02T03:12:51Z PLAYER_EVENT=session_connected → reset state to stopped (new session)
2026-05-02T03:12:51Z PLAYER_EVENT=session_client_changed ignored
2026-05-02T03:12:51Z PLAYER_EVENT=volume_changed ignored
2026-05-02T03:12:51Z PLAYER_EVENT=auto_play_changed ignored
2026-05-02T03:12:51Z PLAYER_EVENT=filter_explicit_content_changed ignored
2026-05-02T03:12:51Z PLAYER_EVENT=shuffle_changed ignored
2026-05-02T03:12:51Z PLAYER_EVENT=repeat_changed ignored
2026-05-02T03:12:51Z PLAYER_EVENT=play_request_id_changed → play_request_id_changed after end_of_track (track skip, ignoring)
2026-05-02T03:12:51Z PLAYER_EVENT=track_changed ignored
2026-05-02T03:12:51Z PLAYER_EVENT=paused → paused, debouncing (3s)
2026-05-02T03:12:54Z PLAYER_EVENT=paused → notifying HA: librespot_stopped (paused)
2026-05-02T03:13:06Z PLAYER_EVENT=playing → notifying HA: librespot_playing
2026-05-02T03:13:06Z PLAYER_EVENT=preload_next ignored
2026-05-02T03:13:06Z PLAYER_EVENT=end_of_track → end_of_track (flagged for next play_request_id_changed)
2026-05-02T03:13:06Z PLAYER_EVENT=play_request_id_changed → play_request_id_changed after end_of_track (track skip, ignoring)
2026-05-02T03:13:06Z PLAYER_EVENT=loading ignored
2026-05-02T03:13:07Z PLAYER_EVENT=track_changed ignored
2026-05-02T03:13:07Z PLAYER_EVENT=playing → track change (stream connected, skipping webhook)
2026-05-02T03:13:07Z PLAYER_EVENT=play_request_id_changed → play_request_id_changed while playing (stream live, ignoring)
2026-05-02T03:13:07Z PLAYER_EVENT=loading ignored
2026-05-02T03:13:08Z PLAYER_EVENT=track_changed ignored
2026-05-02T03:13:08Z PLAYER_EVENT=playing → track change (stream connected, skipping webhook)
2026-05-02T03:13:22Z PLAYER_EVENT=volume_changed ignored
2026-05-02T03:13:23Z PLAYER_EVENT=volume_changed ignored
2026-05-02T03:13:24Z PLAYER_EVENT=volume_changed ignored
2026-05-02T03:15:08Z PLAYER_EVENT=preload_next ignored
2026-05-02T03:15:09Z PLAYER_EVENT=preloading ignored
2026-05-02T03:15:36Z PLAYER_EVENT=end_of_track → end_of_track (flagged for next play_request_id_changed)
2026-05-02T03:15:36Z PLAYER_EVENT=play_request_id_changed → play_request_id_changed after end_of_track (track skip, ignoring)
2026-05-02T03:15:36Z PLAYER_EVENT=track_changed ignored
2026-05-02T03:15:36Z PLAYER_EVENT=playing → track change (stream connected, skipping webhook)
2026-05-02T03:18:03Z PLAYER_EVENT=play_request_id_changed → play_request_id_changed while playing (stream live, ignoring)
2026-05-02T03:18:03Z PLAYER_EVENT=loading ignored
2026-05-02T03:18:04Z PLAYER_EVENT=track_changed ignored
2026-05-02T03:18:04Z PLAYER_EVENT=playing → track change (stream connected, skipping webhook)
2026-05-02T03:19:19Z PLAYER_EVENT=session_disconnected → reset state to stopped (new session)
2026-05-02T03:19:19Z PLAYER_EVENT=stopped → stopped, debouncing (5s)
2026-05-02T03:19:24Z PLAYER_EVENT=stopped → notifying HA: librespot_stopped
2026-05-02T03:19:27Z PLAYER_EVENT=session_connected → reset state to stopped (new session)
2026-05-02T03:19:27Z PLAYER_EVENT=session_client_changed ignored
2026-05-02T03:19:27Z PLAYER_EVENT=volume_changed ignored
2026-05-02T03:19:27Z PLAYER_EVENT=auto_play_changed ignored
2026-05-02T03:19:27Z PLAYER_EVENT=filter_explicit_content_changed ignored
2026-05-02T03:19:27Z PLAYER_EVENT=shuffle_changed ignored
2026-05-02T03:19:27Z PLAYER_EVENT=repeat_changed ignored
2026-05-02T03:19:27Z PLAYER_EVENT=play_request_id_changed → reset state to stopped (fresh play request, stream was not live)
2026-05-02T03:19:27Z PLAYER_EVENT=loading ignored
2026-05-02T03:19:27Z PLAYER_EVENT=track_changed ignored
2026-05-02T03:19:27Z PLAYER_EVENT=playing → notifying HA: librespot_playing
2026-05-02T03:20:55Z PLAYER_EVENT=paused → paused, debouncing (3s)
2026-05-02T03:20:58Z PLAYER_EVENT=paused → notifying HA: librespot_stopped (paused)
2026-05-02T03:21:21Z PLAYER_EVENT=playing → notifying HA: librespot_playing
2026-05-02T03:21:32Z PLAYER_EVENT=volume_changed ignored
2026-05-02T03:21:32Z PLAYER_EVENT=volume_changed ignored
2026-05-02T03:24:17Z PLAYER_EVENT=session_disconnected → reset state to stopped (new session)
2026-05-02T03:24:17Z PLAYER_EVENT=stopped → stopped, debouncing (5s)
2026-05-02T03:24:22Z PLAYER_EVENT=stopped → notifying HA: librespot_stopped
2026-05-02T03:24:22Z PLAYER_EVENT=session_connected → reset state to stopped (new session)
2026-05-02T03:24:22Z PLAYER_EVENT=session_client_changed ignored
2026-05-02T03:24:22Z PLAYER_EVENT=volume_changed ignored
2026-05-02T03:24:22Z PLAYER_EVENT=auto_play_changed ignored
2026-05-02T03:24:22Z PLAYER_EVENT=filter_explicit_content_changed ignored
2026-05-02T03:24:22Z PLAYER_EVENT=shuffle_changed ignored
2026-05-02T03:24:22Z PLAYER_EVENT=repeat_changed ignored
2026-05-02T03:24:22Z PLAYER_EVENT=play_request_id_changed → reset state to stopped (fresh play request, stream was not live)
2026-05-02T03:24:22Z PLAYER_EVENT=loading ignored
2026-05-02T03:24:22Z PLAYER_EVENT=track_changed ignored
2026-05-02T03:24:22Z PLAYER_EVENT=playing → notifying HA: librespot_playing
2026-05-02T03:24:31Z PLAYER_EVENT=paused → paused, debouncing (3s)
2026-05-02T03:24:34Z PLAYER_EVENT=paused → notifying HA: librespot_stopped (paused)
2026-05-02T03:39:19Z PLAYER_EVENT=session_connected → reset state to stopped (new session)
2026-05-02T03:39:19Z PLAYER_EVENT=session_client_changed ignored
2026-05-02T03:39:19Z PLAYER_EVENT=volume_changed ignored
2026-05-02T03:39:19Z PLAYER_EVENT=auto_play_changed ignored
2026-05-02T03:39:19Z PLAYER_EVENT=filter_explicit_content_changed ignored
2026-05-02T03:39:19Z PLAYER_EVENT=shuffle_changed ignored
2026-05-02T03:39:19Z PLAYER_EVENT=repeat_changed ignored
2026-05-02T03:39:19Z PLAYER_EVENT=play_request_id_changed → reset state to stopped (fresh play request, stream was not live)
2026-05-02T03:39:19Z PLAYER_EVENT=loading ignored
2026-05-02T03:39:20Z PLAYER_EVENT=track_changed ignored
2026-05-02T03:39:20Z PLAYER_EVENT=playing → notifying HA: librespot_playing
2026-05-02T03:39:24Z PLAYER_EVENT=paused → paused, debouncing (3s)
2026-05-02T03:39:27Z PLAYER_EVENT=paused → notifying HA: librespot_stopped (paused)
2026-05-02T03:54:24Z PLAYER_EVENT=session_disconnected → reset state to stopped (new session)
2026-05-02T03:54:24Z PLAYER_EVENT=stopped → stopped, debouncing (5s)
2026-05-02T03:54:29Z PLAYER_EVENT=stopped → notifying HA: librespot_stopped
2026-05-02T21:19:35Z PLAYER_EVENT=session_connected → reset state to stopped (new session)
2026-05-02T21:19:35Z PLAYER_EVENT=session_client_changed ignored
2026-05-02T21:19:35Z PLAYER_EVENT=volume_changed ignored
2026-05-02T21:19:35Z PLAYER_EVENT=auto_play_changed ignored
2026-05-02T21:19:35Z PLAYER_EVENT=filter_explicit_content_changed ignored
2026-05-02T21:19:35Z PLAYER_EVENT=shuffle_changed ignored
2026-05-02T21:19:35Z PLAYER_EVENT=repeat_changed ignored
2026-05-02T21:19:35Z PLAYER_EVENT=play_request_id_changed → reset state to stopped (fresh play request, stream was not live)
2026-05-02T21:19:35Z PLAYER_EVENT=loading ignored
2026-05-02T21:19:37Z PLAYER_EVENT=track_changed ignored
2026-05-02T21:19:37Z PLAYER_EVENT=playing → notifying HA: librespot_playing
2026-05-02T21:19:38Z PLAYER_EVENT=preload_next ignored
2026-05-02T21:19:38Z PLAYER_EVENT=end_of_track → end_of_track (flagged for next play_request_id_changed)
2026-05-02T21:19:38Z PLAYER_EVENT=play_request_id_changed → play_request_id_changed after end_of_track (track skip, ignoring)
2026-05-02T21:19:38Z PLAYER_EVENT=loading ignored
2026-05-02T21:19:39Z PLAYER_EVENT=track_changed ignored
2026-05-02T21:19:39Z PLAYER_EVENT=playing → track change (stream connected, skipping webhook)
2026-05-02T21:19:44Z PLAYER_EVENT=seeked ignored
2026-05-02T21:19:45Z PLAYER_EVENT=play_request_id_changed → play_request_id_changed while playing (stream live, ignoring)
2026-05-02T21:19:45Z PLAYER_EVENT=loading ignored
2026-05-02T21:19:46Z PLAYER_EVENT=track_changed ignored
2026-05-02T21:19:46Z PLAYER_EVENT=playing → track change (stream connected, skipping webhook)
2026-05-02T21:19:58Z PLAYER_EVENT=session_disconnected → reset state to stopped (new session)
2026-05-02T21:19:58Z PLAYER_EVENT=stopped → stopped, debouncing (5s)
2026-05-02T21:20:03Z PLAYER_EVENT=stopped → notifying HA: librespot_stopped
2026-05-02T21:20:14Z PLAYER_EVENT=session_connected → reset state to stopped (new session)
2026-05-02T21:20:14Z PLAYER_EVENT=session_client_changed ignored
2026-05-02T21:20:14Z PLAYER_EVENT=volume_changed ignored
2026-05-02T21:20:14Z PLAYER_EVENT=auto_play_changed ignored
2026-05-02T21:20:14Z PLAYER_EVENT=filter_explicit_content_changed ignored
2026-05-02T21:20:14Z PLAYER_EVENT=shuffle_changed ignored
2026-05-02T21:20:14Z PLAYER_EVENT=repeat_changed ignored
2026-05-02T21:20:14Z PLAYER_EVENT=play_request_id_changed → reset state to stopped (fresh play request, stream was not live)
2026-05-02T21:20:14Z PLAYER_EVENT=loading ignored
2026-05-02T21:20:14Z PLAYER_EVENT=track_changed ignored
2026-05-02T21:20:14Z PLAYER_EVENT=playing → notifying HA: librespot_playing
2026-05-02T21:21:39Z PLAYER_EVENT=preload_next ignored
2026-05-02T21:21:41Z PLAYER_EVENT=preloading ignored
2026-05-02T21:22:08Z PLAYER_EVENT=end_of_track → end_of_track (flagged for next play_request_id_changed)
2026-05-02T21:22:08Z PLAYER_EVENT=play_request_id_changed → play_request_id_changed after end_of_track (track skip, ignoring)
2026-05-02T21:22:08Z PLAYER_EVENT=track_changed ignored
2026-05-02T21:22:08Z PLAYER_EVENT=playing → track change (stream connected, skipping webhook)
2026-05-02T21:23:52Z PLAYER_EVENT=preload_next ignored
2026-05-02T21:23:53Z PLAYER_EVENT=preloading ignored
2026-05-02T21:24:20Z PLAYER_EVENT=end_of_track → end_of_track (flagged for next play_request_id_changed)
2026-05-02T21:24:20Z PLAYER_EVENT=play_request_id_changed → play_request_id_changed after end_of_track (track skip, ignoring)
2026-05-02T21:24:20Z PLAYER_EVENT=track_changed ignored
2026-05-02T21:24:20Z PLAYER_EVENT=playing → track change (stream connected, skipping webhook)
2026-05-02T21:28:03Z PLAYER_EVENT=preload_next ignored
2026-05-02T21:28:04Z PLAYER_EVENT=preloading ignored
2026-05-02T21:28:31Z PLAYER_EVENT=end_of_track → end_of_track (flagged for next play_request_id_changed)
2026-05-02T21:28:31Z PLAYER_EVENT=play_request_id_changed → play_request_id_changed after end_of_track (track skip, ignoring)
2026-05-02T21:28:31Z PLAYER_EVENT=track_changed ignored
2026-05-02T21:28:31Z PLAYER_EVENT=playing → track change (stream connected, skipping webhook)
2026-05-02T21:31:08Z PLAYER_EVENT=preload_next ignored
2026-05-02T21:31:09Z PLAYER_EVENT=preloading ignored
2026-05-02T21:31:36Z PLAYER_EVENT=end_of_track → end_of_track (flagged for next play_request_id_changed)
2026-05-02T21:31:36Z PLAYER_EVENT=play_request_id_changed → play_request_id_changed after end_of_track (track skip, ignoring)
2026-05-02T21:31:36Z PLAYER_EVENT=track_changed ignored
2026-05-02T21:31:36Z PLAYER_EVENT=playing → track change (stream connected, skipping webhook)
2026-05-02T22:10:03Z PLAYER_EVENT=session_connected → reset state to stopped (new session)
2026-05-02T22:10:03Z PLAYER_EVENT=session_client_changed ignored
2026-05-02T22:10:03Z PLAYER_EVENT=volume_changed ignored
2026-05-02T22:10:03Z PLAYER_EVENT=auto_play_changed ignored
2026-05-02T22:10:03Z PLAYER_EVENT=filter_explicit_content_changed ignored
2026-05-02T22:10:03Z PLAYER_EVENT=shuffle_changed ignored
2026-05-02T22:10:03Z PLAYER_EVENT=repeat_changed ignored
2026-05-02T22:10:03Z PLAYER_EVENT=play_request_id_changed → reset state to stopped (fresh play request, stream was not live)
2026-05-02T22:10:03Z PLAYER_EVENT=loading ignored
2026-05-02T22:10:03Z PLAYER_EVENT=track_changed ignored
2026-05-02T22:10:03Z PLAYER_EVENT=playing → notifying HA: librespot_playing
2026-05-02T22:14:04Z PLAYER_EVENT=paused → paused, debouncing (3s)
2026-05-02T22:14:07Z PLAYER_EVENT=paused → notifying HA: librespot_stopped (paused)
2026-05-02T22:17:51Z PLAYER_EVENT=playing → notifying HA: librespot_playing
2026-05-02T22:18:18Z PLAYER_EVENT=preload_next ignored
2026-05-02T22:18:20Z PLAYER_EVENT=preloading ignored
2026-05-02T22:18:47Z PLAYER_EVENT=end_of_track → end_of_track (flagged for next play_request_id_changed)
2026-05-02T22:18:47Z PLAYER_EVENT=play_request_id_changed → play_request_id_changed after end_of_track (track skip, ignoring)
2026-05-02T22:18:47Z PLAYER_EVENT=track_changed ignored
2026-05-02T22:18:47Z PLAYER_EVENT=playing → track change (stream connected, skipping webhook)
2026-05-02T22:24:07Z PLAYER_EVENT=preload_next ignored
2026-05-02T22:24:35Z PLAYER_EVENT=end_of_track → end_of_track (flagged for next play_request_id_changed)
2026-05-02T22:24:35Z PLAYER_EVENT=play_request_id_changed → play_request_id_changed after end_of_track (track skip, ignoring)
2026-05-02T22:24:35Z PLAYER_EVENT=loading ignored
2026-05-02T22:24:36Z PLAYER_EVENT=track_changed ignored
2026-05-02T22:24:36Z PLAYER_EVENT=playing → track change (stream connected, skipping webhook)
2026-05-02T22:26:48Z PLAYER_EVENT=preload_next ignored
2026-05-02T22:26:49Z PLAYER_EVENT=preloading ignored
2026-05-02T22:27:16Z PLAYER_EVENT=end_of_track → end_of_track (flagged for next play_request_id_changed)
2026-05-02T22:27:16Z PLAYER_EVENT=play_request_id_changed → play_request_id_changed after end_of_track (track skip, ignoring)
2026-05-02T22:27:16Z PLAYER_EVENT=track_changed ignored
2026-05-02T22:27:16Z PLAYER_EVENT=playing → track change (stream connected, skipping webhook)
2026-05-02T22:34:03Z PLAYER_EVENT=play_request_id_changed → play_request_id_changed while playing (stream live, ignoring)
2026-05-02T22:34:03Z PLAYER_EVENT=loading ignored
2026-05-02T22:34:04Z PLAYER_EVENT=track_changed ignored
2026-05-02T22:34:04Z PLAYER_EVENT=playing → track change (stream connected, skipping webhook)
2026-05-02T22:36:04Z PLAYER_EVENT=paused → paused, debouncing (3s)
2026-05-02T22:36:07Z PLAYER_EVENT=paused → notifying HA: librespot_stopped (paused)
2026-05-02T22:38:02Z PLAYER_EVENT=play_request_id_changed → reset state to stopped (fresh play request, stream was not live)
2026-05-02T22:38:02Z PLAYER_EVENT=loading ignored
2026-05-02T22:38:03Z PLAYER_EVENT=track_changed ignored
2026-05-02T22:38:03Z PLAYER_EVENT=playing → notifying HA: librespot_playing
2026-05-02T22:40:40Z PLAYER_EVENT=preload_next ignored
2026-05-02T22:40:41Z PLAYER_EVENT=preloading ignored
2026-05-02T22:41:08Z PLAYER_EVENT=end_of_track → end_of_track (flagged for next play_request_id_changed)
2026-05-02T22:41:08Z PLAYER_EVENT=play_request_id_changed → play_request_id_changed after end_of_track (track skip, ignoring)
2026-05-02T22:41:08Z PLAYER_EVENT=track_changed ignored
2026-05-02T22:41:08Z PLAYER_EVENT=playing → track change (stream connected, skipping webhook)
2026-05-02T22:44:05Z PLAYER_EVENT=preload_next ignored
2026-05-02T22:44:06Z PLAYER_EVENT=preloading ignored
2026-05-02T22:44:34Z PLAYER_EVENT=end_of_track → end_of_track (flagged for next play_request_id_changed)
2026-05-02T22:44:34Z PLAYER_EVENT=play_request_id_changed → play_request_id_changed after end_of_track (track skip, ignoring)
2026-05-02T22:44:34Z PLAYER_EVENT=track_changed ignored
2026-05-02T22:44:34Z PLAYER_EVENT=playing → track change (stream connected, skipping webhook)
2026-05-02T22:45:12Z PLAYER_EVENT=paused → paused, debouncing (3s)
2026-05-02T22:45:15Z PLAYER_EVENT=paused → notifying HA: librespot_stopped (paused)
2026-05-02T23:04:30Z PLAYER_EVENT=play_request_id_changed → reset state to stopped (fresh play request, stream was not live)
2026-05-02T23:04:30Z PLAYER_EVENT=loading ignored
2026-05-02T23:04:31Z PLAYER_EVENT=track_changed ignored
2026-05-02T23:04:31Z PLAYER_EVENT=playing → notifying HA: librespot_playing
2026-05-02T23:04:33Z PLAYER_EVENT=preload_next ignored
2026-05-02T23:04:33Z PLAYER_EVENT=end_of_track → end_of_track (flagged for next play_request_id_changed)
2026-05-02T23:04:34Z PLAYER_EVENT=play_request_id_changed → play_request_id_changed after end_of_track (track skip, ignoring)
2026-05-02T23:04:34Z PLAYER_EVENT=loading ignored
2026-05-02T23:04:34Z PLAYER_EVENT=track_changed ignored
2026-05-02T23:04:34Z PLAYER_EVENT=playing → track change (stream connected, skipping webhook)
2026-05-02T23:04:59Z PLAYER_EVENT=session_disconnected → reset state to stopped (new session)
2026-05-02T23:04:59Z PLAYER_EVENT=stopped → stopped, debouncing (5s)
2026-05-02T23:05:05Z PLAYER_EVENT=stopped → notifying HA: librespot_stopped
2026-05-02T23:05:05Z PLAYER_EVENT=session_connected → reset state to stopped (new session)
2026-05-02T23:05:05Z PLAYER_EVENT=session_client_changed ignored
2026-05-02T23:05:05Z PLAYER_EVENT=volume_changed ignored
2026-05-02T23:05:05Z PLAYER_EVENT=auto_play_changed ignored
2026-05-02T23:05:05Z PLAYER_EVENT=filter_explicit_content_changed ignored
2026-05-02T23:05:05Z PLAYER_EVENT=shuffle_changed ignored
2026-05-02T23:05:05Z PLAYER_EVENT=repeat_changed ignored
2026-05-02T23:05:05Z PLAYER_EVENT=play_request_id_changed → reset state to stopped (fresh play request, stream was not live)
2026-05-02T23:05:05Z PLAYER_EVENT=loading ignored
2026-05-02T23:05:05Z PLAYER_EVENT=track_changed ignored
2026-05-02T23:05:05Z PLAYER_EVENT=playing → notifying HA: librespot_playing
2026-05-02T23:05:12Z PLAYER_EVENT=play_request_id_changed → play_request_id_changed while playing (stream live, ignoring)
2026-05-02T23:05:12Z PLAYER_EVENT=loading ignored
2026-05-02T23:05:13Z PLAYER_EVENT=track_changed ignored
2026-05-02T23:05:13Z PLAYER_EVENT=playing → track change (stream connected, skipping webhook)
2026-05-02T23:08:07Z PLAYER_EVENT=preload_next ignored
2026-05-02T23:08:09Z PLAYER_EVENT=preloading ignored
2026-05-02T23:08:35Z PLAYER_EVENT=end_of_track → end_of_track (flagged for next play_request_id_changed)
2026-05-02T23:08:35Z PLAYER_EVENT=play_request_id_changed → play_request_id_changed after end_of_track (track skip, ignoring)
2026-05-02T23:08:36Z PLAYER_EVENT=track_changed ignored
2026-05-02T23:08:36Z PLAYER_EVENT=playing → track change (stream connected, skipping webhook)
2026-05-02T23:12:19Z PLAYER_EVENT=preload_next ignored
2026-05-02T23:12:21Z PLAYER_EVENT=preloading ignored
2026-05-02T23:12:47Z PLAYER_EVENT=end_of_track → end_of_track (flagged for next play_request_id_changed)
2026-05-02T23:12:47Z PLAYER_EVENT=play_request_id_changed → play_request_id_changed after end_of_track (track skip, ignoring)
2026-05-02T23:12:47Z PLAYER_EVENT=track_changed ignored
2026-05-02T23:12:47Z PLAYER_EVENT=playing → track change (stream connected, skipping webhook)
2026-05-02T23:19:30Z PLAYER_EVENT=preload_next ignored
2026-05-02T23:19:32Z PLAYER_EVENT=preloading ignored
2026-05-02T23:19:59Z PLAYER_EVENT=end_of_track → end_of_track (flagged for next play_request_id_changed)
2026-05-02T23:19:59Z PLAYER_EVENT=play_request_id_changed → play_request_id_changed after end_of_track (track skip, ignoring)
2026-05-02T23:19:59Z PLAYER_EVENT=track_changed ignored
2026-05-02T23:19:59Z PLAYER_EVENT=playing → track change (stream connected, skipping webhook)
2026-05-02T23:24:32Z PLAYER_EVENT=play_request_id_changed → play_request_id_changed while playing (stream live, ignoring)
2026-05-02T23:24:32Z PLAYER_EVENT=loading ignored
2026-05-02T23:24:33Z PLAYER_EVENT=track_changed ignored
2026-05-02T23:24:33Z PLAYER_EVENT=playing → track change (stream connected, skipping webhook)
2026-05-02T23:24:38Z PLAYER_EVENT=session_disconnected → reset state to stopped (new session)
2026-05-02T23:24:38Z PLAYER_EVENT=stopped → stopped, debouncing (5s)
2026-05-02T23:24:43Z PLAYER_EVENT=stopped → notifying HA: librespot_stopped
2026-05-02T23:24:44Z PLAYER_EVENT=session_connected → reset state to stopped (new session)
2026-05-02T23:24:44Z PLAYER_EVENT=session_client_changed ignored
2026-05-02T23:24:44Z PLAYER_EVENT=volume_changed ignored
2026-05-02T23:24:44Z PLAYER_EVENT=auto_play_changed ignored
2026-05-02T23:24:44Z PLAYER_EVENT=filter_explicit_content_changed ignored
2026-05-02T23:24:44Z PLAYER_EVENT=shuffle_changed ignored
2026-05-02T23:24:44Z PLAYER_EVENT=repeat_changed ignored
2026-05-02T23:24:44Z PLAYER_EVENT=play_request_id_changed → reset state to stopped (fresh play request, stream was not live)
2026-05-02T23:24:44Z PLAYER_EVENT=loading ignored
2026-05-02T23:24:44Z PLAYER_EVENT=track_changed ignored
2026-05-02T23:24:44Z PLAYER_EVENT=playing → notifying HA: librespot_playing
2026-05-02T23:24:48Z PLAYER_EVENT=seeked ignored
2026-05-02T23:27:00Z PLAYER_EVENT=preload_next ignored
2026-05-02T23:27:02Z PLAYER_EVENT=preloading ignored
2026-05-02T23:27:29Z PLAYER_EVENT=end_of_track → end_of_track (flagged for next play_request_id_changed)
2026-05-02T23:27:29Z PLAYER_EVENT=play_request_id_changed → play_request_id_changed after end_of_track (track skip, ignoring)
2026-05-02T23:27:29Z PLAYER_EVENT=track_changed ignored
2026-05-02T23:27:29Z PLAYER_EVENT=playing → track change (stream connected, skipping webhook)
2026-05-02T23:27:52Z PLAYER_EVENT=play_request_id_changed → play_request_id_changed while playing (stream live, ignoring)
2026-05-02T23:27:52Z PLAYER_EVENT=loading ignored
2026-05-02T23:27:53Z PLAYER_EVENT=track_changed ignored
2026-05-02T23:27:53Z PLAYER_EVENT=playing → track change (stream connected, skipping webhook)
2026-05-02T23:30:24Z PLAYER_EVENT=paused → paused, debouncing (3s)
2026-05-02T23:30:27Z PLAYER_EVENT=paused → notifying HA: librespot_stopped (paused)
2026-05-02T23:36:59Z PLAYER_EVENT=playing → notifying HA: librespot_playing
2026-05-02T23:37:00Z PLAYER_EVENT=preload_next ignored
2026-05-02T23:37:01Z PLAYER_EVENT=preloading ignored
2026-05-02T23:37:16Z PLAYER_EVENT=end_of_track → end_of_track (flagged for next play_request_id_changed)
2026-05-02T23:37:16Z PLAYER_EVENT=play_request_id_changed → play_request_id_changed after end_of_track (track skip, ignoring)
2026-05-02T23:37:16Z PLAYER_EVENT=track_changed ignored
2026-05-02T23:37:16Z PLAYER_EVENT=playing → track change (stream connected, skipping webhook)
2026-05-02T23:37:34Z PLAYER_EVENT=play_request_id_changed → play_request_id_changed while playing (stream live, ignoring)
2026-05-02T23:37:34Z PLAYER_EVENT=loading ignored
2026-05-02T23:37:35Z PLAYER_EVENT=track_changed ignored
2026-05-02T23:37:35Z PLAYER_EVENT=playing → track change (stream connected, skipping webhook)
2026-05-02T23:37:38Z PLAYER_EVENT=play_request_id_changed → play_request_id_changed while playing (stream live, ignoring)
2026-05-02T23:37:38Z PLAYER_EVENT=loading ignored
2026-05-02T23:37:38Z PLAYER_EVENT=track_changed ignored
2026-05-02T23:37:38Z PLAYER_EVENT=playing → track change (stream connected, skipping webhook)
2026-05-02T23:40:41Z PLAYER_EVENT=preload_next ignored
2026-05-02T23:40:42Z PLAYER_EVENT=preloading ignored
2026-05-02T23:41:09Z PLAYER_EVENT=end_of_track → end_of_track (flagged for next play_request_id_changed)
2026-05-02T23:41:09Z PLAYER_EVENT=play_request_id_changed → play_request_id_changed after end_of_track (track skip, ignoring)
2026-05-02T23:41:09Z PLAYER_EVENT=track_changed ignored
2026-05-02T23:41:09Z PLAYER_EVENT=playing → track change (stream connected, skipping webhook)
2026-05-02T23:45:00Z PLAYER_EVENT=preload_next ignored
2026-05-02T23:45:02Z PLAYER_EVENT=preloading ignored
2026-05-02T23:45:29Z PLAYER_EVENT=end_of_track → end_of_track (flagged for next play_request_id_changed)
2026-05-02T23:45:29Z PLAYER_EVENT=play_request_id_changed → play_request_id_changed after end_of_track (track skip, ignoring)
2026-05-02T23:45:29Z PLAYER_EVENT=track_changed ignored
2026-05-02T23:45:29Z PLAYER_EVENT=playing → track change (stream connected, skipping webhook)
2026-05-02T23:51:38Z PLAYER_EVENT=preload_next ignored
2026-05-02T23:51:40Z PLAYER_EVENT=preloading ignored
2026-05-02T23:52:06Z PLAYER_EVENT=end_of_track → end_of_track (flagged for next play_request_id_changed)
2026-05-02T23:52:07Z PLAYER_EVENT=play_request_id_changed → play_request_id_changed after end_of_track (track skip, ignoring)
2026-05-02T23:52:07Z PLAYER_EVENT=track_changed ignored
2026-05-02T23:52:07Z PLAYER_EVENT=playing → track change (stream connected, skipping webhook)
2026-05-03T00:06:39Z PLAYER_EVENT=preload_next ignored
2026-05-03T00:06:40Z PLAYER_EVENT=preloading ignored
2026-05-03T00:07:07Z PLAYER_EVENT=end_of_track → end_of_track (flagged for next play_request_id_changed)
2026-05-03T00:07:07Z PLAYER_EVENT=play_request_id_changed → play_request_id_changed after end_of_track (track skip, ignoring)
2026-05-03T00:07:07Z PLAYER_EVENT=track_changed ignored
2026-05-03T00:07:07Z PLAYER_EVENT=playing → track change (stream connected, skipping webhook)
2026-05-03T00:10:48Z PLAYER_EVENT=preload_next ignored
2026-05-03T00:10:50Z PLAYER_EVENT=preloading ignored
2026-05-03T00:11:17Z PLAYER_EVENT=end_of_track → end_of_track (flagged for next play_request_id_changed)
2026-05-03T00:11:17Z PLAYER_EVENT=play_request_id_changed → play_request_id_changed after end_of_track (track skip, ignoring)
2026-05-03T00:11:17Z PLAYER_EVENT=track_changed ignored
2026-05-03T00:11:17Z PLAYER_EVENT=playing → track change (stream connected, skipping webhook)
2026-05-03T00:15:14Z PLAYER_EVENT=preload_next ignored
2026-05-03T00:15:15Z PLAYER_EVENT=preloading ignored
2026-05-03T00:15:42Z PLAYER_EVENT=end_of_track → end_of_track (flagged for next play_request_id_changed)
2026-05-03T00:15:42Z PLAYER_EVENT=play_request_id_changed → play_request_id_changed after end_of_track (track skip, ignoring)
2026-05-03T00:15:42Z PLAYER_EVENT=track_changed ignored
2026-05-03T00:15:42Z PLAYER_EVENT=playing → track change (stream connected, skipping webhook)
2026-05-03T00:18:47Z PLAYER_EVENT=preload_next ignored
2026-05-03T00:18:49Z PLAYER_EVENT=preloading ignored
2026-05-03T00:19:16Z PLAYER_EVENT=end_of_track → end_of_track (flagged for next play_request_id_changed)
2026-05-03T00:19:16Z PLAYER_EVENT=play_request_id_changed → play_request_id_changed after end_of_track (track skip, ignoring)
2026-05-03T00:19:16Z PLAYER_EVENT=track_changed ignored
2026-05-03T00:19:16Z PLAYER_EVENT=playing → track change (stream connected, skipping webhook)
2026-05-03T00:23:26Z PLAYER_EVENT=preload_next ignored
2026-05-03T00:23:27Z PLAYER_EVENT=preloading ignored
2026-05-03T00:23:55Z PLAYER_EVENT=end_of_track → end_of_track (flagged for next play_request_id_changed)
2026-05-03T00:23:55Z PLAYER_EVENT=play_request_id_changed → play_request_id_changed after end_of_track (track skip, ignoring)
2026-05-03T00:23:55Z PLAYER_EVENT=track_changed ignored
2026-05-03T00:23:55Z PLAYER_EVENT=playing → track change (stream connected, skipping webhook)
2026-05-03T00:26:19Z PLAYER_EVENT=preload_next ignored
2026-05-03T00:26:21Z PLAYER_EVENT=preloading ignored
2026-05-03T00:26:48Z PLAYER_EVENT=end_of_track → end_of_track (flagged for next play_request_id_changed)
2026-05-03T00:26:48Z PLAYER_EVENT=play_request_id_changed → play_request_id_changed after end_of_track (track skip, ignoring)
2026-05-03T00:26:48Z PLAYER_EVENT=track_changed ignored
2026-05-03T00:26:48Z PLAYER_EVENT=playing → track change (stream connected, skipping webhook)
2026-05-03T00:29:37Z PLAYER_EVENT=preload_next ignored
2026-05-03T00:29:38Z PLAYER_EVENT=preloading ignored
2026-05-03T00:30:05Z PLAYER_EVENT=end_of_track → end_of_track (flagged for next play_request_id_changed)
2026-05-03T00:30:06Z PLAYER_EVENT=play_request_id_changed → play_request_id_changed after end_of_track (track skip, ignoring)
2026-05-03T00:30:06Z PLAYER_EVENT=track_changed ignored
2026-05-03T00:30:06Z PLAYER_EVENT=playing → track change (stream connected, skipping webhook)
2026-05-03T00:32:34Z PLAYER_EVENT=preload_next ignored
2026-05-03T00:32:35Z PLAYER_EVENT=preloading ignored
2026-05-03T00:33:02Z PLAYER_EVENT=end_of_track → end_of_track (flagged for next play_request_id_changed)
2026-05-03T00:33:02Z PLAYER_EVENT=play_request_id_changed → play_request_id_changed after end_of_track (track skip, ignoring)
2026-05-03T00:33:02Z PLAYER_EVENT=track_changed ignored
2026-05-03T00:33:02Z PLAYER_EVENT=playing → track change (stream connected, skipping webhook)
2026-05-03T00:35:16Z PLAYER_EVENT=preload_next ignored
2026-05-03T00:35:18Z PLAYER_EVENT=preloading ignored
2026-05-03T00:35:45Z PLAYER_EVENT=end_of_track → end_of_track (flagged for next play_request_id_changed)
2026-05-03T00:35:45Z PLAYER_EVENT=play_request_id_changed → play_request_id_changed after end_of_track (track skip, ignoring)
2026-05-03T00:35:45Z PLAYER_EVENT=track_changed ignored
2026-05-03T00:35:45Z PLAYER_EVENT=playing → track change (stream connected, skipping webhook)
2026-05-03T00:37:24Z PLAYER_EVENT=preload_next ignored
2026-05-03T00:37:25Z PLAYER_EVENT=preloading ignored
2026-05-03T00:37:53Z PLAYER_EVENT=end_of_track → end_of_track (flagged for next play_request_id_changed)
2026-05-03T00:37:53Z PLAYER_EVENT=play_request_id_changed → play_request_id_changed after end_of_track (track skip, ignoring)
2026-05-03T00:37:53Z PLAYER_EVENT=track_changed ignored
2026-05-03T00:37:53Z PLAYER_EVENT=playing → track change (stream connected, skipping webhook)
2026-05-03T00:39:46Z PLAYER_EVENT=preload_next ignored
2026-05-03T00:40:15Z PLAYER_EVENT=end_of_track → end_of_track (flagged for next play_request_id_changed)
2026-05-03T00:40:15Z PLAYER_EVENT=play_request_id_changed → play_request_id_changed after end_of_track (track skip, ignoring)
2026-05-03T00:40:15Z PLAYER_EVENT=loading ignored
2026-05-03T00:40:16Z PLAYER_EVENT=track_changed ignored
2026-05-03T00:40:16Z PLAYER_EVENT=playing → track change (stream connected, skipping webhook)
2026-05-03T00:42:28Z PLAYER_EVENT=preload_next ignored
2026-05-03T00:42:29Z PLAYER_EVENT=preloading ignored
2026-05-03T00:42:56Z PLAYER_EVENT=end_of_track → end_of_track (flagged for next play_request_id_changed)
2026-05-03T00:42:56Z PLAYER_EVENT=play_request_id_changed → play_request_id_changed after end_of_track (track skip, ignoring)
2026-05-03T00:42:56Z PLAYER_EVENT=track_changed ignored
2026-05-03T00:42:56Z PLAYER_EVENT=playing → track change (stream connected, skipping webhook)
2026-05-03T00:47:27Z PLAYER_EVENT=preload_next ignored
2026-05-03T00:47:27Z PLAYER_EVENT=session_disconnected → reset state to stopped (new session)
2026-05-03T00:47:56Z PLAYER_EVENT=end_of_track → end_of_track (flagged for next play_request_id_changed)
2026-05-03T01:08:31Z PLAYER_EVENT=session_connected → reset state to stopped (new session)
2026-05-03T01:08:31Z PLAYER_EVENT=session_client_changed ignored
2026-05-03T01:08:31Z PLAYER_EVENT=volume_changed ignored
2026-05-03T01:08:31Z PLAYER_EVENT=auto_play_changed ignored
2026-05-03T01:08:31Z PLAYER_EVENT=filter_explicit_content_changed ignored
2026-05-03T01:08:31Z PLAYER_EVENT=shuffle_changed ignored
2026-05-03T01:08:31Z PLAYER_EVENT=repeat_changed ignored
2026-05-03T01:08:31Z PLAYER_EVENT=play_request_id_changed → play_request_id_changed after end_of_track (track skip, ignoring)
2026-05-03T01:08:31Z PLAYER_EVENT=loading ignored
2026-05-03T01:08:32Z PLAYER_EVENT=track_changed ignored
2026-05-03T01:08:32Z PLAYER_EVENT=playing → notifying HA: librespot_playing
2026-05-03T01:08:48Z PLAYER_EVENT=paused → paused, debouncing (3s)
2026-05-03T01:08:52Z PLAYER_EVENT=paused → notifying HA: librespot_stopped (paused)
2026-05-03T01:26:27Z PLAYER_EVENT=session_disconnected → reset state to stopped (new session)
2026-05-03T01:26:27Z PLAYER_EVENT=stopped → stopped, debouncing (5s)
2026-05-03T01:26:32Z PLAYER_EVENT=stopped → notifying HA: librespot_stopped
2026-05-03T01:32:41Z PLAYER_EVENT=session_connected → reset state to stopped (new session)
2026-05-03T01:32:41Z PLAYER_EVENT=session_client_changed ignored
2026-05-03T01:32:41Z PLAYER_EVENT=volume_changed ignored
2026-05-03T01:32:41Z PLAYER_EVENT=auto_play_changed ignored
2026-05-03T01:32:41Z PLAYER_EVENT=filter_explicit_content_changed ignored
2026-05-03T01:32:41Z PLAYER_EVENT=shuffle_changed ignored
2026-05-03T01:32:41Z PLAYER_EVENT=repeat_changed ignored
2026-05-03T01:32:41Z PLAYER_EVENT=play_request_id_changed → reset state to stopped (fresh play request, stream was not live)
2026-05-03T01:32:41Z PLAYER_EVENT=loading ignored
2026-05-03T01:32:42Z PLAYER_EVENT=track_changed ignored
2026-05-03T01:32:42Z PLAYER_EVENT=paused → paused, debouncing (3s)
2026-05-03T01:32:45Z PLAYER_EVENT=paused → notifying HA: librespot_stopped (paused)
2026-05-03T01:32:52Z PLAYER_EVENT=session_disconnected → reset state to stopped (new session)
2026-05-03T01:32:52Z PLAYER_EVENT=stopped → stopped, debouncing (5s)
2026-05-03T01:32:57Z PLAYER_EVENT=stopped → notifying HA: librespot_stopped
2026-05-03T01:37:33Z PLAYER_EVENT=session_connected → reset state to stopped (new session)
2026-05-03T01:37:33Z PLAYER_EVENT=session_client_changed ignored
2026-05-03T01:37:33Z PLAYER_EVENT=volume_changed ignored
2026-05-03T01:37:33Z PLAYER_EVENT=auto_play_changed ignored
2026-05-03T01:37:33Z PLAYER_EVENT=filter_explicit_content_changed ignored
2026-05-03T01:37:33Z PLAYER_EVENT=shuffle_changed ignored
2026-05-03T01:37:33Z PLAYER_EVENT=repeat_changed ignored
2026-05-03T01:37:33Z PLAYER_EVENT=play_request_id_changed → reset state to stopped (fresh play request, stream was not live)
2026-05-03T01:37:33Z PLAYER_EVENT=loading ignored
2026-05-03T01:37:34Z PLAYER_EVENT=track_changed ignored
2026-05-03T01:37:34Z PLAYER_EVENT=playing → notifying HA: librespot_playing
2026-05-03T01:41:48Z PLAYER_EVENT=preload_next ignored
2026-05-03T01:41:49Z PLAYER_EVENT=preloading ignored
2026-05-03T01:42:16Z PLAYER_EVENT=end_of_track → end_of_track (flagged for next play_request_id_changed)
2026-05-03T01:42:16Z PLAYER_EVENT=play_request_id_changed → play_request_id_changed after end_of_track (track skip, ignoring)
2026-05-03T01:42:16Z PLAYER_EVENT=track_changed ignored
2026-05-03T01:42:16Z PLAYER_EVENT=playing → track change (stream connected, skipping webhook)
2026-05-03T01:45:02Z PLAYER_EVENT=preload_next ignored
2026-05-03T01:45:03Z PLAYER_EVENT=preloading ignored
2026-05-03T01:45:30Z PLAYER_EVENT=end_of_track → end_of_track (flagged for next play_request_id_changed)
2026-05-03T01:45:30Z PLAYER_EVENT=play_request_id_changed → play_request_id_changed after end_of_track (track skip, ignoring)
2026-05-03T01:45:30Z PLAYER_EVENT=track_changed ignored
2026-05-03T01:45:30Z PLAYER_EVENT=playing → track change (stream connected, skipping webhook)
2026-05-03T01:47:44Z PLAYER_EVENT=preload_next ignored
2026-05-03T01:47:45Z PLAYER_EVENT=preloading ignored
2026-05-03T01:48:12Z PLAYER_EVENT=end_of_track → end_of_track (flagged for next play_request_id_changed)
2026-05-03T01:48:12Z PLAYER_EVENT=play_request_id_changed → play_request_id_changed after end_of_track (track skip, ignoring)
2026-05-03T01:48:12Z PLAYER_EVENT=track_changed ignored
2026-05-03T01:48:12Z PLAYER_EVENT=playing → track change (stream connected, skipping webhook)
2026-05-03T01:50:54Z PLAYER_EVENT=preload_next ignored
2026-05-03T01:50:56Z PLAYER_EVENT=preloading ignored
2026-05-03T01:51:23Z PLAYER_EVENT=end_of_track → end_of_track (flagged for next play_request_id_changed)
2026-05-03T01:51:23Z PLAYER_EVENT=play_request_id_changed → play_request_id_changed after end_of_track (track skip, ignoring)
2026-05-03T01:51:23Z PLAYER_EVENT=track_changed ignored
2026-05-03T01:51:23Z PLAYER_EVENT=playing → track change (stream connected, skipping webhook)
2026-05-03T01:55:22Z PLAYER_EVENT=preload_next ignored
2026-05-03T01:55:23Z PLAYER_EVENT=preloading ignored
2026-05-03T01:55:50Z PLAYER_EVENT=end_of_track → end_of_track (flagged for next play_request_id_changed)
2026-05-03T01:55:50Z PLAYER_EVENT=play_request_id_changed → play_request_id_changed after end_of_track (track skip, ignoring)
2026-05-03T01:55:50Z PLAYER_EVENT=track_changed ignored
2026-05-03T01:55:50Z PLAYER_EVENT=playing → track change (stream connected, skipping webhook)
2026-05-03T01:58:35Z PLAYER_EVENT=preload_next ignored
2026-05-03T01:58:36Z PLAYER_EVENT=preloading ignored
2026-05-03T01:59:04Z PLAYER_EVENT=end_of_track → end_of_track (flagged for next play_request_id_changed)
2026-05-03T01:59:04Z PLAYER_EVENT=play_request_id_changed → play_request_id_changed after end_of_track (track skip, ignoring)
2026-05-03T01:59:04Z PLAYER_EVENT=track_changed ignored
2026-05-03T01:59:04Z PLAYER_EVENT=playing → track change (stream connected, skipping webhook)
2026-05-03T02:00:07Z PLAYER_EVENT=play_request_id_changed → play_request_id_changed while playing (stream live, ignoring)
2026-05-03T02:00:07Z PLAYER_EVENT=loading ignored
2026-05-03T02:00:08Z PLAYER_EVENT=track_changed ignored
2026-05-03T02:00:08Z PLAYER_EVENT=playing → track change (stream connected, skipping webhook)
2026-05-03T02:05:52Z PLAYER_EVENT=preload_next ignored
2026-05-03T02:05:53Z PLAYER_EVENT=preloading ignored
2026-05-03T02:06:20Z PLAYER_EVENT=end_of_track → end_of_track (flagged for next play_request_id_changed)
2026-05-03T02:06:20Z PLAYER_EVENT=play_request_id_changed → play_request_id_changed after end_of_track (track skip, ignoring)
2026-05-03T02:06:20Z PLAYER_EVENT=track_changed ignored
2026-05-03T02:06:20Z PLAYER_EVENT=playing → track change (stream connected, skipping webhook)
2026-05-03T02:09:12Z PLAYER_EVENT=preload_next ignored
2026-05-03T02:09:13Z PLAYER_EVENT=preloading ignored
2026-05-03T02:09:40Z PLAYER_EVENT=end_of_track → end_of_track (flagged for next play_request_id_changed)
2026-05-03T02:09:40Z PLAYER_EVENT=play_request_id_changed → play_request_id_changed after end_of_track (track skip, ignoring)
2026-05-03T02:09:40Z PLAYER_EVENT=track_changed ignored
2026-05-03T02:09:40Z PLAYER_EVENT=playing → track change (stream connected, skipping webhook)
2026-05-03T02:13:52Z PLAYER_EVENT=preload_next ignored
2026-05-03T02:13:53Z PLAYER_EVENT=preloading ignored
2026-05-03T02:14:20Z PLAYER_EVENT=end_of_track → end_of_track (flagged for next play_request_id_changed)
2026-05-03T02:14:20Z PLAYER_EVENT=play_request_id_changed → play_request_id_changed after end_of_track (track skip, ignoring)
2026-05-03T02:14:20Z PLAYER_EVENT=track_changed ignored
2026-05-03T02:14:20Z PLAYER_EVENT=playing → track change (stream connected, skipping webhook)
2026-05-03T02:19:33Z PLAYER_EVENT=preload_next ignored
2026-05-03T02:19:34Z PLAYER_EVENT=preloading ignored
2026-05-03T02:20:02Z PLAYER_EVENT=end_of_track → end_of_track (flagged for next play_request_id_changed)
2026-05-03T02:20:02Z PLAYER_EVENT=play_request_id_changed → play_request_id_changed after end_of_track (track skip, ignoring)
2026-05-03T02:20:02Z PLAYER_EVENT=track_changed ignored
2026-05-03T02:20:02Z PLAYER_EVENT=playing → track change (stream connected, skipping webhook)
2026-05-03T02:23:29Z PLAYER_EVENT=preload_next ignored
2026-05-03T02:23:31Z PLAYER_EVENT=preloading ignored
2026-05-03T02:23:58Z PLAYER_EVENT=end_of_track → end_of_track (flagged for next play_request_id_changed)
2026-05-03T02:23:58Z PLAYER_EVENT=play_request_id_changed → play_request_id_changed after end_of_track (track skip, ignoring)
2026-05-03T02:23:58Z PLAYER_EVENT=track_changed ignored
2026-05-03T02:23:58Z PLAYER_EVENT=playing → track change (stream connected, skipping webhook)
2026-05-03T02:26:45Z PLAYER_EVENT=preload_next ignored
2026-05-03T02:26:46Z PLAYER_EVENT=preloading ignored
2026-05-03T02:27:14Z PLAYER_EVENT=end_of_track → end_of_track (flagged for next play_request_id_changed)
2026-05-03T02:27:14Z PLAYER_EVENT=play_request_id_changed → play_request_id_changed after end_of_track (track skip, ignoring)
2026-05-03T02:27:14Z PLAYER_EVENT=track_changed ignored
2026-05-03T02:27:14Z PLAYER_EVENT=playing → track change (stream connected, skipping webhook)
2026-05-03T02:31:15Z PLAYER_EVENT=preload_next ignored
2026-05-03T02:31:16Z PLAYER_EVENT=preloading ignored
2026-05-03T02:31:43Z PLAYER_EVENT=end_of_track → end_of_track (flagged for next play_request_id_changed)
2026-05-03T02:31:43Z PLAYER_EVENT=play_request_id_changed → play_request_id_changed after end_of_track (track skip, ignoring)
2026-05-03T02:31:43Z PLAYER_EVENT=track_changed ignored
2026-05-03T02:31:43Z PLAYER_EVENT=playing → track change (stream connected, skipping webhook)
2026-05-03T02:35:35Z PLAYER_EVENT=preload_next ignored
2026-05-03T02:35:36Z PLAYER_EVENT=preloading ignored
2026-05-03T02:36:04Z PLAYER_EVENT=end_of_track → end_of_track (flagged for next play_request_id_changed)
2026-05-03T02:36:04Z PLAYER_EVENT=play_request_id_changed → play_request_id_changed after end_of_track (track skip, ignoring)
2026-05-03T02:36:04Z PLAYER_EVENT=track_changed ignored
2026-05-03T02:36:04Z PLAYER_EVENT=playing → track change (stream connected, skipping webhook)
2026-05-03T02:39:03Z PLAYER_EVENT=preload_next ignored
2026-05-03T02:39:04Z PLAYER_EVENT=preloading ignored
2026-05-03T02:39:31Z PLAYER_EVENT=end_of_track → end_of_track (flagged for next play_request_id_changed)
2026-05-03T02:39:31Z PLAYER_EVENT=play_request_id_changed → play_request_id_changed after end_of_track (track skip, ignoring)
2026-05-03T02:39:31Z PLAYER_EVENT=track_changed ignored
2026-05-03T02:39:31Z PLAYER_EVENT=playing → track change (stream connected, skipping webhook)
2026-05-03T02:42:04Z PLAYER_EVENT=preload_next ignored
2026-05-03T02:42:05Z PLAYER_EVENT=preloading ignored
2026-05-03T02:42:32Z PLAYER_EVENT=end_of_track → end_of_track (flagged for next play_request_id_changed)
2026-05-03T02:42:32Z PLAYER_EVENT=play_request_id_changed → play_request_id_changed after end_of_track (track skip, ignoring)
2026-05-03T02:42:32Z PLAYER_EVENT=track_changed ignored
2026-05-03T02:42:32Z PLAYER_EVENT=playing → track change (stream connected, skipping webhook)
2026-05-03T02:46:08Z PLAYER_EVENT=preload_next ignored
2026-05-03T02:46:09Z PLAYER_EVENT=preloading ignored
2026-05-03T02:46:36Z PLAYER_EVENT=end_of_track → end_of_track (flagged for next play_request_id_changed)
2026-05-03T02:46:36Z PLAYER_EVENT=play_request_id_changed → play_request_id_changed after end_of_track (track skip, ignoring)
2026-05-03T02:46:36Z PLAYER_EVENT=track_changed ignored
2026-05-03T02:46:36Z PLAYER_EVENT=playing → track change (stream connected, skipping webhook)
2026-05-03T02:49:48Z PLAYER_EVENT=play_request_id_changed → play_request_id_changed while playing (stream live, ignoring)
2026-05-03T02:49:48Z PLAYER_EVENT=loading ignored
2026-05-03T02:49:49Z PLAYER_EVENT=track_changed ignored
2026-05-03T02:49:49Z PLAYER_EVENT=playing → track change (stream connected, skipping webhook)
2026-05-03T02:52:19Z PLAYER_EVENT=preload_next ignored
2026-05-03T02:52:20Z PLAYER_EVENT=preloading ignored
2026-05-03T02:52:48Z PLAYER_EVENT=end_of_track → end_of_track (flagged for next play_request_id_changed)
2026-05-03T02:52:48Z PLAYER_EVENT=play_request_id_changed → play_request_id_changed after end_of_track (track skip, ignoring)
2026-05-03T02:52:48Z PLAYER_EVENT=track_changed ignored
2026-05-03T02:52:48Z PLAYER_EVENT=playing → track change (stream connected, skipping webhook)
2026-05-03T02:53:07Z PLAYER_EVENT=play_request_id_changed → play_request_id_changed while playing (stream live, ignoring)
2026-05-03T02:53:07Z PLAYER_EVENT=loading ignored
2026-05-03T02:53:08Z PLAYER_EVENT=track_changed ignored
2026-05-03T02:53:08Z PLAYER_EVENT=playing → track change (stream connected, skipping webhook)
2026-05-03T02:53:32Z PLAYER_EVENT=paused → paused, debouncing (3s)
2026-05-03T02:53:35Z PLAYER_EVENT=paused → notifying HA: librespot_stopped (paused)
2026-05-03T02:53:45Z PLAYER_EVENT=play_request_id_changed → reset state to stopped (fresh play request, stream was not live)
2026-05-03T02:53:46Z PLAYER_EVENT=loading ignored
2026-05-03T02:53:46Z PLAYER_EVENT=track_changed ignored
2026-05-03T02:53:46Z PLAYER_EVENT=playing → notifying HA: librespot_playing
2026-05-03T02:53:49Z PLAYER_EVENT=play_request_id_changed → play_request_id_changed while playing (stream live, ignoring)
2026-05-03T02:53:49Z PLAYER_EVENT=track_changed ignored
2026-05-03T02:53:49Z PLAYER_EVENT=playing → track change (stream connected, skipping webhook)
2026-05-03T02:55:31Z PLAYER_EVENT=preload_next ignored
2026-05-03T02:55:33Z PLAYER_EVENT=preloading ignored
2026-05-03T02:56:00Z PLAYER_EVENT=end_of_track → end_of_track (flagged for next play_request_id_changed)
2026-05-03T02:56:00Z PLAYER_EVENT=play_request_id_changed → play_request_id_changed after end_of_track (track skip, ignoring)
2026-05-03T02:56:00Z PLAYER_EVENT=track_changed ignored
2026-05-03T02:56:00Z PLAYER_EVENT=playing → track change (stream connected, skipping webhook)
2026-05-03T02:58:09Z PLAYER_EVENT=preload_next ignored
2026-05-03T02:58:10Z PLAYER_EVENT=preloading ignored
2026-05-03T02:58:10Z PLAYER_EVENT=play_request_id_changed → play_request_id_changed while playing (stream live, ignoring)
2026-05-03T02:58:10Z PLAYER_EVENT=loading ignored
2026-05-03T02:58:11Z PLAYER_EVENT=track_changed ignored
2026-05-03T02:58:11Z PLAYER_EVENT=playing → track change (stream connected, skipping webhook)
2026-05-03T02:58:17Z PLAYER_EVENT=play_request_id_changed → play_request_id_changed while playing (stream live, ignoring)
2026-05-03T02:58:17Z PLAYER_EVENT=track_changed ignored
2026-05-03T02:58:17Z PLAYER_EVENT=playing → track change (stream connected, skipping webhook)
2026-05-03T02:58:24Z PLAYER_EVENT=play_request_id_changed → play_request_id_changed while playing (stream live, ignoring)
2026-05-03T02:58:24Z PLAYER_EVENT=track_changed ignored
2026-05-03T02:58:24Z PLAYER_EVENT=playing → track change (stream connected, skipping webhook)
2026-05-03T03:01:34Z PLAYER_EVENT=preload_next ignored
2026-05-03T03:01:36Z PLAYER_EVENT=preloading ignored
2026-05-03T03:02:03Z PLAYER_EVENT=end_of_track → end_of_track (flagged for next play_request_id_changed)
2026-05-03T03:02:03Z PLAYER_EVENT=play_request_id_changed → play_request_id_changed after end_of_track (track skip, ignoring)
2026-05-03T03:02:03Z PLAYER_EVENT=track_changed ignored
2026-05-03T03:02:03Z PLAYER_EVENT=playing → track change (stream connected, skipping webhook)
2026-05-03T03:02:36Z PLAYER_EVENT=paused → paused, debouncing (3s)
2026-05-03T03:02:40Z PLAYER_EVENT=paused → notifying HA: librespot_stopped (paused)
2026-05-03T03:03:01Z PLAYER_EVENT=play_request_id_changed → reset state to stopped (fresh play request, stream was not live)
2026-05-03T03:03:01Z PLAYER_EVENT=loading ignored
2026-05-03T03:03:02Z PLAYER_EVENT=track_changed ignored
2026-05-03T03:03:02Z PLAYER_EVENT=playing → notifying HA: librespot_playing
2026-05-03T03:05:35Z PLAYER_EVENT=preload_next ignored
2026-05-03T03:05:37Z PLAYER_EVENT=preloading ignored
2026-05-03T03:06:04Z PLAYER_EVENT=end_of_track → end_of_track (flagged for next play_request_id_changed)
2026-05-03T03:06:04Z PLAYER_EVENT=play_request_id_changed → play_request_id_changed after end_of_track (track skip, ignoring)
2026-05-03T03:06:04Z PLAYER_EVENT=track_changed ignored
2026-05-03T03:06:04Z PLAYER_EVENT=playing → track change (stream connected, skipping webhook)
2026-05-03T03:08:23Z PLAYER_EVENT=preload_next ignored
2026-05-03T03:08:24Z PLAYER_EVENT=preloading ignored
2026-05-03T03:08:52Z PLAYER_EVENT=end_of_track → end_of_track (flagged for next play_request_id_changed)
2026-05-03T03:08:52Z PLAYER_EVENT=play_request_id_changed → play_request_id_changed after end_of_track (track skip, ignoring)
2026-05-03T03:08:52Z PLAYER_EVENT=track_changed ignored
2026-05-03T03:08:52Z PLAYER_EVENT=playing → track change (stream connected, skipping webhook)
2026-05-03T03:09:26Z PLAYER_EVENT=play_request_id_changed → play_request_id_changed while playing (stream live, ignoring)
2026-05-03T03:09:26Z PLAYER_EVENT=loading ignored
2026-05-03T03:09:26Z PLAYER_EVENT=track_changed ignored
2026-05-03T03:09:26Z PLAYER_EVENT=playing → track change (stream connected, skipping webhook)
2026-05-03T03:09:29Z PLAYER_EVENT=play_request_id_changed → play_request_id_changed while playing (stream live, ignoring)
2026-05-03T03:09:29Z PLAYER_EVENT=loading ignored
2026-05-03T03:09:30Z PLAYER_EVENT=track_changed ignored
2026-05-03T03:09:30Z PLAYER_EVENT=playing → track change (stream connected, skipping webhook)
2026-05-03T03:09:31Z PLAYER_EVENT=paused → paused, debouncing (3s)
2026-05-03T03:09:34Z PLAYER_EVENT=paused → notifying HA: librespot_stopped (paused)
2026-05-03T03:09:41Z PLAYER_EVENT=play_request_id_changed → reset state to stopped (fresh play request, stream was not live)
2026-05-03T03:09:41Z PLAYER_EVENT=loading ignored
2026-05-03T03:09:41Z PLAYER_EVENT=track_changed ignored
2026-05-03T03:09:41Z PLAYER_EVENT=playing → notifying HA: librespot_playing
2026-05-03T03:12:45Z PLAYER_EVENT=preload_next ignored
2026-05-03T03:12:48Z PLAYER_EVENT=preloading ignored
2026-05-03T03:13:14Z PLAYER_EVENT=end_of_track → end_of_track (flagged for next play_request_id_changed)
2026-05-03T03:13:14Z PLAYER_EVENT=play_request_id_changed → play_request_id_changed after end_of_track (track skip, ignoring)
2026-05-03T03:13:14Z PLAYER_EVENT=track_changed ignored
2026-05-03T03:13:14Z PLAYER_EVENT=playing → track change (stream connected, skipping webhook)
2026-05-03T03:16:35Z PLAYER_EVENT=preload_next ignored
2026-05-03T03:16:36Z PLAYER_EVENT=preloading ignored
2026-05-03T03:17:03Z PLAYER_EVENT=end_of_track → end_of_track (flagged for next play_request_id_changed)
2026-05-03T03:17:03Z PLAYER_EVENT=play_request_id_changed → play_request_id_changed after end_of_track (track skip, ignoring)
2026-05-03T03:17:03Z PLAYER_EVENT=track_changed ignored
2026-05-03T03:17:03Z PLAYER_EVENT=playing → track change (stream connected, skipping webhook)
2026-05-03T03:19:49Z PLAYER_EVENT=preload_next ignored
2026-05-03T03:19:50Z PLAYER_EVENT=preloading ignored
2026-05-03T03:20:18Z PLAYER_EVENT=end_of_track → end_of_track (flagged for next play_request_id_changed)
2026-05-03T03:20:18Z PLAYER_EVENT=play_request_id_changed → play_request_id_changed after end_of_track (track skip, ignoring)
2026-05-03T03:20:18Z PLAYER_EVENT=track_changed ignored
2026-05-03T03:20:18Z PLAYER_EVENT=playing → track change (stream connected, skipping webhook)
2026-05-03T03:22:35Z PLAYER_EVENT=preload_next ignored
2026-05-03T03:22:37Z PLAYER_EVENT=preloading ignored
2026-05-03T03:23:04Z PLAYER_EVENT=end_of_track → end_of_track (flagged for next play_request_id_changed)
2026-05-03T03:23:04Z PLAYER_EVENT=play_request_id_changed → play_request_id_changed after end_of_track (track skip, ignoring)
2026-05-03T03:23:04Z PLAYER_EVENT=track_changed ignored
2026-05-03T03:23:04Z PLAYER_EVENT=playing → track change (stream connected, skipping webhook)
2026-05-03T03:24:14Z PLAYER_EVENT=play_request_id_changed → play_request_id_changed while playing (stream live, ignoring)
2026-05-03T03:24:14Z PLAYER_EVENT=loading ignored
2026-05-03T03:24:15Z PLAYER_EVENT=track_changed ignored
2026-05-03T03:24:15Z PLAYER_EVENT=playing → track change (stream connected, skipping webhook)
2026-05-03T03:27:17Z PLAYER_EVENT=preload_next ignored
2026-05-03T03:27:18Z PLAYER_EVENT=preloading ignored
2026-05-03T03:27:45Z PLAYER_EVENT=end_of_track → end_of_track (flagged for next play_request_id_changed)
2026-05-03T03:27:45Z PLAYER_EVENT=play_request_id_changed → play_request_id_changed after end_of_track (track skip, ignoring)
2026-05-03T03:27:45Z PLAYER_EVENT=track_changed ignored
2026-05-03T03:27:45Z PLAYER_EVENT=playing → track change (stream connected, skipping webhook)
2026-05-03T03:30:18Z PLAYER_EVENT=preload_next ignored
2026-05-03T03:30:19Z PLAYER_EVENT=preloading ignored
2026-05-03T03:30:46Z PLAYER_EVENT=end_of_track → end_of_track (flagged for next play_request_id_changed)
2026-05-03T03:30:46Z PLAYER_EVENT=play_request_id_changed → play_request_id_changed after end_of_track (track skip, ignoring)
2026-05-03T03:30:46Z PLAYER_EVENT=track_changed ignored
2026-05-03T03:30:46Z PLAYER_EVENT=playing → track change (stream connected, skipping webhook)
2026-05-03T03:33:20Z PLAYER_EVENT=preload_next ignored
2026-05-03T03:33:21Z PLAYER_EVENT=preloading ignored
2026-05-03T03:33:49Z PLAYER_EVENT=end_of_track → end_of_track (flagged for next play_request_id_changed)
2026-05-03T03:33:49Z PLAYER_EVENT=play_request_id_changed → play_request_id_changed after end_of_track (track skip, ignoring)
2026-05-03T03:33:49Z PLAYER_EVENT=track_changed ignored
2026-05-03T03:33:49Z PLAYER_EVENT=playing → track change (stream connected, skipping webhook)
2026-05-03T03:36:46Z PLAYER_EVENT=preload_next ignored
2026-05-03T03:36:47Z PLAYER_EVENT=preloading ignored
2026-05-03T03:37:15Z PLAYER_EVENT=end_of_track → end_of_track (flagged for next play_request_id_changed)
2026-05-03T03:37:15Z PLAYER_EVENT=play_request_id_changed → play_request_id_changed after end_of_track (track skip, ignoring)
2026-05-03T03:37:15Z PLAYER_EVENT=track_changed ignored
2026-05-03T03:37:15Z PLAYER_EVENT=playing → track change (stream connected, skipping webhook)
2026-05-03T03:39:59Z PLAYER_EVENT=preload_next ignored
2026-05-03T03:40:00Z PLAYER_EVENT=preloading ignored
2026-05-03T03:40:27Z PLAYER_EVENT=end_of_track → end_of_track (flagged for next play_request_id_changed)
2026-05-03T03:40:27Z PLAYER_EVENT=play_request_id_changed → play_request_id_changed after end_of_track (track skip, ignoring)
2026-05-03T03:40:27Z PLAYER_EVENT=track_changed ignored
2026-05-03T03:40:27Z PLAYER_EVENT=playing → track change (stream connected, skipping webhook)
2026-05-03T03:43:16Z PLAYER_EVENT=preload_next ignored
2026-05-03T03:43:17Z PLAYER_EVENT=preloading ignored
2026-05-03T03:43:44Z PLAYER_EVENT=end_of_track → end_of_track (flagged for next play_request_id_changed)
2026-05-03T03:43:44Z PLAYER_EVENT=play_request_id_changed → play_request_id_changed after end_of_track (track skip, ignoring)
2026-05-03T03:43:44Z PLAYER_EVENT=track_changed ignored
2026-05-03T03:43:44Z PLAYER_EVENT=playing → track change (stream connected, skipping webhook)
2026-05-03T03:47:48Z PLAYER_EVENT=preload_next ignored
2026-05-03T03:47:49Z PLAYER_EVENT=preloading ignored
2026-05-03T03:48:16Z PLAYER_EVENT=end_of_track → end_of_track (flagged for next play_request_id_changed)
2026-05-03T03:48:16Z PLAYER_EVENT=play_request_id_changed → play_request_id_changed after end_of_track (track skip, ignoring)
2026-05-03T03:48:17Z PLAYER_EVENT=track_changed ignored
2026-05-03T03:48:17Z PLAYER_EVENT=playing → track change (stream connected, skipping webhook)
2026-05-03T03:50:18Z PLAYER_EVENT=preload_next ignored
2026-05-03T03:50:19Z PLAYER_EVENT=preloading ignored
2026-05-03T03:50:46Z PLAYER_EVENT=end_of_track → end_of_track (flagged for next play_request_id_changed)
2026-05-03T03:50:46Z PLAYER_EVENT=play_request_id_changed → play_request_id_changed after end_of_track (track skip, ignoring)
2026-05-03T03:50:46Z PLAYER_EVENT=track_changed ignored
2026-05-03T03:50:46Z PLAYER_EVENT=playing → track change (stream connected, skipping webhook)
2026-05-03T03:53:15Z PLAYER_EVENT=preload_next ignored
2026-05-03T03:53:17Z PLAYER_EVENT=preloading ignored
2026-05-03T03:53:44Z PLAYER_EVENT=end_of_track → end_of_track (flagged for next play_request_id_changed)
2026-05-03T03:53:44Z PLAYER_EVENT=play_request_id_changed → play_request_id_changed after end_of_track (track skip, ignoring)
2026-05-03T03:53:44Z PLAYER_EVENT=track_changed ignored
2026-05-03T03:53:44Z PLAYER_EVENT=playing → track change (stream connected, skipping webhook)
2026-05-03T03:56:03Z PLAYER_EVENT=preload_next ignored
2026-05-03T03:56:04Z PLAYER_EVENT=preloading ignored
2026-05-03T03:56:31Z PLAYER_EVENT=end_of_track → end_of_track (flagged for next play_request_id_changed)
2026-05-03T03:56:31Z PLAYER_EVENT=play_request_id_changed → play_request_id_changed after end_of_track (track skip, ignoring)
2026-05-03T03:56:31Z PLAYER_EVENT=track_changed ignored
2026-05-03T03:56:31Z PLAYER_EVENT=playing → track change (stream connected, skipping webhook)
2026-05-03T03:58:54Z PLAYER_EVENT=preload_next ignored
2026-05-03T03:58:55Z PLAYER_EVENT=preloading ignored
2026-05-03T03:59:23Z PLAYER_EVENT=end_of_track → end_of_track (flagged for next play_request_id_changed)
2026-05-03T03:59:23Z PLAYER_EVENT=play_request_id_changed → play_request_id_changed after end_of_track (track skip, ignoring)
2026-05-03T03:59:23Z PLAYER_EVENT=track_changed ignored
2026-05-03T03:59:23Z PLAYER_EVENT=playing → track change (stream connected, skipping webhook)
2026-05-03T03:59:57Z PLAYER_EVENT=play_request_id_changed → play_request_id_changed while playing (stream live, ignoring)
2026-05-03T03:59:57Z PLAYER_EVENT=loading ignored
2026-05-03T03:59:58Z PLAYER_EVENT=track_changed ignored
2026-05-03T03:59:58Z PLAYER_EVENT=playing → track change (stream connected, skipping webhook)
2026-05-03T04:00:49Z PLAYER_EVENT=session_disconnected → reset state to stopped (new session)
2026-05-03T04:00:49Z PLAYER_EVENT=stopped → stopped, debouncing (5s)
2026-05-03T04:00:54Z PLAYER_EVENT=stopped → notifying HA: librespot_stopped
2026-05-03T04:00:54Z PLAYER_EVENT=session_connected → reset state to stopped (new session)
2026-05-03T04:00:54Z PLAYER_EVENT=session_client_changed ignored
2026-05-03T04:00:54Z PLAYER_EVENT=volume_changed ignored
2026-05-03T04:00:54Z PLAYER_EVENT=auto_play_changed ignored
2026-05-03T04:00:54Z PLAYER_EVENT=filter_explicit_content_changed ignored
2026-05-03T04:00:54Z PLAYER_EVENT=shuffle_changed ignored
2026-05-03T04:00:54Z PLAYER_EVENT=repeat_changed ignored
2026-05-03T04:00:54Z PLAYER_EVENT=play_request_id_changed → reset state to stopped (fresh play request, stream was not live)
2026-05-03T04:00:54Z PLAYER_EVENT=loading ignored
2026-05-03T04:00:55Z PLAYER_EVENT=track_changed ignored
2026-05-03T04:00:55Z PLAYER_EVENT=playing → notifying HA: librespot_playing
2026-05-03T04:03:36Z PLAYER_EVENT=preload_next ignored
2026-05-03T04:03:42Z PLAYER_EVENT=session_disconnected → reset state to stopped (new session)
2026-05-03T04:03:42Z PLAYER_EVENT=stopped → stopped, debouncing (5s)
2026-05-03T04:03:47Z PLAYER_EVENT=stopped → notifying HA: librespot_stopped
2026-05-03T04:03:47Z PLAYER_EVENT=session_connected → reset state to stopped (new session)
2026-05-03T04:03:47Z PLAYER_EVENT=session_client_changed ignored
2026-05-03T04:03:47Z PLAYER_EVENT=volume_changed ignored
2026-05-03T04:03:48Z PLAYER_EVENT=auto_play_changed ignored
2026-05-03T04:03:48Z PLAYER_EVENT=filter_explicit_content_changed ignored
2026-05-03T04:03:48Z PLAYER_EVENT=shuffle_changed ignored
2026-05-03T04:03:48Z PLAYER_EVENT=repeat_changed ignored
2026-05-03T04:03:48Z PLAYER_EVENT=play_request_id_changed → reset state to stopped (fresh play request, stream was not live)
2026-05-03T04:03:48Z PLAYER_EVENT=loading ignored
2026-05-03T04:03:48Z PLAYER_EVENT=track_changed ignored
2026-05-03T04:03:48Z PLAYER_EVENT=playing → notifying HA: librespot_playing
2026-05-03T04:03:48Z PLAYER_EVENT=preload_next ignored
2026-05-03T04:03:50Z PLAYER_EVENT=seeked ignored
2026-05-03T04:03:52Z PLAYER_EVENT=paused → paused, debouncing (3s)
2026-05-03T04:03:55Z PLAYER_EVENT=paused → notifying HA: librespot_stopped (paused)
2026-05-03T04:06:20Z PLAYER_EVENT=play_request_id_changed → reset state to stopped (fresh play request, stream was not live)
2026-05-03T04:06:20Z PLAYER_EVENT=loading ignored
2026-05-03T04:06:32Z PLAYER_EVENT=track_changed ignored
2026-05-03T04:06:32Z PLAYER_EVENT=playing → notifying HA: librespot_playing
2026-05-03T04:07:57Z PLAYER_EVENT=paused → paused, debouncing (3s)
2026-05-03T04:08:00Z PLAYER_EVENT=paused → notifying HA: librespot_stopped (paused)
2026-05-03T04:08:00Z PLAYER_EVENT=session_disconnected → reset state to stopped (new session)
2026-05-03T04:08:04Z PLAYER_EVENT=session_disconnected → reset state to stopped (new session)
2026-05-03T04:08:11Z PLAYER_EVENT=session_disconnected → reset state to stopped (new session)
2026-05-03T04:08:17Z PLAYER_EVENT=session_disconnected → reset state to stopped (new session)
2026-05-03T04:08:24Z PLAYER_EVENT=session_disconnected → reset state to stopped (new session)
2026-05-03T04:08:31Z PLAYER_EVENT=session_disconnected → reset state to stopped (new session)
2026-05-03T04:08:38Z PLAYER_EVENT=session_disconnected → reset state to stopped (new session)
2026-05-03T04:08:45Z PLAYER_EVENT=session_disconnected → reset state to stopped (new session)
2026-05-03T04:08:51Z PLAYER_EVENT=session_disconnected → reset state to stopped (new session)
2026-05-03T04:08:58Z PLAYER_EVENT=session_disconnected → reset state to stopped (new session)
2026-05-03T04:09:05Z PLAYER_EVENT=session_disconnected → reset state to stopped (new session)
2026-05-03T04:09:11Z PLAYER_EVENT=session_disconnected → reset state to stopped (new session)
2026-05-03T04:09:18Z PLAYER_EVENT=session_disconnected → reset state to stopped (new session)
2026-05-03T04:09:25Z PLAYER_EVENT=session_disconnected → reset state to stopped (new session)
2026-05-03T04:09:32Z PLAYER_EVENT=session_disconnected → reset state to stopped (new session)
2026-05-03T04:09:39Z PLAYER_EVENT=session_disconnected → reset state to stopped (new session)
2026-05-03T04:09:45Z PLAYER_EVENT=session_disconnected → reset state to stopped (new session)
2026-05-03T04:09:52Z PLAYER_EVENT=session_disconnected → reset state to stopped (new session)
2026-05-03T04:09:59Z PLAYER_EVENT=session_disconnected → reset state to stopped (new session)
2026-05-03T04:10:06Z PLAYER_EVENT=session_disconnected → reset state to stopped (new session)
2026-05-03T04:10:13Z PLAYER_EVENT=session_disconnected → reset state to stopped (new session)
2026-05-03T04:10:20Z PLAYER_EVENT=session_disconnected → reset state to stopped (new session)
2026-05-03T04:10:26Z PLAYER_EVENT=session_disconnected → reset state to stopped (new session)
2026-05-03T04:10:33Z PLAYER_EVENT=session_disconnected → reset state to stopped (new session)
2026-05-03T04:10:40Z PLAYER_EVENT=session_disconnected → reset state to stopped (new session)
2026-05-03T04:10:47Z PLAYER_EVENT=session_disconnected → reset state to stopped (new session)
2026-05-03T04:10:53Z PLAYER_EVENT=session_disconnected → reset state to stopped (new session)
2026-05-03T04:11:00Z PLAYER_EVENT=session_disconnected → reset state to stopped (new session)
2026-05-03T04:11:07Z PLAYER_EVENT=session_disconnected → reset state to stopped (new session)
2026-05-03T04:11:13Z PLAYER_EVENT=session_disconnected → reset state to stopped (new session)
2026-05-03T04:11:20Z PLAYER_EVENT=session_disconnected → reset state to stopped (new session)
2026-05-03T04:11:27Z PLAYER_EVENT=session_disconnected → reset state to stopped (new session)
2026-05-03T04:11:34Z PLAYER_EVENT=session_disconnected → reset state to stopped (new session)
2026-05-03T04:11:41Z PLAYER_EVENT=session_disconnected → reset state to stopped (new session)
2026-05-03T04:11:48Z PLAYER_EVENT=session_disconnected → reset state to stopped (new session)
2026-05-03T04:11:54Z PLAYER_EVENT=session_disconnected → reset state to stopped (new session)
2026-05-03T04:12:01Z PLAYER_EVENT=session_disconnected → reset state to stopped (new session)
2026-05-03T04:12:08Z PLAYER_EVENT=session_disconnected → reset state to stopped (new session)
2026-05-03T04:12:15Z PLAYER_EVENT=session_disconnected → reset state to stopped (new session)
2026-05-03T04:12:22Z PLAYER_EVENT=session_disconnected → reset state to stopped (new session)
2026-05-03T04:12:28Z PLAYER_EVENT=session_disconnected → reset state to stopped (new session)
2026-05-03T04:12:35Z PLAYER_EVENT=session_disconnected → reset state to stopped (new session)
2026-05-03T04:12:42Z PLAYER_EVENT=session_disconnected → reset state to stopped (new session)
2026-05-03T04:12:48Z PLAYER_EVENT=session_disconnected → reset state to stopped (new session)
2026-05-03T04:12:55Z PLAYER_EVENT=session_disconnected → reset state to stopped (new session)
2026-05-03T04:13:02Z PLAYER_EVENT=session_disconnected → reset state to stopped (new session)
2026-05-03T04:13:09Z PLAYER_EVENT=session_disconnected → reset state to stopped (new session)
2026-05-03T04:13:15Z PLAYER_EVENT=session_disconnected → reset state to stopped (new session)
2026-05-03T04:13:22Z PLAYER_EVENT=session_disconnected → reset state to stopped (new session)
2026-05-03T04:13:29Z PLAYER_EVENT=session_disconnected → reset state to stopped (new session)
2026-05-03T04:13:36Z PLAYER_EVENT=session_disconnected → reset state to stopped (new session)
2026-05-03T04:13:42Z PLAYER_EVENT=session_disconnected → reset state to stopped (new session)
2026-05-03T04:13:49Z PLAYER_EVENT=session_disconnected → reset state to stopped (new session)
2026-05-03T04:13:56Z PLAYER_EVENT=session_disconnected → reset state to stopped (new session)
2026-05-03T04:14:02Z PLAYER_EVENT=session_disconnected → reset state to stopped (new session)
2026-05-03T04:14:09Z PLAYER_EVENT=session_disconnected → reset state to stopped (new session)
2026-05-03T04:14:11Z PLAYER_EVENT=session_connected → reset state to stopped (new session)
2026-05-03T04:14:11Z PLAYER_EVENT=session_client_changed ignored
2026-05-03T04:14:11Z PLAYER_EVENT=volume_changed ignored
2026-05-03T04:14:11Z PLAYER_EVENT=auto_play_changed ignored
2026-05-03T04:14:11Z PLAYER_EVENT=filter_explicit_content_changed ignored
2026-05-03T04:14:11Z PLAYER_EVENT=shuffle_changed ignored
2026-05-03T04:14:11Z PLAYER_EVENT=repeat_changed ignored
2026-05-03T04:14:11Z PLAYER_EVENT=play_request_id_changed → reset state to stopped (fresh play request, stream was not live)
2026-05-03T04:14:11Z PLAYER_EVENT=loading ignored
2026-05-03T04:14:12Z PLAYER_EVENT=track_changed ignored
2026-05-03T04:14:12Z PLAYER_EVENT=playing → notifying HA: librespot_playing
2026-05-03T04:14:23Z PLAYER_EVENT=paused → paused, debouncing (3s)
2026-05-03T04:14:26Z PLAYER_EVENT=paused → notifying HA: librespot_stopped (paused)
2026-05-03T04:14:26Z PLAYER_EVENT=session_disconnected → reset state to stopped (new session)
2026-05-03T04:14:26Z PLAYER_EVENT=session_connected → reset state to stopped (new session)
2026-05-03T04:14:26Z PLAYER_EVENT=session_client_changed ignored
2026-05-03T04:14:26Z PLAYER_EVENT=volume_changed ignored
2026-05-03T04:14:26Z PLAYER_EVENT=auto_play_changed ignored
2026-05-03T04:14:26Z PLAYER_EVENT=filter_explicit_content_changed ignored
2026-05-03T04:14:26Z PLAYER_EVENT=shuffle_changed ignored
2026-05-03T04:14:26Z PLAYER_EVENT=repeat_changed ignored
2026-05-03T04:14:26Z PLAYER_EVENT=play_request_id_changed → reset state to stopped (fresh play request, stream was not live)
2026-05-03T04:14:26Z PLAYER_EVENT=track_changed ignored
2026-05-03T04:14:26Z PLAYER_EVENT=paused → paused, debouncing (3s)
2026-05-03T04:14:29Z PLAYER_EVENT=paused → notifying HA: librespot_stopped (paused)
2026-05-03T04:14:29Z PLAYER_EVENT=playing → notifying HA: librespot_playing
2026-05-03T04:15:39Z PLAYER_EVENT=paused → paused, debouncing (3s)
2026-05-03T04:15:42Z PLAYER_EVENT=paused → notifying HA: librespot_stopped (paused)
2026-05-03T04:15:55Z PLAYER_EVENT=session_disconnected → reset state to stopped (new session)
2026-05-03T04:15:55Z PLAYER_EVENT=stopped → stopped, debouncing (5s)
2026-05-03T04:16:00Z PLAYER_EVENT=stopped → notifying HA: librespot_stopped
2026-05-03T04:16:00Z PLAYER_EVENT=session_connected → reset state to stopped (new session)
2026-05-03T04:16:00Z PLAYER_EVENT=session_client_changed ignored
2026-05-03T04:16:00Z PLAYER_EVENT=volume_changed ignored
2026-05-03T04:16:00Z PLAYER_EVENT=auto_play_changed ignored
2026-05-03T04:16:00Z PLAYER_EVENT=filter_explicit_content_changed ignored
2026-05-03T04:16:00Z PLAYER_EVENT=shuffle_changed ignored
2026-05-03T04:16:00Z PLAYER_EVENT=repeat_changed ignored
2026-05-03T04:16:00Z PLAYER_EVENT=play_request_id_changed → reset state to stopped (fresh play request, stream was not live)
2026-05-03T04:16:00Z PLAYER_EVENT=loading ignored
2026-05-03T04:16:00Z PLAYER_EVENT=session_connected → reset state to stopped (new session)
2026-05-03T04:16:00Z PLAYER_EVENT=session_client_changed ignored
2026-05-03T04:16:00Z PLAYER_EVENT=volume_changed ignored
2026-05-03T04:16:00Z PLAYER_EVENT=auto_play_changed ignored
2026-05-03T04:16:00Z PLAYER_EVENT=filter_explicit_content_changed ignored
2026-05-03T04:16:00Z PLAYER_EVENT=shuffle_changed ignored
2026-05-03T04:16:00Z PLAYER_EVENT=repeat_changed ignored
2026-05-03T04:16:00Z PLAYER_EVENT=play_request_id_changed → reset state to stopped (fresh play request, stream was not live)
2026-05-03T04:16:00Z PLAYER_EVENT=loading ignored
2026-05-03T04:16:00Z PLAYER_EVENT=session_connected → reset state to stopped (new session)
2026-05-03T04:16:00Z PLAYER_EVENT=session_client_changed ignored
2026-05-03T04:16:00Z PLAYER_EVENT=volume_changed ignored
2026-05-03T04:16:01Z PLAYER_EVENT=auto_play_changed ignored
2026-05-03T04:16:01Z PLAYER_EVENT=filter_explicit_content_changed ignored
2026-05-03T04:16:01Z PLAYER_EVENT=shuffle_changed ignored
2026-05-03T04:16:01Z PLAYER_EVENT=repeat_changed ignored
2026-05-03T04:16:01Z PLAYER_EVENT=play_request_id_changed → reset state to stopped (fresh play request, stream was not live)
2026-05-03T04:16:01Z PLAYER_EVENT=loading ignored
2026-05-03T04:16:01Z PLAYER_EVENT=track_changed ignored
2026-05-03T04:16:01Z PLAYER_EVENT=playing → notifying HA: librespot_playing
2026-05-03T04:16:50Z PLAYER_EVENT=paused → paused, debouncing (3s)
2026-05-03T04:16:53Z PLAYER_EVENT=paused → notifying HA: librespot_stopped (paused)
2026-05-03T04:17:34Z PLAYER_EVENT=playing → notifying HA: librespot_playing
2026-05-03T04:18:19Z PLAYER_EVENT=session_disconnected → reset state to stopped (new session)
2026-05-03T04:18:19Z PLAYER_EVENT=stopped → stopped, debouncing (5s)
2026-05-03T04:18:24Z PLAYER_EVENT=stopped → notifying HA: librespot_stopped
2026-05-03T04:18:47Z PLAYER_EVENT=session_disconnected → reset state to stopped (new session)
2026-05-03T04:18:54Z PLAYER_EVENT=session_disconnected → reset state to stopped (new session)
2026-05-03T04:19:01Z PLAYER_EVENT=session_disconnected → reset state to stopped (new session)
2026-05-03T04:19:08Z PLAYER_EVENT=session_disconnected → reset state to stopped (new session)
2026-05-03T04:19:15Z PLAYER_EVENT=session_disconnected → reset state to stopped (new session)
2026-05-03T04:19:21Z PLAYER_EVENT=session_disconnected → reset state to stopped (new session)
2026-05-03T04:19:28Z PLAYER_EVENT=session_disconnected → reset state to stopped (new session)
2026-05-03T04:19:33Z PLAYER_EVENT=session_disconnected → reset state to stopped (new session)
2026-05-03T04:19:40Z PLAYER_EVENT=session_disconnected → reset state to stopped (new session)
2026-05-03T04:19:47Z PLAYER_EVENT=session_disconnected → reset state to stopped (new session)
2026-05-03T04:19:58Z PLAYER_EVENT=session_disconnected → reset state to stopped (new session)
2026-05-03T04:20:05Z PLAYER_EVENT=session_disconnected → reset state to stopped (new session)
2026-05-03T04:20:13Z PLAYER_EVENT=session_disconnected → reset state to stopped (new session)
2026-05-03T04:20:20Z PLAYER_EVENT=session_disconnected → reset state to stopped (new session)
2026-05-03T04:20:27Z PLAYER_EVENT=session_disconnected → reset state to stopped (new session)
2026-05-03T04:20:33Z PLAYER_EVENT=session_disconnected → reset state to stopped (new session)
2026-05-03T04:20:40Z PLAYER_EVENT=session_disconnected → reset state to stopped (new session)
2026-05-03T04:20:47Z PLAYER_EVENT=session_disconnected → reset state to stopped (new session)
2026-05-03T04:20:54Z PLAYER_EVENT=session_disconnected → reset state to stopped (new session)
2026-05-03T04:21:01Z PLAYER_EVENT=session_disconnected → reset state to stopped (new session)
2026-05-03T04:21:08Z PLAYER_EVENT=session_disconnected → reset state to stopped (new session)
2026-05-03T04:21:10Z PLAYER_EVENT=session_connected → reset state to stopped (new session)
2026-05-03T04:21:10Z PLAYER_EVENT=session_client_changed ignored
2026-05-03T04:21:10Z PLAYER_EVENT=volume_changed ignored
2026-05-03T04:21:10Z PLAYER_EVENT=auto_play_changed ignored
2026-05-03T04:21:10Z PLAYER_EVENT=filter_explicit_content_changed ignored
2026-05-03T04:21:10Z PLAYER_EVENT=shuffle_changed ignored
2026-05-03T04:21:10Z PLAYER_EVENT=repeat_changed ignored
2026-05-03T04:21:10Z PLAYER_EVENT=play_request_id_changed → reset state to stopped (fresh play request, stream was not live)
2026-05-03T04:21:10Z PLAYER_EVENT=loading ignored
2026-05-03T04:21:11Z PLAYER_EVENT=track_changed ignored
2026-05-03T04:21:11Z PLAYER_EVENT=paused → paused, debouncing (3s)
2026-05-03T04:21:14Z PLAYER_EVENT=paused → notifying HA: librespot_stopped (paused)
2026-05-03T04:21:14Z PLAYER_EVENT=playing → notifying HA: librespot_playing
2026-05-03T04:21:20Z PLAYER_EVENT=paused → paused, debouncing (3s)
2026-05-03T04:21:23Z PLAYER_EVENT=paused → notifying HA: librespot_stopped (paused)
2026-05-03T04:21:54Z PLAYER_EVENT=seeked ignored
2026-05-03T04:21:55Z PLAYER_EVENT=playing → notifying HA: librespot_playing
2026-05-03T04:22:02Z PLAYER_EVENT=paused → paused, debouncing (3s)
2026-05-03T04:22:05Z PLAYER_EVENT=paused → notifying HA: librespot_stopped (paused)
2026-05-03T04:22:33Z PLAYER_EVENT=playing → notifying HA: librespot_playing
2026-05-03T04:22:35Z PLAYER_EVENT=seeked ignored
2026-05-03T04:23:20Z PLAYER_EVENT=paused → paused, debouncing (3s)
2026-05-03T04:23:23Z PLAYER_EVENT=paused → notifying HA: librespot_stopped (paused)
2026-05-03T04:23:44Z PLAYER_EVENT=playing → notifying HA: librespot_playing
2026-05-03T04:26:26Z PLAYER_EVENT=preload_next ignored
2026-05-03T04:26:27Z PLAYER_EVENT=preloading ignored
2026-05-03T04:26:54Z PLAYER_EVENT=end_of_track → end_of_track (flagged for next play_request_id_changed)
2026-05-03T04:26:54Z PLAYER_EVENT=play_request_id_changed → play_request_id_changed after end_of_track (track skip, ignoring)
2026-05-03T04:26:54Z PLAYER_EVENT=track_changed ignored
2026-05-03T04:26:54Z PLAYER_EVENT=playing → track change (stream connected, skipping webhook)
2026-05-03T04:30:32Z PLAYER_EVENT=preload_next ignored
2026-05-03T04:30:33Z PLAYER_EVENT=preloading ignored
2026-05-03T04:30:51Z PLAYER_EVENT=play_request_id_changed → play_request_id_changed while playing (stream live, ignoring)
2026-05-03T04:30:51Z PLAYER_EVENT=track_changed ignored
2026-05-03T04:30:51Z PLAYER_EVENT=playing → track change (stream connected, skipping webhook)
2026-05-03T04:30:54Z PLAYER_EVENT=session_disconnected → reset state to stopped (new session)
2026-05-03T04:30:54Z PLAYER_EVENT=stopped → stopped, debouncing (5s)
2026-05-03T04:30:59Z PLAYER_EVENT=stopped → notifying HA: librespot_stopped
2026-05-03T04:31:05Z PLAYER_EVENT=session_connected → reset state to stopped (new session)
2026-05-03T04:31:05Z PLAYER_EVENT=session_client_changed ignored
2026-05-03T04:31:05Z PLAYER_EVENT=volume_changed ignored
2026-05-03T04:31:05Z PLAYER_EVENT=auto_play_changed ignored
2026-05-03T04:31:05Z PLAYER_EVENT=filter_explicit_content_changed ignored
2026-05-03T04:31:05Z PLAYER_EVENT=shuffle_changed ignored
2026-05-03T04:31:05Z PLAYER_EVENT=repeat_changed ignored
2026-05-03T04:31:05Z PLAYER_EVENT=play_request_id_changed → reset state to stopped (fresh play request, stream was not live)
2026-05-03T04:31:05Z PLAYER_EVENT=loading ignored
2026-05-03T04:31:05Z PLAYER_EVENT=session_disconnected → reset state to stopped (new session)
2026-05-03T04:31:05Z PLAYER_EVENT=stopped → stopped, debouncing (5s)
2026-05-03T04:31:10Z PLAYER_EVENT=stopped → notifying HA: librespot_stopped
2026-05-03T04:31:10Z PLAYER_EVENT=session_connected → reset state to stopped (new session)
2026-05-03T04:31:10Z PLAYER_EVENT=session_client_changed ignored
2026-05-03T04:31:10Z PLAYER_EVENT=volume_changed ignored
2026-05-03T04:31:11Z PLAYER_EVENT=auto_play_changed ignored
2026-05-03T04:31:11Z PLAYER_EVENT=filter_explicit_content_changed ignored
2026-05-03T04:31:11Z PLAYER_EVENT=shuffle_changed ignored
2026-05-03T04:31:11Z PLAYER_EVENT=repeat_changed ignored
2026-05-03T04:31:11Z PLAYER_EVENT=play_request_id_changed → reset state to stopped (fresh play request, stream was not live)
2026-05-03T04:31:11Z PLAYER_EVENT=loading ignored
2026-05-03T04:31:11Z PLAYER_EVENT=track_changed ignored
2026-05-03T04:31:11Z PLAYER_EVENT=paused → paused, debouncing (3s)
2026-05-03T04:31:14Z PLAYER_EVENT=paused → notifying HA: librespot_stopped (paused)
2026-05-03T04:31:39Z PLAYER_EVENT=play_request_id_changed → reset state to stopped (fresh play request, stream was not live)
2026-05-03T04:31:40Z PLAYER_EVENT=track_changed ignored
2026-05-03T04:31:40Z PLAYER_EVENT=playing → notifying HA: librespot_playing
2026-05-03T04:31:40Z PLAYER_EVENT=play_request_id_changed → play_request_id_changed while playing (stream live, ignoring)
2026-05-03T04:31:40Z PLAYER_EVENT=loading ignored
2026-05-03T04:31:40Z PLAYER_EVENT=play_request_id_changed → play_request_id_changed while playing (stream live, ignoring)
2026-05-03T04:31:40Z PLAYER_EVENT=loading ignored
2026-05-03T04:31:40Z PLAYER_EVENT=track_changed ignored
2026-05-03T04:31:40Z PLAYER_EVENT=playing → track change (stream connected, skipping webhook)
2026-05-03T04:34:31Z PLAYER_EVENT=preload_next ignored
2026-05-03T04:34:32Z PLAYER_EVENT=preloading ignored
2026-05-03T04:35:00Z PLAYER_EVENT=end_of_track → end_of_track (flagged for next play_request_id_changed)
2026-05-03T04:35:00Z PLAYER_EVENT=play_request_id_changed → play_request_id_changed after end_of_track (track skip, ignoring)
2026-05-03T04:35:00Z PLAYER_EVENT=track_changed ignored
2026-05-03T04:35:00Z PLAYER_EVENT=playing → track change (stream connected, skipping webhook)
2026-05-03T04:37:47Z PLAYER_EVENT=preload_next ignored
2026-05-03T04:37:48Z PLAYER_EVENT=preloading ignored
2026-05-03T04:38:15Z PLAYER_EVENT=end_of_track → end_of_track (flagged for next play_request_id_changed)
2026-05-03T04:38:15Z PLAYER_EVENT=play_request_id_changed → play_request_id_changed after end_of_track (track skip, ignoring)
2026-05-03T04:38:16Z PLAYER_EVENT=track_changed ignored
2026-05-03T04:38:16Z PLAYER_EVENT=playing → track change (stream connected, skipping webhook)
2026-05-03T04:41:06Z PLAYER_EVENT=preload_next ignored
2026-05-03T04:41:07Z PLAYER_EVENT=preloading ignored
2026-05-03T04:41:35Z PLAYER_EVENT=end_of_track → end_of_track (flagged for next play_request_id_changed)
2026-05-03T04:41:35Z PLAYER_EVENT=play_request_id_changed → play_request_id_changed after end_of_track (track skip, ignoring)
2026-05-03T04:41:35Z PLAYER_EVENT=track_changed ignored
2026-05-03T04:41:35Z PLAYER_EVENT=playing → track change (stream connected, skipping webhook)
2026-05-03T04:44:38Z PLAYER_EVENT=preload_next ignored
2026-05-03T04:44:40Z PLAYER_EVENT=preloading ignored
2026-05-03T04:45:07Z PLAYER_EVENT=end_of_track → end_of_track (flagged for next play_request_id_changed)
2026-05-03T04:45:07Z PLAYER_EVENT=play_request_id_changed → play_request_id_changed after end_of_track (track skip, ignoring)
2026-05-03T04:45:07Z PLAYER_EVENT=track_changed ignored
2026-05-03T04:45:07Z PLAYER_EVENT=playing → track change (stream connected, skipping webhook)
2026-05-03T04:47:39Z PLAYER_EVENT=preload_next ignored
2026-05-03T04:47:40Z PLAYER_EVENT=preloading ignored
2026-05-03T04:48:08Z PLAYER_EVENT=end_of_track → end_of_track (flagged for next play_request_id_changed)
2026-05-03T04:48:08Z PLAYER_EVENT=play_request_id_changed → play_request_id_changed after end_of_track (track skip, ignoring)
2026-05-03T04:48:08Z PLAYER_EVENT=track_changed ignored
2026-05-03T04:48:08Z PLAYER_EVENT=playing → track change (stream connected, skipping webhook)
2026-05-03T04:51:01Z PLAYER_EVENT=preload_next ignored
2026-05-03T04:51:02Z PLAYER_EVENT=preloading ignored
2026-05-03T04:51:30Z PLAYER_EVENT=end_of_track → end_of_track (flagged for next play_request_id_changed)
2026-05-03T04:51:30Z PLAYER_EVENT=play_request_id_changed → play_request_id_changed after end_of_track (track skip, ignoring)
2026-05-03T04:51:30Z PLAYER_EVENT=track_changed ignored
2026-05-03T04:51:30Z PLAYER_EVENT=playing → track change (stream connected, skipping webhook)
2026-05-03T04:53:19Z PLAYER_EVENT=preload_next ignored
2026-05-03T04:53:21Z PLAYER_EVENT=preloading ignored
2026-05-03T04:53:48Z PLAYER_EVENT=end_of_track → end_of_track (flagged for next play_request_id_changed)
2026-05-03T04:53:48Z PLAYER_EVENT=play_request_id_changed → play_request_id_changed after end_of_track (track skip, ignoring)
2026-05-03T04:53:48Z PLAYER_EVENT=track_changed ignored
2026-05-03T04:53:48Z PLAYER_EVENT=playing → track change (stream connected, skipping webhook)
2026-05-03T04:55:02Z PLAYER_EVENT=play_request_id_changed → play_request_id_changed while playing (stream live, ignoring)
2026-05-03T04:55:02Z PLAYER_EVENT=loading ignored
2026-05-03T04:55:03Z PLAYER_EVENT=track_changed ignored
2026-05-03T04:55:03Z PLAYER_EVENT=playing → track change (stream connected, skipping webhook)
2026-05-03T04:55:34Z PLAYER_EVENT=session_disconnected → reset state to stopped (new session)
2026-05-03T04:55:34Z PLAYER_EVENT=stopped → stopped, debouncing (5s)
2026-05-03T04:55:39Z PLAYER_EVENT=stopped → notifying HA: librespot_stopped
2026-05-03T04:55:40Z PLAYER_EVENT=session_connected → reset state to stopped (new session)
2026-05-03T04:55:40Z PLAYER_EVENT=session_client_changed ignored
2026-05-03T04:55:40Z PLAYER_EVENT=volume_changed ignored
2026-05-03T04:55:40Z PLAYER_EVENT=auto_play_changed ignored
2026-05-03T04:55:40Z PLAYER_EVENT=filter_explicit_content_changed ignored
2026-05-03T04:55:40Z PLAYER_EVENT=shuffle_changed ignored
2026-05-03T04:55:40Z PLAYER_EVENT=repeat_changed ignored
2026-05-03T04:55:40Z PLAYER_EVENT=play_request_id_changed → reset state to stopped (fresh play request, stream was not live)
2026-05-03T04:55:40Z PLAYER_EVENT=loading ignored
2026-05-03T04:55:41Z PLAYER_EVENT=track_changed ignored
2026-05-03T04:55:41Z PLAYER_EVENT=playing → notifying HA: librespot_playing
2026-05-03T04:57:35Z PLAYER_EVENT=preload_next ignored
2026-05-03T04:57:36Z PLAYER_EVENT=preloading ignored
2026-05-03T04:58:04Z PLAYER_EVENT=end_of_track → end_of_track (flagged for next play_request_id_changed)
2026-05-03T04:58:04Z PLAYER_EVENT=play_request_id_changed → play_request_id_changed after end_of_track (track skip, ignoring)
2026-05-03T04:58:04Z PLAYER_EVENT=track_changed ignored
2026-05-03T04:58:04Z PLAYER_EVENT=playing → track change (stream connected, skipping webhook)
2026-05-03T04:58:20Z PLAYER_EVENT=play_request_id_changed → play_request_id_changed while playing (stream live, ignoring)
2026-05-03T04:58:20Z PLAYER_EVENT=loading ignored
2026-05-03T04:58:21Z PLAYER_EVENT=track_changed ignored
2026-05-03T04:58:21Z PLAYER_EVENT=playing → track change (stream connected, skipping webhook)
2026-05-03T05:01:14Z PLAYER_EVENT=preload_next ignored
2026-05-03T05:01:15Z PLAYER_EVENT=preloading ignored
2026-05-03T05:01:43Z PLAYER_EVENT=end_of_track → end_of_track (flagged for next play_request_id_changed)
2026-05-03T05:01:43Z PLAYER_EVENT=play_request_id_changed → play_request_id_changed after end_of_track (track skip, ignoring)
2026-05-03T05:01:43Z PLAYER_EVENT=track_changed ignored
2026-05-03T05:01:43Z PLAYER_EVENT=playing → track change (stream connected, skipping webhook)
2026-05-03T05:01:53Z PLAYER_EVENT=play_request_id_changed → play_request_id_changed while playing (stream live, ignoring)
2026-05-03T05:01:53Z PLAYER_EVENT=loading ignored
2026-05-03T05:01:54Z PLAYER_EVENT=track_changed ignored
2026-05-03T05:01:54Z PLAYER_EVENT=playing → track change (stream connected, skipping webhook)
2026-05-03T05:02:05Z PLAYER_EVENT=play_request_id_changed → play_request_id_changed while playing (stream live, ignoring)
2026-05-03T05:02:05Z PLAYER_EVENT=loading ignored
2026-05-03T05:02:06Z PLAYER_EVENT=track_changed ignored
2026-05-03T05:02:06Z PLAYER_EVENT=playing → track change (stream connected, skipping webhook)
2026-05-03T05:02:22Z PLAYER_EVENT=seeked ignored
2026-05-03T05:02:24Z PLAYER_EVENT=play_request_id_changed → play_request_id_changed while playing (stream live, ignoring)
2026-05-03T05:02:24Z PLAYER_EVENT=loading ignored
2026-05-03T05:02:25Z PLAYER_EVENT=track_changed ignored
2026-05-03T05:02:25Z PLAYER_EVENT=playing → track change (stream connected, skipping webhook)
2026-05-03T05:02:27Z PLAYER_EVENT=play_request_id_changed → play_request_id_changed while playing (stream live, ignoring)
2026-05-03T05:02:27Z PLAYER_EVENT=loading ignored
2026-05-03T05:02:28Z PLAYER_EVENT=track_changed ignored
2026-05-03T05:02:28Z PLAYER_EVENT=playing → track change (stream connected, skipping webhook)
2026-05-03T05:04:44Z PLAYER_EVENT=paused → paused, debouncing (3s)
2026-05-03T05:04:47Z PLAYER_EVENT=paused → notifying HA: librespot_stopped (paused)
2026-05-03T05:16:32Z PLAYER_EVENT=session_disconnected → reset state to stopped (new session)
2026-05-03T05:16:39Z PLAYER_EVENT=session_disconnected → reset state to stopped (new session)
2026-05-03T05:16:46Z PLAYER_EVENT=session_disconnected → reset state to stopped (new session)
2026-05-03T05:16:53Z PLAYER_EVENT=session_disconnected → reset state to stopped (new session)
2026-05-03T05:17:01Z PLAYER_EVENT=session_disconnected → reset state to stopped (new session)
2026-05-03T05:17:08Z PLAYER_EVENT=session_disconnected → reset state to stopped (new session)
2026-05-03T05:17:14Z PLAYER_EVENT=session_disconnected → reset state to stopped (new session)
2026-05-03T05:17:21Z PLAYER_EVENT=session_disconnected → reset state to stopped (new session)
2026-05-03T05:17:29Z PLAYER_EVENT=session_disconnected → reset state to stopped (new session)
2026-05-03T05:17:36Z PLAYER_EVENT=session_disconnected → reset state to stopped (new session)
2026-05-03T05:17:42Z PLAYER_EVENT=session_disconnected → reset state to stopped (new session)
2026-05-03T05:17:50Z PLAYER_EVENT=session_disconnected → reset state to stopped (new session)
2026-05-03T05:17:57Z PLAYER_EVENT=session_disconnected → reset state to stopped (new session)
2026-05-03T05:18:04Z PLAYER_EVENT=session_connected → reset state to stopped (new session)
2026-05-03T05:18:04Z PLAYER_EVENT=session_client_changed ignored
2026-05-03T05:18:04Z PLAYER_EVENT=volume_changed ignored
2026-05-03T05:18:04Z PLAYER_EVENT=auto_play_changed ignored
2026-05-03T05:18:04Z PLAYER_EVENT=filter_explicit_content_changed ignored
2026-05-03T05:18:04Z PLAYER_EVENT=shuffle_changed ignored
2026-05-03T05:18:04Z PLAYER_EVENT=repeat_changed ignored
2026-05-03T05:18:04Z PLAYER_EVENT=play_request_id_changed → reset state to stopped (fresh play request, stream was not live)
2026-05-03T05:18:04Z PLAYER_EVENT=loading ignored
2026-05-03T05:18:05Z PLAYER_EVENT=track_changed ignored
2026-05-03T05:18:05Z PLAYER_EVENT=paused → paused, debouncing (3s)
2026-05-03T05:18:08Z PLAYER_EVENT=paused → notifying HA: librespot_stopped (paused)
2026-05-03T05:18:08Z PLAYER_EVENT=playing → notifying HA: librespot_playing
2026-05-03T05:18:11Z PLAYER_EVENT=seeked ignored
2026-05-03T05:20:20Z PLAYER_EVENT=preload_next ignored
2026-05-03T05:20:21Z PLAYER_EVENT=preloading ignored
2026-05-03T05:20:49Z PLAYER_EVENT=end_of_track → end_of_track (flagged for next play_request_id_changed)
2026-05-03T05:20:49Z PLAYER_EVENT=play_request_id_changed → play_request_id_changed after end_of_track (track skip, ignoring)
2026-05-03T05:20:49Z PLAYER_EVENT=track_changed ignored
2026-05-03T05:20:49Z PLAYER_EVENT=playing → track change (stream connected, skipping webhook)
2026-05-03T05:21:56Z PLAYER_EVENT=session_connected → reset state to stopped (new session)
2026-05-03T05:21:56Z PLAYER_EVENT=session_client_changed ignored
2026-05-03T05:21:56Z PLAYER_EVENT=volume_changed ignored
2026-05-03T05:21:56Z PLAYER_EVENT=auto_play_changed ignored
2026-05-03T05:21:56Z PLAYER_EVENT=filter_explicit_content_changed ignored
2026-05-03T05:21:56Z PLAYER_EVENT=shuffle_changed ignored
2026-05-03T05:21:56Z PLAYER_EVENT=repeat_changed ignored
2026-05-03T05:21:56Z PLAYER_EVENT=play_request_id_changed → reset state to stopped (fresh play request, stream was not live)
2026-05-03T05:21:56Z PLAYER_EVENT=track_changed ignored
2026-05-03T05:21:56Z PLAYER_EVENT=playing → notifying HA: librespot_playing
2026-05-03T05:22:02Z PLAYER_EVENT=paused → paused, debouncing (3s)
2026-05-03T05:22:05Z PLAYER_EVENT=paused → notifying HA: librespot_stopped (paused)
2026-05-03T05:22:08Z PLAYER_EVENT=playing → notifying HA: librespot_playing
2026-05-03T05:23:45Z PLAYER_EVENT=play_request_id_changed → play_request_id_changed while playing (stream live, ignoring)
2026-05-03T05:23:45Z PLAYER_EVENT=loading ignored
2026-05-03T05:23:46Z PLAYER_EVENT=track_changed ignored
2026-05-03T05:23:46Z PLAYER_EVENT=playing → track change (stream connected, skipping webhook)
2026-05-03T05:24:10Z PLAYER_EVENT=seeked ignored
2026-05-03T05:24:17Z PLAYER_EVENT=session_disconnected → reset state to stopped (new session)
2026-05-03T05:24:17Z PLAYER_EVENT=stopped → stopped, debouncing (5s)
2026-05-03T05:24:22Z PLAYER_EVENT=stopped → notifying HA: librespot_stopped
2026-05-03T05:24:29Z PLAYER_EVENT=session_connected → reset state to stopped (new session)
2026-05-03T05:24:29Z PLAYER_EVENT=session_client_changed ignored
2026-05-03T05:24:29Z PLAYER_EVENT=volume_changed ignored
2026-05-03T05:24:29Z PLAYER_EVENT=auto_play_changed ignored
2026-05-03T05:24:29Z PLAYER_EVENT=filter_explicit_content_changed ignored
2026-05-03T05:24:29Z PLAYER_EVENT=shuffle_changed ignored
2026-05-03T05:24:29Z PLAYER_EVENT=repeat_changed ignored
2026-05-03T05:24:29Z PLAYER_EVENT=play_request_id_changed → reset state to stopped (fresh play request, stream was not live)
2026-05-03T05:24:29Z PLAYER_EVENT=loading ignored
2026-05-03T05:24:29Z PLAYER_EVENT=track_changed ignored
2026-05-03T05:24:29Z PLAYER_EVENT=playing → notifying HA: librespot_playing
2026-05-03T05:28:24Z PLAYER_EVENT=preload_next ignored
2026-05-03T05:28:25Z PLAYER_EVENT=preloading ignored
2026-05-03T05:28:52Z PLAYER_EVENT=end_of_track → end_of_track (flagged for next play_request_id_changed)
2026-05-03T05:28:52Z PLAYER_EVENT=play_request_id_changed → play_request_id_changed after end_of_track (track skip, ignoring)
2026-05-03T05:28:52Z PLAYER_EVENT=track_changed ignored
2026-05-03T05:28:52Z PLAYER_EVENT=playing → track change (stream connected, skipping webhook)
2026-05-03T05:31:40Z PLAYER_EVENT=play_request_id_changed → play_request_id_changed while playing (stream live, ignoring)
2026-05-03T05:31:40Z PLAYER_EVENT=loading ignored
2026-05-03T05:31:41Z PLAYER_EVENT=track_changed ignored
2026-05-03T05:31:41Z PLAYER_EVENT=playing → track change (stream connected, skipping webhook)
2026-05-03T05:35:27Z PLAYER_EVENT=preload_next ignored
2026-05-03T05:35:28Z PLAYER_EVENT=seeked ignored
2026-05-03T05:35:28Z PLAYER_EVENT=preloading ignored
2026-05-03T05:35:29Z PLAYER_EVENT=paused → paused, debouncing (3s)
2026-05-03T05:35:32Z PLAYER_EVENT=paused → notifying HA: librespot_stopped (paused)
2026-05-03T05:36:02Z PLAYER_EVENT=playing → notifying HA: librespot_playing
2026-05-03T05:36:54Z PLAYER_EVENT=paused → paused, debouncing (3s)
2026-05-03T05:36:57Z PLAYER_EVENT=paused → notifying HA: librespot_stopped (paused)
2026-05-03T05:36:57Z PLAYER_EVENT=session_disconnected → reset state to stopped (new session)
2026-05-03T05:36:57Z PLAYER_EVENT=stopped → stopped, debouncing (5s)
2026-05-03T05:37:02Z PLAYER_EVENT=stopped → notifying HA: librespot_stopped
2026-05-03T05:37:02Z PLAYER_EVENT=session_connected → reset state to stopped (new session)
2026-05-03T05:37:02Z PLAYER_EVENT=session_client_changed ignored
2026-05-03T05:37:02Z PLAYER_EVENT=volume_changed ignored
2026-05-03T05:37:02Z PLAYER_EVENT=auto_play_changed ignored
2026-05-03T05:37:02Z PLAYER_EVENT=filter_explicit_content_changed ignored
2026-05-03T05:37:02Z PLAYER_EVENT=shuffle_changed ignored
2026-05-03T05:37:02Z PLAYER_EVENT=repeat_changed ignored
2026-05-03T05:37:02Z PLAYER_EVENT=play_request_id_changed → reset state to stopped (fresh play request, stream was not live)
2026-05-03T05:37:02Z PLAYER_EVENT=loading ignored
2026-05-03T05:37:02Z PLAYER_EVENT=track_changed ignored
2026-05-03T05:37:02Z PLAYER_EVENT=paused → paused, debouncing (3s)
2026-05-03T05:37:05Z PLAYER_EVENT=paused → notifying HA: librespot_stopped (paused)
2026-05-03T05:37:06Z PLAYER_EVENT=playing → notifying HA: librespot_playing
2026-05-03T05:37:16Z PLAYER_EVENT=preload_next ignored
2026-05-03T05:37:16Z PLAYER_EVENT=preloading ignored
2026-05-03T05:37:44Z PLAYER_EVENT=end_of_track → end_of_track (flagged for next play_request_id_changed)
2026-05-03T05:37:44Z PLAYER_EVENT=play_request_id_changed → play_request_id_changed after end_of_track (track skip, ignoring)
2026-05-03T05:37:44Z PLAYER_EVENT=track_changed ignored
2026-05-03T05:37:44Z PLAYER_EVENT=playing → track change (stream connected, skipping webhook)
2026-05-03T05:38:23Z PLAYER_EVENT=paused → paused, debouncing (3s)
2026-05-03T05:38:26Z PLAYER_EVENT=paused → notifying HA: librespot_stopped (paused)
2026-05-03T05:39:47Z PLAYER_EVENT=play_request_id_changed → reset state to stopped (fresh play request, stream was not live)
2026-05-03T05:39:47Z PLAYER_EVENT=loading ignored
2026-05-03T05:39:48Z PLAYER_EVENT=track_changed ignored
2026-05-03T05:39:48Z PLAYER_EVENT=playing → notifying HA: librespot_playing
2026-05-03T05:42:17Z PLAYER_EVENT=preload_next ignored
2026-05-03T05:42:18Z PLAYER_EVENT=session_disconnected → reset state to stopped (new session)
2026-05-03T05:42:32Z PLAYER_EVENT=unavailable ignored
2026-05-03T05:42:45Z PLAYER_EVENT=end_of_track → end_of_track (flagged for next play_request_id_changed)
2026-05-03T06:37:23Z PLAYER_EVENT=session_connected → reset state to stopped (new session)
2026-05-03T06:37:23Z PLAYER_EVENT=session_client_changed ignored
2026-05-03T06:37:23Z PLAYER_EVENT=volume_changed ignored
2026-05-03T06:37:23Z PLAYER_EVENT=auto_play_changed ignored
2026-05-03T06:37:23Z PLAYER_EVENT=filter_explicit_content_changed ignored
2026-05-03T06:37:23Z PLAYER_EVENT=shuffle_changed ignored
2026-05-03T06:37:23Z PLAYER_EVENT=repeat_changed ignored
2026-05-03T06:37:23Z PLAYER_EVENT=play_request_id_changed → play_request_id_changed after end_of_track (track skip, ignoring)
2026-05-03T06:37:23Z PLAYER_EVENT=track_changed ignored
2026-05-03T06:37:23Z PLAYER_EVENT=paused → paused, debouncing (3s)
2026-05-03T06:37:26Z PLAYER_EVENT=paused → notifying HA: librespot_stopped (paused)
2026-05-03T06:51:58Z PLAYER_EVENT=session_disconnected → reset state to stopped (new session)
2026-05-03T06:51:58Z PLAYER_EVENT=stopped → stopped, debouncing (5s)
2026-05-03T06:52:03Z PLAYER_EVENT=stopped → notifying HA: librespot_stopped
2026-05-03T19:49:11Z PLAYER_EVENT=session_connected → reset state to stopped (new session)
2026-05-03T19:49:11Z PLAYER_EVENT=session_client_changed ignored
2026-05-03T19:49:11Z PLAYER_EVENT=volume_changed ignored
2026-05-03T19:49:11Z PLAYER_EVENT=auto_play_changed ignored
2026-05-03T19:49:11Z PLAYER_EVENT=filter_explicit_content_changed ignored
2026-05-03T19:49:11Z PLAYER_EVENT=shuffle_changed ignored
2026-05-03T19:49:11Z PLAYER_EVENT=repeat_changed ignored
2026-05-03T19:49:11Z PLAYER_EVENT=play_request_id_changed → reset state to stopped (fresh play request, stream was not live)
2026-05-03T19:49:11Z PLAYER_EVENT=loading ignored
2026-05-03T19:49:12Z PLAYER_EVENT=track_changed ignored
2026-05-03T19:49:12Z PLAYER_EVENT=playing → notifying HA: librespot_playing
2026-05-03T19:53:24Z PLAYER_EVENT=preload_next ignored
2026-05-03T19:53:25Z PLAYER_EVENT=preloading ignored
2026-05-03T19:53:53Z PLAYER_EVENT=end_of_track → end_of_track (flagged for next play_request_id_changed)
2026-05-03T19:53:53Z PLAYER_EVENT=play_request_id_changed → play_request_id_changed after end_of_track (track skip, ignoring)
2026-05-03T19:53:53Z PLAYER_EVENT=track_changed ignored
2026-05-03T19:53:53Z PLAYER_EVENT=playing → track change (stream connected, skipping webhook)
2026-05-03T19:56:40Z PLAYER_EVENT=preload_next ignored
2026-05-03T19:56:41Z PLAYER_EVENT=preloading ignored
2026-05-03T19:57:08Z PLAYER_EVENT=end_of_track → end_of_track (flagged for next play_request_id_changed)
2026-05-03T19:57:08Z PLAYER_EVENT=play_request_id_changed → play_request_id_changed after end_of_track (track skip, ignoring)
2026-05-03T19:57:08Z PLAYER_EVENT=track_changed ignored
2026-05-03T19:57:08Z PLAYER_EVENT=playing → track change (stream connected, skipping webhook)
2026-05-03T19:59:34Z PLAYER_EVENT=preload_next ignored
2026-05-03T19:59:35Z PLAYER_EVENT=session_disconnected → reset state to stopped (new session)
2026-05-03T19:59:49Z PLAYER_EVENT=unavailable ignored
2026-05-03T20:00:03Z PLAYER_EVENT=end_of_track → end_of_track (flagged for next play_request_id_changed)
2026-05-03T20:02:50Z PLAYER_EVENT=session_connected → reset state to stopped (new session)
2026-05-03T20:02:50Z PLAYER_EVENT=session_client_changed ignored
2026-05-03T20:02:50Z PLAYER_EVENT=volume_changed ignored
2026-05-03T20:02:50Z PLAYER_EVENT=auto_play_changed ignored
2026-05-03T20:02:50Z PLAYER_EVENT=filter_explicit_content_changed ignored
2026-05-03T20:02:50Z PLAYER_EVENT=shuffle_changed ignored
2026-05-03T20:02:50Z PLAYER_EVENT=repeat_changed ignored
2026-05-03T20:02:50Z PLAYER_EVENT=play_request_id_changed → play_request_id_changed after end_of_track (track skip, ignoring)
2026-05-03T20:02:50Z PLAYER_EVENT=loading ignored
2026-05-03T20:02:51Z PLAYER_EVENT=track_changed ignored
2026-05-03T20:02:51Z PLAYER_EVENT=playing → notifying HA: librespot_playing
2026-05-03T20:04:32Z PLAYER_EVENT=preload_next ignored
2026-05-03T20:04:34Z PLAYER_EVENT=preloading ignored
2026-05-03T20:05:01Z PLAYER_EVENT=end_of_track → end_of_track (flagged for next play_request_id_changed)
2026-05-03T20:05:01Z PLAYER_EVENT=play_request_id_changed → play_request_id_changed after end_of_track (track skip, ignoring)
2026-05-03T20:05:01Z PLAYER_EVENT=track_changed ignored
2026-05-03T20:05:01Z PLAYER_EVENT=playing → track change (stream connected, skipping webhook)
2026-05-03T20:06:45Z PLAYER_EVENT=preload_next ignored
2026-05-03T20:06:46Z PLAYER_EVENT=preloading ignored
2026-05-03T20:07:13Z PLAYER_EVENT=end_of_track → end_of_track (flagged for next play_request_id_changed)
2026-05-03T20:07:13Z PLAYER_EVENT=play_request_id_changed → play_request_id_changed after end_of_track (track skip, ignoring)
2026-05-03T20:07:13Z PLAYER_EVENT=track_changed ignored
2026-05-03T20:07:13Z PLAYER_EVENT=playing → track change (stream connected, skipping webhook)
2026-05-03T20:10:27Z PLAYER_EVENT=preload_next ignored
2026-05-03T20:10:28Z PLAYER_EVENT=preloading ignored
2026-05-03T20:10:56Z PLAYER_EVENT=end_of_track → end_of_track (flagged for next play_request_id_changed)
2026-05-03T20:10:56Z PLAYER_EVENT=play_request_id_changed → play_request_id_changed after end_of_track (track skip, ignoring)
2026-05-03T20:10:56Z PLAYER_EVENT=track_changed ignored
2026-05-03T20:10:56Z PLAYER_EVENT=playing → track change (stream connected, skipping webhook)
2026-05-03T20:13:32Z PLAYER_EVENT=preload_next ignored
2026-05-03T20:13:33Z PLAYER_EVENT=preloading ignored
2026-05-03T20:14:00Z PLAYER_EVENT=end_of_track → end_of_track (flagged for next play_request_id_changed)
2026-05-03T20:14:00Z PLAYER_EVENT=play_request_id_changed → play_request_id_changed after end_of_track (track skip, ignoring)
2026-05-03T20:14:00Z PLAYER_EVENT=track_changed ignored
2026-05-03T20:14:00Z PLAYER_EVENT=playing → track change (stream connected, skipping webhook)
2026-05-03T20:16:05Z PLAYER_EVENT=preload_next ignored
2026-05-03T20:16:06Z PLAYER_EVENT=preloading ignored
2026-05-03T20:16:33Z PLAYER_EVENT=end_of_track → end_of_track (flagged for next play_request_id_changed)
2026-05-03T20:16:33Z PLAYER_EVENT=play_request_id_changed → play_request_id_changed after end_of_track (track skip, ignoring)
2026-05-03T20:16:33Z PLAYER_EVENT=track_changed ignored
2026-05-03T20:16:33Z PLAYER_EVENT=playing → track change (stream connected, skipping webhook)
2026-05-03T20:22:52Z PLAYER_EVENT=preload_next ignored
2026-05-03T20:22:53Z PLAYER_EVENT=preloading ignored
2026-05-03T20:23:21Z PLAYER_EVENT=end_of_track → end_of_track (flagged for next play_request_id_changed)
2026-05-03T20:23:21Z PLAYER_EVENT=play_request_id_changed → play_request_id_changed after end_of_track (track skip, ignoring)
2026-05-03T20:23:21Z PLAYER_EVENT=track_changed ignored
2026-05-03T20:23:21Z PLAYER_EVENT=playing → track change (stream connected, skipping webhook)
2026-05-03T20:25:48Z PLAYER_EVENT=preload_next ignored
2026-05-03T20:25:49Z PLAYER_EVENT=preloading ignored
2026-05-03T20:26:17Z PLAYER_EVENT=end_of_track → end_of_track (flagged for next play_request_id_changed)
2026-05-03T20:26:17Z PLAYER_EVENT=play_request_id_changed → play_request_id_changed after end_of_track (track skip, ignoring)
2026-05-03T20:26:17Z PLAYER_EVENT=track_changed ignored
2026-05-03T20:26:17Z PLAYER_EVENT=playing → track change (stream connected, skipping webhook)
2026-05-03T20:29:33Z PLAYER_EVENT=preload_next ignored
2026-05-03T20:29:34Z PLAYER_EVENT=preloading ignored
2026-05-03T20:30:02Z PLAYER_EVENT=end_of_track → end_of_track (flagged for next play_request_id_changed)
2026-05-03T20:30:02Z PLAYER_EVENT=play_request_id_changed → play_request_id_changed after end_of_track (track skip, ignoring)
2026-05-03T20:30:02Z PLAYER_EVENT=track_changed ignored
2026-05-03T20:30:02Z PLAYER_EVENT=playing → track change (stream connected, skipping webhook)
2026-05-03T20:32:31Z PLAYER_EVENT=preload_next ignored
2026-05-03T20:32:32Z PLAYER_EVENT=preloading ignored
2026-05-03T20:33:00Z PLAYER_EVENT=end_of_track → end_of_track (flagged for next play_request_id_changed)
2026-05-03T20:33:00Z PLAYER_EVENT=play_request_id_changed → play_request_id_changed after end_of_track (track skip, ignoring)
2026-05-03T20:33:00Z PLAYER_EVENT=track_changed ignored
2026-05-03T20:33:00Z PLAYER_EVENT=playing → track change (stream connected, skipping webhook)
2026-05-03T20:36:50Z PLAYER_EVENT=preload_next ignored
2026-05-03T20:36:51Z PLAYER_EVENT=preloading ignored
2026-05-03T20:37:19Z PLAYER_EVENT=end_of_track → end_of_track (flagged for next play_request_id_changed)
2026-05-03T20:37:19Z PLAYER_EVENT=play_request_id_changed → play_request_id_changed after end_of_track (track skip, ignoring)
2026-05-03T20:37:19Z PLAYER_EVENT=track_changed ignored
2026-05-03T20:37:19Z PLAYER_EVENT=playing → track change (stream connected, skipping webhook)
2026-05-03T20:40:08Z PLAYER_EVENT=preload_next ignored
2026-05-03T20:40:09Z PLAYER_EVENT=preloading ignored
2026-05-03T20:40:36Z PLAYER_EVENT=end_of_track → end_of_track (flagged for next play_request_id_changed)
2026-05-03T20:40:36Z PLAYER_EVENT=play_request_id_changed → play_request_id_changed after end_of_track (track skip, ignoring)
2026-05-03T20:40:36Z PLAYER_EVENT=track_changed ignored
2026-05-03T20:40:36Z PLAYER_EVENT=playing → track change (stream connected, skipping webhook)
2026-05-03T20:43:28Z PLAYER_EVENT=preload_next ignored
2026-05-03T20:43:29Z PLAYER_EVENT=preloading ignored
2026-05-03T20:43:57Z PLAYER_EVENT=end_of_track → end_of_track (flagged for next play_request_id_changed)
2026-05-03T20:43:57Z PLAYER_EVENT=play_request_id_changed → play_request_id_changed after end_of_track (track skip, ignoring)
2026-05-03T20:43:57Z PLAYER_EVENT=track_changed ignored
2026-05-03T20:43:57Z PLAYER_EVENT=playing → track change (stream connected, skipping webhook)
2026-05-03T20:46:58Z PLAYER_EVENT=preload_next ignored
2026-05-03T20:46:59Z PLAYER_EVENT=preloading ignored
2026-05-03T20:47:27Z PLAYER_EVENT=end_of_track → end_of_track (flagged for next play_request_id_changed)
2026-05-03T20:47:27Z PLAYER_EVENT=play_request_id_changed → play_request_id_changed after end_of_track (track skip, ignoring)
2026-05-03T20:47:27Z PLAYER_EVENT=track_changed ignored
2026-05-03T20:47:27Z PLAYER_EVENT=playing → track change (stream connected, skipping webhook)
2026-05-03T20:50:22Z PLAYER_EVENT=preload_next ignored
2026-05-03T20:50:23Z PLAYER_EVENT=preloading ignored
2026-05-03T20:50:50Z PLAYER_EVENT=end_of_track → end_of_track (flagged for next play_request_id_changed)
2026-05-03T20:50:50Z PLAYER_EVENT=play_request_id_changed → play_request_id_changed after end_of_track (track skip, ignoring)
2026-05-03T20:50:50Z PLAYER_EVENT=track_changed ignored
2026-05-03T20:50:50Z PLAYER_EVENT=playing → track change (stream connected, skipping webhook)
2026-05-03T20:54:33Z PLAYER_EVENT=preload_next ignored
2026-05-03T20:54:34Z PLAYER_EVENT=preloading ignored
2026-05-03T20:55:01Z PLAYER_EVENT=end_of_track → end_of_track (flagged for next play_request_id_changed)
2026-05-03T20:55:01Z PLAYER_EVENT=play_request_id_changed → play_request_id_changed after end_of_track (track skip, ignoring)
2026-05-03T20:55:01Z PLAYER_EVENT=track_changed ignored
2026-05-03T20:55:01Z PLAYER_EVENT=playing → track change (stream connected, skipping webhook)
2026-05-03T20:58:12Z PLAYER_EVENT=preload_next ignored
2026-05-03T20:58:13Z PLAYER_EVENT=preloading ignored
2026-05-03T20:58:41Z PLAYER_EVENT=end_of_track → end_of_track (flagged for next play_request_id_changed)
2026-05-03T20:58:41Z PLAYER_EVENT=play_request_id_changed → play_request_id_changed after end_of_track (track skip, ignoring)
2026-05-03T20:58:41Z PLAYER_EVENT=track_changed ignored
2026-05-03T20:58:41Z PLAYER_EVENT=playing → track change (stream connected, skipping webhook)
2026-05-03T21:01:14Z PLAYER_EVENT=play_request_id_changed → play_request_id_changed while playing (stream live, ignoring)
2026-05-03T21:01:14Z PLAYER_EVENT=loading ignored
2026-05-03T21:01:15Z PLAYER_EVENT=play_request_id_changed → play_request_id_changed while playing (stream live, ignoring)
2026-05-03T21:01:15Z PLAYER_EVENT=loading ignored
2026-05-03T21:01:15Z PLAYER_EVENT=track_changed ignored
2026-05-03T21:01:15Z PLAYER_EVENT=playing → track change (stream connected, skipping webhook)
2026-05-03T21:04:11Z PLAYER_EVENT=preload_next ignored
2026-05-03T21:04:12Z PLAYER_EVENT=preloading ignored
2026-05-03T21:04:39Z PLAYER_EVENT=end_of_track → end_of_track (flagged for next play_request_id_changed)
2026-05-03T21:04:39Z PLAYER_EVENT=play_request_id_changed → play_request_id_changed after end_of_track (track skip, ignoring)
2026-05-03T21:04:39Z PLAYER_EVENT=track_changed ignored
2026-05-03T21:04:39Z PLAYER_EVENT=playing → track change (stream connected, skipping webhook)
2026-05-03T21:06:33Z PLAYER_EVENT=preload_next ignored
2026-05-03T21:06:34Z PLAYER_EVENT=preloading ignored
2026-05-03T21:07:02Z PLAYER_EVENT=end_of_track → end_of_track (flagged for next play_request_id_changed)
2026-05-03T21:07:02Z PLAYER_EVENT=play_request_id_changed → play_request_id_changed after end_of_track (track skip, ignoring)
2026-05-03T21:07:02Z PLAYER_EVENT=track_changed ignored
2026-05-03T21:07:02Z PLAYER_EVENT=playing → track change (stream connected, skipping webhook)
2026-05-03T21:10:14Z PLAYER_EVENT=preload_next ignored
2026-05-03T21:10:15Z PLAYER_EVENT=preloading ignored
2026-05-03T21:10:42Z PLAYER_EVENT=end_of_track → end_of_track (flagged for next play_request_id_changed)
2026-05-03T21:10:42Z PLAYER_EVENT=play_request_id_changed → play_request_id_changed after end_of_track (track skip, ignoring)
2026-05-03T21:10:42Z PLAYER_EVENT=track_changed ignored
2026-05-03T21:10:42Z PLAYER_EVENT=playing → track change (stream connected, skipping webhook)
2026-05-03T21:13:47Z PLAYER_EVENT=preload_next ignored
2026-05-03T21:13:48Z PLAYER_EVENT=preloading ignored
2026-05-03T21:14:16Z PLAYER_EVENT=end_of_track → end_of_track (flagged for next play_request_id_changed)
2026-05-03T21:14:16Z PLAYER_EVENT=play_request_id_changed → play_request_id_changed after end_of_track (track skip, ignoring)
2026-05-03T21:14:16Z PLAYER_EVENT=track_changed ignored
2026-05-03T21:14:16Z PLAYER_EVENT=playing → track change (stream connected, skipping webhook)
2026-05-03T21:17:47Z PLAYER_EVENT=preload_next ignored
2026-05-03T21:17:48Z PLAYER_EVENT=preloading ignored
2026-05-03T21:18:15Z PLAYER_EVENT=end_of_track → end_of_track (flagged for next play_request_id_changed)
2026-05-03T21:18:15Z PLAYER_EVENT=play_request_id_changed → play_request_id_changed after end_of_track (track skip, ignoring)
2026-05-03T21:18:15Z PLAYER_EVENT=track_changed ignored
2026-05-03T21:18:15Z PLAYER_EVENT=playing → track change (stream connected, skipping webhook)
2026-05-03T21:20:43Z PLAYER_EVENT=preload_next ignored
2026-05-03T21:20:44Z PLAYER_EVENT=preloading ignored
2026-05-03T21:21:11Z PLAYER_EVENT=end_of_track → end_of_track (flagged for next play_request_id_changed)
2026-05-03T21:21:11Z PLAYER_EVENT=play_request_id_changed → play_request_id_changed after end_of_track (track skip, ignoring)
2026-05-03T21:21:11Z PLAYER_EVENT=track_changed ignored
2026-05-03T21:21:11Z PLAYER_EVENT=playing → track change (stream connected, skipping webhook)
2026-05-03T21:24:19Z PLAYER_EVENT=preload_next ignored
2026-05-03T21:24:20Z PLAYER_EVENT=preloading ignored
2026-05-03T21:24:47Z PLAYER_EVENT=end_of_track → end_of_track (flagged for next play_request_id_changed)
2026-05-03T21:24:48Z PLAYER_EVENT=play_request_id_changed → play_request_id_changed after end_of_track (track skip, ignoring)
2026-05-03T21:24:48Z PLAYER_EVENT=track_changed ignored
2026-05-03T21:24:48Z PLAYER_EVENT=playing → track change (stream connected, skipping webhook)
2026-05-03T21:27:00Z PLAYER_EVENT=preload_next ignored
2026-05-03T21:27:01Z PLAYER_EVENT=preloading ignored
2026-05-03T21:27:28Z PLAYER_EVENT=end_of_track → end_of_track (flagged for next play_request_id_changed)
2026-05-03T21:27:28Z PLAYER_EVENT=play_request_id_changed → play_request_id_changed after end_of_track (track skip, ignoring)
2026-05-03T21:27:28Z PLAYER_EVENT=track_changed ignored
2026-05-03T21:27:28Z PLAYER_EVENT=playing → track change (stream connected, skipping webhook)
2026-05-03T21:30:30Z PLAYER_EVENT=preload_next ignored
2026-05-03T21:30:31Z PLAYER_EVENT=preloading ignored
2026-05-03T21:30:58Z PLAYER_EVENT=end_of_track → end_of_track (flagged for next play_request_id_changed)
2026-05-03T21:30:58Z PLAYER_EVENT=play_request_id_changed → play_request_id_changed after end_of_track (track skip, ignoring)
2026-05-03T21:30:58Z PLAYER_EVENT=track_changed ignored
2026-05-03T21:30:58Z PLAYER_EVENT=playing → track change (stream connected, skipping webhook)
2026-05-03T21:32:23Z PLAYER_EVENT=preload_next ignored
2026-05-03T21:32:24Z PLAYER_EVENT=preloading ignored
2026-05-03T21:32:52Z PLAYER_EVENT=end_of_track → end_of_track (flagged for next play_request_id_changed)
2026-05-03T21:32:52Z PLAYER_EVENT=play_request_id_changed → play_request_id_changed after end_of_track (track skip, ignoring)
2026-05-03T21:32:52Z PLAYER_EVENT=track_changed ignored
2026-05-03T21:32:52Z PLAYER_EVENT=playing → track change (stream connected, skipping webhook)
2026-05-03T21:33:46Z PLAYER_EVENT=position_correction ignored
2026-05-03T21:34:31Z PLAYER_EVENT=position_correction ignored
2026-05-03T21:35:02Z PLAYER_EVENT=position_correction ignored
2026-05-03T21:36:10Z PLAYER_EVENT=preload_next ignored
2026-05-03T21:36:11Z PLAYER_EVENT=preloading ignored
2026-05-03T21:36:39Z PLAYER_EVENT=end_of_track → end_of_track (flagged for next play_request_id_changed)
2026-05-03T21:36:39Z PLAYER_EVENT=play_request_id_changed → play_request_id_changed after end_of_track (track skip, ignoring)
2026-05-03T21:36:39Z PLAYER_EVENT=track_changed ignored
2026-05-03T21:36:39Z PLAYER_EVENT=playing → track change (stream connected, skipping webhook)
2026-05-03T21:39:46Z PLAYER_EVENT=preload_next ignored
2026-05-03T21:39:48Z PLAYER_EVENT=preloading ignored
2026-05-03T21:40:15Z PLAYER_EVENT=end_of_track → end_of_track (flagged for next play_request_id_changed)
2026-05-03T21:40:15Z PLAYER_EVENT=play_request_id_changed → play_request_id_changed after end_of_track (track skip, ignoring)
2026-05-03T21:40:15Z PLAYER_EVENT=track_changed ignored
2026-05-03T21:40:15Z PLAYER_EVENT=playing → track change (stream connected, skipping webhook)
2026-05-03T21:43:32Z PLAYER_EVENT=preload_next ignored
2026-05-03T21:43:33Z PLAYER_EVENT=preloading ignored
2026-05-03T21:44:00Z PLAYER_EVENT=end_of_track → end_of_track (flagged for next play_request_id_changed)
2026-05-03T21:44:00Z PLAYER_EVENT=play_request_id_changed → play_request_id_changed after end_of_track (track skip, ignoring)
2026-05-03T21:44:00Z PLAYER_EVENT=track_changed ignored
2026-05-03T21:44:00Z PLAYER_EVENT=playing → track change (stream connected, skipping webhook)
2026-05-03T21:47:01Z PLAYER_EVENT=preload_next ignored
2026-05-03T21:47:02Z PLAYER_EVENT=preloading ignored
2026-05-03T21:47:30Z PLAYER_EVENT=end_of_track → end_of_track (flagged for next play_request_id_changed)
2026-05-03T21:47:30Z PLAYER_EVENT=play_request_id_changed → play_request_id_changed after end_of_track (track skip, ignoring)
2026-05-03T21:47:30Z PLAYER_EVENT=track_changed ignored
2026-05-03T21:47:30Z PLAYER_EVENT=playing → track change (stream connected, skipping webhook)
2026-05-03T21:47:45Z PLAYER_EVENT=position_correction ignored
2026-05-03T21:48:19Z PLAYER_EVENT=position_correction ignored
2026-05-03T21:50:04Z PLAYER_EVENT=position_correction ignored
2026-05-03T21:51:26Z PLAYER_EVENT=position_correction ignored
2026-05-03T21:52:01Z PLAYER_EVENT=position_correction ignored
2026-05-03T21:52:01Z PLAYER_EVENT=preload_next ignored
2026-05-03T21:52:13Z PLAYER_EVENT=preloading ignored
2026-05-03T21:52:13Z PLAYER_EVENT=end_of_track → end_of_track (flagged for next play_request_id_changed)
2026-05-03T21:52:13Z PLAYER_EVENT=play_request_id_changed → play_request_id_changed after end_of_track (track skip, ignoring)
2026-05-03T21:52:13Z PLAYER_EVENT=track_changed ignored
2026-05-03T21:52:13Z PLAYER_EVENT=playing → track change (stream connected, skipping webhook)
2026-05-03T21:54:23Z PLAYER_EVENT=preload_next ignored
2026-05-03T21:54:23Z PLAYER_EVENT=end_of_track → end_of_track (flagged for next play_request_id_changed)
2026-05-03T21:54:23Z PLAYER_EVENT=play_request_id_changed → play_request_id_changed after end_of_track (track skip, ignoring)
2026-05-03T21:54:23Z PLAYER_EVENT=loading ignored
2026-05-03T21:54:24Z PLAYER_EVENT=track_changed ignored
2026-05-03T21:54:24Z PLAYER_EVENT=playing → track change (stream connected, skipping webhook)
2026-05-03T21:55:52Z PLAYER_EVENT=position_correction ignored
2026-05-03T21:56:40Z PLAYER_EVENT=position_correction ignored
2026-05-03T21:56:41Z PLAYER_EVENT=preload_next ignored
2026-05-03T21:56:42Z PLAYER_EVENT=end_of_track → end_of_track (flagged for next play_request_id_changed)
2026-05-03T21:56:42Z PLAYER_EVENT=play_request_id_changed → play_request_id_changed after end_of_track (track skip, ignoring)
2026-05-03T21:56:42Z PLAYER_EVENT=loading ignored
2026-05-03T21:56:42Z PLAYER_EVENT=track_changed ignored
2026-05-03T21:56:42Z PLAYER_EVENT=playing → track change (stream connected, skipping webhook)
2026-05-03T21:57:45Z PLAYER_EVENT=position_correction ignored
2026-05-03T21:58:48Z PLAYER_EVENT=position_correction ignored
2026-05-03T21:59:06Z PLAYER_EVENT=preload_next ignored
2026-05-03T21:59:06Z PLAYER_EVENT=preloading ignored
2026-05-03T21:59:37Z PLAYER_EVENT=end_of_track → end_of_track (flagged for next play_request_id_changed)
2026-05-03T21:59:37Z PLAYER_EVENT=play_request_id_changed → play_request_id_changed after end_of_track (track skip, ignoring)
2026-05-03T21:59:37Z PLAYER_EVENT=track_changed ignored
2026-05-03T21:59:37Z PLAYER_EVENT=playing → track change (stream connected, skipping webhook)
2026-05-03T22:00:36Z PLAYER_EVENT=position_correction ignored
2026-05-03T22:02:00Z PLAYER_EVENT=preload_next ignored
2026-05-03T22:02:01Z PLAYER_EVENT=preloading ignored
2026-05-03T22:02:30Z PLAYER_EVENT=end_of_track → end_of_track (flagged for next play_request_id_changed)
2026-05-03T22:02:30Z PLAYER_EVENT=play_request_id_changed → play_request_id_changed after end_of_track (track skip, ignoring)
2026-05-03T22:02:31Z PLAYER_EVENT=track_changed ignored
2026-05-03T22:02:31Z PLAYER_EVENT=playing → track change (stream connected, skipping webhook)
2026-05-03T22:03:45Z PLAYER_EVENT=position_correction ignored
2026-05-03T22:04:23Z PLAYER_EVENT=position_correction ignored
2026-05-03T22:05:44Z PLAYER_EVENT=position_correction ignored
2026-05-03T22:06:09Z PLAYER_EVENT=preload_next ignored
2026-05-03T22:06:10Z PLAYER_EVENT=end_of_track → end_of_track (flagged for next play_request_id_changed)
2026-05-03T22:06:10Z PLAYER_EVENT=play_request_id_changed → play_request_id_changed after end_of_track (track skip, ignoring)
2026-05-03T22:06:10Z PLAYER_EVENT=loading ignored
2026-05-03T22:06:10Z PLAYER_EVENT=track_changed ignored
2026-05-03T22:06:10Z PLAYER_EVENT=playing → track change (stream connected, skipping webhook)
2026-05-03T22:07:10Z PLAYER_EVENT=position_correction ignored
2026-05-03T22:07:47Z PLAYER_EVENT=position_correction ignored
2026-05-03T22:10:21Z PLAYER_EVENT=position_correction ignored
2026-05-03T22:10:34Z PLAYER_EVENT=preload_next ignored
2026-05-03T22:10:34Z PLAYER_EVENT=end_of_track → end_of_track (flagged for next play_request_id_changed)
2026-05-03T22:10:34Z PLAYER_EVENT=play_request_id_changed → play_request_id_changed after end_of_track (track skip, ignoring)
2026-05-03T22:10:34Z PLAYER_EVENT=loading ignored
2026-05-03T22:10:35Z PLAYER_EVENT=track_changed ignored
2026-05-03T22:10:35Z PLAYER_EVENT=playing → track change (stream connected, skipping webhook)
2026-05-03T22:13:57Z PLAYER_EVENT=position_correction ignored
2026-05-03T22:15:10Z PLAYER_EVENT=position_correction ignored
2026-05-03T22:15:11Z PLAYER_EVENT=preload_next ignored
2026-05-03T22:15:39Z PLAYER_EVENT=preloading ignored
2026-05-03T22:15:39Z PLAYER_EVENT=position_correction ignored
2026-05-03T22:16:06Z PLAYER_EVENT=position_correction ignored
2026-05-03T22:16:06Z PLAYER_EVENT=end_of_track → end_of_track (flagged for next play_request_id_changed)
2026-05-03T22:16:06Z PLAYER_EVENT=play_request_id_changed → play_request_id_changed after end_of_track (track skip, ignoring)
2026-05-03T22:16:06Z PLAYER_EVENT=track_changed ignored
2026-05-03T22:16:06Z PLAYER_EVENT=playing → track change (stream connected, skipping webhook)
2026-05-03T22:16:32Z PLAYER_EVENT=position_correction ignored
2026-05-03T22:18:13Z PLAYER_EVENT=preload_next ignored
2026-05-03T22:18:14Z PLAYER_EVENT=end_of_track → end_of_track (flagged for next play_request_id_changed)
2026-05-03T22:18:14Z PLAYER_EVENT=play_request_id_changed → play_request_id_changed after end_of_track (track skip, ignoring)
2026-05-03T22:18:14Z PLAYER_EVENT=loading ignored
2026-05-03T22:18:14Z PLAYER_EVENT=track_changed ignored
2026-05-03T22:18:14Z PLAYER_EVENT=playing → track change (stream connected, skipping webhook)
2026-05-03T22:18:52Z PLAYER_EVENT=position_correction ignored
2026-05-03T22:20:04Z PLAYER_EVENT=position_correction ignored
2026-05-03T22:22:14Z PLAYER_EVENT=preload_next ignored
2026-05-03T22:22:27Z PLAYER_EVENT=preloading ignored
2026-05-03T22:22:28Z PLAYER_EVENT=end_of_track → end_of_track (flagged for next play_request_id_changed)
2026-05-03T22:22:28Z PLAYER_EVENT=play_request_id_changed → play_request_id_changed after end_of_track (track skip, ignoring)
2026-05-03T22:22:28Z PLAYER_EVENT=track_changed ignored
2026-05-03T22:22:28Z PLAYER_EVENT=playing → track change (stream connected, skipping webhook)
2026-05-03T22:24:35Z PLAYER_EVENT=position_correction ignored
2026-05-03T22:26:02Z PLAYER_EVENT=preload_next ignored
2026-05-03T22:26:03Z PLAYER_EVENT=preloading ignored
2026-05-03T22:26:58Z PLAYER_EVENT=position_correction ignored
2026-05-03T22:26:58Z PLAYER_EVENT=end_of_track → end_of_track (flagged for next play_request_id_changed)
2026-05-03T22:26:58Z PLAYER_EVENT=play_request_id_changed → play_request_id_changed after end_of_track (track skip, ignoring)
2026-05-03T22:26:58Z PLAYER_EVENT=track_changed ignored
2026-05-03T22:26:58Z PLAYER_EVENT=playing → track change (stream connected, skipping webhook)
2026-05-03T22:27:27Z PLAYER_EVENT=position_correction ignored
2026-05-03T22:29:52Z PLAYER_EVENT=position_correction ignored
2026-05-03T22:29:53Z PLAYER_EVENT=preload_next ignored
2026-05-03T22:29:54Z PLAYER_EVENT=preloading ignored
2026-05-03T22:30:04Z PLAYER_EVENT=end_of_track → end_of_track (flagged for next play_request_id_changed)
2026-05-03T22:30:04Z PLAYER_EVENT=play_request_id_changed → play_request_id_changed after end_of_track (track skip, ignoring)
2026-05-03T22:30:04Z PLAYER_EVENT=track_changed ignored
2026-05-03T22:30:04Z PLAYER_EVENT=playing → track change (stream connected, skipping webhook)
2026-05-03T22:30:48Z PLAYER_EVENT=position_correction ignored
2026-05-03T22:31:21Z PLAYER_EVENT=position_correction ignored
2026-05-03T22:33:26Z PLAYER_EVENT=position_correction ignored
2026-05-03T22:34:07Z PLAYER_EVENT=position_correction ignored
2026-05-03T22:34:07Z PLAYER_EVENT=preload_next ignored
2026-05-03T22:34:08Z PLAYER_EVENT=end_of_track → end_of_track (flagged for next play_request_id_changed)
2026-05-03T22:34:08Z PLAYER_EVENT=play_request_id_changed → play_request_id_changed after end_of_track (track skip, ignoring)
2026-05-03T22:34:08Z PLAYER_EVENT=loading ignored
2026-05-03T22:34:08Z PLAYER_EVENT=track_changed ignored
2026-05-03T22:34:08Z PLAYER_EVENT=playing → track change (stream connected, skipping webhook)
2026-05-03T22:36:28Z PLAYER_EVENT=preload_next ignored
2026-05-03T22:36:29Z PLAYER_EVENT=preloading ignored
2026-05-03T22:37:02Z PLAYER_EVENT=end_of_track → end_of_track (flagged for next play_request_id_changed)
2026-05-03T22:37:02Z PLAYER_EVENT=play_request_id_changed → play_request_id_changed after end_of_track (track skip, ignoring)
2026-05-03T22:37:02Z PLAYER_EVENT=track_changed ignored
2026-05-03T22:37:02Z PLAYER_EVENT=playing → track change (stream connected, skipping webhook)
2026-05-03T22:37:18Z PLAYER_EVENT=position_correction ignored
2026-05-03T22:37:50Z PLAYER_EVENT=position_correction ignored
2026-05-03T22:38:49Z PLAYER_EVENT=position_correction ignored
2026-05-03T22:39:12Z PLAYER_EVENT=position_correction ignored
2026-05-03T22:40:18Z PLAYER_EVENT=preload_next ignored
2026-05-03T22:40:19Z PLAYER_EVENT=preloading ignored
2026-05-03T22:40:41Z PLAYER_EVENT=end_of_track → end_of_track (flagged for next play_request_id_changed)
2026-05-03T22:40:41Z PLAYER_EVENT=play_request_id_changed → play_request_id_changed after end_of_track (track skip, ignoring)
2026-05-03T22:40:41Z PLAYER_EVENT=track_changed ignored
2026-05-03T22:40:41Z PLAYER_EVENT=playing → track change (stream connected, skipping webhook)
2026-05-03T22:41:12Z PLAYER_EVENT=position_correction ignored
2026-05-03T22:44:17Z PLAYER_EVENT=preload_next ignored
2026-05-03T22:44:34Z PLAYER_EVENT=preloading ignored
2026-05-03T22:44:35Z PLAYER_EVENT=end_of_track → end_of_track (flagged for next play_request_id_changed)
2026-05-03T22:44:35Z PLAYER_EVENT=play_request_id_changed → play_request_id_changed after end_of_track (track skip, ignoring)
2026-05-03T22:44:35Z PLAYER_EVENT=track_changed ignored
2026-05-03T22:44:35Z PLAYER_EVENT=playing → track change (stream connected, skipping webhook)
2026-05-03T22:44:51Z PLAYER_EVENT=position_correction ignored
2026-05-03T22:45:42Z PLAYER_EVENT=position_correction ignored
2026-05-03T22:46:44Z PLAYER_EVENT=position_correction ignored
2026-05-03T22:47:10Z PLAYER_EVENT=position_correction ignored
2026-05-03T22:47:12Z PLAYER_EVENT=preload_next ignored
2026-05-03T22:47:49Z PLAYER_EVENT=preloading ignored
2026-05-03T22:47:50Z PLAYER_EVENT=end_of_track → end_of_track (flagged for next play_request_id_changed)
2026-05-03T22:47:50Z PLAYER_EVENT=play_request_id_changed → play_request_id_changed after end_of_track (track skip, ignoring)
2026-05-03T22:47:50Z PLAYER_EVENT=track_changed ignored
2026-05-03T22:47:50Z PLAYER_EVENT=playing → track change (stream connected, skipping webhook)
2026-05-03T22:48:02Z PLAYER_EVENT=position_correction ignored
2026-05-03T22:48:32Z PLAYER_EVENT=position_correction ignored
2026-05-03T22:48:59Z PLAYER_EVENT=position_correction ignored
2026-05-03T22:50:16Z PLAYER_EVENT=preload_next ignored
2026-05-03T22:50:41Z PLAYER_EVENT=end_of_track → end_of_track (flagged for next play_request_id_changed)
2026-05-03T22:50:41Z PLAYER_EVENT=play_request_id_changed → play_request_id_changed after end_of_track (track skip, ignoring)
2026-05-03T22:50:41Z PLAYER_EVENT=loading ignored
2026-05-03T22:50:42Z PLAYER_EVENT=track_changed ignored
2026-05-03T22:50:42Z PLAYER_EVENT=playing → track change (stream connected, skipping webhook)
2026-05-03T22:51:08Z PLAYER_EVENT=position_correction ignored
2026-05-03T22:51:43Z PLAYER_EVENT=position_correction ignored
2026-05-03T22:52:51Z PLAYER_EVENT=paused → paused, debouncing (3s)
2026-05-03T22:52:54Z PLAYER_EVENT=paused → notifying HA: librespot_stopped (paused)
2026-05-03T23:36:58Z PLAYER_EVENT=session_disconnected → reset state to stopped (new session)
2026-05-03T23:36:58Z PLAYER_EVENT=stopped → stopped, debouncing (5s)
2026-05-03T23:37:03Z PLAYER_EVENT=stopped → notifying HA: librespot_stopped
2026-05-06T23:14:30Z PLAYER_EVENT=session_connected → reset state to stopped (new session)
2026-05-06T23:14:30Z PLAYER_EVENT=session_client_changed ignored
2026-05-06T23:14:30Z PLAYER_EVENT=volume_changed ignored
2026-05-06T23:14:30Z PLAYER_EVENT=auto_play_changed ignored
2026-05-06T23:14:30Z PLAYER_EVENT=filter_explicit_content_changed ignored
2026-05-06T23:14:30Z PLAYER_EVENT=shuffle_changed ignored
2026-05-06T23:14:30Z PLAYER_EVENT=repeat_changed ignored
2026-05-06T23:14:30Z PLAYER_EVENT=play_request_id_changed → reset state to stopped (fresh play request, stream was not live)
2026-05-06T23:14:30Z PLAYER_EVENT=loading ignored
2026-05-06T23:14:32Z PLAYER_EVENT=track_changed ignored
2026-05-06T23:14:32Z PLAYER_EVENT=playing → notifying HA: librespot_playing
2026-05-06T23:14:35Z PLAYER_EVENT=preload_next ignored
2026-05-06T23:14:35Z PLAYER_EVENT=end_of_track → end_of_track (flagged for next play_request_id_changed)
2026-05-06T23:14:35Z PLAYER_EVENT=play_request_id_changed → play_request_id_changed after end_of_track (track skip, ignoring)
2026-05-06T23:14:35Z PLAYER_EVENT=loading ignored
2026-05-06T23:14:36Z PLAYER_EVENT=track_changed ignored
2026-05-06T23:14:36Z PLAYER_EVENT=playing → track change (stream connected, skipping webhook)
2026-05-06T23:14:57Z PLAYER_EVENT=paused → paused, debouncing (3s)
2026-05-06T23:15:00Z PLAYER_EVENT=paused → notifying HA: librespot_stopped (paused)
2026-05-06T23:58:13Z PLAYER_EVENT=session_disconnected → reset state to stopped (new session)
2026-05-06T23:58:13Z PLAYER_EVENT=stopped → stopped, debouncing (5s)
2026-05-06T23:58:18Z PLAYER_EVENT=stopped → notifying HA: librespot_stopped
