[2026-03-29T01:01:55Z INFO  librespot] librespot 0.8.0 VERGEN_IDEMPOTENT_OUTPUT (Built on 2025-11-10, Build ID: 1762793321, Profile: release)
[2026-03-29T01:01:55Z INFO  librespot_playback::mixer::softmixer] Mixing with softvol and volume control: Log(60.0)
[2026-03-29T01:01:55Z INFO  librespot_playback::convert] Converting with ditherer: tpdf
[2026-03-29T01:01:55Z INFO  librespot_playback::audio_backend::pipe] Using StdoutSink (pipe) with format: S16
[2026-03-29T01:11:33Z INFO  librespot_core::session] Connecting to AP "ap-gue1.spotify.com:4070"
[2026-03-29T01:11:33Z INFO  librespot_core::session] Authenticated as 'paulster23' !
[2026-03-29T01:11:33Z INFO  librespot_core::session] Country: "US"
[2026-03-29T01:11:34Z INFO  librespot_core::spclient] Resolved "gue1-spclient.spotify.com:443" as spclient access point
[2026-03-29T01:11:34Z INFO  librespot_connect::spirc] active device is <e9912ea7d306062891be9d4514485cfccfc5a2d7> with session <39mHVjbb9YZjIG35U8TfpU>
[2026-03-29T01:11:34Z WARN  librespot_connect::state::context] couldn't load context info because: context is not available. type: Default
[2026-03-29T01:11:34Z INFO  librespot_playback::player] Loading <Count Of Four> with Spotify URI <spotify:track:5w3vHCHkitUnqAOPB3YMlV>
[2026-03-29T01:11:35Z INFO  librespot_playback::player] <Count Of Four> (365738 ms) loaded
[2026-03-29T01:16:12Z INFO  librespot] librespot 0.8.0 VERGEN_IDEMPOTENT_OUTPUT (Built on 2025-11-10, Build ID: 1762793321, Profile: release)
[2026-03-29T01:16:12Z INFO  librespot_playback::mixer::softmixer] Mixing with softvol and volume control: Log(60.0)
[2026-03-29T01:16:12Z INFO  librespot_playback::convert] Converting with ditherer: tpdf
[2026-03-29T01:16:12Z INFO  librespot_playback::audio_backend::pipe] Using StdoutSink (pipe) with format: S16
[2026-03-29T01:16:45Z INFO  librespot_core::session] Connecting to AP "ap-gue1.spotify.com:4070"
[2026-03-29T01:16:45Z INFO  librespot_core::session] Authenticated as 'paulster23' !
[2026-03-29T01:16:45Z INFO  librespot_core::session] Country: "US"
[2026-03-29T01:16:46Z INFO  librespot_core::spclient] Resolved "gue1-spclient.spotify.com:443" as spclient access point
[2026-03-29T01:16:46Z INFO  librespot_connect::spirc] active device is <> with session <fc736a36681f4f08adffa61526eaea5d>
[2026-03-29T01:16:46Z WARN  librespot_connect::state::context] couldn't load context info because: context is not available. type: Default
[2026-03-29T01:16:46Z INFO  librespot_playback::player] Loading <Count Of Four> with Spotify URI <spotify:track:5w3vHCHkitUnqAOPB3YMlV>
[2026-03-29T01:16:47Z WARN  librespot_playback::player] Invalid start position of 388015 ms exceeds track's duration of 365738 ms, starting track from the beginning
[2026-03-29T01:16:47Z INFO  librespot_playback::player] <Count Of Four> (365738 ms) loaded
[2026-03-29T01:17:21Z WARN  librespot_connect::state::context] couldn't load context info because: context is not available. type: Default
[2026-03-29T01:17:21Z WARN  librespot_connect::state::context] couldn't load context info because: context is not available. type: Default
[2026-03-29T01:17:29Z INFO  librespot_connect::spirc] device became inactive
[2026-03-29T01:17:29Z WARN  librespot_connect::state::context] couldn't load context info because: context is not available. type: Default
[2026-03-29T01:17:29Z WARN  librespot_connect::spirc] failed filling up next_track during stopping: Invalid state { context is not available. type: Default }
[2026-03-29T01:17:37Z WARN  librespot_connect::state::context] couldn't load context info because: context is not available. type: Default
[2026-03-29T01:17:37Z INFO  librespot_connect::spirc] session update: <Ok(NEW_SESSION)> for self, current session_id 10b2a459bff446289d18d7826f9b7b37, new session_id 02617982984236b9f9b141ea60b60a67
[2026-03-29T01:28:40Z INFO  librespot_connect::spirc] device became inactive
[2026-03-29T01:28:40Z WARN  librespot_connect::state::context] couldn't load context info because: context is not available. type: Default
[2026-03-29T01:28:40Z WARN  librespot_connect::spirc] failed filling up next_track during stopping: Invalid state { context is not available. type: Default }
[2026-03-29T01:28:42Z WARN  librespot_connect::state::context] couldn't load context info because: context is not available. type: Default
[2026-03-29T01:36:38Z INFO  librespot] librespot 0.8.0 VERGEN_IDEMPOTENT_OUTPUT (Built on 2025-11-10, Build ID: 1762793321, Profile: release)
[2026-03-29T01:36:38Z INFO  librespot_playback::mixer::softmixer] Mixing with softvol and volume control: Log(60.0)
[2026-03-29T01:36:38Z INFO  librespot_playback::convert] Converting with ditherer: tpdf
[2026-03-29T01:36:38Z INFO  librespot_playback::audio_backend::pipe] Using StdoutSink (pipe) with format: S16
[2026-03-29T01:37:05Z INFO  librespot_core::session] Connecting to AP "ap-gue1.spotify.com:4070"
[2026-03-29T01:37:05Z INFO  librespot_core::session] Authenticated as 'paulster23' !
[2026-03-29T01:37:05Z INFO  librespot_core::session] Country: "US"
[2026-03-29T01:37:06Z INFO  librespot_core::spclient] Resolved "gue1-spclient.spotify.com:443" as spclient access point
[2026-03-29T01:37:06Z INFO  librespot_connect::spirc] active device is <e9912ea7d306062891be9d4514485cfccfc5a2d7> with session <7q51iJSNQHoooSx3j8cmi2>
[2026-03-29T01:37:06Z WARN  librespot_connect::state::context] couldn't load context info because: context is not available. type: Default
[2026-03-29T01:37:06Z INFO  librespot_playback::player] Loading <Count Of Four> with Spotify URI <spotify:track:5w3vHCHkitUnqAOPB3YMlV>
[2026-03-29T01:37:07Z INFO  librespot_playback::player] <Count Of Four> (365738 ms) loaded
[2026-03-29T01:46:45Z INFO  librespot_connect::spirc] device became inactive
[2026-03-29T01:46:45Z WARN  librespot_connect::state::context] couldn't load context info because: context is not available. type: Default
[2026-03-29T01:46:45Z WARN  librespot_connect::spirc] failed filling up next_track during stopping: Invalid state { context is not available. type: Default }
[2026-03-29T01:46:47Z WARN  librespot_connect::state::context] couldn't load context info because: context is not available. type: Default
[2026-03-29T01:54:17Z INFO  librespot_connect::spirc] device became inactive
[2026-03-29T01:54:17Z WARN  librespot_connect::state::context] couldn't load context info because: context is not available. type: Default
[2026-03-29T01:54:17Z WARN  librespot_connect::spirc] failed filling up next_track during stopping: Invalid state { context is not available. type: Default }
[2026-03-29T01:54:22Z WARN  librespot_connect::state::context] couldn't load context info because: context is not available. type: Default
[2026-03-29T01:54:34Z INFO  librespot_connect::spirc] device became inactive
[2026-03-29T01:54:34Z WARN  librespot_connect::state::context] couldn't load context info because: context is not available. type: Default
[2026-03-29T01:54:34Z WARN  librespot_connect::spirc] failed filling up next_track during stopping: Invalid state { context is not available. type: Default }
[2026-03-29T01:54:36Z WARN  librespot_connect::state::context] couldn't load context info because: context is not available. type: Default
[2026-03-29T01:55:39Z INFO  librespot] librespot 0.8.0 VERGEN_IDEMPOTENT_OUTPUT (Built on 2025-11-10, Build ID: 1762793321, Profile: release)
[2026-03-29T01:55:39Z INFO  librespot_playback::mixer::softmixer] Mixing with softvol and volume control: Log(60.0)
[2026-03-29T01:55:39Z INFO  librespot_playback::convert] Converting with ditherer: tpdf
[2026-03-29T01:55:39Z INFO  librespot_playback::audio_backend::pipe] Using StdoutSink (pipe) with format: S16
[2026-03-29T01:56:03Z INFO  librespot_core::session] Connecting to AP "ap-gue1.spotify.com:4070"
[2026-03-29T01:56:03Z INFO  librespot_core::session] Authenticated as 'paulster23' !
[2026-03-29T01:56:03Z INFO  librespot_core::session] Country: "US"
[2026-03-29T01:56:03Z INFO  librespot_core::spclient] Resolved "gue1-spclient.spotify.com:443" as spclient access point
[2026-03-29T01:56:04Z INFO  librespot_connect::spirc] active device is <e9912ea7d306062891be9d4514485cfccfc5a2d7> with session <2GOuhEKxxBhyCPsyuuF2TT>
[2026-03-29T01:56:04Z WARN  librespot_connect::state::context] couldn't load context info because: context is not available. type: Default
[2026-03-29T01:56:04Z INFO  librespot_playback::player] Loading <Count Of Four> with Spotify URI <spotify:track:5w3vHCHkitUnqAOPB3YMlV>
[2026-03-29T01:56:05Z INFO  librespot_playback::player] <Count Of Four> (365738 ms) loaded
[2026-03-29T01:56:10Z INFO  librespot_playback::player] Loading <Electric War> with Spotify URI <spotify:track:14uYjLYDWo0rtCHKvWF1jc>
[2026-03-29T01:56:10Z INFO  librespot_playback::player] <Electric War> (315626 ms) loaded
[2026-03-29T01:56:14Z INFO  librespot_playback::player] Loading <Zero Sun> with Spotify URI <spotify:track:15nhbSCU39RlG32KqkneOu>
[2026-03-29T01:56:15Z INFO  librespot_playback::player] <Zero Sun> (207805 ms) loaded
[2026-03-29T01:56:15Z WARN  librespot_audio::fetch::receive] Throughput 0 kbps lower than minimum 8, setting to minimum
[2026-03-29T01:56:18Z INFO  librespot_playback::player] Loading <Spektator> with Spotify URI <spotify:track:1q6Sx9RA0m4yfV7U2Dgthx>
[2026-03-29T01:56:18Z INFO  librespot_playback::player] <Spektator> (225984 ms) loaded
[2026-03-29T01:56:21Z INFO  librespot_playback::player] Loading <Creaky> with Spotify URI <spotify:track:6KP6hNZ2DuOuB72c3SPNTk>
[2026-03-29T01:56:22Z INFO  librespot_playback::player] <Creaky> (452413 ms) loaded
[2026-03-29T01:56:29Z INFO  librespot_playback::player] Loading <’Said Soul> with Spotify URI <spotify:track:3nereh8fbNjDflNF7f1CLK>
[2026-03-29T01:56:29Z INFO  librespot_playback::player] <’Said Soul> (164389 ms) loaded
[2026-03-29T01:56:34Z INFO  librespot_playback::player] Loading <Sick 8> with Spotify URI <spotify:track:3b5OzSpdY89VB1VJuIcBaC>
[2026-03-29T01:56:34Z INFO  librespot_playback::player] <Sick 8> (260522 ms) loaded
[2026-03-29T01:56:37Z INFO  librespot_playback::player] Loading <My Now> with Spotify URI <spotify:track:5t4zQCOjSL3BmJhPlg62Ok>
[2026-03-29T01:56:38Z INFO  librespot_playback::player] <My Now> (350127 ms) loaded
[2026-03-29T01:56:42Z INFO  librespot_playback::player] Loading <Count Of Four> with Spotify URI <spotify:track:5w3vHCHkitUnqAOPB3YMlV>
[2026-03-29T01:56:43Z INFO  librespot_playback::player] <Count Of Four> (365738 ms) loaded
[2026-03-29T01:56:48Z INFO  librespot_playback::player] Loading <Electric War> with Spotify URI <spotify:track:14uYjLYDWo0rtCHKvWF1jc>
[2026-03-29T01:56:49Z INFO  librespot_playback::player] <Electric War> (315626 ms) loaded
[2026-03-29T01:56:54Z INFO  librespot_playback::player] Loading <Zero Sun> with Spotify URI <spotify:track:15nhbSCU39RlG32KqkneOu>
[2026-03-29T01:56:54Z INFO  librespot_playback::player] <Zero Sun> (207805 ms) loaded
[2026-03-29T01:56:54Z WARN  librespot_audio::fetch::receive] Throughput 4 kbps lower than minimum 8, setting to minimum
[2026-03-29T01:56:57Z INFO  librespot_playback::player] Loading <Spektator> with Spotify URI <spotify:track:1q6Sx9RA0m4yfV7U2Dgthx>
[2026-03-29T01:56:58Z INFO  librespot_playback::player] <Spektator> (225984 ms) loaded
[2026-03-29T01:57:01Z INFO  librespot_playback::player] Loading <Creaky> with Spotify URI <spotify:track:6KP6hNZ2DuOuB72c3SPNTk>
[2026-03-29T01:57:01Z INFO  librespot_playback::player] <Creaky> (452413 ms) loaded
[2026-03-29T01:57:13Z INFO  librespot_playback::player] Loading <’Said Soul> with Spotify URI <spotify:track:3nereh8fbNjDflNF7f1CLK>
[2026-03-29T01:57:14Z INFO  librespot_playback::player] <’Said Soul> (164389 ms) loaded
[2026-03-29T01:57:15Z INFO  librespot_playback::player] Loading <Sick 8> with Spotify URI <spotify:track:3b5OzSpdY89VB1VJuIcBaC>
[2026-03-29T01:57:16Z INFO  librespot_playback::player] <Sick 8> (260522 ms) loaded
[2026-03-29T01:57:19Z INFO  librespot_playback::player] Loading <My Now> with Spotify URI <spotify:track:5t4zQCOjSL3BmJhPlg62Ok>
[2026-03-29T01:57:19Z INFO  librespot_playback::player] <My Now> (350127 ms) loaded
[2026-03-29T01:57:24Z INFO  librespot_playback::player] Loading <Count Of Four> with Spotify URI <spotify:track:5w3vHCHkitUnqAOPB3YMlV>
[2026-03-29T01:57:25Z INFO  librespot_playback::player] <Count Of Four> (365738 ms) loaded
[2026-03-29T01:57:29Z INFO  librespot_playback::player] Loading <Electric War> with Spotify URI <spotify:track:14uYjLYDWo0rtCHKvWF1jc>
[2026-03-29T01:57:30Z INFO  librespot_playback::player] <Electric War> (315626 ms) loaded
[2026-03-29T01:57:34Z INFO  librespot_playback::player] Loading <Zero Sun> with Spotify URI <spotify:track:15nhbSCU39RlG32KqkneOu>
[2026-03-29T01:57:34Z INFO  librespot_playback::player] <Zero Sun> (207805 ms) loaded
[2026-03-29T01:57:35Z WARN  librespot_audio::fetch::receive] Throughput 1 kbps lower than minimum 8, setting to minimum
[2026-03-29T01:57:37Z INFO  librespot_playback::player] Loading <Spektator> with Spotify URI <spotify:track:1q6Sx9RA0m4yfV7U2Dgthx>
[2026-03-29T01:57:37Z INFO  librespot_playback::player] <Spektator> (225984 ms) loaded
[2026-03-29T01:57:41Z INFO  librespot_playback::player] Loading <Creaky> with Spotify URI <spotify:track:6KP6hNZ2DuOuB72c3SPNTk>
[2026-03-29T01:57:41Z INFO  librespot_playback::player] <Creaky> (452413 ms) loaded
[2026-03-29T01:57:48Z INFO  librespot_playback::player] Loading <’Said Soul> with Spotify URI <spotify:track:3nereh8fbNjDflNF7f1CLK>
[2026-03-29T01:57:48Z INFO  librespot_playback::player] <’Said Soul> (164389 ms) loaded
[2026-03-29T01:57:52Z INFO  librespot_playback::player] Loading <Sick 8> with Spotify URI <spotify:track:3b5OzSpdY89VB1VJuIcBaC>
[2026-03-29T01:57:53Z INFO  librespot_playback::player] <Sick 8> (260522 ms) loaded
[2026-03-29T01:57:56Z INFO  librespot_playback::player] Loading <My Now> with Spotify URI <spotify:track:5t4zQCOjSL3BmJhPlg62Ok>
[2026-03-29T01:57:57Z INFO  librespot_playback::player] <My Now> (350127 ms) loaded
[2026-03-29T01:58:01Z INFO  librespot_playback::player] Loading <Count Of Four> with Spotify URI <spotify:track:5w3vHCHkitUnqAOPB3YMlV>
[2026-03-29T01:58:02Z INFO  librespot_playback::player] <Count Of Four> (365738 ms) loaded
[2026-03-29T01:58:06Z INFO  librespot_playback::player] Loading <Electric War> with Spotify URI <spotify:track:14uYjLYDWo0rtCHKvWF1jc>
[2026-03-29T01:58:07Z INFO  librespot_playback::player] <Electric War> (315626 ms) loaded
[2026-03-29T01:58:11Z INFO  librespot_playback::player] Loading <Zero Sun> with Spotify URI <spotify:track:15nhbSCU39RlG32KqkneOu>
[2026-03-29T01:58:12Z INFO  librespot_playback::player] <Zero Sun> (207805 ms) loaded
[2026-03-29T01:58:12Z WARN  librespot_audio::fetch::receive] Throughput 1 kbps lower than minimum 8, setting to minimum
[2026-03-29T01:58:14Z INFO  librespot_playback::player] Loading <Spektator> with Spotify URI <spotify:track:1q6Sx9RA0m4yfV7U2Dgthx>
[2026-03-29T01:58:15Z INFO  librespot_playback::player] <Spektator> (225984 ms) loaded
[2026-03-29T01:58:18Z INFO  librespot_playback::player] Loading <Creaky> with Spotify URI <spotify:track:6KP6hNZ2DuOuB72c3SPNTk>
[2026-03-29T01:58:19Z INFO  librespot_playback::player] <Creaky> (452413 ms) loaded
[2026-03-29T01:58:26Z INFO  librespot_playback::player] Loading <’Said Soul> with Spotify URI <spotify:track:3nereh8fbNjDflNF7f1CLK>
[2026-03-29T01:58:27Z INFO  librespot_playback::player] <’Said Soul> (164389 ms) loaded
[2026-03-29T01:58:29Z INFO  librespot_playback::player] Loading <Sick 8> with Spotify URI <spotify:track:3b5OzSpdY89VB1VJuIcBaC>
[2026-03-29T01:58:30Z INFO  librespot_playback::player] <Sick 8> (260522 ms) loaded
[2026-03-29T01:58:36Z INFO  librespot_playback::player] Loading <My Now> with Spotify URI <spotify:track:5t4zQCOjSL3BmJhPlg62Ok>
[2026-03-29T01:58:37Z INFO  librespot_playback::player] <My Now> (350127 ms) loaded
[2026-03-29T01:58:42Z INFO  librespot_playback::player] Loading <Count Of Four> with Spotify URI <spotify:track:5w3vHCHkitUnqAOPB3YMlV>
[2026-03-29T01:58:42Z INFO  librespot_playback::player] <Count Of Four> (365738 ms) loaded
[2026-03-29T01:58:48Z INFO  librespot_playback::player] Loading <Electric War> with Spotify URI <spotify:track:14uYjLYDWo0rtCHKvWF1jc>
[2026-03-29T01:58:48Z INFO  librespot_playback::player] <Electric War> (315626 ms) loaded
[2026-03-29T01:58:54Z INFO  librespot_playback::player] Loading <Zero Sun> with Spotify URI <spotify:track:15nhbSCU39RlG32KqkneOu>
[2026-03-29T01:58:56Z INFO  librespot_playback::player] <Zero Sun> (207805 ms) loaded
[2026-03-29T01:58:56Z WARN  librespot_audio::fetch::receive] Throughput 3 kbps lower than minimum 8, setting to minimum
[2026-03-29T01:58:58Z INFO  librespot_playback::player] Loading <Spektator> with Spotify URI <spotify:track:1q6Sx9RA0m4yfV7U2Dgthx>
[2026-03-29T01:58:59Z ERROR librespot_core::audio_key] error audio key 0 2
[2026-03-29T01:58:59Z WARN  librespot_playback::player] Unable to load key, continuing without decryption: Service unavailable { audio key error }
[2026-03-29T01:59:10Z ERROR librespot_playback::player] Unable to read audio file: Symphonia Decoder Error: end of stream
[2026-03-29T01:59:10Z ERROR librespot_playback::player] Skipping to next track, unable to load track <SpotifyUri("spotify:track:1q6Sx9RA0m4yfV7U2Dgthx")>: ()
[2026-03-29T01:59:10Z INFO  librespot_playback::player] Loading <Creaky> with Spotify URI <spotify:track:6KP6hNZ2DuOuB72c3SPNTk>
[2026-03-29T01:59:11Z INFO  librespot_playback::player] <Creaky> (452413 ms) loaded
[2026-03-29T01:59:18Z INFO  librespot_playback::player] Loading <’Said Soul> with Spotify URI <spotify:track:3nereh8fbNjDflNF7f1CLK>
[2026-03-29T01:59:18Z ERROR librespot_core::audio_key] error audio key 0 2
[2026-03-29T01:59:18Z WARN  librespot_playback::player] Unable to load key, continuing without decryption: Service unavailable { audio key error }
[2026-03-29T01:59:25Z ERROR librespot_playback::player] Unable to read audio file: Symphonia Decoder Error: end of stream
[2026-03-29T01:59:25Z ERROR librespot_playback::player] Skipping to next track, unable to load track <SpotifyUri("spotify:track:3nereh8fbNjDflNF7f1CLK")>: ()
[2026-03-29T01:59:25Z INFO  librespot_playback::player] Loading <Sick 8> with Spotify URI <spotify:track:3b5OzSpdY89VB1VJuIcBaC>
[2026-03-29T01:59:25Z ERROR librespot_core::audio_key] error audio key 0 2
[2026-03-29T01:59:25Z WARN  librespot_playback::player] Unable to load key, continuing without decryption: Service unavailable { audio key error }
[2026-03-29T01:59:33Z ERROR librespot_playback::player] Unable to read audio file: Symphonia Decoder Error: end of stream
[2026-03-29T01:59:33Z ERROR librespot_playback::player] Skipping to next track, unable to load track <SpotifyUri("spotify:track:3b5OzSpdY89VB1VJuIcBaC")>: ()
[2026-03-29T01:59:33Z INFO  librespot_playback::player] Loading <My Now> with Spotify URI <spotify:track:5t4zQCOjSL3BmJhPlg62Ok>
[2026-03-29T01:59:33Z ERROR librespot_core::audio_key] error audio key 0 2
[2026-03-29T01:59:33Z WARN  librespot_playback::player] Unable to load key, continuing without decryption: Service unavailable { audio key error }
[2026-03-29T01:59:44Z ERROR librespot_playback::player] Unable to read audio file: Symphonia Decoder Error: end of stream
[2026-03-29T01:59:44Z ERROR librespot_playback::player] Skipping to next track, unable to load track <SpotifyUri("spotify:track:5t4zQCOjSL3BmJhPlg62Ok")>: ()
[2026-03-29T01:59:44Z INFO  librespot_playback::player] Loading <Count Of Four> with Spotify URI <spotify:track:5w3vHCHkitUnqAOPB3YMlV>
[2026-03-29T01:59:45Z INFO  librespot_playback::player] <Count Of Four> (365738 ms) loaded
[2026-03-29T01:59:50Z INFO  librespot_playback::player] Loading <Electric War> with Spotify URI <spotify:track:14uYjLYDWo0rtCHKvWF1jc>
[2026-03-29T01:59:50Z ERROR librespot_core::audio_key] error audio key 0 2
[2026-03-29T01:59:50Z WARN  librespot_playback::player] Unable to load key, continuing without decryption: Service unavailable { audio key error }
[2026-03-29T02:00:06Z ERROR librespot_playback::player] Unable to read audio file: Symphonia Decoder Error: end of stream
[2026-03-29T02:00:06Z ERROR librespot_playback::player] Skipping to next track, unable to load track <SpotifyUri("spotify:track:14uYjLYDWo0rtCHKvWF1jc")>: ()
[2026-03-29T02:00:06Z INFO  librespot_playback::player] Loading <Zero Sun> with Spotify URI <spotify:track:15nhbSCU39RlG32KqkneOu>
[2026-03-29T02:00:06Z ERROR librespot_core::audio_key] error audio key 0 2
[2026-03-29T02:00:06Z WARN  librespot_playback::player] Unable to load key, continuing without decryption: Service unavailable { audio key error }
[2026-03-29T02:00:17Z ERROR librespot_playback::player] Unable to read audio file: Symphonia Decoder Error: end of stream
[2026-03-29T02:00:17Z ERROR librespot_playback::player] Skipping to next track, unable to load track <SpotifyUri("spotify:track:15nhbSCU39RlG32KqkneOu")>: ()
[2026-03-29T02:00:17Z INFO  librespot_playback::player] Loading <Creaky> with Spotify URI <spotify:track:6KP6hNZ2DuOuB72c3SPNTk>
[2026-03-29T02:00:18Z INFO  librespot_playback::player] <Creaky> (452413 ms) loaded
[2026-03-29T02:00:25Z INFO  librespot_playback::player] Loading <Count Of Four> with Spotify URI <spotify:track:5w3vHCHkitUnqAOPB3YMlV>
[2026-03-29T02:00:25Z ERROR librespot_core::audio_key] error audio key 0 2
[2026-03-29T02:00:25Z WARN  librespot_playback::player] Unable to load key, continuing without decryption: Service unavailable { audio key error }
[2026-03-29T02:00:42Z ERROR librespot_playback::player] Unable to read audio file: Symphonia Decoder Error: end of stream
[2026-03-29T02:00:42Z ERROR librespot_playback::player] Skipping to next track, unable to load track <SpotifyUri("spotify:track:5w3vHCHkitUnqAOPB3YMlV")>: ()
[2026-03-29T02:00:42Z INFO  librespot_playback::player] Loading <Creaky> with Spotify URI <spotify:track:6KP6hNZ2DuOuB72c3SPNTk>
[2026-03-29T02:00:43Z ERROR librespot_core::audio_key] error audio key 0 2
[2026-03-29T02:00:43Z WARN  librespot_playback::player] Unable to load key, continuing without decryption: Service unavailable { audio key error }
[2026-03-29T02:00:59Z ERROR librespot_playback::player] Unable to read audio file: Symphonia Decoder Error: end of stream
[2026-03-29T02:00:59Z ERROR librespot_playback::player] Skipping to next track, unable to load track <SpotifyUri("spotify:track:6KP6hNZ2DuOuB72c3SPNTk")>: ()
[2026-03-29T02:00:59Z INFO  librespot_playback::player] Loading <Spektator> with Spotify URI <spotify:track:1q6Sx9RA0m4yfV7U2Dgthx>
[2026-03-29T02:00:59Z INFO  librespot_playback::player] <Spektator> (225984 ms) loaded
[2026-03-29T02:01:05Z INFO  librespot_playback::player] Loading <’Said Soul> with Spotify URI <spotify:track:3nereh8fbNjDflNF7f1CLK>
[2026-03-29T02:01:06Z ERROR librespot_core::audio_key] error audio key 0 2
[2026-03-29T02:01:06Z WARN  librespot_playback::player] Unable to load key, continuing without decryption: Service unavailable { audio key error }
[2026-03-29T02:01:11Z ERROR librespot_playback::player] Unable to read audio file: Symphonia Decoder Error: end of stream
[2026-03-29T02:01:11Z ERROR librespot_playback::player] Skipping to next track, unable to load track <SpotifyUri("spotify:track:3nereh8fbNjDflNF7f1CLK")>: ()
[2026-03-29T02:01:11Z INFO  librespot_playback::player] Loading <Spektator> with Spotify URI <spotify:track:1q6Sx9RA0m4yfV7U2Dgthx>
[2026-03-29T02:01:11Z ERROR librespot_core::audio_key] error audio key 0 2
[2026-03-29T02:01:11Z WARN  librespot_playback::player] Unable to load key, continuing without decryption: Service unavailable { audio key error }
[2026-03-29T02:01:20Z ERROR librespot_playback::player] Unable to read audio file: Symphonia Decoder Error: end of stream
[2026-03-29T02:01:20Z ERROR librespot_playback::player] Skipping to next track, unable to load track <SpotifyUri("spotify:track:1q6Sx9RA0m4yfV7U2Dgthx")>: ()
[2026-03-29T02:01:20Z INFO  librespot_playback::player] Loading <Sick 8> with Spotify URI <spotify:track:3b5OzSpdY89VB1VJuIcBaC>
[2026-03-29T02:01:21Z INFO  librespot_playback::player] <Sick 8> (260522 ms) loaded
[2026-03-29T02:01:28Z INFO  librespot_playback::player] Loading <My Now> with Spotify URI <spotify:track:5t4zQCOjSL3BmJhPlg62Ok>
[2026-03-29T02:01:28Z ERROR librespot_core::audio_key] error audio key 0 2
[2026-03-29T02:01:28Z WARN  librespot_playback::player] Unable to load key, continuing without decryption: Service unavailable { audio key error }
[2026-03-29T02:01:39Z INFO  librespot_connect::spirc] device became inactive
[2026-03-29T02:01:40Z WARN  librespot_connect::state::context] couldn't load context info because: context is not available. type: Default
[2026-03-29T02:01:40Z WARN  librespot_connect::spirc] failed filling up next_track during stopping: Invalid state { context is not available. type: Default }
[2026-03-29T02:01:41Z ERROR librespot_playback::player] Unable to read audio file: Symphonia Decoder Error: end of stream
[2026-03-29T02:01:43Z WARN  librespot_connect::state::context] couldn't load context info because: context is not available. type: Default
[2026-03-29T02:01:43Z INFO  librespot_playback::player] Loading <My Now> with Spotify URI <spotify:track:5t4zQCOjSL3BmJhPlg62Ok>
[2026-03-29T02:01:43Z ERROR librespot_core::audio_key] error audio key 0 2
[2026-03-29T02:01:43Z WARN  librespot_playback::player] Unable to load key, continuing without decryption: Service unavailable { audio key error }
[2026-03-29T02:01:57Z ERROR librespot_playback::player] Unable to read audio file: Symphonia Decoder Error: Deadline expired before operation could complete { wait timeout exceeded }
[2026-03-29T02:01:57Z ERROR librespot_playback::player] Skipping to next track, unable to load track <SpotifyUri("spotify:track:5t4zQCOjSL3BmJhPlg62Ok")>: ()
[2026-03-29T02:01:57Z INFO  librespot_connect::spirc] Not playing next track because there are no more tracks left in queue.
[2026-03-29T02:01:59Z INFO  librespot_playback::player] Loading <Electric War> with Spotify URI <spotify:track:14uYjLYDWo0rtCHKvWF1jc>
[2026-03-29T02:02:00Z INFO  librespot_playback::player] <Electric War> (315626 ms) loaded
[2026-03-29T02:02:04Z INFO  librespot_connect::spirc] Not playing next track because there are no more tracks left in queue.
[2026-03-29T02:02:08Z INFO  librespot_playback::player] Loading <Electric War> with Spotify URI <spotify:track:14uYjLYDWo0rtCHKvWF1jc>
[2026-03-29T02:02:08Z ERROR librespot_core::audio_key] error audio key 0 2
[2026-03-29T02:02:08Z WARN  librespot_playback::player] Unable to load key, continuing without decryption: Service unavailable { audio key error }
[2026-03-29T02:02:21Z ERROR librespot_playback::player] Unable to read audio file: Symphonia Decoder Error: end of stream
[2026-03-29T02:02:21Z ERROR librespot_playback::player] Skipping to next track, unable to load track <SpotifyUri("spotify:track:14uYjLYDWo0rtCHKvWF1jc")>: ()
[2026-03-29T02:02:21Z INFO  librespot_connect::spirc] Not playing next track because there are no more tracks left in queue.
[2026-03-29T02:03:34Z INFO  librespot_playback::player] Loading <Electric War> with Spotify URI <spotify:track:14uYjLYDWo0rtCHKvWF1jc>
[2026-03-29T02:03:35Z INFO  librespot_playback::player] <Electric War> (315626 ms) loaded
[2026-03-29T02:03:40Z INFO  librespot_connect::spirc] Not playing next track because there are no more tracks left in queue.
[2026-03-29T02:03:41Z INFO  librespot_connect::spirc] Not playing next track because there are no more tracks left in queue.
[2026-03-29T02:03:42Z ERROR librespot_playback::player] Player::seek called from invalid state: Stopped
[2026-03-29T02:03:44Z INFO  librespot_playback::player] Loading <Electric War> with Spotify URI <spotify:track:14uYjLYDWo0rtCHKvWF1jc>
[2026-03-29T02:03:44Z INFO  librespot_playback::player] <Electric War> (315626 ms) loaded
[2026-03-29T02:03:54Z INFO  librespot_connect::spirc] Not playing next track because there are no more tracks left in queue.
[2026-03-29T02:04:02Z INFO  librespot_playback::player] Loading <Electric War> with Spotify URI <spotify:track:14uYjLYDWo0rtCHKvWF1jc>
[2026-03-29T02:04:03Z INFO  librespot_playback::player] <Electric War> (315626 ms) loaded
[2026-03-29T02:04:12Z INFO  librespot_connect::spirc] Not playing next track because there are no more tracks left in queue.
[2026-03-29T02:06:49Z INFO  librespot] librespot 0.8.0 VERGEN_IDEMPOTENT_OUTPUT (Built on 2025-11-10, Build ID: 1762793321, Profile: release)
[2026-03-29T02:06:49Z INFO  librespot_playback::mixer::softmixer] Mixing with softvol and volume control: Log(60.0)
[2026-03-29T02:06:49Z INFO  librespot_playback::convert] Converting with ditherer: tpdf
[2026-03-29T02:06:49Z INFO  librespot_playback::audio_backend::pipe] Using StdoutSink (pipe) with format: S16
[2026-03-29T02:07:15Z INFO  librespot_core::session] Connecting to AP "ap-gue1.spotify.com:4070"
[2026-03-29T02:07:15Z INFO  librespot_core::session] Authenticated as 'paulster23' !
[2026-03-29T02:07:15Z INFO  librespot_core::session] Country: "US"
[2026-03-29T02:07:16Z INFO  librespot_core::spclient] Resolved "gue1-spclient.spotify.com:443" as spclient access point
[2026-03-29T02:07:16Z INFO  librespot_connect::spirc] active device is <e9912ea7d306062891be9d4514485cfccfc5a2d7> with session <7zRmXHe2Gu9wXkHIbapB9r>
[2026-03-29T02:07:16Z WARN  librespot_connect::state::context] couldn't load context info because: context is not available. type: Default
[2026-03-29T02:07:16Z INFO  librespot_playback::player] Loading <Electric War> with Spotify URI <spotify:track:14uYjLYDWo0rtCHKvWF1jc>
[2026-03-29T02:07:17Z INFO  librespot_playback::player] <Electric War> (315626 ms) loaded
[2026-03-29T02:07:22Z INFO  librespot_playback::player] Loading <Zero Sun> with Spotify URI <spotify:track:15nhbSCU39RlG32KqkneOu>
[2026-03-29T02:07:22Z INFO  librespot_playback::player] <Zero Sun> (207805 ms) loaded
[2026-03-29T02:07:23Z WARN  librespot_audio::fetch::receive] Throughput 1 kbps lower than minimum 8, setting to minimum
[2026-03-29T02:07:28Z INFO  librespot_playback::player] Loading <Spektator> with Spotify URI <spotify:track:1q6Sx9RA0m4yfV7U2Dgthx>
[2026-03-29T02:07:32Z INFO  librespot_playback::player] <Spektator> (225984 ms) loaded
[2026-03-29T02:07:55Z INFO  librespot_playback::player] Loading <Creaky> with Spotify URI <spotify:track:6KP6hNZ2DuOuB72c3SPNTk>
[2026-03-29T02:07:56Z INFO  librespot_playback::player] <Creaky> (452413 ms) loaded
[2026-03-29T02:08:04Z INFO  librespot_playback::player] Loading <’Said Soul> with Spotify URI <spotify:track:3nereh8fbNjDflNF7f1CLK>
[2026-03-29T02:08:04Z INFO  librespot_playback::player] <’Said Soul> (164389 ms) loaded
[2026-03-29T02:08:09Z INFO  librespot_playback::player] Loading <Sick 8> with Spotify URI <spotify:track:3b5OzSpdY89VB1VJuIcBaC>
[2026-03-29T02:08:09Z INFO  librespot_playback::player] <Sick 8> (260522 ms) loaded
[2026-03-29T02:08:14Z INFO  librespot_playback::player] Loading <My Now> with Spotify URI <spotify:track:5t4zQCOjSL3BmJhPlg62Ok>
[2026-03-29T02:08:15Z INFO  librespot_playback::player] <My Now> (350127 ms) loaded
[2026-03-29T02:08:21Z INFO  librespot_playback::player] Loading <Count Of Four> with Spotify URI <spotify:track:5w3vHCHkitUnqAOPB3YMlV>
[2026-03-29T02:08:22Z INFO  librespot_playback::player] <Count Of Four> (365738 ms) loaded
[2026-03-29T02:08:28Z INFO  librespot_playback::player] Loading <Electric War> with Spotify URI <spotify:track:14uYjLYDWo0rtCHKvWF1jc>
[2026-03-29T02:08:28Z ERROR librespot_core::audio_key] error audio key 0 2
[2026-03-29T02:08:28Z WARN  librespot_playback::player] Unable to load key, continuing without decryption: Service unavailable { audio key error }
[2026-03-29T02:08:41Z ERROR librespot_playback::player] Unable to read audio file: Symphonia Decoder Error: end of stream
[2026-03-29T02:08:41Z ERROR librespot_playback::player] Skipping to next track, unable to load track <SpotifyUri("spotify:track:14uYjLYDWo0rtCHKvWF1jc")>: ()
[2026-03-29T02:08:41Z INFO  librespot_playback::player] Loading <Zero Sun> with Spotify URI <spotify:track:15nhbSCU39RlG32KqkneOu>
[2026-03-29T02:08:42Z INFO  librespot_playback::player] <Zero Sun> (207805 ms) loaded
[2026-03-29T02:08:42Z WARN  librespot_audio::fetch::receive] Throughput 2 kbps lower than minimum 8, setting to minimum
[2026-03-29T02:08:46Z INFO  librespot_playback::player] Loading <Spektator> with Spotify URI <spotify:track:1q6Sx9RA0m4yfV7U2Dgthx>
[2026-03-29T02:08:46Z ERROR librespot_core::audio_key] error audio key 0 2
[2026-03-29T02:08:46Z WARN  librespot_playback::player] Unable to load key, continuing without decryption: Service unavailable { audio key error }
[2026-03-29T02:08:55Z ERROR librespot_playback::player] Unable to read audio file: Symphonia Decoder Error: end of stream
[2026-03-29T02:08:56Z ERROR librespot_playback::player] Skipping to next track, unable to load track <SpotifyUri("spotify:track:1q6Sx9RA0m4yfV7U2Dgthx")>: ()
[2026-03-29T02:08:56Z INFO  librespot_playback::player] Loading <Creaky> with Spotify URI <spotify:track:6KP6hNZ2DuOuB72c3SPNTk>
[2026-03-29T02:08:56Z ERROR librespot_core::audio_key] error audio key 0 2
[2026-03-29T02:08:56Z WARN  librespot_playback::player] Unable to load key, continuing without decryption: Service unavailable { audio key error }
[2026-03-29T02:09:15Z ERROR librespot_playback::player] Unable to read audio file: Symphonia Decoder Error: end of stream
[2026-03-29T02:09:15Z ERROR librespot_playback::player] Skipping to next track, unable to load track <SpotifyUri("spotify:track:6KP6hNZ2DuOuB72c3SPNTk")>: ()
[2026-03-29T02:09:15Z INFO  librespot_playback::player] Loading <’Said Soul> with Spotify URI <spotify:track:3nereh8fbNjDflNF7f1CLK>
[2026-03-29T02:09:16Z INFO  librespot_playback::player] <’Said Soul> (164389 ms) loaded
[2026-03-29T02:09:18Z INFO  librespot_playback::player] Loading <Sick 8> with Spotify URI <spotify:track:3b5OzSpdY89VB1VJuIcBaC>
[2026-03-29T02:09:18Z ERROR librespot_core::audio_key] error audio key 0 2
[2026-03-29T02:09:18Z WARN  librespot_playback::player] Unable to load key, continuing without decryption: Service unavailable { audio key error }
[2026-03-29T02:09:28Z ERROR librespot_playback::player] Unable to read audio file: Symphonia Decoder Error: end of stream
[2026-03-29T02:09:28Z ERROR librespot_playback::player] Skipping to next track, unable to load track <SpotifyUri("spotify:track:3b5OzSpdY89VB1VJuIcBaC")>: ()
[2026-03-29T02:09:28Z INFO  librespot_playback::player] Loading <My Now> with Spotify URI <spotify:track:5t4zQCOjSL3BmJhPlg62Ok>
[2026-03-29T02:09:28Z ERROR librespot_core::audio_key] error audio key 0 2
[2026-03-29T02:09:28Z WARN  librespot_playback::player] Unable to load key, continuing without decryption: Service unavailable { audio key error }
[2026-03-29T02:09:42Z ERROR librespot_playback::player] Unable to read audio file: Symphonia Decoder Error: end of stream
[2026-03-29T02:09:42Z ERROR librespot_playback::player] Skipping to next track, unable to load track <SpotifyUri("spotify:track:5t4zQCOjSL3BmJhPlg62Ok")>: ()
[2026-03-29T02:09:42Z INFO  librespot_playback::player] Loading <Count Of Four> with Spotify URI <spotify:track:5w3vHCHkitUnqAOPB3YMlV>
[2026-03-29T02:09:43Z INFO  librespot_playback::player] <Count Of Four> (365738 ms) loaded
[2026-03-29T02:09:50Z INFO  librespot_playback::player] Loading <Zero Sun> with Spotify URI <spotify:track:15nhbSCU39RlG32KqkneOu>
[2026-03-29T02:09:50Z ERROR librespot_core::audio_key] error audio key 0 2
[2026-03-29T02:09:50Z WARN  librespot_playback::player] Unable to load key, continuing without decryption: Service unavailable { audio key error }
[2026-03-29T02:10:00Z ERROR librespot_playback::player] Unable to read audio file: Symphonia Decoder Error: end of stream
[2026-03-29T02:10:00Z ERROR librespot_playback::player] Skipping to next track, unable to load track <SpotifyUri("spotify:track:15nhbSCU39RlG32KqkneOu")>: ()
[2026-03-29T02:10:00Z INFO  librespot_playback::player] Loading <’Said Soul> with Spotify URI <spotify:track:3nereh8fbNjDflNF7f1CLK>
[2026-03-29T02:10:00Z ERROR librespot_core::audio_key] error audio key 0 2
[2026-03-29T02:10:00Z WARN  librespot_playback::player] Unable to load key, continuing without decryption: Service unavailable { audio key error }
[2026-03-29T02:10:06Z ERROR librespot_playback::player] Unable to read audio file: Symphonia Decoder Error: end of stream
[2026-03-29T02:10:06Z ERROR librespot_playback::player] Skipping to next track, unable to load track <SpotifyUri("spotify:track:3nereh8fbNjDflNF7f1CLK")>: ()
[2026-03-29T02:10:06Z INFO  librespot_playback::player] Loading <Count Of Four> with Spotify URI <spotify:track:5w3vHCHkitUnqAOPB3YMlV>
[2026-03-29T02:10:07Z ERROR librespot_core::audio_key] error audio key 0 2
[2026-03-29T02:10:07Z WARN  librespot_playback::player] Unable to load key, continuing without decryption: Service unavailable { audio key error }
[2026-03-29T02:10:24Z ERROR librespot_playback::player] Unable to read audio file: Symphonia Decoder Error: end of stream
[2026-03-29T02:10:24Z ERROR librespot_playback::player] Skipping to next track, unable to load track <SpotifyUri("spotify:track:5w3vHCHkitUnqAOPB3YMlV")>: ()
[2026-03-29T02:10:24Z INFO  librespot_playback::player] Loading <Electric War> with Spotify URI <spotify:track:14uYjLYDWo0rtCHKvWF1jc>
[2026-03-29T02:10:25Z INFO  librespot_playback::player] <Electric War> (315626 ms) loaded
[2026-03-29T02:10:35Z INFO  librespot_playback::player] Loading <Spektator> with Spotify URI <spotify:track:1q6Sx9RA0m4yfV7U2Dgthx>
[2026-03-29T02:10:35Z ERROR librespot_core::audio_key] error audio key 0 2
[2026-03-29T02:10:35Z WARN  librespot_playback::player] Unable to load key, continuing without decryption: Service unavailable { audio key error }
[2026-03-29T02:10:45Z ERROR librespot_playback::player] Unable to read audio file: Symphonia Decoder Error: end of stream
[2026-03-29T02:10:45Z ERROR librespot_playback::player] Skipping to next track, unable to load track <SpotifyUri("spotify:track:1q6Sx9RA0m4yfV7U2Dgthx")>: ()
[2026-03-29T02:10:45Z INFO  librespot_playback::player] Loading <Electric War> with Spotify URI <spotify:track:14uYjLYDWo0rtCHKvWF1jc>
[2026-03-29T02:10:46Z INFO  librespot_playback::player] <Electric War> (315626 ms) loaded
[2026-03-29T02:10:52Z INFO  librespot_playback::player] Loading <Creaky> with Spotify URI <spotify:track:6KP6hNZ2DuOuB72c3SPNTk>
[2026-03-29T02:10:53Z ERROR librespot_core::audio_key] error audio key 0 2
[2026-03-29T02:10:53Z WARN  librespot_playback::player] Unable to load key, continuing without decryption: Service unavailable { audio key error }
[2026-03-29T02:11:11Z ERROR librespot_playback::player] Unable to read audio file: Symphonia Decoder Error: end of stream
[2026-03-29T02:11:11Z ERROR librespot_playback::player] Skipping to next track, unable to load track <SpotifyUri("spotify:track:6KP6hNZ2DuOuB72c3SPNTk")>: ()
[2026-03-29T02:11:11Z INFO  librespot_playback::player] Loading <Electric War> with Spotify URI <spotify:track:14uYjLYDWo0rtCHKvWF1jc>
[2026-03-29T02:11:11Z ERROR librespot_core::audio_key] error audio key 0 2
[2026-03-29T02:11:11Z WARN  librespot_playback::player] Unable to load key, continuing without decryption: Service unavailable { audio key error }
[2026-03-29T02:11:23Z ERROR librespot_playback::player] Unable to read audio file: Symphonia Decoder Error: end of stream
[2026-03-29T02:11:23Z ERROR librespot_playback::player] Skipping to next track, unable to load track <SpotifyUri("spotify:track:14uYjLYDWo0rtCHKvWF1jc")>: ()
[2026-03-29T02:11:23Z INFO  librespot_playback::player] Loading <Sick 8> with Spotify URI <spotify:track:3b5OzSpdY89VB1VJuIcBaC>
[2026-03-29T02:11:24Z INFO  librespot_playback::player] <Sick 8> (260522 ms) loaded
[2026-03-29T02:11:25Z WARN  librespot_audio::fetch::receive] Throughput 6 kbps lower than minimum 8, setting to minimum
[2026-03-29T02:11:38Z INFO  librespot_playback::player] Loading <My Now> with Spotify URI <spotify:track:5t4zQCOjSL3BmJhPlg62Ok>
[2026-03-29T02:11:38Z ERROR librespot_core::audio_key] error audio key 0 2
[2026-03-29T02:11:38Z WARN  librespot_playback::player] Unable to load key, continuing without decryption: Service unavailable { audio key error }
[2026-03-29T02:11:52Z ERROR librespot_playback::player] Unable to read audio file: Symphonia Decoder Error: end of stream
[2026-03-29T02:11:52Z ERROR librespot_playback::player] Skipping to next track, unable to load track <SpotifyUri("spotify:track:5t4zQCOjSL3BmJhPlg62Ok")>: ()
[2026-03-29T02:11:52Z INFO  librespot_playback::player] Loading <Sick 8> with Spotify URI <spotify:track:3b5OzSpdY89VB1VJuIcBaC>
[2026-03-29T02:11:53Z INFO  librespot_playback::player] <Sick 8> (260522 ms) loaded
[2026-03-29T02:11:57Z INFO  librespot_playback::player] Loading <Zero Sun> with Spotify URI <spotify:track:15nhbSCU39RlG32KqkneOu>
[2026-03-29T02:11:57Z ERROR librespot_core::audio_key] error audio key 0 2
[2026-03-29T02:11:57Z WARN  librespot_playback::player] Unable to load key, continuing without decryption: Service unavailable { audio key error }
[2026-03-29T02:12:07Z ERROR librespot_playback::player] Unable to read audio file: Symphonia Decoder Error: end of stream
[2026-03-29T02:12:07Z ERROR librespot_playback::player] Skipping to next track, unable to load track <SpotifyUri("spotify:track:15nhbSCU39RlG32KqkneOu")>: ()
[2026-03-29T02:12:07Z INFO  librespot_playback::player] Loading <Sick 8> with Spotify URI <spotify:track:3b5OzSpdY89VB1VJuIcBaC>
[2026-03-29T02:12:08Z ERROR librespot_core::audio_key] error audio key 0 2
[2026-03-29T02:12:08Z WARN  librespot_playback::player] Unable to load key, continuing without decryption: Service unavailable { audio key error }
[2026-03-29T02:12:18Z ERROR librespot_playback::player] Unable to read audio file: Symphonia Decoder Error: end of stream
[2026-03-29T02:12:18Z ERROR librespot_playback::player] Skipping to next track, unable to load track <SpotifyUri("spotify:track:3b5OzSpdY89VB1VJuIcBaC")>: ()
[2026-03-29T02:12:18Z INFO  librespot_playback::player] Loading <’Said Soul> with Spotify URI <spotify:track:3nereh8fbNjDflNF7f1CLK>
[2026-03-29T02:12:18Z ERROR librespot_core::audio_key] error audio key 0 2
[2026-03-29T02:12:18Z WARN  librespot_playback::player] Unable to load key, continuing without decryption: Service unavailable { audio key error }
[2026-03-29T02:12:24Z ERROR librespot_playback::player] Unable to read audio file: Symphonia Decoder Error: end of stream
[2026-03-29T02:12:24Z ERROR librespot_playback::player] Skipping to next track, unable to load track <SpotifyUri("spotify:track:3nereh8fbNjDflNF7f1CLK")>: ()
[2026-03-29T02:12:24Z INFO  librespot_playback::player] Loading <Count Of Four> with Spotify URI <spotify:track:5w3vHCHkitUnqAOPB3YMlV>
[2026-03-29T02:12:24Z ERROR librespot_core::audio_key] error audio key 0 2
[2026-03-29T02:12:24Z WARN  librespot_playback::player] Unable to load key, continuing without decryption: Service unavailable { audio key error }
[2026-03-29T02:12:45Z ERROR librespot_playback::player] Unable to read audio file: Symphonia Decoder Error: Deadline expired before operation could complete { wait timeout exceeded }
[2026-03-29T02:12:45Z ERROR librespot_playback::player] Skipping to next track, unable to load track <SpotifyUri("spotify:track:5w3vHCHkitUnqAOPB3YMlV")>: ()
[2026-03-29T02:12:45Z INFO  librespot_playback::player] Loading <Spektator> with Spotify URI <spotify:track:1q6Sx9RA0m4yfV7U2Dgthx>
[2026-03-29T02:12:45Z INFO  librespot_playback::player] <Spektator> (225984 ms) loaded
[2026-03-29T02:12:55Z INFO  librespot_playback::player] Loading <Creaky> with Spotify URI <spotify:track:6KP6hNZ2DuOuB72c3SPNTk>
[2026-03-29T02:12:55Z ERROR librespot_core::audio_key] error audio key 0 2
[2026-03-29T02:12:55Z WARN  librespot_playback::player] Unable to load key, continuing without decryption: Service unavailable { audio key error }
[2026-03-29T02:13:13Z ERROR librespot_playback::player] Unable to read audio file: Symphonia Decoder Error: end of stream
[2026-03-29T02:13:13Z ERROR librespot_playback::player] Skipping to next track, unable to load track <SpotifyUri("spotify:track:6KP6hNZ2DuOuB72c3SPNTk")>: ()
[2026-03-29T02:13:13Z INFO  librespot_playback::player] Loading <Spektator> with Spotify URI <spotify:track:1q6Sx9RA0m4yfV7U2Dgthx>
[2026-03-29T02:13:13Z INFO  librespot_playback::player] <Spektator> (225984 ms) loaded
[2026-03-29T02:13:17Z INFO  librespot_playback::player] Loading <Electric War> with Spotify URI <spotify:track:14uYjLYDWo0rtCHKvWF1jc>
[2026-03-29T02:13:17Z ERROR librespot_core::audio_key] error audio key 0 2
[2026-03-29T02:13:17Z WARN  librespot_playback::player] Unable to load key, continuing without decryption: Service unavailable { audio key error }
[2026-03-29T02:13:30Z ERROR librespot_playback::player] Unable to read audio file: Symphonia Decoder Error: end of stream
[2026-03-29T02:13:30Z ERROR librespot_playback::player] Skipping to next track, unable to load track <SpotifyUri("spotify:track:14uYjLYDWo0rtCHKvWF1jc")>: ()
[2026-03-29T02:13:30Z INFO  librespot_playback::player] Loading <Spektator> with Spotify URI <spotify:track:1q6Sx9RA0m4yfV7U2Dgthx>
[2026-03-29T02:13:30Z ERROR librespot_core::audio_key] error audio key 0 2
[2026-03-29T02:13:30Z WARN  librespot_playback::player] Unable to load key, continuing without decryption: Service unavailable { audio key error }
[2026-03-29T02:13:45Z ERROR librespot_playback::player] Unable to read audio file: Symphonia Decoder Error: Deadline expired before operation could complete { wait timeout exceeded }
[2026-03-29T02:13:45Z ERROR librespot_playback::player] Skipping to next track, unable to load track <SpotifyUri("spotify:track:1q6Sx9RA0m4yfV7U2Dgthx")>: ()
[2026-03-29T02:13:45Z INFO  librespot_playback::player] Loading <My Now> with Spotify URI <spotify:track:5t4zQCOjSL3BmJhPlg62Ok>
[2026-03-29T02:13:45Z INFO  librespot_playback::player] <My Now> (350127 ms) loaded
[2026-03-29T02:13:58Z INFO  librespot_playback::player] Loading <Zero Sun> with Spotify URI <spotify:track:15nhbSCU39RlG32KqkneOu>
[2026-03-29T02:13:59Z ERROR librespot_core::audio_key] error audio key 0 2
[2026-03-29T02:13:59Z WARN  librespot_playback::player] Unable to load key, continuing without decryption: Service unavailable { audio key error }
[2026-03-29T02:14:08Z ERROR librespot_playback::player] Unable to read audio file: Symphonia Decoder Error: end of stream
[2026-03-29T02:14:08Z ERROR librespot_playback::player] Skipping to next track, unable to load track <SpotifyUri("spotify:track:15nhbSCU39RlG32KqkneOu")>: ()
[2026-03-29T02:14:08Z INFO  librespot_playback::player] Loading <My Now> with Spotify URI <spotify:track:5t4zQCOjSL3BmJhPlg62Ok>
[2026-03-29T02:14:09Z INFO  librespot_playback::player] <My Now> (350127 ms) loaded
[2026-03-29T02:14:14Z INFO  librespot_playback::player] Loading <Sick 8> with Spotify URI <spotify:track:3b5OzSpdY89VB1VJuIcBaC>
[2026-03-29T02:14:14Z ERROR librespot_core::audio_key] error audio key 0 2
[2026-03-29T02:14:14Z WARN  librespot_playback::player] Unable to load key, continuing without decryption: Service unavailable { audio key error }
[2026-03-29T02:14:24Z ERROR librespot_playback::player] Unable to read audio file: Symphonia Decoder Error: end of stream
[2026-03-29T02:14:24Z ERROR librespot_playback::player] Skipping to next track, unable to load track <SpotifyUri("spotify:track:3b5OzSpdY89VB1VJuIcBaC")>: ()
[2026-03-29T02:14:24Z INFO  librespot_playback::player] Loading <My Now> with Spotify URI <spotify:track:5t4zQCOjSL3BmJhPlg62Ok>
[2026-03-29T02:14:24Z ERROR librespot_core::audio_key] error audio key 0 2
[2026-03-29T02:14:24Z WARN  librespot_playback::player] Unable to load key, continuing without decryption: Service unavailable { audio key error }
[2026-03-29T02:14:36Z ERROR librespot_playback::player] Unable to read audio file: Symphonia Decoder Error: end of stream
[2026-03-29T02:14:36Z ERROR librespot_playback::player] Skipping to next track, unable to load track <SpotifyUri("spotify:track:5t4zQCOjSL3BmJhPlg62Ok")>: ()
[2026-03-29T02:14:36Z INFO  librespot_playback::player] Loading <’Said Soul> with Spotify URI <spotify:track:3nereh8fbNjDflNF7f1CLK>
[2026-03-29T02:14:36Z ERROR librespot_core::audio_key] error audio key 0 2
[2026-03-29T02:14:36Z WARN  librespot_playback::player] Unable to load key, continuing without decryption: Service unavailable { audio key error }
[2026-03-29T02:14:41Z ERROR librespot_playback::player] Unable to read audio file: Symphonia Decoder Error: end of stream
[2026-03-29T02:14:41Z ERROR librespot_playback::player] Skipping to next track, unable to load track <SpotifyUri("spotify:track:3nereh8fbNjDflNF7f1CLK")>: ()
[2026-03-29T02:14:41Z INFO  librespot_playback::player] Loading <Count Of Four> with Spotify URI <spotify:track:5w3vHCHkitUnqAOPB3YMlV>
[2026-03-29T02:14:42Z INFO  librespot_playback::player] <Count Of Four> (365738 ms) loaded
[2026-03-29T02:14:56Z INFO  librespot_playback::player] Loading <Creaky> with Spotify URI <spotify:track:6KP6hNZ2DuOuB72c3SPNTk>
[2026-03-29T02:14:56Z ERROR librespot_core::audio_key] error audio key 0 2
[2026-03-29T02:14:56Z WARN  librespot_playback::player] Unable to load key, continuing without decryption: Service unavailable { audio key error }
[2026-03-29T02:15:17Z ERROR librespot_playback::player] Unable to read audio file: Symphonia Decoder Error: end of stream
[2026-03-29T02:15:17Z ERROR librespot_playback::player] Skipping to next track, unable to load track <SpotifyUri("spotify:track:6KP6hNZ2DuOuB72c3SPNTk")>: ()
[2026-03-29T02:15:17Z INFO  librespot_playback::player] Loading <Count Of Four> with Spotify URI <spotify:track:5w3vHCHkitUnqAOPB3YMlV>
[2026-03-29T02:15:18Z INFO  librespot_playback::player] <Count Of Four> (365738 ms) loaded
[2026-03-29T02:15:28Z INFO  librespot_playback::player] Loading <Electric War> with Spotify URI <spotify:track:14uYjLYDWo0rtCHKvWF1jc>
[2026-03-29T02:15:28Z ERROR librespot_core::audio_key] error audio key 0 2
[2026-03-29T02:15:28Z WARN  librespot_playback::player] Unable to load key, continuing without decryption: Service unavailable { audio key error }
[2026-03-29T02:15:42Z ERROR librespot_playback::player] Unable to read audio file: Symphonia Decoder Error: end of stream
[2026-03-29T02:15:42Z ERROR librespot_playback::player] Skipping to next track, unable to load track <SpotifyUri("spotify:track:14uYjLYDWo0rtCHKvWF1jc")>: ()
[2026-03-29T02:15:42Z INFO  librespot_playback::player] Loading <Count Of Four> with Spotify URI <spotify:track:5w3vHCHkitUnqAOPB3YMlV>
[2026-03-29T02:15:43Z ERROR librespot_core::audio_key] error audio key 0 2
[2026-03-29T02:15:43Z WARN  librespot_playback::player] Unable to load key, continuing without decryption: Service unavailable { audio key error }
[2026-03-29T02:15:59Z ERROR librespot_playback::player] Unable to read audio file: Symphonia Decoder Error: end of stream
[2026-03-29T02:15:59Z ERROR librespot_playback::player] Skipping to next track, unable to load track <SpotifyUri("spotify:track:5w3vHCHkitUnqAOPB3YMlV")>: ()
[2026-03-29T02:15:59Z INFO  librespot_playback::player] Loading <Spektator> with Spotify URI <spotify:track:1q6Sx9RA0m4yfV7U2Dgthx>
[2026-03-29T02:15:59Z INFO  librespot_playback::player] <Spektator> (225984 ms) loaded
[2026-03-29T02:16:06Z INFO  librespot_playback::player] Loading <Zero Sun> with Spotify URI <spotify:track:15nhbSCU39RlG32KqkneOu>
[2026-03-29T02:16:06Z ERROR librespot_core::audio_key] error audio key 0 2
[2026-03-29T02:16:06Z WARN  librespot_playback::player] Unable to load key, continuing without decryption: Service unavailable { audio key error }
[2026-03-29T02:16:18Z ERROR librespot_playback::player] Unable to read audio file: Symphonia Decoder Error: end of stream
[2026-03-29T02:16:18Z ERROR librespot_playback::player] Skipping to next track, unable to load track <SpotifyUri("spotify:track:15nhbSCU39RlG32KqkneOu")>: ()
[2026-03-29T02:16:18Z INFO  librespot_playback::player] Loading <Spektator> with Spotify URI <spotify:track:1q6Sx9RA0m4yfV7U2Dgthx>
[2026-03-29T02:16:19Z INFO  librespot_playback::player] <Spektator> (225984 ms) loaded
[2026-03-29T02:16:25Z INFO  librespot_playback::player] Loading <Sick 8> with Spotify URI <spotify:track:3b5OzSpdY89VB1VJuIcBaC>
[2026-03-29T02:16:25Z ERROR librespot_core::audio_key] error audio key 0 2
[2026-03-29T02:16:25Z WARN  librespot_playback::player] Unable to load key, continuing without decryption: Service unavailable { audio key error }
[2026-03-29T02:16:34Z ERROR librespot_playback::player] Unable to read audio file: Symphonia Decoder Error: end of stream
[2026-03-29T02:16:34Z ERROR librespot_playback::player] Skipping to next track, unable to load track <SpotifyUri("spotify:track:3b5OzSpdY89VB1VJuIcBaC")>: ()
[2026-03-29T02:16:34Z INFO  librespot_playback::player] Loading <Spektator> with Spotify URI <spotify:track:1q6Sx9RA0m4yfV7U2Dgthx>
[2026-03-29T02:16:34Z ERROR librespot_core::audio_key] error audio key 0 2
[2026-03-29T02:16:34Z WARN  librespot_playback::player] Unable to load key, continuing without decryption: Service unavailable { audio key error }
[2026-03-29T02:16:44Z ERROR librespot_playback::player] Unable to read audio file: Symphonia Decoder Error: end of stream
[2026-03-29T02:16:44Z ERROR librespot_playback::player] Skipping to next track, unable to load track <SpotifyUri("spotify:track:1q6Sx9RA0m4yfV7U2Dgthx")>: ()
[2026-03-29T02:16:44Z INFO  librespot_playback::player] Loading <My Now> with Spotify URI <spotify:track:5t4zQCOjSL3BmJhPlg62Ok>
[2026-03-29T02:16:44Z ERROR librespot_core::audio_key] error audio key 0 2
[2026-03-29T02:16:44Z WARN  librespot_playback::player] Unable to load key, continuing without decryption: Service unavailable { audio key error }
[2026-03-29T02:16:58Z ERROR librespot_playback::player] Unable to read audio file: Symphonia Decoder Error: end of stream
[2026-03-29T02:16:58Z ERROR librespot_playback::player] Skipping to next track, unable to load track <SpotifyUri("spotify:track:5t4zQCOjSL3BmJhPlg62Ok")>: ()
[2026-03-29T02:16:58Z INFO  librespot_playback::player] Loading <’Said Soul> with Spotify URI <spotify:track:3nereh8fbNjDflNF7f1CLK>
[2026-03-29T02:16:58Z INFO  librespot_playback::player] <’Said Soul> (164389 ms) loaded
[2026-03-29T02:17:04Z INFO  librespot_playback::player] Loading <Creaky> with Spotify URI <spotify:track:6KP6hNZ2DuOuB72c3SPNTk>
[2026-03-29T02:17:04Z ERROR librespot_core::audio_key] error audio key 0 2
[2026-03-29T02:17:04Z WARN  librespot_playback::player] Unable to load key, continuing without decryption: Service unavailable { audio key error }
[2026-03-29T02:17:23Z ERROR librespot_playback::player] Unable to read audio file: Symphonia Decoder Error: end of stream
[2026-03-29T02:17:23Z ERROR librespot_playback::player] Skipping to next track, unable to load track <SpotifyUri("spotify:track:6KP6hNZ2DuOuB72c3SPNTk")>: ()
[2026-03-29T02:17:23Z INFO  librespot_playback::player] Loading <’Said Soul> with Spotify URI <spotify:track:3nereh8fbNjDflNF7f1CLK>
[2026-03-29T02:17:23Z ERROR librespot_core::audio_key] error audio key 0 2
[2026-03-29T02:17:23Z WARN  librespot_playback::player] Unable to load key, continuing without decryption: Service unavailable { audio key error }
[2026-03-29T02:17:28Z ERROR librespot_playback::player] Unable to read audio file: Symphonia Decoder Error: end of stream
[2026-03-29T02:17:28Z ERROR librespot_playback::player] Skipping to next track, unable to load track <SpotifyUri("spotify:track:3nereh8fbNjDflNF7f1CLK")>: ()
[2026-03-29T02:17:28Z INFO  librespot_playback::player] Loading <Electric War> with Spotify URI <spotify:track:14uYjLYDWo0rtCHKvWF1jc>
[2026-03-29T02:17:37Z INFO  librespot_playback::player] <Electric War> (315626 ms) loaded
[2026-03-29T02:17:37Z ERROR librespot_playback::player] Skipping to next track, unable to get next packet for track <SpotifyUri("spotify:track:14uYjLYDWo0rtCHKvWF1jc")>: SymphoniaDecoder("channel closed")
[2026-03-29T02:17:37Z ERROR librespot_playback::player] Skipping to next track, unable to get next packet for track <SpotifyUri("spotify:track:14uYjLYDWo0rtCHKvWF1jc")>: SymphoniaDecoder("channel closed")
[2026-03-29T02:17:37Z ERROR librespot_playback::player] Skipping to next track, unable to get next packet for track <SpotifyUri("spotify:track:14uYjLYDWo0rtCHKvWF1jc")>: SymphoniaDecoder("channel closed")
[2026-03-29T02:17:37Z ERROR librespot_playback::player] Skipping to next track, unable to get next packet for track <SpotifyUri("spotify:track:14uYjLYDWo0rtCHKvWF1jc")>: SymphoniaDecoder("channel closed")
[2026-03-29T02:17:37Z ERROR librespot_playback::player] Skipping to next track, unable to get next packet for track <SpotifyUri("spotify:track:14uYjLYDWo0rtCHKvWF1jc")>: SymphoniaDecoder("channel closed")
[2026-03-29T02:17:37Z ERROR librespot_playback::player] Skipping to next track, unable to get next packet for track <SpotifyUri("spotify:track:14uYjLYDWo0rtCHKvWF1jc")>: SymphoniaDecoder("channel closed")
[2026-03-29T02:17:37Z ERROR librespot_playback::player] Skipping to next track, unable to get next packet for track <SpotifyUri("spotify:track:14uYjLYDWo0rtCHKvWF1jc")>: SymphoniaDecoder("channel closed")
[2026-03-29T02:17:37Z ERROR librespot_playback::player] Skipping to next track, unable to get next packet for track <SpotifyUri("spotify:track:14uYjLYDWo0rtCHKvWF1jc")>: SymphoniaDecoder("channel closed")
[2026-03-29T02:17:37Z INFO  librespot_playback::player] Loading <Electric War> with Spotify URI <spotify:track:14uYjLYDWo0rtCHKvWF1jc>
[2026-03-29T02:17:37Z INFO  librespot_playback::player] Loading <Count Of Four> with Spotify URI <spotify:track:5w3vHCHkitUnqAOPB3YMlV>
[2026-03-29T02:17:37Z INFO  librespot_playback::player] Loading <Count Of Four> with Spotify URI <spotify:track:5w3vHCHkitUnqAOPB3YMlV>
[2026-03-29T02:17:37Z INFO  librespot_playback::player] Loading <Count Of Four> with Spotify URI <spotify:track:5w3vHCHkitUnqAOPB3YMlV>
[2026-03-29T02:17:37Z INFO  librespot_playback::player] Loading <Electric War> with Spotify URI <spotify:track:14uYjLYDWo0rtCHKvWF1jc>
[2026-03-29T02:17:37Z INFO  librespot_playback::player] Loading <Count Of Four> with Spotify URI <spotify:track:5w3vHCHkitUnqAOPB3YMlV>
[2026-03-29T02:17:37Z INFO  librespot_playback::player] Loading <Electric War> with Spotify URI <spotify:track:14uYjLYDWo0rtCHKvWF1jc>
[2026-03-29T02:17:37Z INFO  librespot_playback::player] Loading <Zero Sun> with Spotify URI <spotify:track:15nhbSCU39RlG32KqkneOu>
[2026-03-29T02:17:37Z ERROR librespot_core::audio_key] error audio key 0 2
[2026-03-29T02:17:37Z WARN  librespot_playback::player] Unable to load key, continuing without decryption: Service unavailable { audio key error }
[2026-03-29T02:17:38Z ERROR librespot_core::audio_key] error audio key 0 2
[2026-03-29T02:17:38Z WARN  librespot_playback::player] Unable to load key, continuing without decryption: Service unavailable { audio key error }
[2026-03-29T02:17:38Z ERROR librespot_core::audio_key] error audio key 0 2
[2026-03-29T02:17:38Z ERROR librespot_core::audio_key] error audio key 0 2
[2026-03-29T02:17:38Z ERROR librespot_core::audio_key] error audio key 0 2
[2026-03-29T02:17:38Z WARN  librespot_playback::player] Unable to load key, continuing without decryption: Service unavailable { audio key error }
[2026-03-29T02:17:38Z WARN  librespot_playback::player] Unable to load key, continuing without decryption: Service unavailable { audio key error }
[2026-03-29T02:17:38Z ERROR librespot_core::audio_key] error audio key 0 2
[2026-03-29T02:17:38Z WARN  librespot_playback::player] Unable to load key, continuing without decryption: Service unavailable { audio key error }
[2026-03-29T02:17:38Z WARN  librespot_playback::player] Unable to load key, continuing without decryption: Service unavailable { audio key error }
[2026-03-29T02:17:38Z ERROR librespot_core::audio_key] error audio key 0 2
[2026-03-29T02:17:38Z ERROR librespot_core::audio_key] error audio key 0 2
[2026-03-29T02:17:38Z WARN  librespot_playback::player] Unable to load key, continuing without decryption: Service unavailable { audio key error }
[2026-03-29T02:17:38Z WARN  librespot_playback::player] Unable to load key, continuing without decryption: Service unavailable { audio key error }
[2026-03-29T02:17:39Z ERROR librespot_playback::player] Unable to read audio file: Symphonia Decoder Error: channel closed
[2026-03-29T02:17:39Z ERROR librespot_playback::player] Unable to read audio file: Symphonia Decoder Error: channel closed
[2026-03-29T02:17:47Z ERROR librespot_playback::player] Unable to read audio file: Symphonia Decoder Error: Deadline expired before operation could complete { wait timeout exceeded }
[2026-03-29T02:17:47Z ERROR librespot_playback::player] Unable to read audio file: Symphonia Decoder Error: Deadline expired before operation could complete { wait timeout exceeded }
[2026-03-29T02:17:47Z ERROR librespot_playback::player] Unable to read audio file: Symphonia Decoder Error: Deadline expired before operation could complete { wait timeout exceeded }
[2026-03-29T02:17:47Z ERROR librespot_playback::player] Unable to read audio file: Symphonia Decoder Error: Deadline expired before operation could complete { wait timeout exceeded }
[2026-03-29T02:17:47Z ERROR librespot_playback::player] Unable to read audio file: Symphonia Decoder Error: Deadline expired before operation could complete { wait timeout exceeded }
[2026-03-29T02:17:47Z ERROR librespot_playback::player] Unable to read audio file: Symphonia Decoder Error: Deadline expired before operation could complete { wait timeout exceeded }
[2026-03-29T02:17:47Z ERROR librespot_playback::player] Skipping to next track, unable to load track <SpotifyUri("spotify:track:5w3vHCHkitUnqAOPB3YMlV")>: ()
[2026-03-29T02:17:47Z INFO  librespot_playback::player] Loading <Electric War> with Spotify URI <spotify:track:14uYjLYDWo0rtCHKvWF1jc>
[2026-03-29T02:17:47Z ERROR librespot_core::audio_key] error audio key 0 2
[2026-03-29T02:17:47Z WARN  librespot_playback::player] Unable to load key, continuing without decryption: Service unavailable { audio key error }
[2026-03-29T02:18:03Z ERROR librespot_playback::player] Unable to read audio file: Symphonia Decoder Error: Deadline expired before operation could complete { wait timeout exceeded }
[2026-03-29T02:18:03Z ERROR librespot_playback::player] Skipping to next track, unable to load track <SpotifyUri("spotify:track:14uYjLYDWo0rtCHKvWF1jc")>: ()
[2026-03-29T02:18:03Z INFO  librespot_playback::player] Loading <Zero Sun> with Spotify URI <spotify:track:15nhbSCU39RlG32KqkneOu>
[2026-03-29T02:18:04Z INFO  librespot_playback::player] <Zero Sun> (207805 ms) loaded
[2026-03-29T02:18:04Z WARN  librespot_audio::fetch::receive] Throughput 5 kbps lower than minimum 8, setting to minimum
[2026-03-29T02:18:10Z INFO  librespot_playback::player] Loading <Sick 8> with Spotify URI <spotify:track:3b5OzSpdY89VB1VJuIcBaC>
[2026-03-29T02:18:11Z ERROR librespot_core::audio_key] error audio key 0 2
[2026-03-29T02:18:11Z WARN  librespot_playback::player] Unable to load key, continuing without decryption: Service unavailable { audio key error }
[2026-03-29T02:18:21Z ERROR librespot_playback::player] Unable to read audio file: Symphonia Decoder Error: end of stream
[2026-03-29T02:18:21Z ERROR librespot_playback::player] Skipping to next track, unable to load track <SpotifyUri("spotify:track:3b5OzSpdY89VB1VJuIcBaC")>: ()
[2026-03-29T02:18:21Z INFO  librespot_playback::player] Loading <Zero Sun> with Spotify URI <spotify:track:15nhbSCU39RlG32KqkneOu>
[2026-03-29T02:18:22Z ERROR librespot_core::audio_key] error audio key 0 2
[2026-03-29T02:18:22Z WARN  librespot_playback::player] Unable to load key, continuing without decryption: Service unavailable { audio key error }
[2026-03-29T02:18:31Z ERROR librespot_playback::player] Unable to read audio file: Symphonia Decoder Error: end of stream
[2026-03-29T02:18:31Z ERROR librespot_playback::player] Skipping to next track, unable to load track <SpotifyUri("spotify:track:15nhbSCU39RlG32KqkneOu")>: ()
[2026-03-29T02:18:31Z INFO  librespot_playback::player] Loading <Spektator> with Spotify URI <spotify:track:1q6Sx9RA0m4yfV7U2Dgthx>
[2026-03-29T02:18:32Z INFO  librespot_playback::player] <Spektator> (225984 ms) loaded
[2026-03-29T02:18:38Z INFO  librespot_playback::player] Loading <My Now> with Spotify URI <spotify:track:5t4zQCOjSL3BmJhPlg62Ok>
[2026-03-29T02:18:38Z ERROR librespot_core::audio_key] error audio key 0 2
[2026-03-29T02:18:38Z WARN  librespot_playback::player] Unable to load key, continuing without decryption: Service unavailable { audio key error }
[2026-03-29T02:18:52Z ERROR librespot_playback::player] Unable to read audio file: Symphonia Decoder Error: end of stream
[2026-03-29T02:18:52Z ERROR librespot_playback::player] Skipping to next track, unable to load track <SpotifyUri("spotify:track:5t4zQCOjSL3BmJhPlg62Ok")>: ()
[2026-03-29T02:18:52Z INFO  librespot_playback::player] Loading <Spektator> with Spotify URI <spotify:track:1q6Sx9RA0m4yfV7U2Dgthx>
[2026-03-29T02:18:53Z ERROR librespot_core::audio_key] error audio key 0 2
[2026-03-29T02:18:53Z WARN  librespot_playback::player] Unable to load key, continuing without decryption: Service unavailable { audio key error }
[2026-03-29T02:18:54Z INFO  librespot] librespot 0.8.0 VERGEN_IDEMPOTENT_OUTPUT (Built on 2025-11-10, Build ID: 1762793321, Profile: release)
[2026-03-29T02:18:54Z INFO  librespot_playback::mixer::softmixer] Mixing with softvol and volume control: Log(60.0)
[2026-03-29T02:18:54Z INFO  librespot_playback::convert] Converting with ditherer: tpdf
[2026-03-29T02:18:54Z INFO  librespot_playback::audio_backend::pipe] Using StdoutSink (pipe) with format: S16
[2026-03-29T02:19:22Z INFO  librespot_core::session] Connecting to AP "ap-gue1.spotify.com:4070"
[2026-03-29T02:19:22Z INFO  librespot_core::session] Authenticated as 'paulster23' !
[2026-03-29T02:19:22Z INFO  librespot_core::session] Country: "US"
[2026-03-29T02:19:23Z INFO  librespot_core::spclient] Resolved "gue1-spclient.spotify.com:443" as spclient access point
[2026-03-29T02:19:23Z INFO  librespot_connect::spirc] active device is <e9912ea7d306062891be9d4514485cfccfc5a2d7> with session <2yvqg9qZxIRg34RWEyu1Zr>
[2026-03-29T02:19:23Z WARN  librespot_connect::state::context] couldn't load context info because: context is not available. type: Default
[2026-03-29T02:19:23Z INFO  librespot_playback::player] Loading <Spektator> with Spotify URI <spotify:track:1q6Sx9RA0m4yfV7U2Dgthx>
[2026-03-29T02:19:24Z INFO  librespot_playback::player] <Spektator> (225984 ms) loaded
[2026-03-29T02:19:27Z INFO  librespot_playback::player] Loading <Creaky> with Spotify URI <spotify:track:6KP6hNZ2DuOuB72c3SPNTk>
[2026-03-29T02:19:27Z ERROR librespot_core::audio_key] error audio key 0 2
[2026-03-29T02:19:27Z WARN  librespot_playback::player] Unable to load key, continuing without decryption: Service unavailable { audio key error }
[2026-03-29T02:19:40Z INFO  librespot_playback::player] Loading <’Said Soul> with Spotify URI <spotify:track:3nereh8fbNjDflNF7f1CLK>
[2026-03-29T02:19:40Z INFO  librespot_playback::player] <’Said Soul> (164389 ms) loaded
[2026-03-29T02:19:43Z INFO  librespot_playback::player] Loading <Sick 8> with Spotify URI <spotify:track:3b5OzSpdY89VB1VJuIcBaC>
[2026-03-29T02:19:44Z ERROR librespot_core::audio_key] error audio key 0 2
[2026-03-29T02:19:44Z WARN  librespot_playback::player] Unable to load key, continuing without decryption: Service unavailable { audio key error }
[2026-03-29T02:19:46Z INFO  librespot_playback::player] Loading <’Said Soul> with Spotify URI <spotify:track:3nereh8fbNjDflNF7f1CLK>
[2026-03-29T02:19:46Z ERROR librespot_core::audio_key] error audio key 0 2
[2026-03-29T02:19:46Z WARN  librespot_playback::player] Unable to load key, continuing without decryption: Service unavailable { audio key error }
[2026-03-29T02:19:46Z ERROR librespot_playback::player] Unable to read audio file: Symphonia Decoder Error: end of stream
[2026-03-29T02:19:52Z INFO  librespot_playback::player] Loading <’Said Soul> with Spotify URI <spotify:track:3nereh8fbNjDflNF7f1CLK>
[2026-03-29T02:19:52Z ERROR librespot_core::audio_key] error audio key 0 2
[2026-03-29T02:19:52Z WARN  librespot_playback::player] Unable to load key, continuing without decryption: Service unavailable { audio key error }
[2026-03-29T02:19:52Z ERROR librespot_playback::player] Unable to read audio file: Symphonia Decoder Error: end of stream
[2026-03-29T02:19:53Z ERROR librespot_playback::player] Unable to read audio file: Symphonia Decoder Error: end of stream
[2026-03-29T02:19:58Z ERROR librespot_playback::player] Unable to read audio file: Symphonia Decoder Error: end of stream
[2026-03-29T02:19:58Z ERROR librespot_playback::player] Skipping to next track, unable to load track <SpotifyUri("spotify:track:3nereh8fbNjDflNF7f1CLK")>: ()
[2026-03-29T02:19:58Z INFO  librespot_playback::player] Loading <Sick 8> with Spotify URI <spotify:track:3b5OzSpdY89VB1VJuIcBaC>
[2026-03-29T02:19:58Z INFO  librespot_playback::player] Loading <Sick 8> with Spotify URI <spotify:track:3b5OzSpdY89VB1VJuIcBaC>
[2026-03-29T02:19:58Z ERROR librespot_core::audio_key] error audio key 0 2
[2026-03-29T02:19:58Z WARN  librespot_playback::player] Unable to load key, continuing without decryption: Service unavailable { audio key error }
[2026-03-29T02:19:58Z ERROR librespot_core::audio_key] error audio key 0 2
[2026-03-29T02:19:58Z WARN  librespot_playback::player] Unable to load key, continuing without decryption: Service unavailable { audio key error }
[2026-03-29T02:20:01Z INFO  librespot_playback::player] Loading <Sick 8> with Spotify URI <spotify:track:3b5OzSpdY89VB1VJuIcBaC>
[2026-03-29T02:20:01Z ERROR librespot_core::audio_key] error audio key 0 2
[2026-03-29T02:20:01Z WARN  librespot_playback::player] Unable to load key, continuing without decryption: Service unavailable { audio key error }
[2026-03-29T02:20:04Z INFO  librespot_playback::player] Loading <Sick 8> with Spotify URI <spotify:track:3b5OzSpdY89VB1VJuIcBaC>
[2026-03-29T02:20:05Z ERROR librespot_core::audio_key] error audio key 0 2
[2026-03-29T02:20:05Z WARN  librespot_playback::player] Unable to load key, continuing without decryption: Service unavailable { audio key error }
[2026-03-29T02:20:05Z INFO  librespot_playback::player] Loading <’Said Soul> with Spotify URI <spotify:track:3nereh8fbNjDflNF7f1CLK>
[2026-03-29T02:20:06Z ERROR librespot_core::audio_key] error audio key 0 2
[2026-03-29T02:20:06Z WARN  librespot_playback::player] Unable to load key, continuing without decryption: Service unavailable { audio key error }
[2026-03-29T02:20:06Z INFO  librespot_playback::player] Loading <Creaky> with Spotify URI <spotify:track:6KP6hNZ2DuOuB72c3SPNTk>
[2026-03-29T02:20:07Z ERROR librespot_core::audio_key] error audio key 0 2
[2026-03-29T02:20:07Z WARN  librespot_playback::player] Unable to load key, continuing without decryption: Service unavailable { audio key error }
[2026-03-29T02:20:07Z ERROR librespot_playback::player] Unable to read audio file: Symphonia Decoder Error: Deadline expired before operation could complete { wait timeout exceeded }
[2026-03-29T02:20:07Z ERROR librespot_playback::player] Unable to read audio file: Symphonia Decoder Error: Deadline expired before operation could complete { wait timeout exceeded }
[2026-03-29T02:20:09Z ERROR librespot_playback::player] Unable to read audio file: Symphonia Decoder Error: channel closed
[2026-03-29T02:20:09Z ERROR librespot_playback::player] Skipping to next track, unable to load track <SpotifyUri("spotify:track:6KP6hNZ2DuOuB72c3SPNTk")>: ()
[2026-03-29T02:20:09Z INFO  librespot_playback::player] Loading <’Said Soul> with Spotify URI <spotify:track:3nereh8fbNjDflNF7f1CLK>
[2026-03-29T02:20:09Z ERROR librespot_core::audio_key] error audio key 0 2
[2026-03-29T02:20:09Z WARN  librespot_playback::player] Unable to load key, continuing without decryption: Service unavailable { audio key error }
[2026-03-29T02:20:12Z ERROR librespot_playback::player] Unable to read audio file: Symphonia Decoder Error: Deadline expired before operation could complete { wait timeout exceeded }
[2026-03-29T02:20:14Z ERROR librespot_playback::player] Unable to read audio file: Symphonia Decoder Error: Deadline expired before operation could complete { wait timeout exceeded }
[2026-03-29T02:20:14Z ERROR librespot_playback::player] Unable to read audio file: Symphonia Decoder Error: Deadline expired before operation could complete { wait timeout exceeded }
[2026-03-29T02:20:18Z ERROR librespot_playback::player] Unable to read audio file: Symphonia Decoder Error: Deadline expired before operation could complete { wait timeout exceeded }
[2026-03-29T02:20:18Z ERROR librespot_playback::player] Skipping to next track, unable to load track <SpotifyUri("spotify:track:3nereh8fbNjDflNF7f1CLK")>: ()
[2026-03-29T02:20:18Z INFO  librespot_playback::player] Loading <Sick 8> with Spotify URI <spotify:track:3b5OzSpdY89VB1VJuIcBaC>
[2026-03-29T02:20:18Z INFO  librespot_playback::player] <Sick 8> (260522 ms) loaded
[2026-03-29T02:20:26Z INFO  librespot_playback::player] Loading <My Now> with Spotify URI <spotify:track:5t4zQCOjSL3BmJhPlg62Ok>
[2026-03-29T02:20:26Z ERROR librespot_core::audio_key] error audio key 0 2
[2026-03-29T02:20:26Z WARN  librespot_playback::player] Unable to load key, continuing without decryption: Service unavailable { audio key error }
[2026-03-29T02:20:34Z WARN  librespot_audio::fetch::receive] Time to first byte 1843 ms exceeds maximum 1500, setting to maximum
[2026-03-29T02:20:39Z ERROR librespot_playback::player] Unable to read audio file: Symphonia Decoder Error: end of stream
[2026-03-29T02:20:39Z ERROR librespot_playback::player] Skipping to next track, unable to load track <SpotifyUri("spotify:track:5t4zQCOjSL3BmJhPlg62Ok")>: ()
[2026-03-29T02:20:39Z INFO  librespot_playback::player] Loading <Count Of Four> with Spotify URI <spotify:track:5w3vHCHkitUnqAOPB3YMlV>
[2026-03-29T02:20:39Z ERROR librespot_core::audio_key] error audio key 0 2
[2026-03-29T02:20:39Z WARN  librespot_playback::player] Unable to load key, continuing without decryption: Service unavailable { audio key error }
[2026-03-29T02:21:01Z ERROR librespot_playback::player] Unable to read audio file: Symphonia Decoder Error: Deadline expired before operation could complete { wait timeout exceeded }
[2026-03-29T02:21:01Z ERROR librespot_playback::player] Skipping to next track, unable to load track <SpotifyUri("spotify:track:5w3vHCHkitUnqAOPB3YMlV")>: ()
[2026-03-29T02:21:01Z INFO  librespot_playback::player] Loading <Electric War> with Spotify URI <spotify:track:14uYjLYDWo0rtCHKvWF1jc>
[2026-03-29T02:21:02Z INFO  librespot_playback::player] <Electric War> (315626 ms) loaded
[2026-03-29T02:21:10Z INFO  librespot_playback::player] Loading <Zero Sun> with Spotify URI <spotify:track:15nhbSCU39RlG32KqkneOu>
[2026-03-29T02:21:10Z ERROR librespot_core::audio_key] error audio key 0 2
[2026-03-29T02:21:10Z WARN  librespot_playback::player] Unable to load key, continuing without decryption: Service unavailable { audio key error }
[2026-03-29T02:21:17Z ERROR librespot_playback::player] Unable to read audio file: Symphonia Decoder Error: end of stream
[2026-03-29T02:21:17Z ERROR librespot_playback::player] Skipping to next track, unable to load track <SpotifyUri("spotify:track:15nhbSCU39RlG32KqkneOu")>: ()
[2026-03-29T02:21:17Z INFO  librespot_playback::player] Loading <Spektator> with Spotify URI <spotify:track:1q6Sx9RA0m4yfV7U2Dgthx>
[2026-03-29T02:21:17Z ERROR librespot_core::audio_key] error audio key 0 2
[2026-03-29T02:21:17Z WARN  librespot_playback::player] Unable to load key, continuing without decryption: Service unavailable { audio key error }
[2026-03-29T02:21:26Z ERROR librespot_playback::player] Unable to read audio file: Symphonia Decoder Error: end of stream
[2026-03-29T02:21:26Z ERROR librespot_playback::player] Skipping to next track, unable to load track <SpotifyUri("spotify:track:1q6Sx9RA0m4yfV7U2Dgthx")>: ()
[2026-03-29T02:21:26Z INFO  librespot_playback::player] Loading <Sick 8> with Spotify URI <spotify:track:3b5OzSpdY89VB1VJuIcBaC>
[2026-03-29T02:21:27Z INFO  librespot_playback::player] <Sick 8> (260522 ms) loaded
[2026-03-29T02:21:31Z INFO  librespot_playback::player] Loading <Electric War> with Spotify URI <spotify:track:14uYjLYDWo0rtCHKvWF1jc>
[2026-03-29T02:21:31Z ERROR librespot_core::audio_key] error audio key 0 2
[2026-03-29T02:21:31Z WARN  librespot_playback::player] Unable to load key, continuing without decryption: Service unavailable { audio key error }
[2026-03-29T02:21:43Z ERROR librespot_playback::player] Unable to read audio file: Symphonia Decoder Error: end of stream
[2026-03-29T02:21:43Z ERROR librespot_playback::player] Skipping to next track, unable to load track <SpotifyUri("spotify:track:14uYjLYDWo0rtCHKvWF1jc")>: ()
[2026-03-29T02:21:44Z INFO  librespot_playback::player] Loading <Sick 8> with Spotify URI <spotify:track:3b5OzSpdY89VB1VJuIcBaC>
[2026-03-29T02:21:44Z ERROR librespot_core::audio_key] error audio key 0 2
[2026-03-29T02:21:44Z WARN  librespot_playback::player] Unable to load key, continuing without decryption: Service unavailable { audio key error }
[2026-03-29T02:21:58Z ERROR librespot_playback::player] Unable to read audio file: Symphonia Decoder Error: Deadline expired before operation could complete { wait timeout exceeded }
[2026-03-29T02:21:58Z ERROR librespot_playback::player] Skipping to next track, unable to load track <SpotifyUri("spotify:track:3b5OzSpdY89VB1VJuIcBaC")>: ()
[2026-03-29T02:21:58Z INFO  librespot_playback::player] Loading <Creaky> with Spotify URI <spotify:track:6KP6hNZ2DuOuB72c3SPNTk>
[2026-03-29T02:21:59Z INFO  librespot_playback::player] <Creaky> (452413 ms) loaded
[2026-03-29T02:45:18Z INFO  librespot] librespot 0.8.0 VERGEN_IDEMPOTENT_OUTPUT (Built on 2025-11-10, Build ID: 1762793321, Profile: release)
[2026-03-29T02:45:18Z INFO  librespot_playback::mixer::softmixer] Mixing with softvol and volume control: Log(60.0)
[2026-03-29T02:45:18Z INFO  librespot_playback::convert] Converting with ditherer: tpdf
[2026-03-29T02:45:18Z INFO  librespot_playback::audio_backend::pipe] Using StdoutSink (pipe) with format: S16
[2026-03-29T02:46:02Z INFO  librespot_core::session] Connecting to AP "ap-gue1.spotify.com:4070"
[2026-03-29T02:46:03Z INFO  librespot_core::session] Authenticated as 'paulster23' !
[2026-03-29T02:46:03Z INFO  librespot_core::session] Country: "US"
[2026-03-29T02:46:03Z INFO  librespot_core::spclient] Resolved "gue1-spclient.spotify.com:443" as spclient access point
[2026-03-29T02:46:03Z INFO  librespot_connect::spirc] active device is <e9912ea7d306062891be9d4514485cfccfc5a2d7> with session <5zwpP9HHHzV04CCfD7SCb0>
[2026-03-29T02:46:04Z WARN  librespot_connect::state::context] couldn't load context info because: context is not available. type: Default
[2026-03-29T02:46:04Z INFO  librespot_playback::player] Loading <Hold On Hope> with Spotify URI <spotify:track:1uIsJdRjJ1G2GEWZFjtpKq>
[2026-03-29T02:46:04Z INFO  librespot_playback::player] <Hold On Hope> (211066 ms) loaded
[2026-03-29T02:46:07Z INFO  librespot_playback::player] Loading <Plainclothes Man> with Spotify URI <spotify:track:7yYf5GF0jX6M6KywKygE0c>
[2026-03-29T02:46:08Z INFO  librespot_playback::player] <Plainclothes Man> (208000 ms) loaded
[2026-03-29T02:46:11Z INFO  librespot_playback::player] Loading <Blue> with Spotify URI <spotify:track:5cDfI3KOa64zbuUgD6a4hG>
[2026-03-29T02:46:11Z INFO  librespot_playback::player] <Blue> (189506 ms) loaded
[2026-03-29T02:46:14Z INFO  librespot_playback::player] Loading <Stuck Between Stations - 2016 - Remaster> with Spotify URI <spotify:track:1Ux0zAxDqCLje8HT3uoXxd>
[2026-03-29T02:46:14Z INFO  librespot_playback::player] <Stuck Between Stations - 2016 - Remaster> (249546 ms) loaded
[2026-03-29T02:46:17Z INFO  librespot_playback::player] Loading <The Ballad Of El Goodo> with Spotify URI <spotify:track:1B5kQto4k99RG67TJEwwS5>
[2026-03-29T02:46:18Z INFO  librespot_playback::player] <The Ballad Of El Goodo> (260160 ms) loaded
[2026-03-29T02:46:24Z INFO  librespot_playback::player] Loading <Game Of Pricks> with Spotify URI <spotify:track:3qDjdkXjsrRdwxIFdaLuwR>
[2026-03-29T02:46:24Z INFO  librespot_playback::player] <Game Of Pricks> (135160 ms) loaded
[2026-03-29T02:46:27Z INFO  librespot_playback::player] Loading <Sparky's Dream> with Spotify URI <spotify:track:1tpjZwsodyFBEo6kxrxLQr>
[2026-03-29T02:46:28Z INFO  librespot_playback::player] <Sparky's Dream> (197333 ms) loaded
[2026-03-29T02:50:03Z ERROR librespot_core::session] Connection to server closed.
[2026-03-29T02:55:05Z INFO  librespot] librespot 0.8.0 VERGEN_IDEMPOTENT_OUTPUT (Built on 2025-11-10, Build ID: 1762793321, Profile: release)
[2026-03-29T02:55:05Z INFO  librespot_playback::mixer::softmixer] Mixing with softvol and volume control: Log(60.0)
[2026-03-29T02:55:05Z INFO  librespot_playback::convert] Converting with ditherer: tpdf
[2026-03-29T02:55:05Z INFO  librespot_playback::audio_backend::pipe] Using StdoutSink (pipe) with format: S16
[2026-03-29T02:56:13Z INFO  librespot_core::session] Connecting to AP "ap-gue1.spotify.com:4070"
[2026-03-29T02:56:13Z INFO  librespot_core::session] Authenticated as 'paulster23' !
[2026-03-29T02:56:13Z INFO  librespot_core::session] Country: "US"
[2026-03-29T02:56:14Z INFO  librespot_core::spclient] Resolved "gue1-spclient.spotify.com:443" as spclient access point
[2026-03-29T02:56:14Z INFO  librespot_connect::spirc] active device is <e9912ea7d306062891be9d4514485cfccfc5a2d7> with session <0ULnXAGHaCvEnAc3enBdtk>
[2026-03-29T02:56:14Z WARN  librespot_connect::state::context] couldn't load context info because: context is not available. type: Default
[2026-03-29T02:56:14Z INFO  librespot_playback::player] Loading <The God of Lying (feat. IDLES)> with Spotify URI <spotify:track:0eUO2hEBOyZXDgqKSpXd98>
[2026-03-29T02:56:15Z INFO  librespot_playback::player] <The God of Lying (feat. IDLES)> (189021 ms) loaded
[2026-03-29T02:57:17Z INFO  librespot_playback::player] Loading <Look How Far...> with Spotify URI <spotify:track:4ZwsQGsqUGewXIjNBXfrXr>
[2026-03-29T02:57:18Z INFO  librespot_playback::player] <Look How Far...> (115744 ms) loaded
[2026-03-29T02:57:49Z INFO  librespot_playback::player] Loading <Mother> with Spotify URI <spotify:track:0avZP07YeTpD9J8sEccLjf>
[2026-03-29T02:57:50Z INFO  librespot_playback::player] <Mother> (207145 ms) loaded
[2026-03-29T02:57:50Z WARN  librespot_audio::fetch::receive] Throughput 4 kbps lower than minimum 8, setting to minimum
[2026-03-29T02:59:04Z INFO  librespot_playback::player] Loading <Dog Dribble> with Spotify URI <spotify:track:6skfouZ5bFFU3vxWaBla3B>
[2026-03-29T02:59:04Z INFO  librespot_playback::player] <Dog Dribble> (255000 ms) loaded
[2026-03-29T03:09:33Z INFO  librespot] librespot 0.8.0 VERGEN_IDEMPOTENT_OUTPUT (Built on 2025-11-10, Build ID: 1762793321, Profile: release)
[2026-03-29T03:09:33Z INFO  librespot_playback::mixer::softmixer] Mixing with softvol and volume control: Log(60.0)
[2026-03-29T03:09:33Z INFO  librespot_playback::convert] Converting with ditherer: tpdf
[2026-03-29T03:09:33Z INFO  librespot_playback::audio_backend::pipe] Using StdoutSink (pipe) with format: S16
[2026-03-29T03:10:07Z INFO  librespot_core::session] Connecting to AP "ap-gue1.spotify.com:4070"
[2026-03-29T03:10:07Z INFO  librespot_core::session] Authenticated as 'paulster23' !
[2026-03-29T03:10:07Z INFO  librespot_core::session] Country: "US"
[2026-03-29T03:10:08Z INFO  librespot_core::spclient] Resolved "gue1-spclient.spotify.com:443" as spclient access point
[2026-03-29T03:10:08Z INFO  librespot_connect::spirc] active device is <e9912ea7d306062891be9d4514485cfccfc5a2d7> with session <3zhAhVG0aKL4oKlfw1pZeW>
[2026-03-29T03:10:08Z WARN  librespot_connect::state::context] couldn't load context info because: context is not available. type: Default
[2026-03-29T03:10:08Z INFO  librespot_playback::player] Loading <Husbands> with Spotify URI <spotify:track:0xATIfA17cJDb9pYAuw70Y>
[2026-03-29T03:10:09Z INFO  librespot_playback::player] <Husbands> (248229 ms) loaded
[2026-03-29T03:10:35Z INFO  librespot_connect::spirc] device became inactive
[2026-03-29T03:10:35Z WARN  librespot_connect::state::context] couldn't load context info because: context is not available. type: Default
[2026-03-29T03:10:35Z WARN  librespot_connect::spirc] failed filling up next_track during stopping: Invalid state { context is not available. type: Default }
[2026-03-29T03:10:37Z WARN  librespot_connect::state::context] couldn't load context info because: context is not available. type: Default
[2026-03-29T03:10:37Z INFO  librespot_playback::player] Loading <Husbands> with Spotify URI <spotify:track:0xATIfA17cJDb9pYAuw70Y>
[2026-03-29T03:10:38Z INFO  librespot_playback::player] <Husbands> (248229 ms) loaded
[2026-03-29T03:12:08Z WARN  librespot_connect::state::context] couldn't load context info because: context is not available. type: Default
[2026-03-29T03:12:09Z INFO  librespot_core::session] Connecting to AP "ap-gue1.spotify.com:4070"
[2026-03-29T03:12:09Z INFO  librespot_core::session] Authenticated as 'paulster23' !
[2026-03-29T03:12:09Z INFO  librespot_core::session] Country: "US"
[2026-03-29T03:12:10Z INFO  librespot_core::spclient] Resolved "gue1-spclient.spotify.com:443" as spclient access point
[2026-03-29T03:12:10Z INFO  librespot_connect::spirc] active device is <e9912ea7d306062891be9d4514485cfccfc5a2d7> with session <6qG47kxkO6AGXJJ8CPvEsu>
[2026-03-29T03:12:11Z WARN  librespot_core::dealer] Websocket peer does not respond.
[2026-03-29T03:12:15Z WARN  librespot_connect::state::context] couldn't load context info because: context is not available. type: Default
[2026-03-29T03:12:15Z INFO  librespot_core::session] Connecting to AP "ap-gue1.spotify.com:4070"
[2026-03-29T03:12:16Z WARN  librespot_core::dealer] Websocket connection failed: IO error: peer closed connection without sending TLS close_notify: https://docs.rs/rustls/latest/rustls/manual/_03_howto/index.html#unexpected-eof
[2026-03-29T03:12:16Z WARN  librespot_core::dealer] Wasn't able to reply to dealer request: channel closed
[2026-03-29T03:12:16Z INFO  librespot_core::session] Authenticated as 'paulster23' !
[2026-03-29T03:12:16Z INFO  librespot_core::session] Country: "US"
[2026-03-29T03:12:16Z INFO  librespot_core::spclient] Resolved "gue1-spclient.spotify.com:443" as spclient access point
[2026-03-29T03:12:16Z INFO  librespot_connect::spirc] active device is <e9912ea7d306062891be9d4514485cfccfc5a2d7> with session <6qG47kxkO6AGXJJ8CPvEsu>
[2026-03-29T03:12:22Z WARN  librespot_connect::state::context] couldn't load context info because: context is not available. type: Default
[2026-03-29T03:12:22Z INFO  librespot_core::session] Connecting to AP "ap-gue1.spotify.com:4070"
[2026-03-29T03:12:22Z WARN  librespot_core::dealer] Websocket connection failed: IO error: peer closed connection without sending TLS close_notify: https://docs.rs/rustls/latest/rustls/manual/_03_howto/index.html#unexpected-eof
[2026-03-29T03:12:22Z WARN  librespot_core::dealer] Wasn't able to reply to dealer request: channel closed
[2026-03-29T03:12:22Z INFO  librespot_core::session] Authenticated as 'paulster23' !
[2026-03-29T03:12:22Z INFO  librespot_core::session] Country: "US"
[2026-03-29T03:12:23Z INFO  librespot_core::spclient] Resolved "gue1-spclient.spotify.com:443" as spclient access point
[2026-03-29T03:12:23Z INFO  librespot_connect::spirc] active device is <e9912ea7d306062891be9d4514485cfccfc5a2d7> with session <6qG47kxkO6AGXJJ8CPvEsu>
[2026-03-29T03:12:29Z WARN  librespot_connect::state::context] couldn't load context info because: context is not available. type: Default
[2026-03-29T03:12:29Z INFO  librespot_core::session] Connecting to AP "ap-gue1.spotify.com:4070"
[2026-03-29T03:12:29Z WARN  librespot_core::dealer] Websocket connection failed: IO error: peer closed connection without sending TLS close_notify: https://docs.rs/rustls/latest/rustls/manual/_03_howto/index.html#unexpected-eof
[2026-03-29T03:12:29Z WARN  librespot_core::dealer] Wasn't able to reply to dealer request: channel closed
[2026-03-29T03:12:29Z INFO  librespot_core::session] Authenticated as 'paulster23' !
[2026-03-29T03:12:29Z INFO  librespot_core::session] Country: "US"
[2026-03-29T03:12:30Z INFO  librespot_core::spclient] Resolved "gue1-spclient.spotify.com:443" as spclient access point
[2026-03-29T03:12:30Z INFO  librespot_connect::spirc] active device is <e9912ea7d306062891be9d4514485cfccfc5a2d7> with session <6qG47kxkO6AGXJJ8CPvEsu>
[2026-03-29T03:12:36Z WARN  librespot_connect::state::context] couldn't load context info because: context is not available. type: Default
[2026-03-29T03:12:36Z INFO  librespot_core::session] Connecting to AP "ap-gue1.spotify.com:4070"
[2026-03-29T03:12:36Z WARN  librespot_core::dealer] Websocket connection failed: IO error: peer closed connection without sending TLS close_notify: https://docs.rs/rustls/latest/rustls/manual/_03_howto/index.html#unexpected-eof
[2026-03-29T03:12:36Z INFO  librespot_core::session] Authenticated as 'paulster23' !
[2026-03-29T03:12:36Z INFO  librespot_core::session] Country: "US"
[2026-03-29T03:12:37Z INFO  librespot_core::spclient] Resolved "gue1-spclient.spotify.com:443" as spclient access point
[2026-03-29T03:12:37Z INFO  librespot_connect::spirc] active device is <e9912ea7d306062891be9d4514485cfccfc5a2d7> with session <6qG47kxkO6AGXJJ8CPvEsu>
[2026-03-29T03:17:06Z INFO  librespot] librespot 0.8.0 VERGEN_IDEMPOTENT_OUTPUT (Built on 2025-11-10, Build ID: 1762793321, Profile: release)
[2026-03-29T03:17:06Z INFO  librespot_playback::mixer::softmixer] Mixing with softvol and volume control: Log(60.0)
[2026-03-29T03:17:06Z INFO  librespot_playback::convert] Converting with ditherer: tpdf
[2026-03-29T03:17:06Z INFO  librespot_playback::audio_backend::pipe] Using StdoutSink (pipe) with format: S16
[2026-03-29T03:17:41Z INFO  librespot_core::session] Connecting to AP "ap-gue1.spotify.com:4070"
[2026-03-29T03:17:41Z INFO  librespot_core::session] Authenticated as 'paulster23' !
[2026-03-29T03:17:41Z INFO  librespot_core::session] Country: "US"
[2026-03-29T03:17:42Z INFO  librespot_core::spclient] Resolved "gue1-spclient.spotify.com:443" as spclient access point
[2026-03-29T03:17:42Z INFO  librespot_connect::spirc] active device is <> with session <7h7JGdKFJR0k2vWuMuLXbY>
[2026-03-29T03:17:50Z WARN  librespot_connect::state::context] couldn't load context info because: context is not available. type: Default
[2026-03-29T03:17:50Z INFO  librespot_playback::player] Loading <Good Times Bad Times - 1993 Remaster> with Spotify URI <spotify:track:0QwZfbw26QeUoIy82Z2jYp>
[2026-03-29T03:17:51Z INFO  librespot_playback::player] <Good Times Bad Times - 1993 Remaster> (166266 ms) loaded
[2026-03-29T03:18:02Z INFO  librespot_playback::player] Loading <Babe I'm Gonna Leave You - 1990 Remaster> with Spotify URI <spotify:track:4OMu5a8sFpcRCPCcsoEaov>
[2026-03-29T03:18:03Z INFO  librespot_playback::player] <Babe I'm Gonna Leave You - 1990 Remaster> (401066 ms) loaded
[2026-03-29T03:18:20Z INFO  librespot_playback::player] Loading <You Shook Me - 1993 Remaster> with Spotify URI <spotify:track:0CrseEjTnYoB625tKoUowp>
[2026-03-29T03:18:21Z INFO  librespot_playback::player] <You Shook Me - 1993 Remaster> (388093 ms) loaded
[2026-03-29T03:28:23Z WARN  librespot_connect::state::context] couldn't load context info because: context is not available. type: Default
[2026-03-29T03:28:23Z WARN  librespot_connect::state::context] couldn't load context info because: context is not available. type: Default
[2026-03-29T03:28:23Z INFO  librespot_playback::player] Loading <Do You Feel Bad About It> with Spotify URI <spotify:track:7IhcB78csUcYT49w1GuK5O>
[2026-03-29T03:28:24Z INFO  librespot_playback::player] <Do You Feel Bad About It> (127626 ms) loaded
[2026-03-29T03:47:12Z INFO  librespot_connect::spirc] device became inactive
[2026-03-29T03:47:12Z WARN  librespot_connect::state::context] couldn't load context info because: context is not available. type: Default
[2026-03-29T03:47:12Z WARN  librespot_connect::spirc] failed filling up next_track during stopping: Invalid state { context is not available. type: Default }
[2026-03-29T03:47:12Z INFO  librespot_connect::spirc] session update: <Ok(SESSION_DELETED)> for self, current session_id 78d6023688c24eff914f2bc0dfb523b6, new session_id 16c18329e334607c2947958af4957111
[2026-03-29T11:21:14Z WARN  librespot_core::dealer] Websocket peer does not respond.
[2026-03-29T11:21:16Z INFO  librespot_connect::spirc] active device is <> with session <78d6023688c24eff914f2bc0dfb523b6>
[2026-03-29T14:16:18Z WARN  librespot_core::dealer] Websocket peer does not respond.
[2026-03-29T14:16:20Z INFO  librespot_connect::spirc] active device is <> with session <78d6023688c24eff914f2bc0dfb523b6>
[2026-03-29T14:35:52Z WARN  librespot_core::dealer] Websocket peer does not respond.
[2026-03-29T14:35:53Z INFO  librespot_connect::spirc] active device is <> with session <78d6023688c24eff914f2bc0dfb523b6>
[2026-03-29T14:37:21Z WARN  librespot_connect::state::context] couldn't load context info because: context is not available. type: Default
[2026-03-29T14:37:21Z WARN  librespot_connect::state::context] couldn't load context info because: context is not available. type: Default
[2026-03-29T14:37:22Z INFO  librespot_playback::player] Loading <Where Is My Mind? - 2007 Remaster> with Spotify URI <spotify:track:7wCmS9TTVUcIhRalDYFgPy>
[2026-03-29T14:37:22Z INFO  librespot_connect::spirc] session update: <Ok(NEW_SESSION)> for self, current session_id 16c18329e334607c2947958af4957111, new session_id 6291ba43d7e6801bfb0e359bd9ee67cb
[2026-03-29T14:37:24Z INFO  librespot_playback::player] <Where Is My Mind? - 2007 Remaster> (234973 ms) loaded
[2026-03-29T14:37:59Z INFO  librespot_connect::spirc] delayed volume update for all devices: volume is now 59637
[2026-03-29T14:38:00Z INFO  librespot_playback::player] Loading <Here Comes Your Man> with Spotify URI <spotify:track:4IvZLDtwBHmBmwgDIUbuwa>
[2026-03-29T14:38:01Z INFO  librespot_playback::player] <Here Comes Your Man> (201186 ms) loaded
[2026-03-29T14:38:04Z INFO  librespot_playback::player] Loading <All I Think About Now> with Spotify URI <spotify:track:3NfqN997u9A3YAAafgzhIa>
[2026-03-29T14:38:05Z INFO  librespot_playback::player] <All I Think About Now> (187320 ms) loaded
[2026-03-29T14:38:36Z INFO  librespot_connect::spirc] device became inactive
[2026-03-29T14:38:37Z WARN  librespot_connect::state::context] couldn't load context info because: context is not available. type: Default
[2026-03-29T14:38:37Z WARN  librespot_connect::spirc] failed filling up next_track during stopping: Invalid state { context is not available. type: Default }
[2026-03-29T14:38:40Z WARN  librespot_connect::state::context] couldn't load context info because: context is not available. type: Default
[2026-03-29T14:38:40Z INFO  librespot_playback::player] Loading <All I Think About Now> with Spotify URI <spotify:track:3NfqN997u9A3YAAafgzhIa>
[2026-03-29T14:38:41Z INFO  librespot_connect::spirc] session update: <Ok(NEW_SESSION)> for self, current session_id 6291ba43d7e6801bfb0e359bd9ee67cb, new session_id 2b7804ab53cbd87b8d7f7cfe7694ac96
[2026-03-29T14:38:41Z INFO  librespot_playback::player] <All I Think About Now> (187320 ms) loaded
[2026-03-29T14:43:32Z WARN  librespot_connect::state::context] couldn't load context info because: context is not available. type: Default
[2026-03-29T14:43:32Z WARN  librespot_connect::state::context] couldn't load context info because: context is not available. type: Default
[2026-03-29T14:43:32Z INFO  librespot_playback::player] Loading <Swingin Party - 2008 Remaster> with Spotify URI <spotify:track:14g6foD6sxO1qgkDKuPgWv>
[2026-03-29T14:43:33Z INFO  librespot_playback::player] <Swingin Party - 2008 Remaster> (233573 ms) loaded
[2026-03-29T14:44:52Z WARN  librespot_connect::state::context] couldn't load context info because: context is not available. type: Default
[2026-03-29T14:44:52Z WARN  librespot_connect::state::context] couldn't load context info because: context is not available. type: Default
[2026-03-29T14:44:53Z INFO  librespot_playback::player] Loading <Kemakmuran> with Spotify URI <spotify:track:4c3tXbVe5zZKAlO8GQE42D>
[2026-03-29T14:44:54Z INFO  librespot_playback::player] <Kemakmuran> (174480 ms) loaded
[2026-03-29T14:52:04Z WARN  librespot_connect::state::context] couldn't load context info because: context is not available. type: Default
[2026-03-29T14:52:04Z WARN  librespot_connect::state::context] couldn't load context info because: context is not available. type: Default
[2026-03-29T14:52:04Z INFO  librespot_playback::player] Loading <A.W.I.B> with Spotify URI <spotify:track:2hnnjHp3SE6almAOzgDxKM>
[2026-03-29T14:52:06Z INFO  librespot_playback::player] <A.W.I.B> (156813 ms) loaded
[2026-03-29T14:56:36Z INFO  librespot_playback::player] Loading <Killuminatti> with Spotify URI <spotify:track:4pZe2SRXhtZN5BAMhTi6AY>
[2026-03-29T14:56:37Z INFO  librespot_playback::player] <Killuminatti> (162845 ms) loaded
[2026-03-29T14:59:11Z INFO  librespot_playback::player] Loading <I Toldjuh> with Spotify URI <spotify:track:2ceOIHXbKxkw7vDNKe2Jso>
[2026-03-29T14:59:12Z INFO  librespot_playback::player] <I Toldjuh> (159010 ms) loaded
[2026-03-29T15:01:42Z INFO  librespot_playback::player] Loading <Blade2> with Spotify URI <spotify:track:0toFSkrJq3aFTDQ3zoTo5G>
[2026-03-29T15:01:43Z INFO  librespot_playback::player] <Blade2> (121315 ms) loaded
[2026-03-29T15:03:38Z INFO  librespot_playback::player] Loading <Rollin> with Spotify URI <spotify:track:0O8jbCMMgPw9ed1sokF3fz>
[2026-03-29T15:03:38Z INFO  librespot_playback::player] <Rollin> (141451 ms) loaded
[2026-03-29T15:05:53Z INFO  librespot_playback::player] Loading <Fact Colossal> with Spotify URI <spotify:track:4ha80OaQI8TgVl12xcOG5Q>
[2026-03-29T15:05:54Z INFO  librespot_playback::player] <Fact Colossal> (237073 ms) loaded
[2026-03-29T15:09:38Z INFO  librespot_playback::player] Loading <You know I'm cold but I'm hot, I got a fever> with Spotify URI <spotify:track:0OUyi9Gd76nwif8um1z85e>
[2026-03-29T15:09:39Z INFO  librespot_playback::player] <You know I'm cold but I'm hot, I got a fever> (102896 ms) loaded
[2026-03-29T15:11:16Z INFO  librespot_playback::player] Loading <Omg> with Spotify URI <spotify:track:2sO0Kl3CXDWWWXtKaRCdXl>
[2026-03-29T15:11:17Z INFO  librespot_playback::player] <Omg> (168500 ms) loaded
[2026-03-29T15:13:57Z INFO  librespot_playback::player] Loading <Sun Ra in a 65> with Spotify URI <spotify:track:5BeXT94nSOjprIegXk0JgG>
[2026-03-29T15:13:58Z INFO  librespot_playback::player] <Sun Ra in a 65> (145658 ms) loaded
[2026-03-29T15:16:16Z INFO  librespot_playback::player] Loading <Ruckus> with Spotify URI <spotify:track:2e7dA6ow15brIG92PiaWtR>
[2026-03-29T15:16:17Z INFO  librespot_playback::player] <Ruckus> (177655 ms) loaded
[2026-03-31T01:21:17Z INFO  librespot] librespot 0.8.0 VERGEN_IDEMPOTENT_OUTPUT (Built on 2025-11-10, Build ID: 1762793321, Profile: release)
[2026-03-31T01:21:17Z INFO  librespot_playback::mixer::softmixer] Mixing with softvol and volume control: Log(60.0)
[2026-03-31T01:21:17Z INFO  librespot_playback::convert] Converting with ditherer: tpdf
[2026-03-31T01:21:17Z INFO  librespot_playback::audio_backend::pipe] Using StdoutSink (pipe) with format: S16
[2026-03-31T01:23:54Z INFO  librespot_core::session] Connecting to AP "ap-gue1.spotify.com:4070"
[2026-03-31T01:23:55Z INFO  librespot_core::session] Authenticated as 'paulster23' !
[2026-03-31T01:23:55Z INFO  librespot_core::session] Country: "US"
[2026-03-31T01:23:55Z INFO  librespot_core::spclient] Resolved "gue1-spclient.spotify.com:443" as spclient access point
[2026-03-31T01:23:56Z INFO  librespot_connect::spirc] active device is <e9b2419431c77ba3699cf2ec8eb476db1f66f1c5> with session <743rYWDrDzXgYV7cMIFNnF>
[2026-03-31T01:23:56Z WARN  librespot_connect::state::context] couldn't load context info because: context is not available. type: Default
[2026-03-31T01:23:56Z INFO  librespot_playback::player] Loading <Opal> with Spotify URI <spotify:track:6F8EtuYOjD64vcA2Jawu2I>
[2026-03-31T01:23:56Z INFO  librespot_connect::spirc] session update: <Ok(NEW_SESSION)> for self, current session_id 5585ae13bf684272be4ef326188d04af, new session_id e0d02dbfb4537468920fe03c044c733f
[2026-03-31T01:23:57Z INFO  librespot_playback::player] <Opal> (249573 ms) loaded
[2026-03-31T01:26:16Z INFO  librespot] librespot 0.8.0 VERGEN_IDEMPOTENT_OUTPUT (Built on 2025-11-10, Build ID: 1762793321, Profile: release)
[2026-03-31T01:26:16Z INFO  librespot_playback::mixer::softmixer] Mixing with softvol and volume control: Log(60.0)
[2026-03-31T01:26:16Z INFO  librespot_playback::convert] Converting with ditherer: tpdf
[2026-03-31T01:26:16Z INFO  librespot_playback::audio_backend::pipe] Using StdoutSink (pipe) with format: S16
[2026-03-31T01:27:30Z INFO  librespot] librespot 0.8.0 VERGEN_IDEMPOTENT_OUTPUT (Built on 2025-11-10, Build ID: 1762793321, Profile: release)
[2026-03-31T01:27:30Z INFO  librespot_playback::mixer::softmixer] Mixing with softvol and volume control: Log(60.0)
[2026-03-31T01:27:30Z INFO  librespot_playback::convert] Converting with ditherer: tpdf
[2026-03-31T01:27:30Z INFO  librespot_playback::audio_backend::pipe] Using StdoutSink (pipe) with format: S16
[2026-03-31T01:31:28Z INFO  librespot] librespot 0.8.0 VERGEN_IDEMPOTENT_OUTPUT (Built on 2025-11-10, Build ID: 1762793321, Profile: release)
[2026-03-31T01:31:28Z INFO  librespot_playback::mixer::softmixer] Mixing with softvol and volume control: Log(60.0)
[2026-03-31T01:31:28Z INFO  librespot_playback::convert] Converting with ditherer: tpdf
[2026-03-31T01:31:28Z INFO  librespot_playback::audio_backend::pipe] Using StdoutSink (pipe) with format: S16
[2026-03-31T01:41:38Z INFO  librespot] librespot 0.8.0 VERGEN_IDEMPOTENT_OUTPUT (Built on 2025-11-10, Build ID: 1762793321, Profile: release)
[2026-03-31T01:41:38Z INFO  librespot_playback::mixer::softmixer] Mixing with softvol and volume control: Log(60.0)
[2026-03-31T01:41:38Z INFO  librespot_playback::convert] Converting with ditherer: tpdf
[2026-03-31T01:41:38Z INFO  librespot_playback::audio_backend::pipe] Using StdoutSink (pipe) with format: S16
[2026-03-31T01:51:48Z INFO  librespot] librespot 0.8.0 VERGEN_IDEMPOTENT_OUTPUT (Built on 2025-11-10, Build ID: 1762793321, Profile: release)
[2026-03-31T01:51:48Z INFO  librespot_playback::mixer::softmixer] Mixing with softvol and volume control: Log(60.0)
[2026-03-31T01:51:48Z INFO  librespot_playback::convert] Converting with ditherer: tpdf
[2026-03-31T01:51:48Z INFO  librespot_playback::audio_backend::pipe] Using StdoutSink (pipe) with format: S16
[2026-03-31T02:01:59Z INFO  librespot] librespot 0.8.0 VERGEN_IDEMPOTENT_OUTPUT (Built on 2025-11-10, Build ID: 1762793321, Profile: release)
[2026-03-31T02:01:59Z INFO  librespot_playback::mixer::softmixer] Mixing with softvol and volume control: Log(60.0)
[2026-03-31T02:01:59Z INFO  librespot_playback::convert] Converting with ditherer: tpdf
[2026-03-31T02:01:59Z INFO  librespot_playback::audio_backend::pipe] Using StdoutSink (pipe) with format: S16
[2026-03-31T02:12:09Z INFO  librespot] librespot 0.8.0 VERGEN_IDEMPOTENT_OUTPUT (Built on 2025-11-10, Build ID: 1762793321, Profile: release)
[2026-03-31T02:12:09Z INFO  librespot_playback::mixer::softmixer] Mixing with softvol and volume control: Log(60.0)
[2026-03-31T02:12:09Z INFO  librespot_playback::convert] Converting with ditherer: tpdf
[2026-03-31T02:12:09Z INFO  librespot_playback::audio_backend::pipe] Using StdoutSink (pipe) with format: S16
[2026-03-31T02:22:20Z INFO  librespot] librespot 0.8.0 VERGEN_IDEMPOTENT_OUTPUT (Built on 2025-11-10, Build ID: 1762793321, Profile: release)
[2026-03-31T02:22:20Z INFO  librespot_playback::mixer::softmixer] Mixing with softvol and volume control: Log(60.0)
[2026-03-31T02:22:20Z INFO  librespot_playback::convert] Converting with ditherer: tpdf
[2026-03-31T02:22:20Z INFO  librespot_playback::audio_backend::pipe] Using StdoutSink (pipe) with format: S16
[2026-03-31T02:32:30Z INFO  librespot] librespot 0.8.0 VERGEN_IDEMPOTENT_OUTPUT (Built on 2025-11-10, Build ID: 1762793321, Profile: release)
[2026-03-31T02:32:30Z INFO  librespot_playback::mixer::softmixer] Mixing with softvol and volume control: Log(60.0)
[2026-03-31T02:32:30Z INFO  librespot_playback::convert] Converting with ditherer: tpdf
[2026-03-31T02:32:30Z INFO  librespot_playback::audio_backend::pipe] Using StdoutSink (pipe) with format: S16
[2026-03-31T02:42:40Z INFO  librespot] librespot 0.8.0 VERGEN_IDEMPOTENT_OUTPUT (Built on 2025-11-10, Build ID: 1762793321, Profile: release)
[2026-03-31T02:42:40Z INFO  librespot_playback::mixer::softmixer] Mixing with softvol and volume control: Log(60.0)
[2026-03-31T02:42:40Z INFO  librespot_playback::convert] Converting with ditherer: tpdf
[2026-03-31T02:42:40Z INFO  librespot_playback::audio_backend::pipe] Using StdoutSink (pipe) with format: S16
[2026-03-31T02:52:48Z INFO  librespot] librespot 0.8.0 VERGEN_IDEMPOTENT_OUTPUT (Built on 2025-11-10, Build ID: 1762793321, Profile: release)
[2026-03-31T02:52:48Z INFO  librespot_playback::mixer::softmixer] Mixing with softvol and volume control: Log(60.0)
[2026-03-31T02:52:48Z INFO  librespot_playback::convert] Converting with ditherer: tpdf
[2026-03-31T02:52:48Z INFO  librespot_playback::audio_backend::pipe] Using StdoutSink (pipe) with format: S16
[2026-03-31T03:02:56Z INFO  librespot] librespot 0.8.0 VERGEN_IDEMPOTENT_OUTPUT (Built on 2025-11-10, Build ID: 1762793321, Profile: release)
[2026-03-31T03:02:56Z INFO  librespot_playback::mixer::softmixer] Mixing with softvol and volume control: Log(60.0)
[2026-03-31T03:02:56Z INFO  librespot_playback::convert] Converting with ditherer: tpdf
[2026-03-31T03:02:56Z INFO  librespot_playback::audio_backend::pipe] Using StdoutSink (pipe) with format: S16
[2026-03-31T03:13:04Z INFO  librespot] librespot 0.8.0 VERGEN_IDEMPOTENT_OUTPUT (Built on 2025-11-10, Build ID: 1762793321, Profile: release)
[2026-03-31T03:13:04Z INFO  librespot_playback::mixer::softmixer] Mixing with softvol and volume control: Log(60.0)
[2026-03-31T03:13:04Z INFO  librespot_playback::convert] Converting with ditherer: tpdf
[2026-03-31T03:13:04Z INFO  librespot_playback::audio_backend::pipe] Using StdoutSink (pipe) with format: S16
[2026-03-31T03:23:12Z INFO  librespot] librespot 0.8.0 VERGEN_IDEMPOTENT_OUTPUT (Built on 2025-11-10, Build ID: 1762793321, Profile: release)
[2026-03-31T03:23:12Z INFO  librespot_playback::mixer::softmixer] Mixing with softvol and volume control: Log(60.0)
[2026-03-31T03:23:12Z INFO  librespot_playback::convert] Converting with ditherer: tpdf
[2026-03-31T03:23:12Z INFO  librespot_playback::audio_backend::pipe] Using StdoutSink (pipe) with format: S16
[2026-03-31T03:33:20Z INFO  librespot] librespot 0.8.0 VERGEN_IDEMPOTENT_OUTPUT (Built on 2025-11-10, Build ID: 1762793321, Profile: release)
[2026-03-31T03:33:20Z INFO  librespot_playback::mixer::softmixer] Mixing with softvol and volume control: Log(60.0)
[2026-03-31T03:33:20Z INFO  librespot_playback::convert] Converting with ditherer: tpdf
[2026-03-31T03:33:20Z INFO  librespot_playback::audio_backend::pipe] Using StdoutSink (pipe) with format: S16
[2026-03-31T03:43:28Z INFO  librespot] librespot 0.8.0 VERGEN_IDEMPOTENT_OUTPUT (Built on 2025-11-10, Build ID: 1762793321, Profile: release)
[2026-03-31T03:43:28Z INFO  librespot_playback::mixer::softmixer] Mixing with softvol and volume control: Log(60.0)
[2026-03-31T03:43:28Z INFO  librespot_playback::convert] Converting with ditherer: tpdf
[2026-03-31T03:43:28Z INFO  librespot_playback::audio_backend::pipe] Using StdoutSink (pipe) with format: S16
[2026-03-31T03:53:36Z INFO  librespot] librespot 0.8.0 VERGEN_IDEMPOTENT_OUTPUT (Built on 2025-11-10, Build ID: 1762793321, Profile: release)
[2026-03-31T03:53:36Z INFO  librespot_playback::mixer::softmixer] Mixing with softvol and volume control: Log(60.0)
[2026-03-31T03:53:36Z INFO  librespot_playback::convert] Converting with ditherer: tpdf
[2026-03-31T03:53:36Z INFO  librespot_playback::audio_backend::pipe] Using StdoutSink (pipe) with format: S16
[2026-03-31T04:03:45Z INFO  librespot] librespot 0.8.0 VERGEN_IDEMPOTENT_OUTPUT (Built on 2025-11-10, Build ID: 1762793321, Profile: release)
[2026-03-31T04:03:45Z INFO  librespot_playback::mixer::softmixer] Mixing with softvol and volume control: Log(60.0)
[2026-03-31T04:03:45Z INFO  librespot_playback::convert] Converting with ditherer: tpdf
[2026-03-31T04:03:45Z INFO  librespot_playback::audio_backend::pipe] Using StdoutSink (pipe) with format: S16
[2026-03-31T04:13:53Z INFO  librespot] librespot 0.8.0 VERGEN_IDEMPOTENT_OUTPUT (Built on 2025-11-10, Build ID: 1762793321, Profile: release)
[2026-03-31T04:13:53Z INFO  librespot_playback::mixer::softmixer] Mixing with softvol and volume control: Log(60.0)
[2026-03-31T04:13:53Z INFO  librespot_playback::convert] Converting with ditherer: tpdf
[2026-03-31T04:13:53Z INFO  librespot_playback::audio_backend::pipe] Using StdoutSink (pipe) with format: S16
[2026-03-31T04:24:01Z INFO  librespot] librespot 0.8.0 VERGEN_IDEMPOTENT_OUTPUT (Built on 2025-11-10, Build ID: 1762793321, Profile: release)
[2026-03-31T04:24:01Z INFO  librespot_playback::mixer::softmixer] Mixing with softvol and volume control: Log(60.0)
[2026-03-31T04:24:01Z INFO  librespot_playback::convert] Converting with ditherer: tpdf
[2026-03-31T04:24:01Z INFO  librespot_playback::audio_backend::pipe] Using StdoutSink (pipe) with format: S16
[2026-03-31T04:34:09Z INFO  librespot] librespot 0.8.0 VERGEN_IDEMPOTENT_OUTPUT (Built on 2025-11-10, Build ID: 1762793321, Profile: release)
[2026-03-31T04:34:09Z INFO  librespot_playback::mixer::softmixer] Mixing with softvol and volume control: Log(60.0)
[2026-03-31T04:34:09Z INFO  librespot_playback::convert] Converting with ditherer: tpdf
[2026-03-31T04:34:09Z INFO  librespot_playback::audio_backend::pipe] Using StdoutSink (pipe) with format: S16
[2026-03-31T04:44:17Z INFO  librespot] librespot 0.8.0 VERGEN_IDEMPOTENT_OUTPUT (Built on 2025-11-10, Build ID: 1762793321, Profile: release)
[2026-03-31T04:44:17Z INFO  librespot_playback::mixer::softmixer] Mixing with softvol and volume control: Log(60.0)
[2026-03-31T04:44:17Z INFO  librespot_playback::convert] Converting with ditherer: tpdf
[2026-03-31T04:44:17Z INFO  librespot_playback::audio_backend::pipe] Using StdoutSink (pipe) with format: S16
[2026-03-31T04:54:25Z INFO  librespot] librespot 0.8.0 VERGEN_IDEMPOTENT_OUTPUT (Built on 2025-11-10, Build ID: 1762793321, Profile: release)
[2026-03-31T04:54:25Z INFO  librespot_playback::mixer::softmixer] Mixing with softvol and volume control: Log(60.0)
[2026-03-31T04:54:25Z INFO  librespot_playback::convert] Converting with ditherer: tpdf
[2026-03-31T04:54:25Z INFO  librespot_playback::audio_backend::pipe] Using StdoutSink (pipe) with format: S16
[2026-03-31T05:04:33Z INFO  librespot] librespot 0.8.0 VERGEN_IDEMPOTENT_OUTPUT (Built on 2025-11-10, Build ID: 1762793321, Profile: release)
[2026-03-31T05:04:33Z INFO  librespot_playback::mixer::softmixer] Mixing with softvol and volume control: Log(60.0)
[2026-03-31T05:04:33Z INFO  librespot_playback::convert] Converting with ditherer: tpdf
[2026-03-31T05:04:33Z INFO  librespot_playback::audio_backend::pipe] Using StdoutSink (pipe) with format: S16
[2026-03-31T05:14:41Z INFO  librespot] librespot 0.8.0 VERGEN_IDEMPOTENT_OUTPUT (Built on 2025-11-10, Build ID: 1762793321, Profile: release)
[2026-03-31T05:14:41Z INFO  librespot_playback::mixer::softmixer] Mixing with softvol and volume control: Log(60.0)
[2026-03-31T05:14:41Z INFO  librespot_playback::convert] Converting with ditherer: tpdf
[2026-03-31T05:14:41Z INFO  librespot_playback::audio_backend::pipe] Using StdoutSink (pipe) with format: S16
[2026-03-31T05:24:49Z INFO  librespot] librespot 0.8.0 VERGEN_IDEMPOTENT_OUTPUT (Built on 2025-11-10, Build ID: 1762793321, Profile: release)
[2026-03-31T05:24:49Z INFO  librespot_playback::mixer::softmixer] Mixing with softvol and volume control: Log(60.0)
[2026-03-31T05:24:49Z INFO  librespot_playback::convert] Converting with ditherer: tpdf
[2026-03-31T05:24:49Z INFO  librespot_playback::audio_backend::pipe] Using StdoutSink (pipe) with format: S16
[2026-03-31T05:34:57Z INFO  librespot] librespot 0.8.0 VERGEN_IDEMPOTENT_OUTPUT (Built on 2025-11-10, Build ID: 1762793321, Profile: release)
[2026-03-31T05:34:57Z INFO  librespot_playback::mixer::softmixer] Mixing with softvol and volume control: Log(60.0)
[2026-03-31T05:34:57Z INFO  librespot_playback::convert] Converting with ditherer: tpdf
[2026-03-31T05:34:57Z INFO  librespot_playback::audio_backend::pipe] Using StdoutSink (pipe) with format: S16
[2026-03-31T05:45:05Z INFO  librespot] librespot 0.8.0 VERGEN_IDEMPOTENT_OUTPUT (Built on 2025-11-10, Build ID: 1762793321, Profile: release)
[2026-03-31T05:45:05Z INFO  librespot_playback::mixer::softmixer] Mixing with softvol and volume control: Log(60.0)
[2026-03-31T05:45:05Z INFO  librespot_playback::convert] Converting with ditherer: tpdf
[2026-03-31T05:45:05Z INFO  librespot_playback::audio_backend::pipe] Using StdoutSink (pipe) with format: S16
[2026-03-31T05:55:13Z INFO  librespot] librespot 0.8.0 VERGEN_IDEMPOTENT_OUTPUT (Built on 2025-11-10, Build ID: 1762793321, Profile: release)
[2026-03-31T05:55:13Z INFO  librespot_playback::mixer::softmixer] Mixing with softvol and volume control: Log(60.0)
[2026-03-31T05:55:13Z INFO  librespot_playback::convert] Converting with ditherer: tpdf
[2026-03-31T05:55:13Z INFO  librespot_playback::audio_backend::pipe] Using StdoutSink (pipe) with format: S16
[2026-03-31T06:05:21Z INFO  librespot] librespot 0.8.0 VERGEN_IDEMPOTENT_OUTPUT (Built on 2025-11-10, Build ID: 1762793321, Profile: release)
[2026-03-31T06:05:21Z INFO  librespot_playback::mixer::softmixer] Mixing with softvol and volume control: Log(60.0)
[2026-03-31T06:05:21Z INFO  librespot_playback::convert] Converting with ditherer: tpdf
[2026-03-31T06:05:21Z INFO  librespot_playback::audio_backend::pipe] Using StdoutSink (pipe) with format: S16
[2026-03-31T06:15:29Z INFO  librespot] librespot 0.8.0 VERGEN_IDEMPOTENT_OUTPUT (Built on 2025-11-10, Build ID: 1762793321, Profile: release)
[2026-03-31T06:15:29Z INFO  librespot_playback::mixer::softmixer] Mixing with softvol and volume control: Log(60.0)
[2026-03-31T06:15:29Z INFO  librespot_playback::convert] Converting with ditherer: tpdf
[2026-03-31T06:15:29Z INFO  librespot_playback::audio_backend::pipe] Using StdoutSink (pipe) with format: S16
[2026-03-31T06:25:37Z INFO  librespot] librespot 0.8.0 VERGEN_IDEMPOTENT_OUTPUT (Built on 2025-11-10, Build ID: 1762793321, Profile: release)
[2026-03-31T06:25:37Z INFO  librespot_playback::mixer::softmixer] Mixing with softvol and volume control: Log(60.0)
[2026-03-31T06:25:37Z INFO  librespot_playback::convert] Converting with ditherer: tpdf
[2026-03-31T06:25:37Z INFO  librespot_playback::audio_backend::pipe] Using StdoutSink (pipe) with format: S16
[2026-03-31T06:35:45Z INFO  librespot] librespot 0.8.0 VERGEN_IDEMPOTENT_OUTPUT (Built on 2025-11-10, Build ID: 1762793321, Profile: release)
[2026-03-31T06:35:45Z INFO  librespot_playback::mixer::softmixer] Mixing with softvol and volume control: Log(60.0)
[2026-03-31T06:35:45Z INFO  librespot_playback::convert] Converting with ditherer: tpdf
[2026-03-31T06:35:45Z INFO  librespot_playback::audio_backend::pipe] Using StdoutSink (pipe) with format: S16
[2026-03-31T06:45:53Z INFO  librespot] librespot 0.8.0 VERGEN_IDEMPOTENT_OUTPUT (Built on 2025-11-10, Build ID: 1762793321, Profile: release)
[2026-03-31T06:45:53Z INFO  librespot_playback::mixer::softmixer] Mixing with softvol and volume control: Log(60.0)
[2026-03-31T06:45:53Z INFO  librespot_playback::convert] Converting with ditherer: tpdf
[2026-03-31T06:45:53Z INFO  librespot_playback::audio_backend::pipe] Using StdoutSink (pipe) with format: S16
[2026-03-31T06:56:01Z INFO  librespot] librespot 0.8.0 VERGEN_IDEMPOTENT_OUTPUT (Built on 2025-11-10, Build ID: 1762793321, Profile: release)
[2026-03-31T06:56:01Z INFO  librespot_playback::mixer::softmixer] Mixing with softvol and volume control: Log(60.0)
[2026-03-31T06:56:01Z INFO  librespot_playback::convert] Converting with ditherer: tpdf
[2026-03-31T06:56:01Z INFO  librespot_playback::audio_backend::pipe] Using StdoutSink (pipe) with format: S16
[2026-03-31T07:06:09Z INFO  librespot] librespot 0.8.0 VERGEN_IDEMPOTENT_OUTPUT (Built on 2025-11-10, Build ID: 1762793321, Profile: release)
[2026-03-31T07:06:09Z INFO  librespot_playback::mixer::softmixer] Mixing with softvol and volume control: Log(60.0)
[2026-03-31T07:06:09Z INFO  librespot_playback::convert] Converting with ditherer: tpdf
[2026-03-31T07:06:09Z INFO  librespot_playback::audio_backend::pipe] Using StdoutSink (pipe) with format: S16
[2026-03-31T07:16:17Z INFO  librespot] librespot 0.8.0 VERGEN_IDEMPOTENT_OUTPUT (Built on 2025-11-10, Build ID: 1762793321, Profile: release)
[2026-03-31T07:16:17Z INFO  librespot_playback::mixer::softmixer] Mixing with softvol and volume control: Log(60.0)
[2026-03-31T07:16:17Z INFO  librespot_playback::convert] Converting with ditherer: tpdf
[2026-03-31T07:16:17Z INFO  librespot_playback::audio_backend::pipe] Using StdoutSink (pipe) with format: S16
[2026-03-31T07:26:25Z INFO  librespot] librespot 0.8.0 VERGEN_IDEMPOTENT_OUTPUT (Built on 2025-11-10, Build ID: 1762793321, Profile: release)
[2026-03-31T07:26:25Z INFO  librespot_playback::mixer::softmixer] Mixing with softvol and volume control: Log(60.0)
[2026-03-31T07:26:25Z INFO  librespot_playback::convert] Converting with ditherer: tpdf
[2026-03-31T07:26:25Z INFO  librespot_playback::audio_backend::pipe] Using StdoutSink (pipe) with format: S16
[2026-03-31T07:36:33Z INFO  librespot] librespot 0.8.0 VERGEN_IDEMPOTENT_OUTPUT (Built on 2025-11-10, Build ID: 1762793321, Profile: release)
[2026-03-31T07:36:33Z INFO  librespot_playback::mixer::softmixer] Mixing with softvol and volume control: Log(60.0)
[2026-03-31T07:36:33Z INFO  librespot_playback::convert] Converting with ditherer: tpdf
[2026-03-31T07:36:33Z INFO  librespot_playback::audio_backend::pipe] Using StdoutSink (pipe) with format: S16
[2026-03-31T07:46:42Z INFO  librespot] librespot 0.8.0 VERGEN_IDEMPOTENT_OUTPUT (Built on 2025-11-10, Build ID: 1762793321, Profile: release)
[2026-03-31T07:46:42Z INFO  librespot_playback::mixer::softmixer] Mixing with softvol and volume control: Log(60.0)
[2026-03-31T07:46:42Z INFO  librespot_playback::convert] Converting with ditherer: tpdf
[2026-03-31T07:46:42Z INFO  librespot_playback::audio_backend::pipe] Using StdoutSink (pipe) with format: S16
[2026-03-31T07:56:50Z INFO  librespot] librespot 0.8.0 VERGEN_IDEMPOTENT_OUTPUT (Built on 2025-11-10, Build ID: 1762793321, Profile: release)
[2026-03-31T07:56:50Z INFO  librespot_playback::mixer::softmixer] Mixing with softvol and volume control: Log(60.0)
[2026-03-31T07:56:50Z INFO  librespot_playback::convert] Converting with ditherer: tpdf
[2026-03-31T07:56:50Z INFO  librespot_playback::audio_backend::pipe] Using StdoutSink (pipe) with format: S16
[2026-03-31T08:06:58Z INFO  librespot] librespot 0.8.0 VERGEN_IDEMPOTENT_OUTPUT (Built on 2025-11-10, Build ID: 1762793321, Profile: release)
[2026-03-31T08:06:58Z INFO  librespot_playback::mixer::softmixer] Mixing with softvol and volume control: Log(60.0)
[2026-03-31T08:06:58Z INFO  librespot_playback::convert] Converting with ditherer: tpdf
[2026-03-31T08:06:58Z INFO  librespot_playback::audio_backend::pipe] Using StdoutSink (pipe) with format: S16
[2026-03-31T08:17:06Z INFO  librespot] librespot 0.8.0 VERGEN_IDEMPOTENT_OUTPUT (Built on 2025-11-10, Build ID: 1762793321, Profile: release)
[2026-03-31T08:17:06Z INFO  librespot_playback::mixer::softmixer] Mixing with softvol and volume control: Log(60.0)
[2026-03-31T08:17:06Z INFO  librespot_playback::convert] Converting with ditherer: tpdf
[2026-03-31T08:17:06Z INFO  librespot_playback::audio_backend::pipe] Using StdoutSink (pipe) with format: S16
[2026-03-31T08:27:14Z INFO  librespot] librespot 0.8.0 VERGEN_IDEMPOTENT_OUTPUT (Built on 2025-11-10, Build ID: 1762793321, Profile: release)
[2026-03-31T08:27:14Z INFO  librespot_playback::mixer::softmixer] Mixing with softvol and volume control: Log(60.0)
[2026-03-31T08:27:14Z INFO  librespot_playback::convert] Converting with ditherer: tpdf
[2026-03-31T08:27:14Z INFO  librespot_playback::audio_backend::pipe] Using StdoutSink (pipe) with format: S16
[2026-03-31T08:37:22Z INFO  librespot] librespot 0.8.0 VERGEN_IDEMPOTENT_OUTPUT (Built on 2025-11-10, Build ID: 1762793321, Profile: release)
[2026-03-31T08:37:22Z INFO  librespot_playback::mixer::softmixer] Mixing with softvol and volume control: Log(60.0)
[2026-03-31T08:37:22Z INFO  librespot_playback::convert] Converting with ditherer: tpdf
[2026-03-31T08:37:22Z INFO  librespot_playback::audio_backend::pipe] Using StdoutSink (pipe) with format: S16
[2026-03-31T08:47:30Z INFO  librespot] librespot 0.8.0 VERGEN_IDEMPOTENT_OUTPUT (Built on 2025-11-10, Build ID: 1762793321, Profile: release)
[2026-03-31T08:47:30Z INFO  librespot_playback::mixer::softmixer] Mixing with softvol and volume control: Log(60.0)
[2026-03-31T08:47:30Z INFO  librespot_playback::convert] Converting with ditherer: tpdf
[2026-03-31T08:47:30Z INFO  librespot_playback::audio_backend::pipe] Using StdoutSink (pipe) with format: S16
[2026-03-31T08:57:38Z INFO  librespot] librespot 0.8.0 VERGEN_IDEMPOTENT_OUTPUT (Built on 2025-11-10, Build ID: 1762793321, Profile: release)
[2026-03-31T08:57:38Z INFO  librespot_playback::mixer::softmixer] Mixing with softvol and volume control: Log(60.0)
[2026-03-31T08:57:38Z INFO  librespot_playback::convert] Converting with ditherer: tpdf
[2026-03-31T08:57:38Z INFO  librespot_playback::audio_backend::pipe] Using StdoutSink (pipe) with format: S16
[2026-03-31T09:07:46Z INFO  librespot] librespot 0.8.0 VERGEN_IDEMPOTENT_OUTPUT (Built on 2025-11-10, Build ID: 1762793321, Profile: release)
[2026-03-31T09:07:46Z INFO  librespot_playback::mixer::softmixer] Mixing with softvol and volume control: Log(60.0)
[2026-03-31T09:07:46Z INFO  librespot_playback::convert] Converting with ditherer: tpdf
[2026-03-31T09:07:46Z INFO  librespot_playback::audio_backend::pipe] Using StdoutSink (pipe) with format: S16
[2026-03-31T09:17:54Z INFO  librespot] librespot 0.8.0 VERGEN_IDEMPOTENT_OUTPUT (Built on 2025-11-10, Build ID: 1762793321, Profile: release)
[2026-03-31T09:17:54Z INFO  librespot_playback::mixer::softmixer] Mixing with softvol and volume control: Log(60.0)
[2026-03-31T09:17:54Z INFO  librespot_playback::convert] Converting with ditherer: tpdf
[2026-03-31T09:17:54Z INFO  librespot_playback::audio_backend::pipe] Using StdoutSink (pipe) with format: S16
[2026-03-31T09:28:02Z INFO  librespot] librespot 0.8.0 VERGEN_IDEMPOTENT_OUTPUT (Built on 2025-11-10, Build ID: 1762793321, Profile: release)
[2026-03-31T09:28:02Z INFO  librespot_playback::mixer::softmixer] Mixing with softvol and volume control: Log(60.0)
[2026-03-31T09:28:02Z INFO  librespot_playback::convert] Converting with ditherer: tpdf
[2026-03-31T09:28:02Z INFO  librespot_playback::audio_backend::pipe] Using StdoutSink (pipe) with format: S16
[2026-03-31T09:38:10Z INFO  librespot] librespot 0.8.0 VERGEN_IDEMPOTENT_OUTPUT (Built on 2025-11-10, Build ID: 1762793321, Profile: release)
[2026-03-31T09:38:10Z INFO  librespot_playback::mixer::softmixer] Mixing with softvol and volume control: Log(60.0)
[2026-03-31T09:38:10Z INFO  librespot_playback::convert] Converting with ditherer: tpdf
[2026-03-31T09:38:10Z INFO  librespot_playback::audio_backend::pipe] Using StdoutSink (pipe) with format: S16
[2026-03-31T09:48:18Z INFO  librespot] librespot 0.8.0 VERGEN_IDEMPOTENT_OUTPUT (Built on 2025-11-10, Build ID: 1762793321, Profile: release)
[2026-03-31T09:48:18Z INFO  librespot_playback::mixer::softmixer] Mixing with softvol and volume control: Log(60.0)
[2026-03-31T09:48:18Z INFO  librespot_playback::convert] Converting with ditherer: tpdf
[2026-03-31T09:48:18Z INFO  librespot_playback::audio_backend::pipe] Using StdoutSink (pipe) with format: S16
[2026-03-31T09:58:26Z INFO  librespot] librespot 0.8.0 VERGEN_IDEMPOTENT_OUTPUT (Built on 2025-11-10, Build ID: 1762793321, Profile: release)
[2026-03-31T09:58:26Z INFO  librespot_playback::mixer::softmixer] Mixing with softvol and volume control: Log(60.0)
[2026-03-31T09:58:26Z INFO  librespot_playback::convert] Converting with ditherer: tpdf
[2026-03-31T09:58:26Z INFO  librespot_playback::audio_backend::pipe] Using StdoutSink (pipe) with format: S16
[2026-03-31T10:08:34Z INFO  librespot] librespot 0.8.0 VERGEN_IDEMPOTENT_OUTPUT (Built on 2025-11-10, Build ID: 1762793321, Profile: release)
[2026-03-31T10:08:34Z INFO  librespot_playback::mixer::softmixer] Mixing with softvol and volume control: Log(60.0)
[2026-03-31T10:08:34Z INFO  librespot_playback::convert] Converting with ditherer: tpdf
[2026-03-31T10:08:34Z INFO  librespot_playback::audio_backend::pipe] Using StdoutSink (pipe) with format: S16
[2026-03-31T10:18:42Z INFO  librespot] librespot 0.8.0 VERGEN_IDEMPOTENT_OUTPUT (Built on 2025-11-10, Build ID: 1762793321, Profile: release)
[2026-03-31T10:18:42Z INFO  librespot_playback::mixer::softmixer] Mixing with softvol and volume control: Log(60.0)
[2026-03-31T10:18:42Z INFO  librespot_playback::convert] Converting with ditherer: tpdf
[2026-03-31T10:18:42Z INFO  librespot_playback::audio_backend::pipe] Using StdoutSink (pipe) with format: S16
[2026-03-31T10:28:50Z INFO  librespot] librespot 0.8.0 VERGEN_IDEMPOTENT_OUTPUT (Built on 2025-11-10, Build ID: 1762793321, Profile: release)
[2026-03-31T10:28:50Z INFO  librespot_playback::mixer::softmixer] Mixing with softvol and volume control: Log(60.0)
[2026-03-31T10:28:50Z INFO  librespot_playback::convert] Converting with ditherer: tpdf
[2026-03-31T10:28:50Z INFO  librespot_playback::audio_backend::pipe] Using StdoutSink (pipe) with format: S16
[2026-03-31T10:38:58Z INFO  librespot] librespot 0.8.0 VERGEN_IDEMPOTENT_OUTPUT (Built on 2025-11-10, Build ID: 1762793321, Profile: release)
[2026-03-31T10:38:58Z INFO  librespot_playback::mixer::softmixer] Mixing with softvol and volume control: Log(60.0)
[2026-03-31T10:38:58Z INFO  librespot_playback::convert] Converting with ditherer: tpdf
[2026-03-31T10:38:58Z INFO  librespot_playback::audio_backend::pipe] Using StdoutSink (pipe) with format: S16
[2026-03-31T10:49:06Z INFO  librespot] librespot 0.8.0 VERGEN_IDEMPOTENT_OUTPUT (Built on 2025-11-10, Build ID: 1762793321, Profile: release)
[2026-03-31T10:49:06Z INFO  librespot_playback::mixer::softmixer] Mixing with softvol and volume control: Log(60.0)
[2026-03-31T10:49:06Z INFO  librespot_playback::convert] Converting with ditherer: tpdf
[2026-03-31T10:49:06Z INFO  librespot_playback::audio_backend::pipe] Using StdoutSink (pipe) with format: S16
[2026-03-31T10:59:14Z INFO  librespot] librespot 0.8.0 VERGEN_IDEMPOTENT_OUTPUT (Built on 2025-11-10, Build ID: 1762793321, Profile: release)
[2026-03-31T10:59:14Z INFO  librespot_playback::mixer::softmixer] Mixing with softvol and volume control: Log(60.0)
[2026-03-31T10:59:14Z INFO  librespot_playback::convert] Converting with ditherer: tpdf
[2026-03-31T10:59:14Z INFO  librespot_playback::audio_backend::pipe] Using StdoutSink (pipe) with format: S16
[2026-03-31T11:09:22Z INFO  librespot] librespot 0.8.0 VERGEN_IDEMPOTENT_OUTPUT (Built on 2025-11-10, Build ID: 1762793321, Profile: release)
[2026-03-31T11:09:22Z INFO  librespot_playback::mixer::softmixer] Mixing with softvol and volume control: Log(60.0)
[2026-03-31T11:09:22Z INFO  librespot_playback::convert] Converting with ditherer: tpdf
[2026-03-31T11:09:22Z INFO  librespot_playback::audio_backend::pipe] Using StdoutSink (pipe) with format: S16
[2026-03-31T11:19:30Z INFO  librespot] librespot 0.8.0 VERGEN_IDEMPOTENT_OUTPUT (Built on 2025-11-10, Build ID: 1762793321, Profile: release)
[2026-03-31T11:19:30Z INFO  librespot_playback::mixer::softmixer] Mixing with softvol and volume control: Log(60.0)
[2026-03-31T11:19:30Z INFO  librespot_playback::convert] Converting with ditherer: tpdf
[2026-03-31T11:19:30Z INFO  librespot_playback::audio_backend::pipe] Using StdoutSink (pipe) with format: S16
[2026-03-31T11:29:38Z INFO  librespot] librespot 0.8.0 VERGEN_IDEMPOTENT_OUTPUT (Built on 2025-11-10, Build ID: 1762793321, Profile: release)
[2026-03-31T11:29:38Z INFO  librespot_playback::mixer::softmixer] Mixing with softvol and volume control: Log(60.0)
[2026-03-31T11:29:38Z INFO  librespot_playback::convert] Converting with ditherer: tpdf
[2026-03-31T11:29:38Z INFO  librespot_playback::audio_backend::pipe] Using StdoutSink (pipe) with format: S16
[2026-03-31T11:39:46Z INFO  librespot] librespot 0.8.0 VERGEN_IDEMPOTENT_OUTPUT (Built on 2025-11-10, Build ID: 1762793321, Profile: release)
[2026-03-31T11:39:46Z INFO  librespot_playback::mixer::softmixer] Mixing with softvol and volume control: Log(60.0)
[2026-03-31T11:39:46Z INFO  librespot_playback::convert] Converting with ditherer: tpdf
[2026-03-31T11:39:46Z INFO  librespot_playback::audio_backend::pipe] Using StdoutSink (pipe) with format: S16
[2026-03-31T11:49:54Z INFO  librespot] librespot 0.8.0 VERGEN_IDEMPOTENT_OUTPUT (Built on 2025-11-10, Build ID: 1762793321, Profile: release)
[2026-03-31T11:49:54Z INFO  librespot_playback::mixer::softmixer] Mixing with softvol and volume control: Log(60.0)
[2026-03-31T11:49:54Z INFO  librespot_playback::convert] Converting with ditherer: tpdf
[2026-03-31T11:49:54Z INFO  librespot_playback::audio_backend::pipe] Using StdoutSink (pipe) with format: S16
[2026-03-31T12:00:02Z INFO  librespot] librespot 0.8.0 VERGEN_IDEMPOTENT_OUTPUT (Built on 2025-11-10, Build ID: 1762793321, Profile: release)
[2026-03-31T12:00:02Z INFO  librespot_playback::mixer::softmixer] Mixing with softvol and volume control: Log(60.0)
[2026-03-31T12:00:02Z INFO  librespot_playback::convert] Converting with ditherer: tpdf
[2026-03-31T12:00:02Z INFO  librespot_playback::audio_backend::pipe] Using StdoutSink (pipe) with format: S16
[2026-03-31T12:10:10Z INFO  librespot] librespot 0.8.0 VERGEN_IDEMPOTENT_OUTPUT (Built on 2025-11-10, Build ID: 1762793321, Profile: release)
[2026-03-31T12:10:10Z INFO  librespot_playback::mixer::softmixer] Mixing with softvol and volume control: Log(60.0)
[2026-03-31T12:10:10Z INFO  librespot_playback::convert] Converting with ditherer: tpdf
[2026-03-31T12:10:10Z INFO  librespot_playback::audio_backend::pipe] Using StdoutSink (pipe) with format: S16
[2026-03-31T12:20:18Z INFO  librespot] librespot 0.8.0 VERGEN_IDEMPOTENT_OUTPUT (Built on 2025-11-10, Build ID: 1762793321, Profile: release)
[2026-03-31T12:20:18Z INFO  librespot_playback::mixer::softmixer] Mixing with softvol and volume control: Log(60.0)
[2026-03-31T12:20:18Z INFO  librespot_playback::convert] Converting with ditherer: tpdf
[2026-03-31T12:20:18Z INFO  librespot_playback::audio_backend::pipe] Using StdoutSink (pipe) with format: S16
[2026-03-31T12:30:26Z INFO  librespot] librespot 0.8.0 VERGEN_IDEMPOTENT_OUTPUT (Built on 2025-11-10, Build ID: 1762793321, Profile: release)
[2026-03-31T12:30:26Z INFO  librespot_playback::mixer::softmixer] Mixing with softvol and volume control: Log(60.0)
[2026-03-31T12:30:26Z INFO  librespot_playback::convert] Converting with ditherer: tpdf
[2026-03-31T12:30:26Z INFO  librespot_playback::audio_backend::pipe] Using StdoutSink (pipe) with format: S16
[2026-03-31T12:40:34Z INFO  librespot] librespot 0.8.0 VERGEN_IDEMPOTENT_OUTPUT (Built on 2025-11-10, Build ID: 1762793321, Profile: release)
[2026-03-31T12:40:34Z INFO  librespot_playback::mixer::softmixer] Mixing with softvol and volume control: Log(60.0)
[2026-03-31T12:40:34Z INFO  librespot_playback::convert] Converting with ditherer: tpdf
[2026-03-31T12:40:34Z INFO  librespot_playback::audio_backend::pipe] Using StdoutSink (pipe) with format: S16
[2026-03-31T12:50:42Z INFO  librespot] librespot 0.8.0 VERGEN_IDEMPOTENT_OUTPUT (Built on 2025-11-10, Build ID: 1762793321, Profile: release)
[2026-03-31T12:50:42Z INFO  librespot_playback::mixer::softmixer] Mixing with softvol and volume control: Log(60.0)
[2026-03-31T12:50:42Z INFO  librespot_playback::convert] Converting with ditherer: tpdf
[2026-03-31T12:50:42Z INFO  librespot_playback::audio_backend::pipe] Using StdoutSink (pipe) with format: S16
[2026-03-31T13:00:50Z INFO  librespot] librespot 0.8.0 VERGEN_IDEMPOTENT_OUTPUT (Built on 2025-11-10, Build ID: 1762793321, Profile: release)
[2026-03-31T13:00:50Z INFO  librespot_playback::mixer::softmixer] Mixing with softvol and volume control: Log(60.0)
[2026-03-31T13:00:50Z INFO  librespot_playback::convert] Converting with ditherer: tpdf
[2026-03-31T13:00:50Z INFO  librespot_playback::audio_backend::pipe] Using StdoutSink (pipe) with format: S16
[2026-03-31T13:10:58Z INFO  librespot] librespot 0.8.0 VERGEN_IDEMPOTENT_OUTPUT (Built on 2025-11-10, Build ID: 1762793321, Profile: release)
[2026-03-31T13:10:58Z INFO  librespot_playback::mixer::softmixer] Mixing with softvol and volume control: Log(60.0)
[2026-03-31T13:10:58Z INFO  librespot_playback::convert] Converting with ditherer: tpdf
[2026-03-31T13:10:58Z INFO  librespot_playback::audio_backend::pipe] Using StdoutSink (pipe) with format: S16
[2026-03-31T13:21:06Z INFO  librespot] librespot 0.8.0 VERGEN_IDEMPOTENT_OUTPUT (Built on 2025-11-10, Build ID: 1762793321, Profile: release)
[2026-03-31T13:21:06Z INFO  librespot_playback::mixer::softmixer] Mixing with softvol and volume control: Log(60.0)
[2026-03-31T13:21:06Z INFO  librespot_playback::convert] Converting with ditherer: tpdf
[2026-03-31T13:21:06Z INFO  librespot_playback::audio_backend::pipe] Using StdoutSink (pipe) with format: S16
[2026-03-31T13:31:14Z INFO  librespot] librespot 0.8.0 VERGEN_IDEMPOTENT_OUTPUT (Built on 2025-11-10, Build ID: 1762793321, Profile: release)
[2026-03-31T13:31:14Z INFO  librespot_playback::mixer::softmixer] Mixing with softvol and volume control: Log(60.0)
[2026-03-31T13:31:14Z INFO  librespot_playback::convert] Converting with ditherer: tpdf
[2026-03-31T13:31:14Z INFO  librespot_playback::audio_backend::pipe] Using StdoutSink (pipe) with format: S16
[2026-03-31T13:41:22Z INFO  librespot] librespot 0.8.0 VERGEN_IDEMPOTENT_OUTPUT (Built on 2025-11-10, Build ID: 1762793321, Profile: release)
[2026-03-31T13:41:22Z INFO  librespot_playback::mixer::softmixer] Mixing with softvol and volume control: Log(60.0)
[2026-03-31T13:41:22Z INFO  librespot_playback::convert] Converting with ditherer: tpdf
[2026-03-31T13:41:22Z INFO  librespot_playback::audio_backend::pipe] Using StdoutSink (pipe) with format: S16
[2026-03-31T13:51:31Z INFO  librespot] librespot 0.8.0 VERGEN_IDEMPOTENT_OUTPUT (Built on 2025-11-10, Build ID: 1762793321, Profile: release)
[2026-03-31T13:51:31Z INFO  librespot_playback::mixer::softmixer] Mixing with softvol and volume control: Log(60.0)
[2026-03-31T13:51:31Z INFO  librespot_playback::convert] Converting with ditherer: tpdf
[2026-03-31T13:51:31Z INFO  librespot_playback::audio_backend::pipe] Using StdoutSink (pipe) with format: S16
[2026-03-31T14:01:38Z INFO  librespot] librespot 0.8.0 VERGEN_IDEMPOTENT_OUTPUT (Built on 2025-11-10, Build ID: 1762793321, Profile: release)
[2026-03-31T14:01:38Z INFO  librespot_playback::mixer::softmixer] Mixing with softvol and volume control: Log(60.0)
[2026-03-31T14:01:39Z INFO  librespot_playback::convert] Converting with ditherer: tpdf
[2026-03-31T14:01:39Z INFO  librespot_playback::audio_backend::pipe] Using StdoutSink (pipe) with format: S16
[2026-03-31T14:11:46Z INFO  librespot] librespot 0.8.0 VERGEN_IDEMPOTENT_OUTPUT (Built on 2025-11-10, Build ID: 1762793321, Profile: release)
[2026-03-31T14:11:46Z INFO  librespot_playback::mixer::softmixer] Mixing with softvol and volume control: Log(60.0)
[2026-03-31T14:11:46Z INFO  librespot_playback::convert] Converting with ditherer: tpdf
[2026-03-31T14:11:46Z INFO  librespot_playback::audio_backend::pipe] Using StdoutSink (pipe) with format: S16
[2026-03-31T14:21:54Z INFO  librespot] librespot 0.8.0 VERGEN_IDEMPOTENT_OUTPUT (Built on 2025-11-10, Build ID: 1762793321, Profile: release)
[2026-03-31T14:21:54Z INFO  librespot_playback::mixer::softmixer] Mixing with softvol and volume control: Log(60.0)
[2026-03-31T14:21:54Z INFO  librespot_playback::convert] Converting with ditherer: tpdf
[2026-03-31T14:21:54Z INFO  librespot_playback::audio_backend::pipe] Using StdoutSink (pipe) with format: S16
[2026-03-31T14:32:02Z INFO  librespot] librespot 0.8.0 VERGEN_IDEMPOTENT_OUTPUT (Built on 2025-11-10, Build ID: 1762793321, Profile: release)
[2026-03-31T14:32:02Z INFO  librespot_playback::mixer::softmixer] Mixing with softvol and volume control: Log(60.0)
[2026-03-31T14:32:02Z INFO  librespot_playback::convert] Converting with ditherer: tpdf
[2026-03-31T14:32:02Z INFO  librespot_playback::audio_backend::pipe] Using StdoutSink (pipe) with format: S16
[2026-03-31T14:42:10Z INFO  librespot] librespot 0.8.0 VERGEN_IDEMPOTENT_OUTPUT (Built on 2025-11-10, Build ID: 1762793321, Profile: release)
[2026-03-31T14:42:10Z INFO  librespot_playback::mixer::softmixer] Mixing with softvol and volume control: Log(60.0)
[2026-03-31T14:42:10Z INFO  librespot_playback::convert] Converting with ditherer: tpdf
[2026-03-31T14:42:10Z INFO  librespot_playback::audio_backend::pipe] Using StdoutSink (pipe) with format: S16
[2026-03-31T14:52:18Z INFO  librespot] librespot 0.8.0 VERGEN_IDEMPOTENT_OUTPUT (Built on 2025-11-10, Build ID: 1762793321, Profile: release)
[2026-03-31T14:52:18Z INFO  librespot_playback::mixer::softmixer] Mixing with softvol and volume control: Log(60.0)
[2026-03-31T14:52:18Z INFO  librespot_playback::convert] Converting with ditherer: tpdf
[2026-03-31T14:52:18Z INFO  librespot_playback::audio_backend::pipe] Using StdoutSink (pipe) with format: S16
[2026-03-31T15:02:26Z INFO  librespot] librespot 0.8.0 VERGEN_IDEMPOTENT_OUTPUT (Built on 2025-11-10, Build ID: 1762793321, Profile: release)
[2026-03-31T15:02:26Z INFO  librespot_playback::mixer::softmixer] Mixing with softvol and volume control: Log(60.0)
[2026-03-31T15:02:26Z INFO  librespot_playback::convert] Converting with ditherer: tpdf
[2026-03-31T15:02:26Z INFO  librespot_playback::audio_backend::pipe] Using StdoutSink (pipe) with format: S16
[2026-03-31T15:12:35Z INFO  librespot] librespot 0.8.0 VERGEN_IDEMPOTENT_OUTPUT (Built on 2025-11-10, Build ID: 1762793321, Profile: release)
[2026-03-31T15:12:35Z INFO  librespot_playback::mixer::softmixer] Mixing with softvol and volume control: Log(60.0)
[2026-03-31T15:12:35Z INFO  librespot_playback::convert] Converting with ditherer: tpdf
[2026-03-31T15:12:35Z INFO  librespot_playback::audio_backend::pipe] Using StdoutSink (pipe) with format: S16
[2026-03-31T15:22:43Z INFO  librespot] librespot 0.8.0 VERGEN_IDEMPOTENT_OUTPUT (Built on 2025-11-10, Build ID: 1762793321, Profile: release)
[2026-03-31T15:22:43Z INFO  librespot_playback::mixer::softmixer] Mixing with softvol and volume control: Log(60.0)
[2026-03-31T15:22:43Z INFO  librespot_playback::convert] Converting with ditherer: tpdf
[2026-03-31T15:22:43Z INFO  librespot_playback::audio_backend::pipe] Using StdoutSink (pipe) with format: S16
[2026-03-31T15:32:51Z INFO  librespot] librespot 0.8.0 VERGEN_IDEMPOTENT_OUTPUT (Built on 2025-11-10, Build ID: 1762793321, Profile: release)
[2026-03-31T15:32:51Z INFO  librespot_playback::mixer::softmixer] Mixing with softvol and volume control: Log(60.0)
[2026-03-31T15:32:51Z INFO  librespot_playback::convert] Converting with ditherer: tpdf
[2026-03-31T15:32:51Z INFO  librespot_playback::audio_backend::pipe] Using StdoutSink (pipe) with format: S16
[2026-03-31T15:42:59Z INFO  librespot] librespot 0.8.0 VERGEN_IDEMPOTENT_OUTPUT (Built on 2025-11-10, Build ID: 1762793321, Profile: release)
[2026-03-31T15:42:59Z INFO  librespot_playback::mixer::softmixer] Mixing with softvol and volume control: Log(60.0)
[2026-03-31T15:42:59Z INFO  librespot_playback::convert] Converting with ditherer: tpdf
[2026-03-31T15:42:59Z INFO  librespot_playback::audio_backend::pipe] Using StdoutSink (pipe) with format: S16
[2026-03-31T15:53:07Z INFO  librespot] librespot 0.8.0 VERGEN_IDEMPOTENT_OUTPUT (Built on 2025-11-10, Build ID: 1762793321, Profile: release)
[2026-03-31T15:53:07Z INFO  librespot_playback::mixer::softmixer] Mixing with softvol and volume control: Log(60.0)
[2026-03-31T15:53:07Z INFO  librespot_playback::convert] Converting with ditherer: tpdf
[2026-03-31T15:53:07Z INFO  librespot_playback::audio_backend::pipe] Using StdoutSink (pipe) with format: S16
[2026-03-31T16:03:15Z INFO  librespot] librespot 0.8.0 VERGEN_IDEMPOTENT_OUTPUT (Built on 2025-11-10, Build ID: 1762793321, Profile: release)
[2026-03-31T16:03:15Z INFO  librespot_playback::mixer::softmixer] Mixing with softvol and volume control: Log(60.0)
[2026-03-31T16:03:15Z INFO  librespot_playback::convert] Converting with ditherer: tpdf
[2026-03-31T16:03:15Z INFO  librespot_playback::audio_backend::pipe] Using StdoutSink (pipe) with format: S16
[2026-03-31T16:13:23Z INFO  librespot] librespot 0.8.0 VERGEN_IDEMPOTENT_OUTPUT (Built on 2025-11-10, Build ID: 1762793321, Profile: release)
[2026-03-31T16:13:23Z INFO  librespot_playback::mixer::softmixer] Mixing with softvol and volume control: Log(60.0)
[2026-03-31T16:13:23Z INFO  librespot_playback::convert] Converting with ditherer: tpdf
[2026-03-31T16:13:23Z INFO  librespot_playback::audio_backend::pipe] Using StdoutSink (pipe) with format: S16
[2026-03-31T16:23:31Z INFO  librespot] librespot 0.8.0 VERGEN_IDEMPOTENT_OUTPUT (Built on 2025-11-10, Build ID: 1762793321, Profile: release)
[2026-03-31T16:23:31Z INFO  librespot_playback::mixer::softmixer] Mixing with softvol and volume control: Log(60.0)
[2026-03-31T16:23:31Z INFO  librespot_playback::convert] Converting with ditherer: tpdf
[2026-03-31T16:23:31Z INFO  librespot_playback::audio_backend::pipe] Using StdoutSink (pipe) with format: S16
[2026-03-31T16:33:39Z INFO  librespot] librespot 0.8.0 VERGEN_IDEMPOTENT_OUTPUT (Built on 2025-11-10, Build ID: 1762793321, Profile: release)
[2026-03-31T16:33:39Z INFO  librespot_playback::mixer::softmixer] Mixing with softvol and volume control: Log(60.0)
[2026-03-31T16:33:39Z INFO  librespot_playback::convert] Converting with ditherer: tpdf
[2026-03-31T16:33:39Z INFO  librespot_playback::audio_backend::pipe] Using StdoutSink (pipe) with format: S16
[2026-03-31T16:43:47Z INFO  librespot] librespot 0.8.0 VERGEN_IDEMPOTENT_OUTPUT (Built on 2025-11-10, Build ID: 1762793321, Profile: release)
[2026-03-31T16:43:47Z INFO  librespot_playback::mixer::softmixer] Mixing with softvol and volume control: Log(60.0)
[2026-03-31T16:43:47Z INFO  librespot_playback::convert] Converting with ditherer: tpdf
[2026-03-31T16:43:47Z INFO  librespot_playback::audio_backend::pipe] Using StdoutSink (pipe) with format: S16
[2026-03-31T16:53:55Z INFO  librespot] librespot 0.8.0 VERGEN_IDEMPOTENT_OUTPUT (Built on 2025-11-10, Build ID: 1762793321, Profile: release)
[2026-03-31T16:53:55Z INFO  librespot_playback::mixer::softmixer] Mixing with softvol and volume control: Log(60.0)
[2026-03-31T16:53:55Z INFO  librespot_playback::convert] Converting with ditherer: tpdf
[2026-03-31T16:53:55Z INFO  librespot_playback::audio_backend::pipe] Using StdoutSink (pipe) with format: S16
[2026-03-31T17:04:03Z INFO  librespot] librespot 0.8.0 VERGEN_IDEMPOTENT_OUTPUT (Built on 2025-11-10, Build ID: 1762793321, Profile: release)
[2026-03-31T17:04:03Z INFO  librespot_playback::mixer::softmixer] Mixing with softvol and volume control: Log(60.0)
[2026-03-31T17:04:03Z INFO  librespot_playback::convert] Converting with ditherer: tpdf
[2026-03-31T17:04:03Z INFO  librespot_playback::audio_backend::pipe] Using StdoutSink (pipe) with format: S16
[2026-03-31T17:14:11Z INFO  librespot] librespot 0.8.0 VERGEN_IDEMPOTENT_OUTPUT (Built on 2025-11-10, Build ID: 1762793321, Profile: release)
[2026-03-31T17:14:11Z INFO  librespot_playback::mixer::softmixer] Mixing with softvol and volume control: Log(60.0)
[2026-03-31T17:14:11Z INFO  librespot_playback::convert] Converting with ditherer: tpdf
[2026-03-31T17:14:11Z INFO  librespot_playback::audio_backend::pipe] Using StdoutSink (pipe) with format: S16
[2026-03-31T17:24:19Z INFO  librespot] librespot 0.8.0 VERGEN_IDEMPOTENT_OUTPUT (Built on 2025-11-10, Build ID: 1762793321, Profile: release)
[2026-03-31T17:24:19Z INFO  librespot_playback::mixer::softmixer] Mixing with softvol and volume control: Log(60.0)
[2026-03-31T17:24:19Z INFO  librespot_playback::convert] Converting with ditherer: tpdf
[2026-03-31T17:24:19Z INFO  librespot_playback::audio_backend::pipe] Using StdoutSink (pipe) with format: S16
[2026-03-31T17:34:27Z INFO  librespot] librespot 0.8.0 VERGEN_IDEMPOTENT_OUTPUT (Built on 2025-11-10, Build ID: 1762793321, Profile: release)
[2026-03-31T17:34:27Z INFO  librespot_playback::mixer::softmixer] Mixing with softvol and volume control: Log(60.0)
[2026-03-31T17:34:27Z INFO  librespot_playback::convert] Converting with ditherer: tpdf
[2026-03-31T17:34:27Z INFO  librespot_playback::audio_backend::pipe] Using StdoutSink (pipe) with format: S16
[2026-03-31T17:44:35Z INFO  librespot] librespot 0.8.0 VERGEN_IDEMPOTENT_OUTPUT (Built on 2025-11-10, Build ID: 1762793321, Profile: release)
[2026-03-31T17:44:35Z INFO  librespot_playback::mixer::softmixer] Mixing with softvol and volume control: Log(60.0)
[2026-03-31T17:44:35Z INFO  librespot_playback::convert] Converting with ditherer: tpdf
[2026-03-31T17:44:35Z INFO  librespot_playback::audio_backend::pipe] Using StdoutSink (pipe) with format: S16
[2026-03-31T17:54:43Z INFO  librespot] librespot 0.8.0 VERGEN_IDEMPOTENT_OUTPUT (Built on 2025-11-10, Build ID: 1762793321, Profile: release)
[2026-03-31T17:54:43Z INFO  librespot_playback::mixer::softmixer] Mixing with softvol and volume control: Log(60.0)
[2026-03-31T17:54:43Z INFO  librespot_playback::convert] Converting with ditherer: tpdf
[2026-03-31T17:54:43Z INFO  librespot_playback::audio_backend::pipe] Using StdoutSink (pipe) with format: S16
[2026-03-31T18:04:51Z INFO  librespot] librespot 0.8.0 VERGEN_IDEMPOTENT_OUTPUT (Built on 2025-11-10, Build ID: 1762793321, Profile: release)
[2026-03-31T18:04:51Z INFO  librespot_playback::mixer::softmixer] Mixing with softvol and volume control: Log(60.0)
[2026-03-31T18:04:51Z INFO  librespot_playback::convert] Converting with ditherer: tpdf
[2026-03-31T18:04:51Z INFO  librespot_playback::audio_backend::pipe] Using StdoutSink (pipe) with format: S16
[2026-03-31T18:14:59Z INFO  librespot] librespot 0.8.0 VERGEN_IDEMPOTENT_OUTPUT (Built on 2025-11-10, Build ID: 1762793321, Profile: release)
[2026-03-31T18:14:59Z INFO  librespot_playback::mixer::softmixer] Mixing with softvol and volume control: Log(60.0)
[2026-03-31T18:14:59Z INFO  librespot_playback::convert] Converting with ditherer: tpdf
[2026-03-31T18:14:59Z INFO  librespot_playback::audio_backend::pipe] Using StdoutSink (pipe) with format: S16
[2026-03-31T18:25:07Z INFO  librespot] librespot 0.8.0 VERGEN_IDEMPOTENT_OUTPUT (Built on 2025-11-10, Build ID: 1762793321, Profile: release)
[2026-03-31T18:25:07Z INFO  librespot_playback::mixer::softmixer] Mixing with softvol and volume control: Log(60.0)
[2026-03-31T18:25:07Z INFO  librespot_playback::convert] Converting with ditherer: tpdf
[2026-03-31T18:25:07Z INFO  librespot_playback::audio_backend::pipe] Using StdoutSink (pipe) with format: S16
[2026-03-31T18:35:15Z INFO  librespot] librespot 0.8.0 VERGEN_IDEMPOTENT_OUTPUT (Built on 2025-11-10, Build ID: 1762793321, Profile: release)
[2026-03-31T18:35:15Z INFO  librespot_playback::mixer::softmixer] Mixing with softvol and volume control: Log(60.0)
[2026-03-31T18:35:15Z INFO  librespot_playback::convert] Converting with ditherer: tpdf
[2026-03-31T18:35:15Z INFO  librespot_playback::audio_backend::pipe] Using StdoutSink (pipe) with format: S16
[2026-03-31T18:45:23Z INFO  librespot] librespot 0.8.0 VERGEN_IDEMPOTENT_OUTPUT (Built on 2025-11-10, Build ID: 1762793321, Profile: release)
[2026-03-31T18:45:23Z INFO  librespot_playback::mixer::softmixer] Mixing with softvol and volume control: Log(60.0)
[2026-03-31T18:45:23Z INFO  librespot_playback::convert] Converting with ditherer: tpdf
[2026-03-31T18:45:23Z INFO  librespot_playback::audio_backend::pipe] Using StdoutSink (pipe) with format: S16
[2026-03-31T18:55:31Z INFO  librespot] librespot 0.8.0 VERGEN_IDEMPOTENT_OUTPUT (Built on 2025-11-10, Build ID: 1762793321, Profile: release)
[2026-03-31T18:55:31Z INFO  librespot_playback::mixer::softmixer] Mixing with softvol and volume control: Log(60.0)
[2026-03-31T18:55:31Z INFO  librespot_playback::convert] Converting with ditherer: tpdf
[2026-03-31T18:55:31Z INFO  librespot_playback::audio_backend::pipe] Using StdoutSink (pipe) with format: S16
[2026-03-31T19:05:39Z INFO  librespot] librespot 0.8.0 VERGEN_IDEMPOTENT_OUTPUT (Built on 2025-11-10, Build ID: 1762793321, Profile: release)
[2026-03-31T19:05:39Z INFO  librespot_playback::mixer::softmixer] Mixing with softvol and volume control: Log(60.0)
[2026-03-31T19:05:39Z INFO  librespot_playback::convert] Converting with ditherer: tpdf
[2026-03-31T19:05:39Z INFO  librespot_playback::audio_backend::pipe] Using StdoutSink (pipe) with format: S16
[2026-03-31T19:15:47Z INFO  librespot] librespot 0.8.0 VERGEN_IDEMPOTENT_OUTPUT (Built on 2025-11-10, Build ID: 1762793321, Profile: release)
[2026-03-31T19:15:47Z INFO  librespot_playback::mixer::softmixer] Mixing with softvol and volume control: Log(60.0)
[2026-03-31T19:15:47Z INFO  librespot_playback::convert] Converting with ditherer: tpdf
[2026-03-31T19:15:47Z INFO  librespot_playback::audio_backend::pipe] Using StdoutSink (pipe) with format: S16
[2026-03-31T19:25:55Z INFO  librespot] librespot 0.8.0 VERGEN_IDEMPOTENT_OUTPUT (Built on 2025-11-10, Build ID: 1762793321, Profile: release)
[2026-03-31T19:25:55Z INFO  librespot_playback::mixer::softmixer] Mixing with softvol and volume control: Log(60.0)
[2026-03-31T19:25:55Z INFO  librespot_playback::convert] Converting with ditherer: tpdf
[2026-03-31T19:25:55Z INFO  librespot_playback::audio_backend::pipe] Using StdoutSink (pipe) with format: S16
[2026-03-31T19:36:03Z INFO  librespot] librespot 0.8.0 VERGEN_IDEMPOTENT_OUTPUT (Built on 2025-11-10, Build ID: 1762793321, Profile: release)
[2026-03-31T19:36:03Z INFO  librespot_playback::mixer::softmixer] Mixing with softvol and volume control: Log(60.0)
[2026-03-31T19:36:03Z INFO  librespot_playback::convert] Converting with ditherer: tpdf
[2026-03-31T19:36:03Z INFO  librespot_playback::audio_backend::pipe] Using StdoutSink (pipe) with format: S16
[2026-03-31T19:46:11Z INFO  librespot] librespot 0.8.0 VERGEN_IDEMPOTENT_OUTPUT (Built on 2025-11-10, Build ID: 1762793321, Profile: release)
[2026-03-31T19:46:11Z INFO  librespot_playback::mixer::softmixer] Mixing with softvol and volume control: Log(60.0)
[2026-03-31T19:46:11Z INFO  librespot_playback::convert] Converting with ditherer: tpdf
[2026-03-31T19:46:11Z INFO  librespot_playback::audio_backend::pipe] Using StdoutSink (pipe) with format: S16
[2026-03-31T19:56:19Z INFO  librespot] librespot 0.8.0 VERGEN_IDEMPOTENT_OUTPUT (Built on 2025-11-10, Build ID: 1762793321, Profile: release)
[2026-03-31T19:56:19Z INFO  librespot_playback::mixer::softmixer] Mixing with softvol and volume control: Log(60.0)
[2026-03-31T19:56:19Z INFO  librespot_playback::convert] Converting with ditherer: tpdf
[2026-03-31T19:56:19Z INFO  librespot_playback::audio_backend::pipe] Using StdoutSink (pipe) with format: S16
[2026-03-31T20:06:27Z INFO  librespot] librespot 0.8.0 VERGEN_IDEMPOTENT_OUTPUT (Built on 2025-11-10, Build ID: 1762793321, Profile: release)
[2026-03-31T20:06:27Z INFO  librespot_playback::mixer::softmixer] Mixing with softvol and volume control: Log(60.0)
[2026-03-31T20:06:27Z INFO  librespot_playback::convert] Converting with ditherer: tpdf
[2026-03-31T20:06:27Z INFO  librespot_playback::audio_backend::pipe] Using StdoutSink (pipe) with format: S16
[2026-03-31T20:16:35Z INFO  librespot] librespot 0.8.0 VERGEN_IDEMPOTENT_OUTPUT (Built on 2025-11-10, Build ID: 1762793321, Profile: release)
[2026-03-31T20:16:35Z INFO  librespot_playback::mixer::softmixer] Mixing with softvol and volume control: Log(60.0)
[2026-03-31T20:16:35Z INFO  librespot_playback::convert] Converting with ditherer: tpdf
[2026-03-31T20:16:35Z INFO  librespot_playback::audio_backend::pipe] Using StdoutSink (pipe) with format: S16
[2026-03-31T20:26:43Z INFO  librespot] librespot 0.8.0 VERGEN_IDEMPOTENT_OUTPUT (Built on 2025-11-10, Build ID: 1762793321, Profile: release)
[2026-03-31T20:26:43Z INFO  librespot_playback::mixer::softmixer] Mixing with softvol and volume control: Log(60.0)
[2026-03-31T20:26:43Z INFO  librespot_playback::convert] Converting with ditherer: tpdf
[2026-03-31T20:26:43Z INFO  librespot_playback::audio_backend::pipe] Using StdoutSink (pipe) with format: S16
[2026-03-31T20:36:51Z INFO  librespot] librespot 0.8.0 VERGEN_IDEMPOTENT_OUTPUT (Built on 2025-11-10, Build ID: 1762793321, Profile: release)
[2026-03-31T20:36:51Z INFO  librespot_playback::mixer::softmixer] Mixing with softvol and volume control: Log(60.0)
[2026-03-31T20:36:51Z INFO  librespot_playback::convert] Converting with ditherer: tpdf
[2026-03-31T20:36:51Z INFO  librespot_playback::audio_backend::pipe] Using StdoutSink (pipe) with format: S16
[2026-03-31T20:46:59Z INFO  librespot] librespot 0.8.0 VERGEN_IDEMPOTENT_OUTPUT (Built on 2025-11-10, Build ID: 1762793321, Profile: release)
[2026-03-31T20:46:59Z INFO  librespot_playback::mixer::softmixer] Mixing with softvol and volume control: Log(60.0)
[2026-03-31T20:46:59Z INFO  librespot_playback::convert] Converting with ditherer: tpdf
[2026-03-31T20:46:59Z INFO  librespot_playback::audio_backend::pipe] Using StdoutSink (pipe) with format: S16
[2026-03-31T20:57:07Z INFO  librespot] librespot 0.8.0 VERGEN_IDEMPOTENT_OUTPUT (Built on 2025-11-10, Build ID: 1762793321, Profile: release)
[2026-03-31T20:57:07Z INFO  librespot_playback::mixer::softmixer] Mixing with softvol and volume control: Log(60.0)
[2026-03-31T20:57:07Z INFO  librespot_playback::convert] Converting with ditherer: tpdf
[2026-03-31T20:57:07Z INFO  librespot_playback::audio_backend::pipe] Using StdoutSink (pipe) with format: S16
[2026-03-31T21:07:15Z INFO  librespot] librespot 0.8.0 VERGEN_IDEMPOTENT_OUTPUT (Built on 2025-11-10, Build ID: 1762793321, Profile: release)
[2026-03-31T21:07:15Z INFO  librespot_playback::mixer::softmixer] Mixing with softvol and volume control: Log(60.0)
[2026-03-31T21:07:15Z INFO  librespot_playback::convert] Converting with ditherer: tpdf
[2026-03-31T21:07:15Z INFO  librespot_playback::audio_backend::pipe] Using StdoutSink (pipe) with format: S16
[2026-03-31T21:17:23Z INFO  librespot] librespot 0.8.0 VERGEN_IDEMPOTENT_OUTPUT (Built on 2025-11-10, Build ID: 1762793321, Profile: release)
[2026-03-31T21:17:23Z INFO  librespot_playback::mixer::softmixer] Mixing with softvol and volume control: Log(60.0)
[2026-03-31T21:17:23Z INFO  librespot_playback::convert] Converting with ditherer: tpdf
[2026-03-31T21:17:23Z INFO  librespot_playback::audio_backend::pipe] Using StdoutSink (pipe) with format: S16
[2026-03-31T21:27:31Z INFO  librespot] librespot 0.8.0 VERGEN_IDEMPOTENT_OUTPUT (Built on 2025-11-10, Build ID: 1762793321, Profile: release)
[2026-03-31T21:27:31Z INFO  librespot_playback::mixer::softmixer] Mixing with softvol and volume control: Log(60.0)
[2026-03-31T21:27:31Z INFO  librespot_playback::convert] Converting with ditherer: tpdf
[2026-03-31T21:27:31Z INFO  librespot_playback::audio_backend::pipe] Using StdoutSink (pipe) with format: S16
[2026-03-31T21:37:39Z INFO  librespot] librespot 0.8.0 VERGEN_IDEMPOTENT_OUTPUT (Built on 2025-11-10, Build ID: 1762793321, Profile: release)
[2026-03-31T21:37:39Z INFO  librespot_playback::mixer::softmixer] Mixing with softvol and volume control: Log(60.0)
[2026-03-31T21:37:39Z INFO  librespot_playback::convert] Converting with ditherer: tpdf
[2026-03-31T21:37:39Z INFO  librespot_playback::audio_backend::pipe] Using StdoutSink (pipe) with format: S16
[2026-03-31T21:47:47Z INFO  librespot] librespot 0.8.0 VERGEN_IDEMPOTENT_OUTPUT (Built on 2025-11-10, Build ID: 1762793321, Profile: release)
[2026-03-31T21:47:47Z INFO  librespot_playback::mixer::softmixer] Mixing with softvol and volume control: Log(60.0)
[2026-03-31T21:47:47Z INFO  librespot_playback::convert] Converting with ditherer: tpdf
[2026-03-31T21:47:47Z INFO  librespot_playback::audio_backend::pipe] Using StdoutSink (pipe) with format: S16
[2026-03-31T21:57:55Z INFO  librespot] librespot 0.8.0 VERGEN_IDEMPOTENT_OUTPUT (Built on 2025-11-10, Build ID: 1762793321, Profile: release)
[2026-03-31T21:57:55Z INFO  librespot_playback::mixer::softmixer] Mixing with softvol and volume control: Log(60.0)
[2026-03-31T21:57:55Z INFO  librespot_playback::convert] Converting with ditherer: tpdf
[2026-03-31T21:57:55Z INFO  librespot_playback::audio_backend::pipe] Using StdoutSink (pipe) with format: S16
[2026-03-31T22:08:03Z INFO  librespot] librespot 0.8.0 VERGEN_IDEMPOTENT_OUTPUT (Built on 2025-11-10, Build ID: 1762793321, Profile: release)
[2026-03-31T22:08:03Z INFO  librespot_playback::mixer::softmixer] Mixing with softvol and volume control: Log(60.0)
[2026-03-31T22:08:03Z INFO  librespot_playback::convert] Converting with ditherer: tpdf
[2026-03-31T22:08:03Z INFO  librespot_playback::audio_backend::pipe] Using StdoutSink (pipe) with format: S16
[2026-03-31T22:18:11Z INFO  librespot] librespot 0.8.0 VERGEN_IDEMPOTENT_OUTPUT (Built on 2025-11-10, Build ID: 1762793321, Profile: release)
[2026-03-31T22:18:11Z INFO  librespot_playback::mixer::softmixer] Mixing with softvol and volume control: Log(60.0)
[2026-03-31T22:18:11Z INFO  librespot_playback::convert] Converting with ditherer: tpdf
[2026-03-31T22:18:11Z INFO  librespot_playback::audio_backend::pipe] Using StdoutSink (pipe) with format: S16
[2026-03-31T22:28:19Z INFO  librespot] librespot 0.8.0 VERGEN_IDEMPOTENT_OUTPUT (Built on 2025-11-10, Build ID: 1762793321, Profile: release)
[2026-03-31T22:28:19Z INFO  librespot_playback::mixer::softmixer] Mixing with softvol and volume control: Log(60.0)
[2026-03-31T22:28:19Z INFO  librespot_playback::convert] Converting with ditherer: tpdf
[2026-03-31T22:28:19Z INFO  librespot_playback::audio_backend::pipe] Using StdoutSink (pipe) with format: S16
[2026-03-31T22:38:27Z INFO  librespot] librespot 0.8.0 VERGEN_IDEMPOTENT_OUTPUT (Built on 2025-11-10, Build ID: 1762793321, Profile: release)
[2026-03-31T22:38:27Z INFO  librespot_playback::mixer::softmixer] Mixing with softvol and volume control: Log(60.0)
[2026-03-31T22:38:27Z INFO  librespot_playback::convert] Converting with ditherer: tpdf
[2026-03-31T22:38:27Z INFO  librespot_playback::audio_backend::pipe] Using StdoutSink (pipe) with format: S16
[2026-03-31T22:48:35Z INFO  librespot] librespot 0.8.0 VERGEN_IDEMPOTENT_OUTPUT (Built on 2025-11-10, Build ID: 1762793321, Profile: release)
[2026-03-31T22:48:35Z INFO  librespot_playback::mixer::softmixer] Mixing with softvol and volume control: Log(60.0)
[2026-03-31T22:48:35Z INFO  librespot_playback::convert] Converting with ditherer: tpdf
[2026-03-31T22:48:35Z INFO  librespot_playback::audio_backend::pipe] Using StdoutSink (pipe) with format: S16
[2026-03-31T22:58:43Z INFO  librespot] librespot 0.8.0 VERGEN_IDEMPOTENT_OUTPUT (Built on 2025-11-10, Build ID: 1762793321, Profile: release)
[2026-03-31T22:58:43Z INFO  librespot_playback::mixer::softmixer] Mixing with softvol and volume control: Log(60.0)
[2026-03-31T22:58:43Z INFO  librespot_playback::convert] Converting with ditherer: tpdf
[2026-03-31T22:58:43Z INFO  librespot_playback::audio_backend::pipe] Using StdoutSink (pipe) with format: S16
[2026-03-31T23:08:51Z INFO  librespot] librespot 0.8.0 VERGEN_IDEMPOTENT_OUTPUT (Built on 2025-11-10, Build ID: 1762793321, Profile: release)
[2026-03-31T23:08:51Z INFO  librespot_playback::mixer::softmixer] Mixing with softvol and volume control: Log(60.0)
[2026-03-31T23:08:51Z INFO  librespot_playback::convert] Converting with ditherer: tpdf
[2026-03-31T23:08:51Z INFO  librespot_playback::audio_backend::pipe] Using StdoutSink (pipe) with format: S16
[2026-03-31T23:18:59Z INFO  librespot] librespot 0.8.0 VERGEN_IDEMPOTENT_OUTPUT (Built on 2025-11-10, Build ID: 1762793321, Profile: release)
[2026-03-31T23:18:59Z INFO  librespot_playback::mixer::softmixer] Mixing with softvol and volume control: Log(60.0)
[2026-03-31T23:18:59Z INFO  librespot_playback::convert] Converting with ditherer: tpdf
[2026-03-31T23:18:59Z INFO  librespot_playback::audio_backend::pipe] Using StdoutSink (pipe) with format: S16
[2026-03-31T23:29:07Z INFO  librespot] librespot 0.8.0 VERGEN_IDEMPOTENT_OUTPUT (Built on 2025-11-10, Build ID: 1762793321, Profile: release)
[2026-03-31T23:29:07Z INFO  librespot_playback::mixer::softmixer] Mixing with softvol and volume control: Log(60.0)
[2026-03-31T23:29:07Z INFO  librespot_playback::convert] Converting with ditherer: tpdf
[2026-03-31T23:29:07Z INFO  librespot_playback::audio_backend::pipe] Using StdoutSink (pipe) with format: S16
[2026-03-31T23:39:15Z INFO  librespot] librespot 0.8.0 VERGEN_IDEMPOTENT_OUTPUT (Built on 2025-11-10, Build ID: 1762793321, Profile: release)
[2026-03-31T23:39:15Z INFO  librespot_playback::mixer::softmixer] Mixing with softvol and volume control: Log(60.0)
[2026-03-31T23:39:15Z INFO  librespot_playback::convert] Converting with ditherer: tpdf
[2026-03-31T23:39:15Z INFO  librespot_playback::audio_backend::pipe] Using StdoutSink (pipe) with format: S16
[2026-03-31T23:49:23Z INFO  librespot] librespot 0.8.0 VERGEN_IDEMPOTENT_OUTPUT (Built on 2025-11-10, Build ID: 1762793321, Profile: release)
[2026-03-31T23:49:23Z INFO  librespot_playback::mixer::softmixer] Mixing with softvol and volume control: Log(60.0)
[2026-03-31T23:49:23Z INFO  librespot_playback::convert] Converting with ditherer: tpdf
[2026-03-31T23:49:23Z INFO  librespot_playback::audio_backend::pipe] Using StdoutSink (pipe) with format: S16
[2026-03-31T23:59:31Z INFO  librespot] librespot 0.8.0 VERGEN_IDEMPOTENT_OUTPUT (Built on 2025-11-10, Build ID: 1762793321, Profile: release)
[2026-03-31T23:59:31Z INFO  librespot_playback::mixer::softmixer] Mixing with softvol and volume control: Log(60.0)
[2026-03-31T23:59:31Z INFO  librespot_playback::convert] Converting with ditherer: tpdf
[2026-03-31T23:59:31Z INFO  librespot_playback::audio_backend::pipe] Using StdoutSink (pipe) with format: S16
[2026-04-01T00:09:39Z INFO  librespot] librespot 0.8.0 VERGEN_IDEMPOTENT_OUTPUT (Built on 2025-11-10, Build ID: 1762793321, Profile: release)
[2026-04-01T00:09:39Z INFO  librespot_playback::mixer::softmixer] Mixing with softvol and volume control: Log(60.0)
[2026-04-01T00:09:39Z INFO  librespot_playback::convert] Converting with ditherer: tpdf
[2026-04-01T00:09:39Z INFO  librespot_playback::audio_backend::pipe] Using StdoutSink (pipe) with format: S16
[2026-04-01T00:13:59Z INFO  librespot_core::session] Connecting to AP "ap-gue1.spotify.com:4070"
[2026-04-01T00:13:59Z INFO  librespot_core::session] Authenticated as 'paulster23' !
[2026-04-01T00:13:59Z INFO  librespot_core::session] Country: "US"
[2026-04-01T00:14:00Z INFO  librespot_core::spclient] Resolved "gue1-spclient.spotify.com:443" as spclient access point
[2026-04-01T00:14:00Z INFO  librespot_connect::spirc] active device is <e9912ea7d306062891be9d4514485cfccfc5a2d7> with session <62OFtS2IsHiWfB8mGDTggy>
[2026-04-01T00:14:00Z WARN  librespot_connect::state::context] couldn't load context info because: context is not available. type: Default
[2026-04-01T00:14:00Z INFO  librespot_playback::player] Loading <Six Sixty Six> with Spotify URI <spotify:track:2YtlURdt7P6p3qiK1MR0Um>
[2026-04-01T00:14:01Z INFO  librespot_playback::player] <Six Sixty Six> (183733 ms) loaded
[2026-04-01T00:15:43Z WARN  librespot_connect::state::context] couldn't load context info because: context is not available. type: Default
[2026-04-01T00:15:43Z WARN  librespot_connect::state::context] couldn't load context info because: context is not available. type: Default
[2026-04-01T00:15:44Z INFO  librespot_playback::player] Loading <Where Is My Mind? - 2007 Remaster> with Spotify URI <spotify:track:7wCmS9TTVUcIhRalDYFgPy>
[2026-04-01T00:15:45Z INFO  librespot_playback::player] <Where Is My Mind? - 2007 Remaster> (234973 ms) loaded
[2026-04-01T00:19:00Z INFO  librespot_playback::player] Loading <Here Comes Your Man> with Spotify URI <spotify:track:4IvZLDtwBHmBmwgDIUbuwa>
[2026-04-01T00:19:00Z INFO  librespot_playback::player] <Here Comes Your Man> (201186 ms) loaded
[2026-04-01T00:21:24Z INFO  librespot] librespot 0.8.0 VERGEN_IDEMPOTENT_OUTPUT (Built on 2025-11-10, Build ID: 1762793321, Profile: release)
[2026-04-01T00:21:24Z INFO  librespot_playback::mixer::softmixer] Mixing with softvol and volume control: Log(60.0)
[2026-04-01T00:21:24Z INFO  librespot_playback::convert] Converting with ditherer: tpdf
[2026-04-01T00:21:24Z INFO  librespot_playback::audio_backend::pipe] Using StdoutSink (pipe) with format: S16
[2026-04-01T00:24:43Z INFO  librespot_core::session] Connecting to AP "ap-gue1.spotify.com:4070"
[2026-04-01T00:24:43Z INFO  librespot_core::session] Authenticated as 'paulster23' !
[2026-04-01T00:24:43Z INFO  librespot_core::session] Country: "US"
[2026-04-01T00:24:43Z INFO  librespot_core::spclient] Resolved "gue1-spclient.spotify.com:443" as spclient access point
[2026-04-01T00:24:44Z INFO  librespot_connect::spirc] active device is <e9912ea7d306062891be9d4514485cfccfc5a2d7> with session <0xWeEOVoc9SvysU6PBSN0S>
[2026-04-01T00:24:44Z WARN  librespot_connect::state::context] couldn't load context info because: context is not available. type: Default
[2026-04-01T00:24:44Z INFO  librespot_playback::player] Loading <Electric War> with Spotify URI <spotify:track:14uYjLYDWo0rtCHKvWF1jc>
[2026-04-01T00:24:45Z INFO  librespot_playback::player] <Electric War> (315626 ms) loaded
[2026-04-01T00:24:47Z INFO  librespot] librespot 0.8.0 VERGEN_IDEMPOTENT_OUTPUT (Built on 2025-11-10, Build ID: 1762793321, Profile: release)
[2026-04-01T00:24:47Z INFO  librespot_playback::mixer::softmixer] Mixing with softvol and volume control: Log(60.0)
[2026-04-01T00:24:47Z INFO  librespot_playback::convert] Converting with ditherer: tpdf
[2026-04-01T00:24:47Z INFO  librespot_playback::audio_backend::pipe] Using StdoutSink (pipe) with format: S16
[2026-04-01T00:24:48Z INFO  librespot_core::session] Connecting to AP "ap-gue1.spotify.com:4070"
[2026-04-01T00:24:48Z INFO  librespot_core::session] Authenticated as 'paulster23' !
[2026-04-01T00:24:48Z INFO  librespot_core::session] Country: "US"
[2026-04-01T00:24:49Z INFO  librespot_core::spclient] Resolved "gue1-spclient.spotify.com:443" as spclient access point
[2026-04-01T00:24:49Z INFO  librespot_connect::spirc] active device is <> with session <6426bcd04b0d447db2a412b07521edfa>
[2026-04-01T00:29:55Z INFO  librespot] librespot 0.8.0 VERGEN_IDEMPOTENT_OUTPUT (Built on 2025-11-10, Build ID: 1762793321, Profile: release)
[2026-04-01T00:29:55Z INFO  librespot_playback::mixer::softmixer] Mixing with softvol and volume control: Log(60.0)
[2026-04-01T00:29:55Z INFO  librespot_playback::convert] Converting with ditherer: tpdf
[2026-04-01T00:29:55Z INFO  librespot_playback::audio_backend::pipe] Using StdoutSink (pipe) with format: S16
[2026-04-01T00:29:56Z INFO  librespot_core::session] Connecting to AP "ap-gue1.spotify.com:4070"
[2026-04-01T00:29:56Z INFO  librespot_core::session] Authenticated as 'paulster23' !
[2026-04-01T00:29:56Z INFO  librespot_core::session] Country: "US"
[2026-04-01T00:29:57Z INFO  librespot_core::spclient] Resolved "gue1-spclient.spotify.com:443" as spclient access point
[2026-04-01T00:29:57Z INFO  librespot_connect::spirc] active device is <> with session <6426bcd04b0d447db2a412b07521edfa>
[2026-04-01T00:35:03Z INFO  librespot] librespot 0.8.0 VERGEN_IDEMPOTENT_OUTPUT (Built on 2025-11-10, Build ID: 1762793321, Profile: release)
[2026-04-01T00:35:03Z INFO  librespot_playback::mixer::softmixer] Mixing with softvol and volume control: Log(60.0)
[2026-04-01T00:35:03Z INFO  librespot_playback::convert] Converting with ditherer: tpdf
[2026-04-01T00:35:03Z INFO  librespot_playback::audio_backend::pipe] Using StdoutSink (pipe) with format: S16
[2026-04-01T00:35:04Z INFO  librespot_core::session] Connecting to AP "ap-gue1.spotify.com:4070"
[2026-04-01T00:35:04Z INFO  librespot_core::session] Authenticated as 'paulster23' !
[2026-04-01T00:35:04Z INFO  librespot_core::session] Country: "US"
[2026-04-01T00:35:05Z INFO  librespot_core::spclient] Resolved "gue1-spclient.spotify.com:443" as spclient access point
[2026-04-01T00:35:05Z INFO  librespot_connect::spirc] active device is <> with session <6426bcd04b0d447db2a412b07521edfa>
[2026-04-01T00:40:11Z INFO  librespot] librespot 0.8.0 VERGEN_IDEMPOTENT_OUTPUT (Built on 2025-11-10, Build ID: 1762793321, Profile: release)
[2026-04-01T00:40:11Z INFO  librespot_playback::mixer::softmixer] Mixing with softvol and volume control: Log(60.0)
[2026-04-01T00:40:11Z INFO  librespot_playback::convert] Converting with ditherer: tpdf
[2026-04-01T00:40:11Z INFO  librespot_playback::audio_backend::pipe] Using StdoutSink (pipe) with format: S16
[2026-04-01T00:40:12Z INFO  librespot_core::session] Connecting to AP "ap-gue1.spotify.com:4070"
[2026-04-01T00:40:12Z INFO  librespot_core::session] Authenticated as 'paulster23' !
[2026-04-01T00:40:12Z INFO  librespot_core::session] Country: "US"
[2026-04-01T00:40:13Z INFO  librespot_core::spclient] Resolved "gue1-spclient.spotify.com:443" as spclient access point
[2026-04-01T00:40:13Z INFO  librespot_connect::spirc] active device is <> with session <6426bcd04b0d447db2a412b07521edfa>
[2026-04-01T00:50:19Z INFO  librespot] librespot 0.8.0 VERGEN_IDEMPOTENT_OUTPUT (Built on 2025-11-10, Build ID: 1762793321, Profile: release)
[2026-04-01T00:50:19Z INFO  librespot_playback::mixer::softmixer] Mixing with softvol and volume control: Log(60.0)
[2026-04-01T00:50:19Z INFO  librespot_playback::convert] Converting with ditherer: tpdf
[2026-04-01T00:50:19Z INFO  librespot_playback::audio_backend::pipe] Using StdoutSink (pipe) with format: S16
[2026-04-01T00:50:20Z INFO  librespot_core::session] Connecting to AP "ap-gue1.spotify.com:4070"
[2026-04-01T00:50:20Z INFO  librespot_core::session] Authenticated as 'paulster23' !
[2026-04-01T00:50:20Z INFO  librespot_core::session] Country: "US"
[2026-04-01T00:50:20Z INFO  librespot_core::spclient] Resolved "gue1-spclient.spotify.com:443" as spclient access point
[2026-04-01T00:50:21Z INFO  librespot_connect::spirc] active device is <> with session <6426bcd04b0d447db2a412b07521edfa>
[2026-04-01T01:00:27Z INFO  librespot] librespot 0.8.0 VERGEN_IDEMPOTENT_OUTPUT (Built on 2025-11-10, Build ID: 1762793321, Profile: release)
[2026-04-01T01:00:27Z INFO  librespot_playback::mixer::softmixer] Mixing with softvol and volume control: Log(60.0)
[2026-04-01T01:00:27Z INFO  librespot_playback::convert] Converting with ditherer: tpdf
[2026-04-01T01:00:27Z INFO  librespot_playback::audio_backend::pipe] Using StdoutSink (pipe) with format: S16
[2026-04-01T01:00:29Z INFO  librespot_core::session] Connecting to AP "ap-gue1.spotify.com:4070"
[2026-04-01T01:00:30Z INFO  librespot_core::session] Authenticated as 'paulster23' !
[2026-04-01T01:00:30Z INFO  librespot_core::session] Country: "US"
[2026-04-01T01:00:32Z INFO  librespot_core::spclient] Resolved "gue1-spclient.spotify.com:443" as spclient access point
[2026-04-01T01:00:32Z INFO  librespot_connect::spirc] active device is <> with session <6426bcd04b0d447db2a412b07521edfa>
[2026-04-01T01:10:35Z INFO  librespot] librespot 0.8.0 VERGEN_IDEMPOTENT_OUTPUT (Built on 2025-11-10, Build ID: 1762793321, Profile: release)
[2026-04-01T01:10:35Z INFO  librespot_playback::mixer::softmixer] Mixing with softvol and volume control: Log(60.0)
[2026-04-01T01:10:35Z INFO  librespot_playback::convert] Converting with ditherer: tpdf
[2026-04-01T01:10:35Z INFO  librespot_playback::audio_backend::pipe] Using StdoutSink (pipe) with format: S16
[2026-04-01T01:10:36Z INFO  librespot_core::session] Connecting to AP "ap-gue1.spotify.com:4070"
[2026-04-01T01:10:36Z INFO  librespot_core::session] Authenticated as 'paulster23' !
[2026-04-01T01:10:36Z INFO  librespot_core::session] Country: "US"
[2026-04-01T01:10:36Z INFO  librespot_core::spclient] Resolved "gue1-spclient.spotify.com:443" as spclient access point
[2026-04-01T01:10:37Z INFO  librespot_connect::spirc] active device is <> with session <6426bcd04b0d447db2a412b07521edfa>
[2026-04-01T01:20:43Z INFO  librespot] librespot 0.8.0 VERGEN_IDEMPOTENT_OUTPUT (Built on 2025-11-10, Build ID: 1762793321, Profile: release)
[2026-04-01T01:20:43Z INFO  librespot_playback::mixer::softmixer] Mixing with softvol and volume control: Log(60.0)
[2026-04-01T01:20:43Z INFO  librespot_playback::convert] Converting with ditherer: tpdf
[2026-04-01T01:20:43Z INFO  librespot_playback::audio_backend::pipe] Using StdoutSink (pipe) with format: S16
[2026-04-01T01:20:44Z INFO  librespot_core::session] Connecting to AP "ap-gue1.spotify.com:4070"
[2026-04-01T01:20:44Z INFO  librespot_core::session] Authenticated as 'paulster23' !
[2026-04-01T01:20:44Z INFO  librespot_core::session] Country: "US"
[2026-04-01T01:20:44Z INFO  librespot_core::spclient] Resolved "gue1-spclient.spotify.com:443" as spclient access point
[2026-04-01T01:20:45Z INFO  librespot_connect::spirc] active device is <> with session <6426bcd04b0d447db2a412b07521edfa>
[2026-04-01T01:30:51Z INFO  librespot] librespot 0.8.0 VERGEN_IDEMPOTENT_OUTPUT (Built on 2025-11-10, Build ID: 1762793321, Profile: release)
[2026-04-01T01:30:51Z INFO  librespot_playback::mixer::softmixer] Mixing with softvol and volume control: Log(60.0)
[2026-04-01T01:30:51Z INFO  librespot_playback::convert] Converting with ditherer: tpdf
[2026-04-01T01:30:51Z INFO  librespot_playback::audio_backend::pipe] Using StdoutSink (pipe) with format: S16
[2026-04-01T01:30:52Z INFO  librespot_core::session] Connecting to AP "ap-gue1.spotify.com:4070"
[2026-04-01T01:30:52Z INFO  librespot_core::session] Authenticated as 'paulster23' !
[2026-04-01T01:30:52Z INFO  librespot_core::session] Country: "US"
[2026-04-01T01:30:53Z INFO  librespot_core::spclient] Resolved "gue1-spclient.spotify.com:443" as spclient access point
[2026-04-01T01:30:53Z INFO  librespot_connect::spirc] active device is <> with session <6426bcd04b0d447db2a412b07521edfa>
[2026-04-01T01:40:59Z INFO  librespot] librespot 0.8.0 VERGEN_IDEMPOTENT_OUTPUT (Built on 2025-11-10, Build ID: 1762793321, Profile: release)
[2026-04-01T01:40:59Z INFO  librespot_playback::mixer::softmixer] Mixing with softvol and volume control: Log(60.0)
[2026-04-01T01:40:59Z INFO  librespot_playback::convert] Converting with ditherer: tpdf
[2026-04-01T01:40:59Z INFO  librespot_playback::audio_backend::pipe] Using StdoutSink (pipe) with format: S16
[2026-04-01T01:41:01Z INFO  librespot_core::session] Connecting to AP "ap-gue1.spotify.com:4070"
[2026-04-01T01:41:01Z INFO  librespot_core::session] Authenticated as 'paulster23' !
[2026-04-01T01:41:01Z INFO  librespot_core::session] Country: "US"
[2026-04-01T01:41:02Z INFO  librespot_core::spclient] Resolved "gue1-spclient.spotify.com:443" as spclient access point
[2026-04-01T01:41:02Z INFO  librespot_connect::spirc] active device is <> with session <6426bcd04b0d447db2a412b07521edfa>
[2026-04-01T01:51:07Z INFO  librespot] librespot 0.8.0 VERGEN_IDEMPOTENT_OUTPUT (Built on 2025-11-10, Build ID: 1762793321, Profile: release)
[2026-04-01T01:51:07Z INFO  librespot_playback::mixer::softmixer] Mixing with softvol and volume control: Log(60.0)
[2026-04-01T01:51:07Z INFO  librespot_playback::convert] Converting with ditherer: tpdf
[2026-04-01T01:51:07Z INFO  librespot_playback::audio_backend::pipe] Using StdoutSink (pipe) with format: S16
[2026-04-01T01:51:08Z INFO  librespot_core::session] Connecting to AP "ap-gue1.spotify.com:4070"
[2026-04-01T01:51:08Z WARN  librespot_core::session] Try another access point...
[2026-04-01T01:51:08Z INFO  librespot_core::session] Connecting to AP "ap-gue1.spotify.com:443"
[2026-04-01T01:51:08Z INFO  librespot_core::session] Authenticated as 'paulster23' !
[2026-04-01T01:51:08Z INFO  librespot_core::session] Country: "US"
[2026-04-01T01:51:09Z INFO  librespot_core::spclient] Resolved "gue1-spclient.spotify.com:443" as spclient access point
[2026-04-01T01:51:09Z INFO  librespot_connect::spirc] active device is <> with session <6426bcd04b0d447db2a412b07521edfa>
[2026-04-01T02:01:15Z INFO  librespot] librespot 0.8.0 VERGEN_IDEMPOTENT_OUTPUT (Built on 2025-11-10, Build ID: 1762793321, Profile: release)
[2026-04-01T02:01:15Z INFO  librespot_playback::mixer::softmixer] Mixing with softvol and volume control: Log(60.0)
[2026-04-01T02:01:15Z INFO  librespot_playback::convert] Converting with ditherer: tpdf
[2026-04-01T02:01:15Z INFO  librespot_playback::audio_backend::pipe] Using StdoutSink (pipe) with format: S16
[2026-04-01T02:01:16Z INFO  librespot_core::session] Connecting to AP "ap-gue1.spotify.com:4070"
[2026-04-01T02:01:16Z INFO  librespot_core::session] Authenticated as 'paulster23' !
[2026-04-01T02:01:16Z INFO  librespot_core::session] Country: "US"
[2026-04-01T02:01:17Z INFO  librespot_core::spclient] Resolved "gue1-spclient.spotify.com:443" as spclient access point
[2026-04-01T02:01:17Z INFO  librespot_connect::spirc] active device is <> with session <6426bcd04b0d447db2a412b07521edfa>
[2026-04-01T02:11:23Z INFO  librespot] librespot 0.8.0 VERGEN_IDEMPOTENT_OUTPUT (Built on 2025-11-10, Build ID: 1762793321, Profile: release)
[2026-04-01T02:11:23Z INFO  librespot_playback::mixer::softmixer] Mixing with softvol and volume control: Log(60.0)
[2026-04-01T02:11:23Z INFO  librespot_playback::convert] Converting with ditherer: tpdf
[2026-04-01T02:11:23Z INFO  librespot_playback::audio_backend::pipe] Using StdoutSink (pipe) with format: S16
[2026-04-01T02:11:24Z INFO  librespot_core::session] Connecting to AP "ap-gue1.spotify.com:4070"
[2026-04-01T02:11:24Z INFO  librespot_core::session] Authenticated as 'paulster23' !
[2026-04-01T02:11:24Z INFO  librespot_core::session] Country: "US"
[2026-04-01T02:11:24Z INFO  librespot_core::spclient] Resolved "gue1-spclient.spotify.com:443" as spclient access point
[2026-04-01T02:11:25Z INFO  librespot_connect::spirc] active device is <> with session <6426bcd04b0d447db2a412b07521edfa>
[2026-04-01T02:21:31Z INFO  librespot] librespot 0.8.0 VERGEN_IDEMPOTENT_OUTPUT (Built on 2025-11-10, Build ID: 1762793321, Profile: release)
[2026-04-01T02:21:31Z INFO  librespot_playback::mixer::softmixer] Mixing with softvol and volume control: Log(60.0)
[2026-04-01T02:21:31Z INFO  librespot_playback::convert] Converting with ditherer: tpdf
[2026-04-01T02:21:31Z INFO  librespot_playback::audio_backend::pipe] Using StdoutSink (pipe) with format: S16
[2026-04-01T02:21:32Z INFO  librespot_core::session] Connecting to AP "ap-gue1.spotify.com:4070"
[2026-04-01T02:21:32Z INFO  librespot_core::session] Authenticated as 'paulster23' !
[2026-04-01T02:21:32Z INFO  librespot_core::session] Country: "US"
[2026-04-01T02:21:33Z INFO  librespot_core::spclient] Resolved "gue1-spclient.spotify.com:443" as spclient access point
[2026-04-01T02:21:33Z INFO  librespot_connect::spirc] active device is <> with session <6426bcd04b0d447db2a412b07521edfa>
[2026-04-01T02:31:39Z INFO  librespot] librespot 0.8.0 VERGEN_IDEMPOTENT_OUTPUT (Built on 2025-11-10, Build ID: 1762793321, Profile: release)
[2026-04-01T02:31:39Z INFO  librespot_playback::mixer::softmixer] Mixing with softvol and volume control: Log(60.0)
[2026-04-01T02:31:39Z INFO  librespot_playback::convert] Converting with ditherer: tpdf
[2026-04-01T02:31:39Z INFO  librespot_playback::audio_backend::pipe] Using StdoutSink (pipe) with format: S16
[2026-04-01T02:31:40Z INFO  librespot_core::session] Connecting to AP "ap-gue1.spotify.com:4070"
[2026-04-01T02:31:40Z INFO  librespot_core::session] Authenticated as 'paulster23' !
[2026-04-01T02:31:40Z INFO  librespot_core::session] Country: "US"
[2026-04-01T02:31:41Z INFO  librespot_core::spclient] Resolved "gue1-spclient.spotify.com:443" as spclient access point
[2026-04-01T02:31:41Z INFO  librespot_connect::spirc] active device is <> with session <6426bcd04b0d447db2a412b07521edfa>
[2026-04-01T02:39:14Z WARN  librespot_core::dealer] Websocket peer does not respond.
[2026-04-01T02:39:14Z INFO  librespot_connect::spirc] active device is <> with session <6426bcd04b0d447db2a412b07521edfa>
[2026-04-01T02:41:47Z INFO  librespot] librespot 0.8.0 VERGEN_IDEMPOTENT_OUTPUT (Built on 2025-11-10, Build ID: 1762793321, Profile: release)
[2026-04-01T02:41:47Z INFO  librespot_playback::mixer::softmixer] Mixing with softvol and volume control: Log(60.0)
[2026-04-01T02:41:47Z INFO  librespot_playback::convert] Converting with ditherer: tpdf
[2026-04-01T02:41:47Z INFO  librespot_playback::audio_backend::pipe] Using StdoutSink (pipe) with format: S16
[2026-04-01T02:41:48Z INFO  librespot_core::session] Connecting to AP "ap-gue1.spotify.com:4070"
[2026-04-01T02:41:48Z INFO  librespot_core::session] Authenticated as 'paulster23' !
[2026-04-01T02:41:48Z INFO  librespot_core::session] Country: "US"
[2026-04-01T02:41:48Z INFO  librespot_core::spclient] Resolved "gue1-spclient.spotify.com:443" as spclient access point
[2026-04-01T02:41:49Z INFO  librespot_connect::spirc] active device is <> with session <6426bcd04b0d447db2a412b07521edfa>
[2026-04-01T02:51:55Z INFO  librespot] librespot 0.8.0 VERGEN_IDEMPOTENT_OUTPUT (Built on 2025-11-10, Build ID: 1762793321, Profile: release)
[2026-04-01T02:51:55Z INFO  librespot_playback::mixer::softmixer] Mixing with softvol and volume control: Log(60.0)
[2026-04-01T02:51:55Z INFO  librespot_playback::convert] Converting with ditherer: tpdf
[2026-04-01T02:51:55Z INFO  librespot_playback::audio_backend::pipe] Using StdoutSink (pipe) with format: S16
[2026-04-01T02:51:56Z INFO  librespot_core::session] Connecting to AP "ap-gue1.spotify.com:4070"
[2026-04-01T02:51:56Z INFO  librespot_core::session] Authenticated as 'paulster23' !
[2026-04-01T02:51:56Z INFO  librespot_core::session] Country: "US"
[2026-04-01T02:51:57Z INFO  librespot_core::spclient] Resolved "gue1-spclient.spotify.com:443" as spclient access point
[2026-04-01T02:51:57Z INFO  librespot_connect::spirc] active device is <> with session <6426bcd04b0d447db2a412b07521edfa>
[2026-04-01T03:02:03Z INFO  librespot] librespot 0.8.0 VERGEN_IDEMPOTENT_OUTPUT (Built on 2025-11-10, Build ID: 1762793321, Profile: release)
[2026-04-01T03:02:03Z INFO  librespot_playback::mixer::softmixer] Mixing with softvol and volume control: Log(60.0)
[2026-04-01T03:02:03Z INFO  librespot_playback::convert] Converting with ditherer: tpdf
[2026-04-01T03:02:03Z INFO  librespot_playback::audio_backend::pipe] Using StdoutSink (pipe) with format: S16
[2026-04-01T03:02:04Z INFO  librespot_core::session] Connecting to AP "ap-gue1.spotify.com:4070"
[2026-04-01T03:02:04Z INFO  librespot_core::session] Authenticated as 'paulster23' !
[2026-04-01T03:02:04Z INFO  librespot_core::session] Country: "US"
[2026-04-01T03:02:05Z INFO  librespot_core::spclient] Resolved "gue1-spclient.spotify.com:443" as spclient access point
[2026-04-01T03:02:05Z INFO  librespot_connect::spirc] active device is <> with session <6426bcd04b0d447db2a412b07521edfa>
[2026-04-01T03:12:11Z INFO  librespot] librespot 0.8.0 VERGEN_IDEMPOTENT_OUTPUT (Built on 2025-11-10, Build ID: 1762793321, Profile: release)
[2026-04-01T03:12:11Z INFO  librespot_playback::mixer::softmixer] Mixing with softvol and volume control: Log(60.0)
[2026-04-01T03:12:11Z INFO  librespot_playback::convert] Converting with ditherer: tpdf
[2026-04-01T03:12:11Z INFO  librespot_playback::audio_backend::pipe] Using StdoutSink (pipe) with format: S16
[2026-04-01T03:12:12Z INFO  librespot_core::session] Connecting to AP "ap-gue1.spotify.com:4070"
[2026-04-01T03:12:12Z INFO  librespot_core::session] Authenticated as 'paulster23' !
[2026-04-01T03:12:12Z INFO  librespot_core::session] Country: "US"
[2026-04-01T03:12:13Z INFO  librespot_core::spclient] Resolved "gue1-spclient.spotify.com:443" as spclient access point
[2026-04-01T03:12:13Z INFO  librespot_connect::spirc] active device is <> with session <6426bcd04b0d447db2a412b07521edfa>
[2026-04-01T03:22:19Z INFO  librespot] librespot 0.8.0 VERGEN_IDEMPOTENT_OUTPUT (Built on 2025-11-10, Build ID: 1762793321, Profile: release)
[2026-04-01T03:22:19Z INFO  librespot_playback::mixer::softmixer] Mixing with softvol and volume control: Log(60.0)
[2026-04-01T03:22:19Z INFO  librespot_playback::convert] Converting with ditherer: tpdf
[2026-04-01T03:22:19Z INFO  librespot_playback::audio_backend::pipe] Using StdoutSink (pipe) with format: S16
[2026-04-01T03:22:20Z INFO  librespot_core::session] Connecting to AP "ap-gue1.spotify.com:4070"
[2026-04-01T03:22:20Z INFO  librespot_core::session] Authenticated as 'paulster23' !
[2026-04-01T03:22:20Z INFO  librespot_core::session] Country: "US"
[2026-04-01T03:22:21Z INFO  librespot_core::spclient] Resolved "gue1-spclient.spotify.com:443" as spclient access point
[2026-04-01T03:22:21Z INFO  librespot_connect::spirc] active device is <> with session <6426bcd04b0d447db2a412b07521edfa>
[2026-04-01T03:32:27Z INFO  librespot] librespot 0.8.0 VERGEN_IDEMPOTENT_OUTPUT (Built on 2025-11-10, Build ID: 1762793321, Profile: release)
[2026-04-01T03:32:27Z INFO  librespot_playback::mixer::softmixer] Mixing with softvol and volume control: Log(60.0)
[2026-04-01T03:32:27Z INFO  librespot_playback::convert] Converting with ditherer: tpdf
[2026-04-01T03:32:27Z INFO  librespot_playback::audio_backend::pipe] Using StdoutSink (pipe) with format: S16
[2026-04-01T03:32:28Z INFO  librespot_core::session] Connecting to AP "ap-gue1.spotify.com:4070"
[2026-04-01T03:32:28Z INFO  librespot_core::session] Authenticated as 'paulster23' !
[2026-04-01T03:32:28Z INFO  librespot_core::session] Country: "US"
[2026-04-01T03:32:29Z INFO  librespot_core::spclient] Resolved "gue1-spclient.spotify.com:443" as spclient access point
[2026-04-01T03:32:29Z INFO  librespot_connect::spirc] active device is <> with session <6426bcd04b0d447db2a412b07521edfa>
[2026-04-01T03:41:28Z ERROR librespot_core::session] Connection to server closed.
[2026-04-01T03:42:35Z INFO  librespot] librespot 0.8.0 VERGEN_IDEMPOTENT_OUTPUT (Built on 2025-11-10, Build ID: 1762793321, Profile: release)
[2026-04-01T03:42:35Z INFO  librespot_playback::mixer::softmixer] Mixing with softvol and volume control: Log(60.0)
[2026-04-01T03:42:35Z INFO  librespot_playback::convert] Converting with ditherer: tpdf
[2026-04-01T03:42:35Z INFO  librespot_playback::audio_backend::pipe] Using StdoutSink (pipe) with format: S16
[2026-04-01T03:42:36Z INFO  librespot_core::session] Connecting to AP "ap-gue1.spotify.com:4070"
[2026-04-01T03:42:36Z INFO  librespot_core::session] Authenticated as 'paulster23' !
[2026-04-01T03:42:36Z INFO  librespot_core::session] Country: "US"
[2026-04-01T03:42:37Z INFO  librespot_core::spclient] Resolved "gue1-spclient.spotify.com:443" as spclient access point
[2026-04-01T03:42:37Z INFO  librespot_connect::spirc] active device is <> with session <6426bcd04b0d447db2a412b07521edfa>
[2026-04-01T03:52:43Z INFO  librespot] librespot 0.8.0 VERGEN_IDEMPOTENT_OUTPUT (Built on 2025-11-10, Build ID: 1762793321, Profile: release)
[2026-04-01T03:52:43Z INFO  librespot_playback::mixer::softmixer] Mixing with softvol and volume control: Log(60.0)
[2026-04-01T03:52:43Z INFO  librespot_playback::convert] Converting with ditherer: tpdf
[2026-04-01T03:52:43Z INFO  librespot_playback::audio_backend::pipe] Using StdoutSink (pipe) with format: S16
[2026-04-01T03:52:44Z INFO  librespot_core::session] Connecting to AP "ap-gue1.spotify.com:4070"
[2026-04-01T03:52:44Z INFO  librespot_core::session] Authenticated as 'paulster23' !
[2026-04-01T03:52:44Z INFO  librespot_core::session] Country: "US"
[2026-04-01T03:52:45Z INFO  librespot_core::spclient] Resolved "gue1-spclient.spotify.com:443" as spclient access point
[2026-04-01T03:52:45Z INFO  librespot_connect::spirc] active device is <> with session <6426bcd04b0d447db2a412b07521edfa>
[2026-04-01T04:02:51Z INFO  librespot] librespot 0.8.0 VERGEN_IDEMPOTENT_OUTPUT (Built on 2025-11-10, Build ID: 1762793321, Profile: release)
[2026-04-01T04:02:51Z INFO  librespot_playback::mixer::softmixer] Mixing with softvol and volume control: Log(60.0)
[2026-04-01T04:02:51Z INFO  librespot_playback::convert] Converting with ditherer: tpdf
[2026-04-01T04:02:51Z INFO  librespot_playback::audio_backend::pipe] Using StdoutSink (pipe) with format: S16
[2026-04-01T04:02:52Z INFO  librespot_core::session] Connecting to AP "ap-gue1.spotify.com:4070"
[2026-04-01T04:02:52Z INFO  librespot_core::session] Authenticated as 'paulster23' !
[2026-04-01T04:02:52Z INFO  librespot_core::session] Country: "US"
[2026-04-01T04:02:53Z INFO  librespot_core::spclient] Resolved "gue1-spclient.spotify.com:443" as spclient access point
[2026-04-01T04:02:53Z INFO  librespot_connect::spirc] active device is <> with session <6426bcd04b0d447db2a412b07521edfa>
[2026-04-01T04:12:59Z INFO  librespot] librespot 0.8.0 VERGEN_IDEMPOTENT_OUTPUT (Built on 2025-11-10, Build ID: 1762793321, Profile: release)
[2026-04-01T04:12:59Z INFO  librespot_playback::mixer::softmixer] Mixing with softvol and volume control: Log(60.0)
[2026-04-01T04:12:59Z INFO  librespot_playback::convert] Converting with ditherer: tpdf
[2026-04-01T04:12:59Z INFO  librespot_playback::audio_backend::pipe] Using StdoutSink (pipe) with format: S16
[2026-04-01T04:13:00Z INFO  librespot_core::session] Connecting to AP "ap-gue1.spotify.com:4070"
[2026-04-01T04:13:00Z INFO  librespot_core::session] Authenticated as 'paulster23' !
[2026-04-01T04:13:00Z INFO  librespot_core::session] Country: "US"
[2026-04-01T04:13:01Z INFO  librespot_core::spclient] Resolved "gue1-spclient.spotify.com:443" as spclient access point
[2026-04-01T04:13:01Z INFO  librespot_connect::spirc] active device is <> with session <6426bcd04b0d447db2a412b07521edfa>
[2026-04-01T04:23:07Z INFO  librespot] librespot 0.8.0 VERGEN_IDEMPOTENT_OUTPUT (Built on 2025-11-10, Build ID: 1762793321, Profile: release)
[2026-04-01T04:23:07Z INFO  librespot_playback::mixer::softmixer] Mixing with softvol and volume control: Log(60.0)
[2026-04-01T04:23:07Z INFO  librespot_playback::convert] Converting with ditherer: tpdf
[2026-04-01T04:23:07Z INFO  librespot_playback::audio_backend::pipe] Using StdoutSink (pipe) with format: S16
[2026-04-01T04:23:08Z INFO  librespot_core::session] Connecting to AP "ap-gue1.spotify.com:4070"
[2026-04-01T04:23:08Z INFO  librespot_core::session] Authenticated as 'paulster23' !
[2026-04-01T04:23:08Z INFO  librespot_core::session] Country: "US"
[2026-04-01T04:23:09Z INFO  librespot_core::spclient] Resolved "gue1-spclient.spotify.com:443" as spclient access point
[2026-04-01T04:23:09Z INFO  librespot_connect::spirc] active device is <> with session <6426bcd04b0d447db2a412b07521edfa>
[2026-04-01T04:28:21Z ERROR librespot_core::session] Connection to server closed.
[2026-04-01T04:31:12Z WARN  librespot_core::dealer] Websocket peer does not respond.
[2026-04-01T04:31:13Z INFO  librespot_connect::spirc] active device is <e9912ea7d306062891be9d4514485cfccfc5a2d7> with session <3UVSBY9fSrY6qP8fXSLI9v>
[2026-04-01T04:31:13Z WARN  librespot_core::dealer] Websocket connection failed: IO error: peer closed connection without sending TLS close_notify: https://docs.rs/rustls/latest/rustls/manual/_03_howto/index.html#unexpected-eof
[2026-04-01T04:31:13Z WARN  librespot] Spirc shut down unexpectedly
[2026-04-01T04:31:14Z INFO  librespot_core::session] Connecting to AP "ap-gue1.spotify.com:4070"
[2026-04-01T04:31:14Z INFO  librespot_core::session] Authenticated as 'paulster23' !
[2026-04-01T04:31:14Z INFO  librespot_core::session] Country: "US"
[2026-04-01T04:31:14Z INFO  librespot_core::spclient] Resolved "gue1-spclient.spotify.com:443" as spclient access point
[2026-04-01T04:31:15Z INFO  librespot_connect::spirc] active device is <e9912ea7d306062891be9d4514485cfccfc5a2d7> with session <3UVSBY9fSrY6qP8fXSLI9v>
[2026-04-01T04:33:15Z INFO  librespot] librespot 0.8.0 VERGEN_IDEMPOTENT_OUTPUT (Built on 2025-11-10, Build ID: 1762793321, Profile: release)
[2026-04-01T04:33:15Z INFO  librespot_playback::mixer::softmixer] Mixing with softvol and volume control: Log(60.0)
[2026-04-01T04:33:15Z INFO  librespot_playback::convert] Converting with ditherer: tpdf
[2026-04-01T04:33:15Z INFO  librespot_playback::audio_backend::pipe] Using StdoutSink (pipe) with format: S16
[2026-04-01T04:33:16Z INFO  librespot_core::session] Connecting to AP "ap-gue1.spotify.com:4070"
[2026-04-01T04:33:16Z INFO  librespot_core::session] Authenticated as 'paulster23' !
[2026-04-01T04:33:16Z INFO  librespot_core::session] Country: "US"
[2026-04-01T04:33:17Z INFO  librespot_core::spclient] Resolved "gue1-spclient.spotify.com:443" as spclient access point
[2026-04-01T04:33:17Z INFO  librespot_connect::spirc] active device is <e9912ea7d306062891be9d4514485cfccfc5a2d7> with session <3UVSBY9fSrY6qP8fXSLI9v>
[2026-04-01T04:34:20Z WARN  librespot_core::dealer] Websocket peer does not respond.
[2026-04-01T04:34:21Z INFO  librespot_connect::spirc] active device is <e9912ea7d306062891be9d4514485cfccfc5a2d7> with session <3UVSBY9fSrY6qP8fXSLI9v>
[2026-04-01T04:43:23Z INFO  librespot] librespot 0.8.0 VERGEN_IDEMPOTENT_OUTPUT (Built on 2025-11-10, Build ID: 1762793321, Profile: release)
[2026-04-01T04:43:23Z INFO  librespot_playback::mixer::softmixer] Mixing with softvol and volume control: Log(60.0)
[2026-04-01T04:43:23Z INFO  librespot_playback::convert] Converting with ditherer: tpdf
[2026-04-01T04:43:23Z INFO  librespot_playback::audio_backend::pipe] Using StdoutSink (pipe) with format: S16
[2026-04-01T04:43:24Z INFO  librespot_core::session] Connecting to AP "ap-gue1.spotify.com:4070"
[2026-04-01T04:43:29Z WARN  librespot_core::session] Try another access point...
[2026-04-01T04:43:29Z INFO  librespot_core::session] Connecting to AP "ap-gue1.spotify.com:443"
[2026-04-01T04:43:29Z INFO  librespot_core::session] Authenticated as 'paulster23' !
[2026-04-01T04:43:29Z INFO  librespot_core::session] Country: "US"
[2026-04-01T04:43:30Z INFO  librespot_core::spclient] Resolved "gue1-spclient.spotify.com:443" as spclient access point
[2026-04-01T04:43:30Z INFO  librespot_connect::spirc] active device is <e9912ea7d306062891be9d4514485cfccfc5a2d7> with session <3UVSBY9fSrY6qP8fXSLI9v>
[2026-04-01T04:46:03Z WARN  librespot_core::dealer] Websocket peer does not respond.
[2026-04-01T04:46:04Z INFO  librespot_connect::spirc] active device is <e9912ea7d306062891be9d4514485cfccfc5a2d7> with session <3UVSBY9fSrY6qP8fXSLI9v>
[2026-04-01T04:48:21Z ERROR librespot_core::session] Connection to server closed.
[2026-04-01T04:51:43Z WARN  librespot_core::dealer] Websocket connection failed: IO error: peer closed connection without sending TLS close_notify: https://docs.rs/rustls/latest/rustls/manual/_03_howto/index.html#unexpected-eof
[2026-04-01T04:51:43Z WARN  librespot] Spirc shut down unexpectedly
[2026-04-01T04:51:43Z INFO  librespot_core::session] Connecting to AP "ap-gue1.spotify.com:4070"
[2026-04-01T04:51:44Z INFO  librespot_core::session] Authenticated as 'paulster23' !
[2026-04-01T04:51:44Z INFO  librespot_core::session] Country: "US"
[2026-04-01T04:51:44Z INFO  librespot_core::spclient] Resolved "gue1-spclient.spotify.com:443" as spclient access point
[2026-04-01T04:51:45Z INFO  librespot_connect::spirc] active device is <e9912ea7d306062891be9d4514485cfccfc5a2d7> with session <3UVSBY9fSrY6qP8fXSLI9v>
[2026-04-01T04:53:31Z INFO  librespot] librespot 0.8.0 VERGEN_IDEMPOTENT_OUTPUT (Built on 2025-11-10, Build ID: 1762793321, Profile: release)
[2026-04-01T04:53:31Z INFO  librespot_playback::mixer::softmixer] Mixing with softvol and volume control: Log(60.0)
[2026-04-01T04:53:31Z INFO  librespot_playback::convert] Converting with ditherer: tpdf
[2026-04-01T04:53:31Z INFO  librespot_playback::audio_backend::pipe] Using StdoutSink (pipe) with format: S16
[2026-04-01T04:53:32Z INFO  librespot_core::session] Connecting to AP "ap-gue1.spotify.com:4070"
[2026-04-01T04:53:32Z INFO  librespot_core::session] Authenticated as 'paulster23' !
[2026-04-01T04:53:32Z INFO  librespot_core::session] Country: "US"
[2026-04-01T04:53:33Z INFO  librespot_core::spclient] Resolved "gue1-spclient.spotify.com:443" as spclient access point
[2026-04-01T04:53:33Z INFO  librespot_connect::spirc] active device is <> with session <3UVSBY9fSrY6qP8fXSLI9v>
[2026-04-01T05:03:39Z INFO  librespot] librespot 0.8.0 VERGEN_IDEMPOTENT_OUTPUT (Built on 2025-11-10, Build ID: 1762793321, Profile: release)
[2026-04-01T05:03:39Z INFO  librespot_playback::mixer::softmixer] Mixing with softvol and volume control: Log(60.0)
[2026-04-01T05:03:39Z INFO  librespot_playback::convert] Converting with ditherer: tpdf
[2026-04-01T05:03:39Z INFO  librespot_playback::audio_backend::pipe] Using StdoutSink (pipe) with format: S16
[2026-04-01T05:03:40Z INFO  librespot_core::session] Connecting to AP "ap-gue1.spotify.com:4070"
[2026-04-01T05:03:40Z INFO  librespot_core::session] Authenticated as 'paulster23' !
[2026-04-01T05:03:40Z INFO  librespot_core::session] Country: "US"
[2026-04-01T05:03:41Z INFO  librespot_core::spclient] Resolved "gue1-spclient.spotify.com:443" as spclient access point
[2026-04-01T05:03:41Z INFO  librespot_connect::spirc] active device is <> with session <3UVSBY9fSrY6qP8fXSLI9v>
[2026-04-01T05:13:47Z INFO  librespot] librespot 0.8.0 VERGEN_IDEMPOTENT_OUTPUT (Built on 2025-11-10, Build ID: 1762793321, Profile: release)
[2026-04-01T05:13:47Z INFO  librespot_playback::mixer::softmixer] Mixing with softvol and volume control: Log(60.0)
[2026-04-01T05:13:47Z INFO  librespot_playback::convert] Converting with ditherer: tpdf
[2026-04-01T05:13:47Z INFO  librespot_playback::audio_backend::pipe] Using StdoutSink (pipe) with format: S16
[2026-04-01T05:13:48Z INFO  librespot_core::session] Connecting to AP "ap-gue1.spotify.com:4070"
[2026-04-01T05:13:48Z INFO  librespot_core::session] Authenticated as 'paulster23' !
[2026-04-01T05:13:48Z INFO  librespot_core::session] Country: "US"
[2026-04-01T05:13:49Z INFO  librespot_core::spclient] Resolved "gue1-spclient.spotify.com:443" as spclient access point
[2026-04-01T05:13:49Z INFO  librespot_connect::spirc] active device is <> with session <3UVSBY9fSrY6qP8fXSLI9v>
[2026-04-01T05:23:55Z INFO  librespot] librespot 0.8.0 VERGEN_IDEMPOTENT_OUTPUT (Built on 2025-11-10, Build ID: 1762793321, Profile: release)
[2026-04-01T05:23:55Z INFO  librespot_playback::mixer::softmixer] Mixing with softvol and volume control: Log(60.0)
[2026-04-01T05:23:55Z INFO  librespot_playback::convert] Converting with ditherer: tpdf
[2026-04-01T05:23:55Z INFO  librespot_playback::audio_backend::pipe] Using StdoutSink (pipe) with format: S16
[2026-04-01T05:23:56Z INFO  librespot_core::session] Connecting to AP "ap-gue1.spotify.com:4070"
[2026-04-01T05:23:56Z INFO  librespot_core::session] Authenticated as 'paulster23' !
[2026-04-01T05:23:56Z INFO  librespot_core::session] Country: "US"
[2026-04-01T05:23:57Z INFO  librespot_core::spclient] Resolved "gue1-spclient.spotify.com:443" as spclient access point
[2026-04-01T05:23:57Z INFO  librespot_connect::spirc] active device is <> with session <3UVSBY9fSrY6qP8fXSLI9v>
[2026-04-01T05:34:03Z INFO  librespot] librespot 0.8.0 VERGEN_IDEMPOTENT_OUTPUT (Built on 2025-11-10, Build ID: 1762793321, Profile: release)
[2026-04-01T05:34:03Z INFO  librespot_playback::mixer::softmixer] Mixing with softvol and volume control: Log(60.0)
[2026-04-01T05:34:03Z INFO  librespot_playback::convert] Converting with ditherer: tpdf
[2026-04-01T05:34:03Z INFO  librespot_playback::audio_backend::pipe] Using StdoutSink (pipe) with format: S16
[2026-04-01T05:34:04Z INFO  librespot_core::session] Connecting to AP "ap-gue1.spotify.com:4070"
[2026-04-01T05:34:04Z INFO  librespot_core::session] Authenticated as 'paulster23' !
[2026-04-01T05:34:04Z INFO  librespot_core::session] Country: "US"
[2026-04-01T05:34:05Z INFO  librespot_core::spclient] Resolved "gue1-spclient.spotify.com:443" as spclient access point
[2026-04-01T05:34:05Z INFO  librespot_connect::spirc] active device is <> with session <3UVSBY9fSrY6qP8fXSLI9v>
[2026-04-01T05:44:11Z INFO  librespot] librespot 0.8.0 VERGEN_IDEMPOTENT_OUTPUT (Built on 2025-11-10, Build ID: 1762793321, Profile: release)
[2026-04-01T05:44:11Z INFO  librespot_playback::mixer::softmixer] Mixing with softvol and volume control: Log(60.0)
[2026-04-01T05:44:11Z INFO  librespot_playback::convert] Converting with ditherer: tpdf
[2026-04-01T05:44:11Z INFO  librespot_playback::audio_backend::pipe] Using StdoutSink (pipe) with format: S16
[2026-04-01T05:44:12Z INFO  librespot_core::session] Connecting to AP "ap-gue1.spotify.com:4070"
[2026-04-01T05:44:12Z INFO  librespot_core::session] Authenticated as 'paulster23' !
[2026-04-01T05:44:12Z INFO  librespot_core::session] Country: "US"
[2026-04-01T05:44:13Z INFO  librespot_core::spclient] Resolved "gue1-spclient.spotify.com:443" as spclient access point
[2026-04-01T05:44:13Z INFO  librespot_connect::spirc] active device is <> with session <3UVSBY9fSrY6qP8fXSLI9v>
[2026-04-01T05:54:19Z INFO  librespot] librespot 0.8.0 VERGEN_IDEMPOTENT_OUTPUT (Built on 2025-11-10, Build ID: 1762793321, Profile: release)
[2026-04-01T05:54:19Z INFO  librespot_playback::mixer::softmixer] Mixing with softvol and volume control: Log(60.0)
[2026-04-01T05:54:19Z INFO  librespot_playback::convert] Converting with ditherer: tpdf
[2026-04-01T05:54:19Z INFO  librespot_playback::audio_backend::pipe] Using StdoutSink (pipe) with format: S16
[2026-04-01T05:54:20Z INFO  librespot_core::session] Connecting to AP "ap-gue1.spotify.com:4070"
[2026-04-01T05:54:20Z INFO  librespot_core::session] Authenticated as 'paulster23' !
[2026-04-01T05:54:20Z INFO  librespot_core::session] Country: "US"
[2026-04-01T05:54:21Z INFO  librespot_core::spclient] Resolved "gue1-spclient.spotify.com:443" as spclient access point
[2026-04-01T05:54:21Z INFO  librespot_connect::spirc] active device is <> with session <3UVSBY9fSrY6qP8fXSLI9v>
[2026-04-01T05:57:54Z WARN  librespot_core::dealer] Websocket peer does not respond.
[2026-04-01T05:57:55Z INFO  librespot_connect::spirc] active device is <> with session <3UVSBY9fSrY6qP8fXSLI9v>
[2026-04-01T06:04:27Z INFO  librespot] librespot 0.8.0 VERGEN_IDEMPOTENT_OUTPUT (Built on 2025-11-10, Build ID: 1762793321, Profile: release)
[2026-04-01T06:04:27Z INFO  librespot_playback::mixer::softmixer] Mixing with softvol and volume control: Log(60.0)
[2026-04-01T06:04:27Z INFO  librespot_playback::convert] Converting with ditherer: tpdf
[2026-04-01T06:04:27Z INFO  librespot_playback::audio_backend::pipe] Using StdoutSink (pipe) with format: S16
[2026-04-01T06:04:28Z INFO  librespot_core::session] Connecting to AP "ap-gue1.spotify.com:4070"
[2026-04-01T06:04:28Z INFO  librespot_core::session] Authenticated as 'paulster23' !
[2026-04-01T06:04:28Z INFO  librespot_core::session] Country: "US"
[2026-04-01T06:04:29Z INFO  librespot_core::spclient] Resolved "gue1-spclient.spotify.com:443" as spclient access point
[2026-04-01T06:04:29Z INFO  librespot_connect::spirc] active device is <> with session <3UVSBY9fSrY6qP8fXSLI9v>
[2026-04-01T06:14:35Z INFO  librespot] librespot 0.8.0 VERGEN_IDEMPOTENT_OUTPUT (Built on 2025-11-10, Build ID: 1762793321, Profile: release)
[2026-04-01T06:14:35Z INFO  librespot_playback::mixer::softmixer] Mixing with softvol and volume control: Log(60.0)
[2026-04-01T06:14:35Z INFO  librespot_playback::convert] Converting with ditherer: tpdf
[2026-04-01T06:14:35Z INFO  librespot_playback::audio_backend::pipe] Using StdoutSink (pipe) with format: S16
[2026-04-01T06:14:36Z INFO  librespot_core::session] Connecting to AP "ap-gue1.spotify.com:4070"
[2026-04-01T06:14:36Z INFO  librespot_core::session] Authenticated as 'paulster23' !
[2026-04-01T06:14:36Z INFO  librespot_core::session] Country: "US"
[2026-04-01T06:14:37Z INFO  librespot_core::spclient] Resolved "gue1-spclient.spotify.com:443" as spclient access point
[2026-04-01T06:14:37Z INFO  librespot_connect::spirc] active device is <> with session <3UVSBY9fSrY6qP8fXSLI9v>
[2026-04-01T06:24:43Z INFO  librespot] librespot 0.8.0 VERGEN_IDEMPOTENT_OUTPUT (Built on 2025-11-10, Build ID: 1762793321, Profile: release)
[2026-04-01T06:24:43Z INFO  librespot_playback::mixer::softmixer] Mixing with softvol and volume control: Log(60.0)
[2026-04-01T06:24:43Z INFO  librespot_playback::convert] Converting with ditherer: tpdf
[2026-04-01T06:24:43Z INFO  librespot_playback::audio_backend::pipe] Using StdoutSink (pipe) with format: S16
[2026-04-01T06:24:44Z INFO  librespot_core::session] Connecting to AP "ap-gue1.spotify.com:4070"
[2026-04-01T06:24:44Z INFO  librespot_core::session] Authenticated as 'paulster23' !
[2026-04-01T06:24:44Z INFO  librespot_core::session] Country: "US"
[2026-04-01T06:24:45Z INFO  librespot_core::spclient] Resolved "gue1-spclient.spotify.com:443" as spclient access point
[2026-04-01T06:24:45Z INFO  librespot_connect::spirc] active device is <> with session <3UVSBY9fSrY6qP8fXSLI9v>
[2026-04-01T06:34:51Z INFO  librespot] librespot 0.8.0 VERGEN_IDEMPOTENT_OUTPUT (Built on 2025-11-10, Build ID: 1762793321, Profile: release)
[2026-04-01T06:34:51Z INFO  librespot_playback::mixer::softmixer] Mixing with softvol and volume control: Log(60.0)
[2026-04-01T06:34:51Z INFO  librespot_playback::convert] Converting with ditherer: tpdf
[2026-04-01T06:34:51Z INFO  librespot_playback::audio_backend::pipe] Using StdoutSink (pipe) with format: S16
[2026-04-01T06:34:52Z INFO  librespot_core::session] Connecting to AP "ap-gue1.spotify.com:4070"
[2026-04-01T06:34:52Z INFO  librespot_core::session] Authenticated as 'paulster23' !
[2026-04-01T06:34:52Z INFO  librespot_core::session] Country: "US"
[2026-04-01T06:34:53Z INFO  librespot_core::spclient] Resolved "gue1-spclient.spotify.com:443" as spclient access point
[2026-04-01T06:34:53Z INFO  librespot_connect::spirc] active device is <> with session <3UVSBY9fSrY6qP8fXSLI9v>
[2026-04-01T06:44:59Z INFO  librespot] librespot 0.8.0 VERGEN_IDEMPOTENT_OUTPUT (Built on 2025-11-10, Build ID: 1762793321, Profile: release)
[2026-04-01T06:44:59Z INFO  librespot_playback::mixer::softmixer] Mixing with softvol and volume control: Log(60.0)
[2026-04-01T06:44:59Z INFO  librespot_playback::convert] Converting with ditherer: tpdf
[2026-04-01T06:44:59Z INFO  librespot_playback::audio_backend::pipe] Using StdoutSink (pipe) with format: S16
[2026-04-01T06:45:00Z INFO  librespot_core::session] Connecting to AP "ap-gue1.spotify.com:4070"
[2026-04-01T06:45:00Z INFO  librespot_core::session] Authenticated as 'paulster23' !
[2026-04-01T06:45:00Z INFO  librespot_core::session] Country: "US"
[2026-04-01T06:45:01Z INFO  librespot_core::spclient] Resolved "gue1-spclient.spotify.com:443" as spclient access point
[2026-04-01T06:45:01Z INFO  librespot_connect::spirc] active device is <> with session <3UVSBY9fSrY6qP8fXSLI9v>
[2026-04-01T06:53:01Z ERROR librespot_core::session] Connection to server closed.
[2026-04-01T06:55:08Z INFO  librespot] librespot 0.8.0 VERGEN_IDEMPOTENT_OUTPUT (Built on 2025-11-10, Build ID: 1762793321, Profile: release)
[2026-04-01T06:55:08Z INFO  librespot_playback::mixer::softmixer] Mixing with softvol and volume control: Log(60.0)
[2026-04-01T06:55:08Z INFO  librespot_playback::convert] Converting with ditherer: tpdf
[2026-04-01T06:55:08Z INFO  librespot_playback::audio_backend::pipe] Using StdoutSink (pipe) with format: S16
[2026-04-01T06:55:08Z INFO  librespot_core::session] Connecting to AP "ap-gue1.spotify.com:4070"
[2026-04-01T06:55:09Z INFO  librespot_core::session] Authenticated as 'paulster23' !
[2026-04-01T06:55:09Z INFO  librespot_core::session] Country: "US"
[2026-04-01T06:55:09Z INFO  librespot_core::spclient] Resolved "gue1-spclient.spotify.com:443" as spclient access point
[2026-04-01T06:55:10Z INFO  librespot_connect::spirc] active device is <> with session <3UVSBY9fSrY6qP8fXSLI9v>
[2026-04-01T07:05:16Z INFO  librespot] librespot 0.8.0 VERGEN_IDEMPOTENT_OUTPUT (Built on 2025-11-10, Build ID: 1762793321, Profile: release)
[2026-04-01T07:05:16Z INFO  librespot_playback::mixer::softmixer] Mixing with softvol and volume control: Log(60.0)
[2026-04-01T07:05:16Z INFO  librespot_playback::convert] Converting with ditherer: tpdf
[2026-04-01T07:05:16Z INFO  librespot_playback::audio_backend::pipe] Using StdoutSink (pipe) with format: S16
[2026-04-01T07:05:16Z INFO  librespot_core::session] Connecting to AP "ap-gue1.spotify.com:4070"
[2026-04-01T07:05:17Z INFO  librespot_core::session] Authenticated as 'paulster23' !
[2026-04-01T07:05:17Z INFO  librespot_core::session] Country: "US"
[2026-04-01T07:05:17Z INFO  librespot_core::spclient] Resolved "gue1-spclient.spotify.com:443" as spclient access point
[2026-04-01T07:05:17Z INFO  librespot_connect::spirc] active device is <> with session <3UVSBY9fSrY6qP8fXSLI9v>
[2026-04-01T07:15:24Z INFO  librespot] librespot 0.8.0 VERGEN_IDEMPOTENT_OUTPUT (Built on 2025-11-10, Build ID: 1762793321, Profile: release)
[2026-04-01T07:15:24Z INFO  librespot_playback::mixer::softmixer] Mixing with softvol and volume control: Log(60.0)
[2026-04-01T07:15:24Z INFO  librespot_playback::convert] Converting with ditherer: tpdf
[2026-04-01T07:15:24Z INFO  librespot_playback::audio_backend::pipe] Using StdoutSink (pipe) with format: S16
[2026-04-01T07:15:25Z INFO  librespot_core::session] Connecting to AP "ap-gue1.spotify.com:4070"
[2026-04-01T07:15:25Z INFO  librespot_core::session] Authenticated as 'paulster23' !
[2026-04-01T07:15:25Z INFO  librespot_core::session] Country: "US"
[2026-04-01T07:15:25Z INFO  librespot_core::spclient] Resolved "gue1-spclient.spotify.com:443" as spclient access point
[2026-04-01T07:15:26Z INFO  librespot_connect::spirc] active device is <> with session <3UVSBY9fSrY6qP8fXSLI9v>
[2026-04-01T07:25:32Z INFO  librespot] librespot 0.8.0 VERGEN_IDEMPOTENT_OUTPUT (Built on 2025-11-10, Build ID: 1762793321, Profile: release)
[2026-04-01T07:25:32Z INFO  librespot_playback::mixer::softmixer] Mixing with softvol and volume control: Log(60.0)
[2026-04-01T07:25:32Z INFO  librespot_playback::convert] Converting with ditherer: tpdf
[2026-04-01T07:25:32Z INFO  librespot_playback::audio_backend::pipe] Using StdoutSink (pipe) with format: S16
[2026-04-01T07:25:32Z INFO  librespot_core::session] Connecting to AP "ap-gue1.spotify.com:4070"
[2026-04-01T07:25:32Z INFO  librespot_core::session] Authenticated as 'paulster23' !
[2026-04-01T07:25:32Z INFO  librespot_core::session] Country: "US"
[2026-04-01T07:25:33Z INFO  librespot_core::spclient] Resolved "gue1-spclient.spotify.com:443" as spclient access point
[2026-04-01T07:25:33Z INFO  librespot_connect::spirc] active device is <> with session <3UVSBY9fSrY6qP8fXSLI9v>
[2026-04-01T07:35:40Z INFO  librespot] librespot 0.8.0 VERGEN_IDEMPOTENT_OUTPUT (Built on 2025-11-10, Build ID: 1762793321, Profile: release)
[2026-04-01T07:35:40Z INFO  librespot_playback::mixer::softmixer] Mixing with softvol and volume control: Log(60.0)
[2026-04-01T07:35:40Z INFO  librespot_playback::convert] Converting with ditherer: tpdf
[2026-04-01T07:35:40Z INFO  librespot_playback::audio_backend::pipe] Using StdoutSink (pipe) with format: S16
[2026-04-01T07:35:40Z INFO  librespot_core::session] Connecting to AP "ap-gue1.spotify.com:4070"
[2026-04-01T07:35:41Z INFO  librespot_core::session] Authenticated as 'paulster23' !
[2026-04-01T07:35:41Z INFO  librespot_core::session] Country: "US"
[2026-04-01T07:35:41Z INFO  librespot_core::spclient] Resolved "gue1-spclient.spotify.com:443" as spclient access point
[2026-04-01T07:35:41Z INFO  librespot_connect::spirc] active device is <> with session <3UVSBY9fSrY6qP8fXSLI9v>
[2026-04-01T07:45:48Z INFO  librespot] librespot 0.8.0 VERGEN_IDEMPOTENT_OUTPUT (Built on 2025-11-10, Build ID: 1762793321, Profile: release)
[2026-04-01T07:45:48Z INFO  librespot_playback::mixer::softmixer] Mixing with softvol and volume control: Log(60.0)
[2026-04-01T07:45:48Z INFO  librespot_playback::convert] Converting with ditherer: tpdf
[2026-04-01T07:45:48Z INFO  librespot_playback::audio_backend::pipe] Using StdoutSink (pipe) with format: S16
[2026-04-01T07:45:48Z INFO  librespot_core::session] Connecting to AP "ap-gue1.spotify.com:4070"
[2026-04-01T07:45:49Z INFO  librespot_core::session] Authenticated as 'paulster23' !
[2026-04-01T07:45:49Z INFO  librespot_core::session] Country: "US"
[2026-04-01T07:45:49Z INFO  librespot_core::spclient] Resolved "gue1-spclient.spotify.com:443" as spclient access point
[2026-04-01T07:45:49Z INFO  librespot_connect::spirc] active device is <> with session <3UVSBY9fSrY6qP8fXSLI9v>
[2026-04-01T07:55:56Z INFO  librespot] librespot 0.8.0 VERGEN_IDEMPOTENT_OUTPUT (Built on 2025-11-10, Build ID: 1762793321, Profile: release)
[2026-04-01T07:55:56Z INFO  librespot_playback::mixer::softmixer] Mixing with softvol and volume control: Log(60.0)
[2026-04-01T07:55:56Z INFO  librespot_playback::convert] Converting with ditherer: tpdf
[2026-04-01T07:55:56Z INFO  librespot_playback::audio_backend::pipe] Using StdoutSink (pipe) with format: S16
[2026-04-01T07:55:56Z INFO  librespot_core::session] Connecting to AP "ap-gue1.spotify.com:4070"
[2026-04-01T07:55:57Z INFO  librespot_core::session] Authenticated as 'paulster23' !
[2026-04-01T07:55:57Z INFO  librespot_core::session] Country: "US"
[2026-04-01T07:55:57Z INFO  librespot_core::spclient] Resolved "gue1-spclient.spotify.com:443" as spclient access point
[2026-04-01T07:55:57Z INFO  librespot_connect::spirc] active device is <> with session <3UVSBY9fSrY6qP8fXSLI9v>
[2026-04-01T08:06:04Z INFO  librespot] librespot 0.8.0 VERGEN_IDEMPOTENT_OUTPUT (Built on 2025-11-10, Build ID: 1762793321, Profile: release)
[2026-04-01T08:06:04Z INFO  librespot_playback::mixer::softmixer] Mixing with softvol and volume control: Log(60.0)
[2026-04-01T08:06:04Z INFO  librespot_playback::convert] Converting with ditherer: tpdf
[2026-04-01T08:06:04Z INFO  librespot_playback::audio_backend::pipe] Using StdoutSink (pipe) with format: S16
[2026-04-01T08:06:05Z INFO  librespot_core::session] Connecting to AP "ap-gue1.spotify.com:4070"
[2026-04-01T08:06:05Z INFO  librespot_core::session] Authenticated as 'paulster23' !
[2026-04-01T08:06:05Z INFO  librespot_core::session] Country: "US"
[2026-04-01T08:06:05Z INFO  librespot_core::spclient] Resolved "gue1-spclient.spotify.com:443" as spclient access point
[2026-04-01T08:06:06Z INFO  librespot_connect::spirc] active device is <> with session <3UVSBY9fSrY6qP8fXSLI9v>
[2026-04-01T08:16:12Z INFO  librespot] librespot 0.8.0 VERGEN_IDEMPOTENT_OUTPUT (Built on 2025-11-10, Build ID: 1762793321, Profile: release)
[2026-04-01T08:16:12Z INFO  librespot_playback::mixer::softmixer] Mixing with softvol and volume control: Log(60.0)
[2026-04-01T08:16:12Z INFO  librespot_playback::convert] Converting with ditherer: tpdf
[2026-04-01T08:16:12Z INFO  librespot_playback::audio_backend::pipe] Using StdoutSink (pipe) with format: S16
[2026-04-01T08:16:13Z INFO  librespot_core::session] Connecting to AP "ap-gue1.spotify.com:4070"
[2026-04-01T08:16:13Z INFO  librespot_core::session] Authenticated as 'paulster23' !
[2026-04-01T08:16:13Z INFO  librespot_core::session] Country: "US"
[2026-04-01T08:16:14Z INFO  librespot_core::spclient] Resolved "gue1-spclient.spotify.com:443" as spclient access point
[2026-04-01T08:16:14Z INFO  librespot_connect::spirc] active device is <> with session <3UVSBY9fSrY6qP8fXSLI9v>
[2026-04-01T08:26:20Z INFO  librespot] librespot 0.8.0 VERGEN_IDEMPOTENT_OUTPUT (Built on 2025-11-10, Build ID: 1762793321, Profile: release)
[2026-04-01T08:26:20Z INFO  librespot_playback::mixer::softmixer] Mixing with softvol and volume control: Log(60.0)
[2026-04-01T08:26:20Z INFO  librespot_playback::convert] Converting with ditherer: tpdf
[2026-04-01T08:26:20Z INFO  librespot_playback::audio_backend::pipe] Using StdoutSink (pipe) with format: S16
[2026-04-01T08:26:21Z INFO  librespot_core::session] Connecting to AP "ap-gue1.spotify.com:4070"
[2026-04-01T08:26:21Z INFO  librespot_core::session] Authenticated as 'paulster23' !
[2026-04-01T08:26:21Z INFO  librespot_core::session] Country: "US"
[2026-04-01T08:26:21Z INFO  librespot_core::spclient] Resolved "gue1-spclient.spotify.com:443" as spclient access point
[2026-04-01T08:26:21Z INFO  librespot_connect::spirc] active device is <> with session <3UVSBY9fSrY6qP8fXSLI9v>
[2026-04-01T08:36:28Z INFO  librespot] librespot 0.8.0 VERGEN_IDEMPOTENT_OUTPUT (Built on 2025-11-10, Build ID: 1762793321, Profile: release)
[2026-04-01T08:36:28Z INFO  librespot_playback::mixer::softmixer] Mixing with softvol and volume control: Log(60.0)
[2026-04-01T08:36:28Z INFO  librespot_playback::convert] Converting with ditherer: tpdf
[2026-04-01T08:36:28Z INFO  librespot_playback::audio_backend::pipe] Using StdoutSink (pipe) with format: S16
[2026-04-01T08:36:28Z INFO  librespot_core::session] Connecting to AP "ap-gue1.spotify.com:4070"
[2026-04-01T08:36:29Z INFO  librespot_core::session] Authenticated as 'paulster23' !
[2026-04-01T08:36:29Z INFO  librespot_core::session] Country: "US"
[2026-04-01T08:36:29Z INFO  librespot_core::spclient] Resolved "gue1-spclient.spotify.com:443" as spclient access point
[2026-04-01T08:36:30Z INFO  librespot_connect::spirc] active device is <> with session <3UVSBY9fSrY6qP8fXSLI9v>
[2026-04-01T08:46:36Z INFO  librespot] librespot 0.8.0 VERGEN_IDEMPOTENT_OUTPUT (Built on 2025-11-10, Build ID: 1762793321, Profile: release)
[2026-04-01T08:46:36Z INFO  librespot_playback::mixer::softmixer] Mixing with softvol and volume control: Log(60.0)
[2026-04-01T08:46:36Z INFO  librespot_playback::convert] Converting with ditherer: tpdf
[2026-04-01T08:46:36Z INFO  librespot_playback::audio_backend::pipe] Using StdoutSink (pipe) with format: S16
[2026-04-01T08:46:37Z INFO  librespot_core::session] Connecting to AP "ap-gue1.spotify.com:4070"
[2026-04-01T08:46:37Z INFO  librespot_core::session] Authenticated as 'paulster23' !
[2026-04-01T08:46:37Z INFO  librespot_core::session] Country: "US"
[2026-04-01T08:46:38Z INFO  librespot_core::spclient] Resolved "gue1-spclient.spotify.com:443" as spclient access point
[2026-04-01T08:46:38Z INFO  librespot_connect::spirc] active device is <> with session <3UVSBY9fSrY6qP8fXSLI9v>
[2026-04-01T08:49:37Z ERROR librespot_core::session] Connection to server closed.
[2026-04-01T08:54:38Z WARN  librespot_core::dealer] Websocket connection failed: IO error: peer closed connection without sending TLS close_notify: https://docs.rs/rustls/latest/rustls/manual/_03_howto/index.html#unexpected-eof
[2026-04-01T08:54:38Z WARN  librespot] Spirc shut down unexpectedly
[2026-04-01T08:54:38Z INFO  librespot_core::session] Connecting to AP "ap-gue1.spotify.com:4070"
[2026-04-01T08:54:38Z INFO  librespot_core::session] Authenticated as 'paulster23' !
[2026-04-01T08:54:39Z INFO  librespot_core::session] Country: "US"
[2026-04-01T08:54:39Z INFO  librespot_core::spclient] Resolved "gue1-spclient.spotify.com:443" as spclient access point
[2026-04-01T08:54:39Z INFO  librespot_connect::spirc] active device is <> with session <3UVSBY9fSrY6qP8fXSLI9v>
[2026-04-01T08:56:44Z INFO  librespot] librespot 0.8.0 VERGEN_IDEMPOTENT_OUTPUT (Built on 2025-11-10, Build ID: 1762793321, Profile: release)
[2026-04-01T08:56:44Z INFO  librespot_playback::mixer::softmixer] Mixing with softvol and volume control: Log(60.0)
[2026-04-01T08:56:44Z INFO  librespot_playback::convert] Converting with ditherer: tpdf
[2026-04-01T08:56:44Z INFO  librespot_playback::audio_backend::pipe] Using StdoutSink (pipe) with format: S16
[2026-04-01T08:56:45Z INFO  librespot_core::session] Connecting to AP "ap-gue1.spotify.com:4070"
[2026-04-01T08:56:45Z INFO  librespot_core::session] Authenticated as 'paulster23' !
[2026-04-01T08:56:45Z INFO  librespot_core::session] Country: "US"
[2026-04-01T08:56:45Z INFO  librespot_core::spclient] Resolved "gue1-spclient.spotify.com:443" as spclient access point
[2026-04-01T08:56:46Z INFO  librespot_connect::spirc] active device is <> with session <3UVSBY9fSrY6qP8fXSLI9v>
[2026-04-01T09:06:52Z INFO  librespot] librespot 0.8.0 VERGEN_IDEMPOTENT_OUTPUT (Built on 2025-11-10, Build ID: 1762793321, Profile: release)
[2026-04-01T09:06:52Z INFO  librespot_playback::mixer::softmixer] Mixing with softvol and volume control: Log(60.0)
[2026-04-01T09:06:52Z INFO  librespot_playback::convert] Converting with ditherer: tpdf
[2026-04-01T09:06:52Z INFO  librespot_playback::audio_backend::pipe] Using StdoutSink (pipe) with format: S16
[2026-04-01T09:06:53Z INFO  librespot_core::session] Connecting to AP "ap-gue1.spotify.com:4070"
[2026-04-01T09:06:53Z INFO  librespot_core::session] Authenticated as 'paulster23' !
[2026-04-01T09:06:53Z INFO  librespot_core::session] Country: "US"
[2026-04-01T09:06:53Z INFO  librespot_core::spclient] Resolved "gue1-spclient.spotify.com:443" as spclient access point
[2026-04-01T09:06:54Z INFO  librespot_connect::spirc] active device is <> with session <3UVSBY9fSrY6qP8fXSLI9v>
[2026-04-01T09:17:00Z INFO  librespot] librespot 0.8.0 VERGEN_IDEMPOTENT_OUTPUT (Built on 2025-11-10, Build ID: 1762793321, Profile: release)
[2026-04-01T09:17:00Z INFO  librespot_playback::mixer::softmixer] Mixing with softvol and volume control: Log(60.0)
[2026-04-01T09:17:00Z INFO  librespot_playback::convert] Converting with ditherer: tpdf
[2026-04-01T09:17:00Z INFO  librespot_playback::audio_backend::pipe] Using StdoutSink (pipe) with format: S16
[2026-04-01T09:17:01Z INFO  librespot_core::session] Connecting to AP "ap-gue1.spotify.com:4070"
[2026-04-01T09:17:01Z INFO  librespot_core::session] Authenticated as 'paulster23' !
[2026-04-01T09:17:01Z INFO  librespot_core::session] Country: "US"
[2026-04-01T09:17:02Z INFO  librespot_core::spclient] Resolved "gue1-spclient.spotify.com:443" as spclient access point
[2026-04-01T09:17:02Z INFO  librespot_connect::spirc] active device is <> with session <3UVSBY9fSrY6qP8fXSLI9v>
[2026-04-01T09:27:08Z INFO  librespot] librespot 0.8.0 VERGEN_IDEMPOTENT_OUTPUT (Built on 2025-11-10, Build ID: 1762793321, Profile: release)
[2026-04-01T09:27:08Z INFO  librespot_playback::mixer::softmixer] Mixing with softvol and volume control: Log(60.0)
[2026-04-01T09:27:08Z INFO  librespot_playback::convert] Converting with ditherer: tpdf
[2026-04-01T09:27:08Z INFO  librespot_playback::audio_backend::pipe] Using StdoutSink (pipe) with format: S16
[2026-04-01T09:27:09Z INFO  librespot_core::session] Connecting to AP "ap-gue1.spotify.com:4070"
[2026-04-01T09:27:09Z INFO  librespot_core::session] Authenticated as 'paulster23' !
[2026-04-01T09:27:09Z INFO  librespot_core::session] Country: "US"
[2026-04-01T09:27:10Z INFO  librespot_core::spclient] Resolved "gue1-spclient.spotify.com:443" as spclient access point
[2026-04-01T09:27:10Z INFO  librespot_connect::spirc] active device is <> with session <3UVSBY9fSrY6qP8fXSLI9v>
[2026-04-01T09:37:16Z INFO  librespot] librespot 0.8.0 VERGEN_IDEMPOTENT_OUTPUT (Built on 2025-11-10, Build ID: 1762793321, Profile: release)
[2026-04-01T09:37:16Z INFO  librespot_playback::mixer::softmixer] Mixing with softvol and volume control: Log(60.0)
[2026-04-01T09:37:16Z INFO  librespot_playback::convert] Converting with ditherer: tpdf
[2026-04-01T09:37:16Z INFO  librespot_playback::audio_backend::pipe] Using StdoutSink (pipe) with format: S16
[2026-04-01T09:37:17Z INFO  librespot_core::session] Connecting to AP "ap-gue1.spotify.com:4070"
[2026-04-01T09:37:17Z INFO  librespot_core::session] Authenticated as 'paulster23' !
[2026-04-01T09:37:17Z INFO  librespot_core::session] Country: "US"
[2026-04-01T09:37:18Z INFO  librespot_core::spclient] Resolved "gue1-spclient.spotify.com:443" as spclient access point
[2026-04-01T09:37:18Z INFO  librespot_connect::spirc] active device is <> with session <3UVSBY9fSrY6qP8fXSLI9v>
[2026-04-01T09:47:24Z INFO  librespot] librespot 0.8.0 VERGEN_IDEMPOTENT_OUTPUT (Built on 2025-11-10, Build ID: 1762793321, Profile: release)
[2026-04-01T09:47:24Z INFO  librespot_playback::mixer::softmixer] Mixing with softvol and volume control: Log(60.0)
[2026-04-01T09:47:24Z INFO  librespot_playback::convert] Converting with ditherer: tpdf
[2026-04-01T09:47:24Z INFO  librespot_playback::audio_backend::pipe] Using StdoutSink (pipe) with format: S16
[2026-04-01T09:47:25Z INFO  librespot_core::session] Connecting to AP "ap-gue1.spotify.com:4070"
[2026-04-01T09:47:25Z INFO  librespot_core::session] Authenticated as 'paulster23' !
[2026-04-01T09:47:25Z INFO  librespot_core::session] Country: "US"
[2026-04-01T09:47:26Z INFO  librespot_core::spclient] Resolved "gue1-spclient.spotify.com:443" as spclient access point
[2026-04-01T09:47:26Z INFO  librespot_connect::spirc] active device is <> with session <3UVSBY9fSrY6qP8fXSLI9v>
[2026-04-01T09:57:32Z INFO  librespot] librespot 0.8.0 VERGEN_IDEMPOTENT_OUTPUT (Built on 2025-11-10, Build ID: 1762793321, Profile: release)
[2026-04-01T09:57:32Z INFO  librespot_playback::mixer::softmixer] Mixing with softvol and volume control: Log(60.0)
[2026-04-01T09:57:32Z INFO  librespot_playback::convert] Converting with ditherer: tpdf
[2026-04-01T09:57:32Z INFO  librespot_playback::audio_backend::pipe] Using StdoutSink (pipe) with format: S16
[2026-04-01T09:57:33Z INFO  librespot_core::session] Connecting to AP "ap-gue1.spotify.com:4070"
[2026-04-01T09:57:33Z INFO  librespot_core::session] Authenticated as 'paulster23' !
[2026-04-01T09:57:33Z INFO  librespot_core::session] Country: "US"
[2026-04-01T09:57:34Z INFO  librespot_core::spclient] Resolved "gue1-spclient.spotify.com:443" as spclient access point
[2026-04-01T09:57:34Z INFO  librespot_connect::spirc] active device is <> with session <3UVSBY9fSrY6qP8fXSLI9v>
[2026-04-01T10:07:40Z INFO  librespot] librespot 0.8.0 VERGEN_IDEMPOTENT_OUTPUT (Built on 2025-11-10, Build ID: 1762793321, Profile: release)
[2026-04-01T10:07:40Z INFO  librespot_playback::mixer::softmixer] Mixing with softvol and volume control: Log(60.0)
[2026-04-01T10:07:40Z INFO  librespot_playback::convert] Converting with ditherer: tpdf
[2026-04-01T10:07:40Z INFO  librespot_playback::audio_backend::pipe] Using StdoutSink (pipe) with format: S16
[2026-04-01T10:07:41Z INFO  librespot_core::session] Connecting to AP "ap-gue1.spotify.com:4070"
[2026-04-01T10:07:41Z INFO  librespot_core::session] Authenticated as 'paulster23' !
[2026-04-01T10:07:41Z INFO  librespot_core::session] Country: "US"
[2026-04-01T10:07:42Z INFO  librespot_core::spclient] Resolved "gue1-spclient.spotify.com:443" as spclient access point
[2026-04-01T10:07:42Z INFO  librespot_connect::spirc] active device is <> with session <3UVSBY9fSrY6qP8fXSLI9v>
[2026-04-01T10:17:48Z INFO  librespot] librespot 0.8.0 VERGEN_IDEMPOTENT_OUTPUT (Built on 2025-11-10, Build ID: 1762793321, Profile: release)
[2026-04-01T10:17:48Z INFO  librespot_playback::mixer::softmixer] Mixing with softvol and volume control: Log(60.0)
[2026-04-01T10:17:48Z INFO  librespot_playback::convert] Converting with ditherer: tpdf
[2026-04-01T10:17:48Z INFO  librespot_playback::audio_backend::pipe] Using StdoutSink (pipe) with format: S16
[2026-04-01T10:17:49Z INFO  librespot_core::session] Connecting to AP "ap-gue1.spotify.com:4070"
[2026-04-01T10:17:49Z INFO  librespot_core::session] Authenticated as 'paulster23' !
[2026-04-01T10:17:49Z INFO  librespot_core::session] Country: "US"
[2026-04-01T10:17:50Z INFO  librespot_core::spclient] Resolved "gue1-spclient.spotify.com:443" as spclient access point
[2026-04-01T10:17:50Z INFO  librespot_connect::spirc] active device is <> with session <3UVSBY9fSrY6qP8fXSLI9v>
[2026-04-01T10:27:56Z INFO  librespot] librespot 0.8.0 VERGEN_IDEMPOTENT_OUTPUT (Built on 2025-11-10, Build ID: 1762793321, Profile: release)
[2026-04-01T10:27:56Z INFO  librespot_playback::mixer::softmixer] Mixing with softvol and volume control: Log(60.0)
[2026-04-01T10:27:56Z INFO  librespot_playback::convert] Converting with ditherer: tpdf
[2026-04-01T10:27:56Z INFO  librespot_playback::audio_backend::pipe] Using StdoutSink (pipe) with format: S16
[2026-04-01T10:27:57Z INFO  librespot_core::session] Connecting to AP "ap-gue1.spotify.com:4070"
[2026-04-01T10:27:57Z INFO  librespot_core::session] Authenticated as 'paulster23' !
[2026-04-01T10:27:57Z INFO  librespot_core::session] Country: "US"
[2026-04-01T10:27:58Z INFO  librespot_core::spclient] Resolved "gue1-spclient.spotify.com:443" as spclient access point
[2026-04-01T10:27:58Z INFO  librespot_connect::spirc] active device is <> with session <3UVSBY9fSrY6qP8fXSLI9v>
[2026-04-01T10:38:04Z INFO  librespot] librespot 0.8.0 VERGEN_IDEMPOTENT_OUTPUT (Built on 2025-11-10, Build ID: 1762793321, Profile: release)
[2026-04-01T10:38:04Z INFO  librespot_playback::mixer::softmixer] Mixing with softvol and volume control: Log(60.0)
[2026-04-01T10:38:04Z INFO  librespot_playback::convert] Converting with ditherer: tpdf
[2026-04-01T10:38:04Z INFO  librespot_playback::audio_backend::pipe] Using StdoutSink (pipe) with format: S16
[2026-04-01T10:38:05Z INFO  librespot_core::session] Connecting to AP "ap-gue1.spotify.com:4070"
[2026-04-01T10:38:05Z INFO  librespot_core::session] Authenticated as 'paulster23' !
[2026-04-01T10:38:05Z INFO  librespot_core::session] Country: "US"
[2026-04-01T10:38:06Z INFO  librespot_core::spclient] Resolved "gue1-spclient.spotify.com:443" as spclient access point
[2026-04-01T10:38:06Z INFO  librespot_connect::spirc] active device is <> with session <3UVSBY9fSrY6qP8fXSLI9v>
[2026-04-01T10:48:12Z INFO  librespot] librespot 0.8.0 VERGEN_IDEMPOTENT_OUTPUT (Built on 2025-11-10, Build ID: 1762793321, Profile: release)
[2026-04-01T10:48:12Z INFO  librespot_playback::mixer::softmixer] Mixing with softvol and volume control: Log(60.0)
[2026-04-01T10:48:12Z INFO  librespot_playback::convert] Converting with ditherer: tpdf
[2026-04-01T10:48:12Z INFO  librespot_playback::audio_backend::pipe] Using StdoutSink (pipe) with format: S16
[2026-04-01T10:48:13Z INFO  librespot_core::session] Connecting to AP "ap-gue1.spotify.com:4070"
[2026-04-01T10:48:13Z INFO  librespot_core::session] Authenticated as 'paulster23' !
[2026-04-01T10:48:13Z INFO  librespot_core::session] Country: "US"
[2026-04-01T10:48:14Z INFO  librespot_core::spclient] Resolved "gue1-spclient.spotify.com:443" as spclient access point
[2026-04-01T10:48:14Z INFO  librespot_connect::spirc] active device is <> with session <3UVSBY9fSrY6qP8fXSLI9v>
[2026-04-01T10:58:20Z INFO  librespot] librespot 0.8.0 VERGEN_IDEMPOTENT_OUTPUT (Built on 2025-11-10, Build ID: 1762793321, Profile: release)
[2026-04-01T10:58:20Z INFO  librespot_playback::mixer::softmixer] Mixing with softvol and volume control: Log(60.0)
[2026-04-01T10:58:20Z INFO  librespot_playback::convert] Converting with ditherer: tpdf
[2026-04-01T10:58:20Z INFO  librespot_playback::audio_backend::pipe] Using StdoutSink (pipe) with format: S16
[2026-04-01T10:58:21Z INFO  librespot_core::session] Connecting to AP "ap-gue1.spotify.com:4070"
[2026-04-01T10:58:21Z INFO  librespot_core::session] Authenticated as 'paulster23' !
[2026-04-01T10:58:21Z INFO  librespot_core::session] Country: "US"
[2026-04-01T10:58:22Z INFO  librespot_core::spclient] Resolved "gue1-spclient.spotify.com:443" as spclient access point
[2026-04-01T10:58:22Z INFO  librespot_connect::spirc] active device is <> with session <3UVSBY9fSrY6qP8fXSLI9v>
[2026-04-01T11:08:28Z INFO  librespot] librespot 0.8.0 VERGEN_IDEMPOTENT_OUTPUT (Built on 2025-11-10, Build ID: 1762793321, Profile: release)
[2026-04-01T11:08:28Z INFO  librespot_playback::mixer::softmixer] Mixing with softvol and volume control: Log(60.0)
[2026-04-01T11:08:28Z INFO  librespot_playback::convert] Converting with ditherer: tpdf
[2026-04-01T11:08:28Z INFO  librespot_playback::audio_backend::pipe] Using StdoutSink (pipe) with format: S16
[2026-04-01T11:08:29Z INFO  librespot_core::session] Connecting to AP "ap-gue1.spotify.com:4070"
[2026-04-01T11:08:29Z INFO  librespot_core::session] Authenticated as 'paulster23' !
[2026-04-01T11:08:29Z INFO  librespot_core::session] Country: "US"
[2026-04-01T11:08:30Z INFO  librespot_core::spclient] Resolved "gue1-spclient.spotify.com:443" as spclient access point
[2026-04-01T11:08:30Z INFO  librespot_connect::spirc] active device is <> with session <3UVSBY9fSrY6qP8fXSLI9v>
[2026-04-01T11:18:36Z INFO  librespot] librespot 0.8.0 VERGEN_IDEMPOTENT_OUTPUT (Built on 2025-11-10, Build ID: 1762793321, Profile: release)
[2026-04-01T11:18:36Z INFO  librespot_playback::mixer::softmixer] Mixing with softvol and volume control: Log(60.0)
[2026-04-01T11:18:36Z INFO  librespot_playback::convert] Converting with ditherer: tpdf
[2026-04-01T11:18:36Z INFO  librespot_playback::audio_backend::pipe] Using StdoutSink (pipe) with format: S16
[2026-04-01T11:18:37Z INFO  librespot_core::session] Connecting to AP "ap-gue1.spotify.com:4070"
[2026-04-01T11:18:37Z INFO  librespot_core::session] Authenticated as 'paulster23' !
[2026-04-01T11:18:37Z INFO  librespot_core::session] Country: "US"
[2026-04-01T11:18:38Z INFO  librespot_core::spclient] Resolved "gue1-spclient.spotify.com:443" as spclient access point
[2026-04-01T11:18:38Z INFO  librespot_connect::spirc] active device is <> with session <3UVSBY9fSrY6qP8fXSLI9v>
[2026-04-01T11:28:44Z INFO  librespot] librespot 0.8.0 VERGEN_IDEMPOTENT_OUTPUT (Built on 2025-11-10, Build ID: 1762793321, Profile: release)
[2026-04-01T11:28:44Z INFO  librespot_playback::mixer::softmixer] Mixing with softvol and volume control: Log(60.0)
[2026-04-01T11:28:44Z INFO  librespot_playback::convert] Converting with ditherer: tpdf
[2026-04-01T11:28:44Z INFO  librespot_playback::audio_backend::pipe] Using StdoutSink (pipe) with format: S16
[2026-04-01T11:28:45Z INFO  librespot_core::session] Connecting to AP "ap-gue1.spotify.com:4070"
[2026-04-01T11:28:45Z INFO  librespot_core::session] Authenticated as 'paulster23' !
[2026-04-01T11:28:45Z INFO  librespot_core::session] Country: "US"
[2026-04-01T11:28:46Z INFO  librespot_core::spclient] Resolved "gue1-spclient.spotify.com:443" as spclient access point
[2026-04-01T11:28:46Z INFO  librespot_connect::spirc] active device is <> with session <3UVSBY9fSrY6qP8fXSLI9v>
[2026-04-01T11:38:52Z INFO  librespot] librespot 0.8.0 VERGEN_IDEMPOTENT_OUTPUT (Built on 2025-11-10, Build ID: 1762793321, Profile: release)
[2026-04-01T11:38:52Z INFO  librespot_playback::mixer::softmixer] Mixing with softvol and volume control: Log(60.0)
[2026-04-01T11:38:52Z INFO  librespot_playback::convert] Converting with ditherer: tpdf
[2026-04-01T11:38:52Z INFO  librespot_playback::audio_backend::pipe] Using StdoutSink (pipe) with format: S16
[2026-04-01T11:38:53Z INFO  librespot_core::session] Connecting to AP "ap-gue1.spotify.com:4070"
[2026-04-01T11:38:53Z INFO  librespot_core::session] Authenticated as 'paulster23' !
[2026-04-01T11:38:53Z INFO  librespot_core::session] Country: "US"
[2026-04-01T11:38:54Z INFO  librespot_core::spclient] Resolved "gue1-spclient.spotify.com:443" as spclient access point
[2026-04-01T11:38:54Z INFO  librespot_connect::spirc] active device is <> with session <3UVSBY9fSrY6qP8fXSLI9v>
[2026-04-01T11:49:00Z INFO  librespot] librespot 0.8.0 VERGEN_IDEMPOTENT_OUTPUT (Built on 2025-11-10, Build ID: 1762793321, Profile: release)
[2026-04-01T11:49:00Z INFO  librespot_playback::mixer::softmixer] Mixing with softvol and volume control: Log(60.0)
[2026-04-01T11:49:00Z INFO  librespot_playback::convert] Converting with ditherer: tpdf
[2026-04-01T11:49:00Z INFO  librespot_playback::audio_backend::pipe] Using StdoutSink (pipe) with format: S16
[2026-04-01T11:49:01Z INFO  librespot_core::session] Connecting to AP "ap-gue1.spotify.com:4070"
[2026-04-01T11:49:01Z INFO  librespot_core::session] Authenticated as 'paulster23' !
[2026-04-01T11:49:01Z INFO  librespot_core::session] Country: "US"
[2026-04-01T11:49:02Z INFO  librespot_core::spclient] Resolved "gue1-spclient.spotify.com:443" as spclient access point
[2026-04-01T11:49:02Z INFO  librespot_connect::spirc] active device is <> with session <3UVSBY9fSrY6qP8fXSLI9v>
[2026-04-01T11:49:35Z WARN  librespot_core::dealer] Websocket peer does not respond.
[2026-04-01T11:49:35Z INFO  librespot_connect::spirc] active device is <> with session <3UVSBY9fSrY6qP8fXSLI9v>
[2026-04-01T11:59:08Z INFO  librespot] librespot 0.8.0 VERGEN_IDEMPOTENT_OUTPUT (Built on 2025-11-10, Build ID: 1762793321, Profile: release)
[2026-04-01T11:59:08Z INFO  librespot_playback::mixer::softmixer] Mixing with softvol and volume control: Log(60.0)
[2026-04-01T11:59:08Z INFO  librespot_playback::convert] Converting with ditherer: tpdf
[2026-04-01T11:59:08Z INFO  librespot_playback::audio_backend::pipe] Using StdoutSink (pipe) with format: S16
[2026-04-01T11:59:09Z INFO  librespot_core::session] Connecting to AP "ap-gue1.spotify.com:4070"
[2026-04-01T11:59:09Z INFO  librespot_core::session] Authenticated as 'paulster23' !
[2026-04-01T11:59:09Z INFO  librespot_core::session] Country: "US"
[2026-04-01T11:59:10Z INFO  librespot_core::spclient] Resolved "gue1-spclient.spotify.com:443" as spclient access point
[2026-04-01T11:59:10Z INFO  librespot_connect::spirc] active device is <> with session <3UVSBY9fSrY6qP8fXSLI9v>
[2026-04-01T12:09:16Z INFO  librespot] librespot 0.8.0 VERGEN_IDEMPOTENT_OUTPUT (Built on 2025-11-10, Build ID: 1762793321, Profile: release)
[2026-04-01T12:09:16Z INFO  librespot_playback::mixer::softmixer] Mixing with softvol and volume control: Log(60.0)
[2026-04-01T12:09:16Z INFO  librespot_playback::convert] Converting with ditherer: tpdf
[2026-04-01T12:09:16Z INFO  librespot_playback::audio_backend::pipe] Using StdoutSink (pipe) with format: S16
[2026-04-01T12:09:17Z INFO  librespot_core::session] Connecting to AP "ap-gue1.spotify.com:4070"
[2026-04-01T12:09:17Z INFO  librespot_core::session] Authenticated as 'paulster23' !
[2026-04-01T12:09:17Z INFO  librespot_core::session] Country: "US"
[2026-04-01T12:09:18Z INFO  librespot_core::spclient] Resolved "gue1-spclient.spotify.com:443" as spclient access point
[2026-04-01T12:09:18Z INFO  librespot_connect::spirc] active device is <> with session <52WGT66mHNJREbSO6ppRc6>
[2026-04-01T12:19:24Z INFO  librespot] librespot 0.8.0 VERGEN_IDEMPOTENT_OUTPUT (Built on 2025-11-10, Build ID: 1762793321, Profile: release)
[2026-04-01T12:19:24Z INFO  librespot_playback::mixer::softmixer] Mixing with softvol and volume control: Log(60.0)
[2026-04-01T12:19:24Z INFO  librespot_playback::convert] Converting with ditherer: tpdf
[2026-04-01T12:19:24Z INFO  librespot_playback::audio_backend::pipe] Using StdoutSink (pipe) with format: S16
[2026-04-01T12:19:25Z INFO  librespot_core::session] Connecting to AP "ap-gue1.spotify.com:4070"
[2026-04-01T12:19:25Z INFO  librespot_core::session] Authenticated as 'paulster23' !
[2026-04-01T12:19:25Z INFO  librespot_core::session] Country: "US"
[2026-04-01T12:19:26Z INFO  librespot_core::spclient] Resolved "gue1-spclient.spotify.com:443" as spclient access point
[2026-04-01T12:19:26Z INFO  librespot_connect::spirc] active device is <> with session <52WGT66mHNJREbSO6ppRc6>
[2026-04-01T12:29:32Z INFO  librespot] librespot 0.8.0 VERGEN_IDEMPOTENT_OUTPUT (Built on 2025-11-10, Build ID: 1762793321, Profile: release)
[2026-04-01T12:29:32Z INFO  librespot_playback::mixer::softmixer] Mixing with softvol and volume control: Log(60.0)
[2026-04-01T12:29:32Z INFO  librespot_playback::convert] Converting with ditherer: tpdf
[2026-04-01T12:29:32Z INFO  librespot_playback::audio_backend::pipe] Using StdoutSink (pipe) with format: S16
[2026-04-01T12:29:33Z INFO  librespot_core::session] Connecting to AP "ap-gue1.spotify.com:4070"
[2026-04-01T12:29:33Z INFO  librespot_core::session] Authenticated as 'paulster23' !
[2026-04-01T12:29:33Z INFO  librespot_core::session] Country: "US"
[2026-04-01T12:29:34Z INFO  librespot_core::spclient] Resolved "gue1-spclient.spotify.com:443" as spclient access point
[2026-04-01T12:29:34Z INFO  librespot_connect::spirc] active device is <> with session <52WGT66mHNJREbSO6ppRc6>
[2026-04-01T12:39:40Z INFO  librespot] librespot 0.8.0 VERGEN_IDEMPOTENT_OUTPUT (Built on 2025-11-10, Build ID: 1762793321, Profile: release)
[2026-04-01T12:39:40Z INFO  librespot_playback::mixer::softmixer] Mixing with softvol and volume control: Log(60.0)
[2026-04-01T12:39:40Z INFO  librespot_playback::convert] Converting with ditherer: tpdf
[2026-04-01T12:39:40Z INFO  librespot_playback::audio_backend::pipe] Using StdoutSink (pipe) with format: S16
[2026-04-01T12:39:41Z INFO  librespot_core::session] Connecting to AP "ap-gue1.spotify.com:4070"
[2026-04-01T12:39:41Z INFO  librespot_core::session] Authenticated as 'paulster23' !
[2026-04-01T12:39:41Z INFO  librespot_core::session] Country: "US"
[2026-04-01T12:39:42Z INFO  librespot_core::spclient] Resolved "gue1-spclient.spotify.com:443" as spclient access point
[2026-04-01T12:39:42Z INFO  librespot_connect::spirc] active device is <> with session <52WGT66mHNJREbSO6ppRc6>
[2026-04-01T12:49:48Z INFO  librespot] librespot 0.8.0 VERGEN_IDEMPOTENT_OUTPUT (Built on 2025-11-10, Build ID: 1762793321, Profile: release)
[2026-04-01T12:49:48Z INFO  librespot_playback::mixer::softmixer] Mixing with softvol and volume control: Log(60.0)
[2026-04-01T12:49:48Z INFO  librespot_playback::convert] Converting with ditherer: tpdf
[2026-04-01T12:49:48Z INFO  librespot_playback::audio_backend::pipe] Using StdoutSink (pipe) with format: S16
[2026-04-01T12:49:49Z INFO  librespot_core::session] Connecting to AP "ap-gue1.spotify.com:4070"
[2026-04-01T12:49:49Z INFO  librespot_core::session] Authenticated as 'paulster23' !
[2026-04-01T12:49:49Z INFO  librespot_core::session] Country: "US"
[2026-04-01T12:49:50Z INFO  librespot_core::spclient] Resolved "gue1-spclient.spotify.com:443" as spclient access point
[2026-04-01T12:49:50Z INFO  librespot_connect::spirc] active device is <> with session <52WGT66mHNJREbSO6ppRc6>
[2026-04-01T12:59:56Z INFO  librespot] librespot 0.8.0 VERGEN_IDEMPOTENT_OUTPUT (Built on 2025-11-10, Build ID: 1762793321, Profile: release)
[2026-04-01T12:59:56Z INFO  librespot_playback::mixer::softmixer] Mixing with softvol and volume control: Log(60.0)
[2026-04-01T12:59:56Z INFO  librespot_playback::convert] Converting with ditherer: tpdf
[2026-04-01T12:59:56Z INFO  librespot_playback::audio_backend::pipe] Using StdoutSink (pipe) with format: S16
[2026-04-01T12:59:57Z INFO  librespot_core::session] Connecting to AP "ap-gue1.spotify.com:4070"
[2026-04-01T12:59:57Z INFO  librespot_core::session] Authenticated as 'paulster23' !
[2026-04-01T12:59:57Z INFO  librespot_core::session] Country: "US"
[2026-04-01T12:59:58Z INFO  librespot_core::spclient] Resolved "gue1-spclient.spotify.com:443" as spclient access point
[2026-04-01T12:59:58Z INFO  librespot_connect::spirc] active device is <> with session <52WGT66mHNJREbSO6ppRc6>
[2026-04-01T13:10:04Z INFO  librespot] librespot 0.8.0 VERGEN_IDEMPOTENT_OUTPUT (Built on 2025-11-10, Build ID: 1762793321, Profile: release)
[2026-04-01T13:10:04Z INFO  librespot_playback::mixer::softmixer] Mixing with softvol and volume control: Log(60.0)
[2026-04-01T13:10:04Z INFO  librespot_playback::convert] Converting with ditherer: tpdf
[2026-04-01T13:10:04Z INFO  librespot_playback::audio_backend::pipe] Using StdoutSink (pipe) with format: S16
[2026-04-01T13:10:06Z INFO  librespot_core::session] Connecting to AP "ap-gue1.spotify.com:4070"
[2026-04-01T13:10:06Z WARN  librespot_core::session] Try another access point...
[2026-04-01T13:10:06Z INFO  librespot_core::session] Connecting to AP "ap-gue1.spotify.com:443"
[2026-04-01T13:10:06Z INFO  librespot_core::session] Authenticated as 'paulster23' !
[2026-04-01T13:10:06Z INFO  librespot_core::session] Country: "US"
[2026-04-01T13:10:07Z INFO  librespot_core::spclient] Resolved "gue1-spclient.spotify.com:443" as spclient access point
[2026-04-01T13:10:07Z INFO  librespot_connect::spirc] active device is <> with session <52WGT66mHNJREbSO6ppRc6>
[2026-04-01T13:20:12Z INFO  librespot] librespot 0.8.0 VERGEN_IDEMPOTENT_OUTPUT (Built on 2025-11-10, Build ID: 1762793321, Profile: release)
[2026-04-01T13:20:12Z INFO  librespot_playback::mixer::softmixer] Mixing with softvol and volume control: Log(60.0)
[2026-04-01T13:20:12Z INFO  librespot_playback::convert] Converting with ditherer: tpdf
[2026-04-01T13:20:12Z INFO  librespot_playback::audio_backend::pipe] Using StdoutSink (pipe) with format: S16
[2026-04-01T13:20:13Z INFO  librespot_core::session] Connecting to AP "ap-gue1.spotify.com:4070"
[2026-04-01T13:20:13Z INFO  librespot_core::session] Authenticated as 'paulster23' !
[2026-04-01T13:20:13Z INFO  librespot_core::session] Country: "US"
[2026-04-01T13:20:14Z INFO  librespot_core::spclient] Resolved "gue1-spclient.spotify.com:443" as spclient access point
[2026-04-01T13:20:14Z INFO  librespot_connect::spirc] active device is <> with session <52WGT66mHNJREbSO6ppRc6>
[2026-04-01T13:30:20Z INFO  librespot] librespot 0.8.0 VERGEN_IDEMPOTENT_OUTPUT (Built on 2025-11-10, Build ID: 1762793321, Profile: release)
[2026-04-01T13:30:20Z INFO  librespot_playback::mixer::softmixer] Mixing with softvol and volume control: Log(60.0)
[2026-04-01T13:30:20Z INFO  librespot_playback::convert] Converting with ditherer: tpdf
[2026-04-01T13:30:20Z INFO  librespot_playback::audio_backend::pipe] Using StdoutSink (pipe) with format: S16
[2026-04-01T13:30:21Z INFO  librespot_core::session] Connecting to AP "ap-gue1.spotify.com:4070"
[2026-04-01T13:30:21Z INFO  librespot_core::session] Authenticated as 'paulster23' !
[2026-04-01T13:30:21Z INFO  librespot_core::session] Country: "US"
[2026-04-01T13:30:22Z INFO  librespot_core::spclient] Resolved "gue1-spclient.spotify.com:443" as spclient access point
[2026-04-01T13:30:22Z INFO  librespot_connect::spirc] active device is <> with session <52WGT66mHNJREbSO6ppRc6>
[2026-04-01T13:40:28Z INFO  librespot] librespot 0.8.0 VERGEN_IDEMPOTENT_OUTPUT (Built on 2025-11-10, Build ID: 1762793321, Profile: release)
[2026-04-01T13:40:28Z INFO  librespot_playback::mixer::softmixer] Mixing with softvol and volume control: Log(60.0)
[2026-04-01T13:40:28Z INFO  librespot_playback::convert] Converting with ditherer: tpdf
[2026-04-01T13:40:28Z INFO  librespot_playback::audio_backend::pipe] Using StdoutSink (pipe) with format: S16
[2026-04-01T13:40:29Z INFO  librespot_core::session] Connecting to AP "ap-gue1.spotify.com:4070"
[2026-04-01T13:40:29Z INFO  librespot_core::session] Authenticated as 'paulster23' !
[2026-04-01T13:40:29Z INFO  librespot_core::session] Country: "US"
[2026-04-01T13:40:30Z INFO  librespot_core::spclient] Resolved "gue1-spclient.spotify.com:443" as spclient access point
[2026-04-01T13:40:30Z INFO  librespot_connect::spirc] active device is <> with session <52WGT66mHNJREbSO6ppRc6>
[2026-04-01T13:50:36Z INFO  librespot] librespot 0.8.0 VERGEN_IDEMPOTENT_OUTPUT (Built on 2025-11-10, Build ID: 1762793321, Profile: release)
[2026-04-01T13:50:36Z INFO  librespot_playback::mixer::softmixer] Mixing with softvol and volume control: Log(60.0)
[2026-04-01T13:50:36Z INFO  librespot_playback::convert] Converting with ditherer: tpdf
[2026-04-01T13:50:36Z INFO  librespot_playback::audio_backend::pipe] Using StdoutSink (pipe) with format: S16
[2026-04-01T13:50:37Z INFO  librespot_core::session] Connecting to AP "ap-gue1.spotify.com:4070"
[2026-04-01T13:50:38Z INFO  librespot_core::session] Authenticated as 'paulster23' !
[2026-04-01T13:50:38Z INFO  librespot_core::session] Country: "US"
[2026-04-01T13:50:38Z INFO  librespot_core::spclient] Resolved "gue1-spclient.spotify.com:443" as spclient access point
[2026-04-01T13:50:39Z INFO  librespot_connect::spirc] active device is <> with session <52WGT66mHNJREbSO6ppRc6>
[2026-04-01T14:00:44Z INFO  librespot] librespot 0.8.0 VERGEN_IDEMPOTENT_OUTPUT (Built on 2025-11-10, Build ID: 1762793321, Profile: release)
[2026-04-01T14:00:44Z INFO  librespot_playback::mixer::softmixer] Mixing with softvol and volume control: Log(60.0)
[2026-04-01T14:00:44Z INFO  librespot_playback::convert] Converting with ditherer: tpdf
[2026-04-01T14:00:44Z INFO  librespot_playback::audio_backend::pipe] Using StdoutSink (pipe) with format: S16
[2026-04-01T14:00:45Z INFO  librespot_core::session] Connecting to AP "ap-gue1.spotify.com:4070"
[2026-04-01T14:00:45Z INFO  librespot_core::session] Authenticated as 'paulster23' !
[2026-04-01T14:00:45Z INFO  librespot_core::session] Country: "US"
[2026-04-01T14:00:46Z INFO  librespot_core::spclient] Resolved "gue1-spclient.spotify.com:443" as spclient access point
[2026-04-01T14:00:46Z INFO  librespot_connect::spirc] active device is <> with session <52WGT66mHNJREbSO6ppRc6>
[2026-04-01T14:10:52Z INFO  librespot] librespot 0.8.0 VERGEN_IDEMPOTENT_OUTPUT (Built on 2025-11-10, Build ID: 1762793321, Profile: release)
[2026-04-01T14:10:52Z INFO  librespot_playback::mixer::softmixer] Mixing with softvol and volume control: Log(60.0)
[2026-04-01T14:10:52Z INFO  librespot_playback::convert] Converting with ditherer: tpdf
[2026-04-01T14:10:52Z INFO  librespot_playback::audio_backend::pipe] Using StdoutSink (pipe) with format: S16
[2026-04-01T14:10:53Z INFO  librespot_core::session] Connecting to AP "ap-gue1.spotify.com:4070"
[2026-04-01T14:10:53Z INFO  librespot_core::session] Authenticated as 'paulster23' !
[2026-04-01T14:10:53Z INFO  librespot_core::session] Country: "US"
[2026-04-01T14:10:54Z INFO  librespot_core::spclient] Resolved "gue1-spclient.spotify.com:443" as spclient access point
[2026-04-01T14:10:54Z INFO  librespot_connect::spirc] active device is <> with session <52WGT66mHNJREbSO6ppRc6>
[2026-04-01T14:21:00Z INFO  librespot] librespot 0.8.0 VERGEN_IDEMPOTENT_OUTPUT (Built on 2025-11-10, Build ID: 1762793321, Profile: release)
[2026-04-01T14:21:00Z INFO  librespot_playback::mixer::softmixer] Mixing with softvol and volume control: Log(60.0)
[2026-04-01T14:21:00Z INFO  librespot_playback::convert] Converting with ditherer: tpdf
[2026-04-01T14:21:00Z INFO  librespot_playback::audio_backend::pipe] Using StdoutSink (pipe) with format: S16
[2026-04-01T14:21:01Z INFO  librespot_core::session] Connecting to AP "ap-gue1.spotify.com:4070"
[2026-04-01T14:21:01Z INFO  librespot_core::session] Authenticated as 'paulster23' !
[2026-04-01T14:21:01Z INFO  librespot_core::session] Country: "US"
[2026-04-01T14:21:02Z INFO  librespot_core::spclient] Resolved "gue1-spclient.spotify.com:443" as spclient access point
[2026-04-01T14:21:02Z INFO  librespot_connect::spirc] active device is <> with session <52WGT66mHNJREbSO6ppRc6>
[2026-04-01T14:31:08Z INFO  librespot] librespot 0.8.0 VERGEN_IDEMPOTENT_OUTPUT (Built on 2025-11-10, Build ID: 1762793321, Profile: release)
[2026-04-01T14:31:08Z INFO  librespot_playback::mixer::softmixer] Mixing with softvol and volume control: Log(60.0)
[2026-04-01T14:31:08Z INFO  librespot_playback::convert] Converting with ditherer: tpdf
[2026-04-01T14:31:08Z INFO  librespot_playback::audio_backend::pipe] Using StdoutSink (pipe) with format: S16
[2026-04-01T14:31:09Z INFO  librespot_core::session] Connecting to AP "ap-gue1.spotify.com:4070"
[2026-04-01T14:31:09Z INFO  librespot_core::session] Authenticated as 'paulster23' !
[2026-04-01T14:31:09Z INFO  librespot_core::session] Country: "US"
[2026-04-01T14:31:10Z INFO  librespot_core::spclient] Resolved "gue1-spclient.spotify.com:443" as spclient access point
[2026-04-01T14:31:10Z INFO  librespot_connect::spirc] active device is <> with session <52WGT66mHNJREbSO6ppRc6>
[2026-04-01T14:41:16Z INFO  librespot] librespot 0.8.0 VERGEN_IDEMPOTENT_OUTPUT (Built on 2025-11-10, Build ID: 1762793321, Profile: release)
[2026-04-01T14:41:16Z INFO  librespot_playback::mixer::softmixer] Mixing with softvol and volume control: Log(60.0)
[2026-04-01T14:41:16Z INFO  librespot_playback::convert] Converting with ditherer: tpdf
[2026-04-01T14:41:16Z INFO  librespot_playback::audio_backend::pipe] Using StdoutSink (pipe) with format: S16
[2026-04-01T14:41:17Z INFO  librespot_core::session] Connecting to AP "ap-gue1.spotify.com:4070"
[2026-04-01T14:41:17Z INFO  librespot_core::session] Authenticated as 'paulster23' !
[2026-04-01T14:41:17Z INFO  librespot_core::session] Country: "US"
[2026-04-01T14:41:20Z INFO  librespot_core::spclient] Resolved "gue1-spclient.spotify.com:443" as spclient access point
[2026-04-01T14:41:20Z INFO  librespot_connect::spirc] active device is <> with session <52WGT66mHNJREbSO6ppRc6>
[2026-04-01T14:51:24Z INFO  librespot] librespot 0.8.0 VERGEN_IDEMPOTENT_OUTPUT (Built on 2025-11-10, Build ID: 1762793321, Profile: release)
[2026-04-01T14:51:24Z INFO  librespot_playback::mixer::softmixer] Mixing with softvol and volume control: Log(60.0)
[2026-04-01T14:51:24Z INFO  librespot_playback::convert] Converting with ditherer: tpdf
[2026-04-01T14:51:24Z INFO  librespot_playback::audio_backend::pipe] Using StdoutSink (pipe) with format: S16
[2026-04-01T14:51:25Z INFO  librespot_core::session] Connecting to AP "ap-gue1.spotify.com:4070"
[2026-04-01T14:51:25Z INFO  librespot_core::session] Authenticated as 'paulster23' !
[2026-04-01T14:51:25Z INFO  librespot_core::session] Country: "US"
[2026-04-01T14:51:26Z INFO  librespot_core::spclient] Resolved "gue1-spclient.spotify.com:443" as spclient access point
[2026-04-01T14:51:26Z INFO  librespot_connect::spirc] active device is <> with session <52WGT66mHNJREbSO6ppRc6>
[2026-04-01T15:01:32Z INFO  librespot] librespot 0.8.0 VERGEN_IDEMPOTENT_OUTPUT (Built on 2025-11-10, Build ID: 1762793321, Profile: release)
[2026-04-01T15:01:32Z INFO  librespot_playback::mixer::softmixer] Mixing with softvol and volume control: Log(60.0)
[2026-04-01T15:01:32Z INFO  librespot_playback::convert] Converting with ditherer: tpdf
[2026-04-01T15:01:32Z INFO  librespot_playback::audio_backend::pipe] Using StdoutSink (pipe) with format: S16
[2026-04-01T15:01:33Z INFO  librespot_core::session] Connecting to AP "ap-gue1.spotify.com:4070"
[2026-04-01T15:01:33Z INFO  librespot_core::session] Authenticated as 'paulster23' !
[2026-04-01T15:01:33Z INFO  librespot_core::session] Country: "US"
[2026-04-01T15:01:34Z INFO  librespot_core::spclient] Resolved "gue1-spclient.spotify.com:443" as spclient access point
[2026-04-01T15:01:34Z INFO  librespot_connect::spirc] active device is <> with session <52WGT66mHNJREbSO6ppRc6>
[2026-04-01T15:11:40Z INFO  librespot] librespot 0.8.0 VERGEN_IDEMPOTENT_OUTPUT (Built on 2025-11-10, Build ID: 1762793321, Profile: release)
[2026-04-01T15:11:40Z INFO  librespot_playback::mixer::softmixer] Mixing with softvol and volume control: Log(60.0)
[2026-04-01T15:11:40Z INFO  librespot_playback::convert] Converting with ditherer: tpdf
[2026-04-01T15:11:40Z INFO  librespot_playback::audio_backend::pipe] Using StdoutSink (pipe) with format: S16
[2026-04-01T15:11:41Z INFO  librespot_core::session] Connecting to AP "ap-gue1.spotify.com:4070"
[2026-04-01T15:11:41Z INFO  librespot_core::session] Authenticated as 'paulster23' !
[2026-04-01T15:11:41Z INFO  librespot_core::session] Country: "US"
[2026-04-01T15:11:42Z INFO  librespot_core::spclient] Resolved "gue1-spclient.spotify.com:443" as spclient access point
[2026-04-01T15:11:42Z INFO  librespot_connect::spirc] active device is <> with session <52WGT66mHNJREbSO6ppRc6>
[2026-04-01T15:14:26Z WARN  librespot_core::dealer] Websocket connection failed: IO error: peer closed connection without sending TLS close_notify: https://docs.rs/rustls/latest/rustls/manual/_03_howto/index.html#unexpected-eof
[2026-04-01T15:14:27Z INFO  librespot_connect::spirc] active device is <> with session <52WGT66mHNJREbSO6ppRc6>
[2026-04-01T15:21:48Z INFO  librespot] librespot 0.8.0 VERGEN_IDEMPOTENT_OUTPUT (Built on 2025-11-10, Build ID: 1762793321, Profile: release)
[2026-04-01T15:21:48Z INFO  librespot_playback::mixer::softmixer] Mixing with softvol and volume control: Log(60.0)
[2026-04-01T15:21:48Z INFO  librespot_playback::convert] Converting with ditherer: tpdf
[2026-04-01T15:21:48Z INFO  librespot_playback::audio_backend::pipe] Using StdoutSink (pipe) with format: S16
[2026-04-01T15:21:49Z INFO  librespot_core::session] Connecting to AP "ap-gue1.spotify.com:4070"
[2026-04-01T15:21:50Z INFO  librespot_core::session] Authenticated as 'paulster23' !
[2026-04-01T15:21:50Z INFO  librespot_core::session] Country: "US"
[2026-04-01T15:21:50Z INFO  librespot_core::spclient] Resolved "gue1-spclient.spotify.com:443" as spclient access point
[2026-04-01T15:21:51Z INFO  librespot_connect::spirc] active device is <> with session <52WGT66mHNJREbSO6ppRc6>
[2026-04-01T15:31:56Z INFO  librespot] librespot 0.8.0 VERGEN_IDEMPOTENT_OUTPUT (Built on 2025-11-10, Build ID: 1762793321, Profile: release)
[2026-04-01T15:31:56Z INFO  librespot_playback::mixer::softmixer] Mixing with softvol and volume control: Log(60.0)
[2026-04-01T15:31:56Z INFO  librespot_playback::convert] Converting with ditherer: tpdf
[2026-04-01T15:31:56Z INFO  librespot_playback::audio_backend::pipe] Using StdoutSink (pipe) with format: S16
[2026-04-01T15:31:57Z INFO  librespot_core::session] Connecting to AP "ap-gue1.spotify.com:4070"
[2026-04-01T15:31:58Z INFO  librespot_core::session] Authenticated as 'paulster23' !
[2026-04-01T15:31:58Z INFO  librespot_core::session] Country: "US"
[2026-04-01T15:31:58Z INFO  librespot_core::spclient] Resolved "gue1-spclient.spotify.com:443" as spclient access point
[2026-04-01T15:31:59Z INFO  librespot_connect::spirc] active device is <> with session <52WGT66mHNJREbSO6ppRc6>
[2026-04-01T15:42:04Z INFO  librespot] librespot 0.8.0 VERGEN_IDEMPOTENT_OUTPUT (Built on 2025-11-10, Build ID: 1762793321, Profile: release)
[2026-04-01T15:42:04Z INFO  librespot_playback::mixer::softmixer] Mixing with softvol and volume control: Log(60.0)
[2026-04-01T15:42:04Z INFO  librespot_playback::convert] Converting with ditherer: tpdf
[2026-04-01T15:42:04Z INFO  librespot_playback::audio_backend::pipe] Using StdoutSink (pipe) with format: S16
[2026-04-01T15:42:05Z INFO  librespot_core::session] Connecting to AP "ap-gue1.spotify.com:4070"
[2026-04-01T15:42:06Z INFO  librespot_core::session] Authenticated as 'paulster23' !
[2026-04-01T15:42:06Z INFO  librespot_core::session] Country: "US"
[2026-04-01T15:42:06Z INFO  librespot_core::spclient] Resolved "gue1-spclient.spotify.com:443" as spclient access point
[2026-04-01T15:42:06Z INFO  librespot_connect::spirc] active device is <> with session <52WGT66mHNJREbSO6ppRc6>
[2026-04-01T15:52:12Z INFO  librespot] librespot 0.8.0 VERGEN_IDEMPOTENT_OUTPUT (Built on 2025-11-10, Build ID: 1762793321, Profile: release)
[2026-04-01T15:52:12Z INFO  librespot_playback::mixer::softmixer] Mixing with softvol and volume control: Log(60.0)
[2026-04-01T15:52:12Z INFO  librespot_playback::convert] Converting with ditherer: tpdf
[2026-04-01T15:52:12Z INFO  librespot_playback::audio_backend::pipe] Using StdoutSink (pipe) with format: S16
[2026-04-01T15:52:13Z INFO  librespot_core::session] Connecting to AP "ap-gue1.spotify.com:4070"
[2026-04-01T15:52:13Z INFO  librespot_core::session] Authenticated as 'paulster23' !
[2026-04-01T15:52:13Z INFO  librespot_core::session] Country: "US"
[2026-04-01T15:52:14Z INFO  librespot_core::spclient] Resolved "gue1-spclient.spotify.com:443" as spclient access point
[2026-04-01T15:52:14Z INFO  librespot_connect::spirc] active device is <> with session <52WGT66mHNJREbSO6ppRc6>
[2026-04-01T16:02:20Z INFO  librespot] librespot 0.8.0 VERGEN_IDEMPOTENT_OUTPUT (Built on 2025-11-10, Build ID: 1762793321, Profile: release)
[2026-04-01T16:02:20Z INFO  librespot_playback::mixer::softmixer] Mixing with softvol and volume control: Log(60.0)
[2026-04-01T16:02:20Z INFO  librespot_playback::convert] Converting with ditherer: tpdf
[2026-04-01T16:02:21Z INFO  librespot_playback::audio_backend::pipe] Using StdoutSink (pipe) with format: S16
[2026-04-01T16:02:21Z INFO  librespot_core::session] Connecting to AP "ap-gue1.spotify.com:4070"
[2026-04-01T16:02:21Z INFO  librespot_core::session] Authenticated as 'paulster23' !
[2026-04-01T16:02:21Z INFO  librespot_core::session] Country: "US"
[2026-04-01T16:02:22Z INFO  librespot_core::spclient] Resolved "gue1-spclient.spotify.com:443" as spclient access point
[2026-04-01T16:02:22Z INFO  librespot_connect::spirc] active device is <> with session <52WGT66mHNJREbSO6ppRc6>
[2026-04-01T16:12:29Z INFO  librespot] librespot 0.8.0 VERGEN_IDEMPOTENT_OUTPUT (Built on 2025-11-10, Build ID: 1762793321, Profile: release)
[2026-04-01T16:12:29Z INFO  librespot_playback::mixer::softmixer] Mixing with softvol and volume control: Log(60.0)
[2026-04-01T16:12:29Z INFO  librespot_playback::convert] Converting with ditherer: tpdf
[2026-04-01T16:12:29Z INFO  librespot_playback::audio_backend::pipe] Using StdoutSink (pipe) with format: S16
[2026-04-01T16:12:30Z INFO  librespot_core::session] Connecting to AP "ap-gue1.spotify.com:4070"
[2026-04-01T16:12:30Z INFO  librespot_core::session] Authenticated as 'paulster23' !
[2026-04-01T16:12:30Z INFO  librespot_core::session] Country: "US"
[2026-04-01T16:12:30Z INFO  librespot_core::spclient] Resolved "gue1-spclient.spotify.com:443" as spclient access point
[2026-04-01T16:12:31Z INFO  librespot_connect::spirc] active device is <> with session <52WGT66mHNJREbSO6ppRc6>
[2026-04-01T16:22:37Z INFO  librespot] librespot 0.8.0 VERGEN_IDEMPOTENT_OUTPUT (Built on 2025-11-10, Build ID: 1762793321, Profile: release)
[2026-04-01T16:22:37Z INFO  librespot_playback::mixer::softmixer] Mixing with softvol and volume control: Log(60.0)
[2026-04-01T16:22:37Z INFO  librespot_playback::convert] Converting with ditherer: tpdf
[2026-04-01T16:22:37Z INFO  librespot_playback::audio_backend::pipe] Using StdoutSink (pipe) with format: S16
[2026-04-01T16:22:37Z INFO  librespot_core::session] Connecting to AP "ap-gue1.spotify.com:4070"
[2026-04-01T16:22:38Z INFO  librespot_core::session] Authenticated as 'paulster23' !
[2026-04-01T16:22:38Z INFO  librespot_core::session] Country: "US"
[2026-04-01T16:22:38Z INFO  librespot_core::spclient] Resolved "gue1-spclient.spotify.com:443" as spclient access point
[2026-04-01T16:22:39Z INFO  librespot_connect::spirc] active device is <> with session <52WGT66mHNJREbSO6ppRc6>
[2026-04-01T16:32:45Z INFO  librespot] librespot 0.8.0 VERGEN_IDEMPOTENT_OUTPUT (Built on 2025-11-10, Build ID: 1762793321, Profile: release)
[2026-04-01T16:32:45Z INFO  librespot_playback::mixer::softmixer] Mixing with softvol and volume control: Log(60.0)
[2026-04-01T16:32:45Z INFO  librespot_playback::convert] Converting with ditherer: tpdf
[2026-04-01T16:32:45Z INFO  librespot_playback::audio_backend::pipe] Using StdoutSink (pipe) with format: S16
[2026-04-01T16:32:46Z INFO  librespot_core::session] Connecting to AP "ap-gue1.spotify.com:4070"
[2026-04-01T16:32:46Z INFO  librespot_core::session] Authenticated as 'paulster23' !
[2026-04-01T16:32:46Z INFO  librespot_core::session] Country: "US"
[2026-04-01T16:32:46Z INFO  librespot_core::spclient] Resolved "gue1-spclient.spotify.com:443" as spclient access point
[2026-04-01T16:32:47Z INFO  librespot_connect::spirc] active device is <> with session <52WGT66mHNJREbSO6ppRc6>
[2026-04-01T16:42:53Z INFO  librespot] librespot 0.8.0 VERGEN_IDEMPOTENT_OUTPUT (Built on 2025-11-10, Build ID: 1762793321, Profile: release)
[2026-04-01T16:42:53Z INFO  librespot_playback::mixer::softmixer] Mixing with softvol and volume control: Log(60.0)
[2026-04-01T16:42:53Z INFO  librespot_playback::convert] Converting with ditherer: tpdf
[2026-04-01T16:42:53Z INFO  librespot_playback::audio_backend::pipe] Using StdoutSink (pipe) with format: S16
[2026-04-01T16:42:54Z INFO  librespot_core::session] Connecting to AP "ap-gue1.spotify.com:4070"
[2026-04-01T16:42:54Z INFO  librespot_core::session] Authenticated as 'paulster23' !
[2026-04-01T16:42:54Z INFO  librespot_core::session] Country: "US"
[2026-04-01T16:42:54Z INFO  librespot_core::spclient] Resolved "gue1-spclient.spotify.com:443" as spclient access point
[2026-04-01T16:42:55Z INFO  librespot_connect::spirc] active device is <> with session <52WGT66mHNJREbSO6ppRc6>
[2026-04-01T16:53:01Z INFO  librespot] librespot 0.8.0 VERGEN_IDEMPOTENT_OUTPUT (Built on 2025-11-10, Build ID: 1762793321, Profile: release)
[2026-04-01T16:53:01Z INFO  librespot_playback::mixer::softmixer] Mixing with softvol and volume control: Log(60.0)
[2026-04-01T16:53:01Z INFO  librespot_playback::convert] Converting with ditherer: tpdf
[2026-04-01T16:53:01Z INFO  librespot_playback::audio_backend::pipe] Using StdoutSink (pipe) with format: S16
[2026-04-01T16:53:02Z INFO  librespot_core::session] Connecting to AP "ap-gue1.spotify.com:4070"
[2026-04-01T16:53:02Z INFO  librespot_core::session] Authenticated as 'paulster23' !
[2026-04-01T16:53:02Z INFO  librespot_core::session] Country: "US"
[2026-04-01T16:53:03Z INFO  librespot_core::spclient] Resolved "gue1-spclient.spotify.com:443" as spclient access point
[2026-04-01T16:53:03Z INFO  librespot_connect::spirc] active device is <> with session <52WGT66mHNJREbSO6ppRc6>
[2026-04-01T17:03:09Z INFO  librespot] librespot 0.8.0 VERGEN_IDEMPOTENT_OUTPUT (Built on 2025-11-10, Build ID: 1762793321, Profile: release)
[2026-04-01T17:03:09Z INFO  librespot_playback::mixer::softmixer] Mixing with softvol and volume control: Log(60.0)
[2026-04-01T17:03:09Z INFO  librespot_playback::convert] Converting with ditherer: tpdf
[2026-04-01T17:03:09Z INFO  librespot_playback::audio_backend::pipe] Using StdoutSink (pipe) with format: S16
[2026-04-01T17:03:10Z INFO  librespot_core::session] Connecting to AP "ap-gue1.spotify.com:4070"
[2026-04-01T17:03:10Z INFO  librespot_core::session] Authenticated as 'paulster23' !
[2026-04-01T17:03:10Z INFO  librespot_core::session] Country: "US"
[2026-04-01T17:03:11Z INFO  librespot_core::spclient] Resolved "gue1-spclient.spotify.com:443" as spclient access point
[2026-04-01T17:03:11Z INFO  librespot_connect::spirc] active device is <> with session <52WGT66mHNJREbSO6ppRc6>
[2026-04-01T17:13:17Z INFO  librespot] librespot 0.8.0 VERGEN_IDEMPOTENT_OUTPUT (Built on 2025-11-10, Build ID: 1762793321, Profile: release)
[2026-04-01T17:13:17Z INFO  librespot_playback::mixer::softmixer] Mixing with softvol and volume control: Log(60.0)
[2026-04-01T17:13:17Z INFO  librespot_playback::convert] Converting with ditherer: tpdf
[2026-04-01T17:13:17Z INFO  librespot_playback::audio_backend::pipe] Using StdoutSink (pipe) with format: S16
[2026-04-01T17:13:18Z INFO  librespot_core::session] Connecting to AP "ap-gue1.spotify.com:4070"
[2026-04-01T17:13:18Z INFO  librespot_core::session] Authenticated as 'paulster23' !
[2026-04-01T17:13:18Z INFO  librespot_core::session] Country: "US"
[2026-04-01T17:13:19Z INFO  librespot_core::spclient] Resolved "gue1-spclient.spotify.com:443" as spclient access point
[2026-04-01T17:13:19Z INFO  librespot_connect::spirc] active device is <> with session <52WGT66mHNJREbSO6ppRc6>
[2026-04-01T17:14:15Z WARN  librespot_core::dealer] Websocket connection failed: IO error: peer closed connection without sending TLS close_notify: https://docs.rs/rustls/latest/rustls/manual/_03_howto/index.html#unexpected-eof
[2026-04-01T17:14:16Z INFO  librespot_connect::spirc] active device is <> with session <52WGT66mHNJREbSO6ppRc6>
[2026-04-01T17:23:25Z INFO  librespot] librespot 0.8.0 VERGEN_IDEMPOTENT_OUTPUT (Built on 2025-11-10, Build ID: 1762793321, Profile: release)
[2026-04-01T17:23:25Z INFO  librespot_playback::mixer::softmixer] Mixing with softvol and volume control: Log(60.0)
[2026-04-01T17:23:25Z INFO  librespot_playback::convert] Converting with ditherer: tpdf
[2026-04-01T17:23:25Z INFO  librespot_playback::audio_backend::pipe] Using StdoutSink (pipe) with format: S16
[2026-04-01T17:23:26Z INFO  librespot_core::session] Connecting to AP "ap-gue1.spotify.com:4070"
[2026-04-01T17:23:26Z INFO  librespot_core::session] Authenticated as 'paulster23' !
[2026-04-01T17:23:26Z INFO  librespot_core::session] Country: "US"
[2026-04-01T17:23:27Z INFO  librespot_core::spclient] Resolved "gue1-spclient.spotify.com:443" as spclient access point
[2026-04-01T17:23:27Z INFO  librespot_connect::spirc] active device is <> with session <52WGT66mHNJREbSO6ppRc6>
[2026-04-01T17:33:33Z INFO  librespot] librespot 0.8.0 VERGEN_IDEMPOTENT_OUTPUT (Built on 2025-11-10, Build ID: 1762793321, Profile: release)
[2026-04-01T17:33:33Z INFO  librespot_playback::mixer::softmixer] Mixing with softvol and volume control: Log(60.0)
[2026-04-01T17:33:33Z INFO  librespot_playback::convert] Converting with ditherer: tpdf
[2026-04-01T17:33:33Z INFO  librespot_playback::audio_backend::pipe] Using StdoutSink (pipe) with format: S16
[2026-04-01T17:33:34Z INFO  librespot_core::session] Connecting to AP "ap-gue1.spotify.com:4070"
[2026-04-01T17:33:34Z INFO  librespot_core::session] Authenticated as 'paulster23' !
[2026-04-01T17:33:34Z INFO  librespot_core::session] Country: "US"
[2026-04-01T17:33:35Z INFO  librespot_core::spclient] Resolved "gue1-spclient.spotify.com:443" as spclient access point
[2026-04-01T17:33:35Z INFO  librespot_connect::spirc] active device is <> with session <52WGT66mHNJREbSO6ppRc6>
[2026-04-01T17:43:41Z INFO  librespot] librespot 0.8.0 VERGEN_IDEMPOTENT_OUTPUT (Built on 2025-11-10, Build ID: 1762793321, Profile: release)
[2026-04-01T17:43:41Z INFO  librespot_playback::mixer::softmixer] Mixing with softvol and volume control: Log(60.0)
[2026-04-01T17:43:41Z INFO  librespot_playback::convert] Converting with ditherer: tpdf
[2026-04-01T17:43:41Z INFO  librespot_playback::audio_backend::pipe] Using StdoutSink (pipe) with format: S16
[2026-04-01T17:43:42Z INFO  librespot_core::session] Connecting to AP "ap-gue1.spotify.com:4070"
[2026-04-01T17:43:42Z INFO  librespot_core::session] Authenticated as 'paulster23' !
[2026-04-01T17:43:42Z INFO  librespot_core::session] Country: "US"
[2026-04-01T17:43:43Z INFO  librespot_core::spclient] Resolved "gue1-spclient.spotify.com:443" as spclient access point
[2026-04-01T17:43:43Z INFO  librespot_connect::spirc] active device is <> with session <52WGT66mHNJREbSO6ppRc6>
[2026-04-01T17:53:49Z INFO  librespot] librespot 0.8.0 VERGEN_IDEMPOTENT_OUTPUT (Built on 2025-11-10, Build ID: 1762793321, Profile: release)
[2026-04-01T17:53:49Z INFO  librespot_playback::mixer::softmixer] Mixing with softvol and volume control: Log(60.0)
[2026-04-01T17:53:49Z INFO  librespot_playback::convert] Converting with ditherer: tpdf
[2026-04-01T17:53:49Z INFO  librespot_playback::audio_backend::pipe] Using StdoutSink (pipe) with format: S16
[2026-04-01T17:53:50Z INFO  librespot_core::session] Connecting to AP "ap-gue1.spotify.com:4070"
[2026-04-01T17:53:50Z INFO  librespot_core::session] Authenticated as 'paulster23' !
[2026-04-01T17:53:50Z INFO  librespot_core::session] Country: "US"
[2026-04-01T17:53:51Z INFO  librespot_core::spclient] Resolved "gue1-spclient.spotify.com:443" as spclient access point
[2026-04-01T17:53:51Z INFO  librespot_connect::spirc] active device is <> with session <52WGT66mHNJREbSO6ppRc6>
[2026-04-01T18:03:57Z INFO  librespot] librespot 0.8.0 VERGEN_IDEMPOTENT_OUTPUT (Built on 2025-11-10, Build ID: 1762793321, Profile: release)
[2026-04-01T18:03:57Z INFO  librespot_playback::mixer::softmixer] Mixing with softvol and volume control: Log(60.0)
[2026-04-01T18:03:57Z INFO  librespot_playback::convert] Converting with ditherer: tpdf
[2026-04-01T18:03:57Z INFO  librespot_playback::audio_backend::pipe] Using StdoutSink (pipe) with format: S16
[2026-04-01T18:03:58Z INFO  librespot_core::session] Connecting to AP "ap-gue1.spotify.com:4070"
[2026-04-01T18:03:58Z INFO  librespot_core::session] Authenticated as 'paulster23' !
[2026-04-01T18:03:58Z INFO  librespot_core::session] Country: "US"
[2026-04-01T18:03:59Z INFO  librespot_core::spclient] Resolved "gue1-spclient.spotify.com:443" as spclient access point
[2026-04-01T18:03:59Z INFO  librespot_connect::spirc] active device is <> with session <52WGT66mHNJREbSO6ppRc6>
[2026-04-01T18:14:05Z INFO  librespot] librespot 0.8.0 VERGEN_IDEMPOTENT_OUTPUT (Built on 2025-11-10, Build ID: 1762793321, Profile: release)
[2026-04-01T18:14:05Z INFO  librespot_playback::mixer::softmixer] Mixing with softvol and volume control: Log(60.0)
[2026-04-01T18:14:05Z INFO  librespot_playback::convert] Converting with ditherer: tpdf
[2026-04-01T18:14:05Z INFO  librespot_playback::audio_backend::pipe] Using StdoutSink (pipe) with format: S16
[2026-04-01T18:14:06Z INFO  librespot_core::session] Connecting to AP "ap-gue1.spotify.com:4070"
[2026-04-01T18:14:06Z INFO  librespot_core::session] Authenticated as 'paulster23' !
[2026-04-01T18:14:06Z INFO  librespot_core::session] Country: "US"
[2026-04-01T18:14:07Z INFO  librespot_core::spclient] Resolved "gue1-spclient.spotify.com:443" as spclient access point
[2026-04-01T18:14:07Z INFO  librespot_connect::spirc] active device is <> with session <52WGT66mHNJREbSO6ppRc6>
[2026-04-01T18:24:13Z INFO  librespot] librespot 0.8.0 VERGEN_IDEMPOTENT_OUTPUT (Built on 2025-11-10, Build ID: 1762793321, Profile: release)
[2026-04-01T18:24:13Z INFO  librespot_playback::mixer::softmixer] Mixing with softvol and volume control: Log(60.0)
[2026-04-01T18:24:13Z INFO  librespot_playback::convert] Converting with ditherer: tpdf
[2026-04-01T18:24:13Z INFO  librespot_playback::audio_backend::pipe] Using StdoutSink (pipe) with format: S16
[2026-04-01T18:24:14Z INFO  librespot_core::session] Connecting to AP "ap-gue1.spotify.com:4070"
[2026-04-01T18:24:14Z INFO  librespot_core::session] Authenticated as 'paulster23' !
[2026-04-01T18:24:14Z INFO  librespot_core::session] Country: "US"
[2026-04-01T18:24:15Z INFO  librespot_core::spclient] Resolved "gue1-spclient.spotify.com:443" as spclient access point
[2026-04-01T18:24:15Z INFO  librespot_connect::spirc] active device is <> with session <52WGT66mHNJREbSO6ppRc6>
[2026-04-01T18:34:21Z INFO  librespot] librespot 0.8.0 VERGEN_IDEMPOTENT_OUTPUT (Built on 2025-11-10, Build ID: 1762793321, Profile: release)
[2026-04-01T18:34:21Z INFO  librespot_playback::mixer::softmixer] Mixing with softvol and volume control: Log(60.0)
[2026-04-01T18:34:21Z INFO  librespot_playback::convert] Converting with ditherer: tpdf
[2026-04-01T18:34:21Z INFO  librespot_playback::audio_backend::pipe] Using StdoutSink (pipe) with format: S16
[2026-04-01T18:34:22Z INFO  librespot_core::session] Connecting to AP "ap-gue1.spotify.com:4070"
[2026-04-01T18:34:22Z INFO  librespot_core::session] Authenticated as 'paulster23' !
[2026-04-01T18:34:22Z INFO  librespot_core::session] Country: "US"
[2026-04-01T18:34:23Z INFO  librespot_core::spclient] Resolved "gue1-spclient.spotify.com:443" as spclient access point
[2026-04-01T18:34:23Z INFO  librespot_connect::spirc] active device is <> with session <52WGT66mHNJREbSO6ppRc6>
[2026-04-01T18:44:29Z INFO  librespot] librespot 0.8.0 VERGEN_IDEMPOTENT_OUTPUT (Built on 2025-11-10, Build ID: 1762793321, Profile: release)
[2026-04-01T18:44:29Z INFO  librespot_playback::mixer::softmixer] Mixing with softvol and volume control: Log(60.0)
[2026-04-01T18:44:29Z INFO  librespot_playback::convert] Converting with ditherer: tpdf
[2026-04-01T18:44:29Z INFO  librespot_playback::audio_backend::pipe] Using StdoutSink (pipe) with format: S16
[2026-04-01T18:44:30Z INFO  librespot_core::session] Connecting to AP "ap-gue1.spotify.com:4070"
[2026-04-01T18:44:30Z INFO  librespot_core::session] Authenticated as 'paulster23' !
[2026-04-01T18:44:30Z INFO  librespot_core::session] Country: "US"
[2026-04-01T18:44:31Z INFO  librespot_core::spclient] Resolved "gue1-spclient.spotify.com:443" as spclient access point
[2026-04-01T18:44:31Z INFO  librespot_connect::spirc] active device is <> with session <52WGT66mHNJREbSO6ppRc6>
[2026-04-01T18:54:37Z INFO  librespot] librespot 0.8.0 VERGEN_IDEMPOTENT_OUTPUT (Built on 2025-11-10, Build ID: 1762793321, Profile: release)
[2026-04-01T18:54:37Z INFO  librespot_playback::mixer::softmixer] Mixing with softvol and volume control: Log(60.0)
[2026-04-01T18:54:37Z INFO  librespot_playback::convert] Converting with ditherer: tpdf
[2026-04-01T18:54:37Z INFO  librespot_playback::audio_backend::pipe] Using StdoutSink (pipe) with format: S16
[2026-04-01T18:54:38Z INFO  librespot_core::session] Connecting to AP "ap-gue1.spotify.com:4070"
[2026-04-01T18:54:38Z INFO  librespot_core::session] Authenticated as 'paulster23' !
[2026-04-01T18:54:38Z INFO  librespot_core::session] Country: "US"
[2026-04-01T18:54:39Z INFO  librespot_core::spclient] Resolved "gue1-spclient.spotify.com:443" as spclient access point
[2026-04-01T18:54:39Z INFO  librespot_connect::spirc] active device is <> with session <52WGT66mHNJREbSO6ppRc6>
[2026-04-01T19:04:45Z INFO  librespot] librespot 0.8.0 VERGEN_IDEMPOTENT_OUTPUT (Built on 2025-11-10, Build ID: 1762793321, Profile: release)
[2026-04-01T19:04:45Z INFO  librespot_playback::mixer::softmixer] Mixing with softvol and volume control: Log(60.0)
[2026-04-01T19:04:45Z INFO  librespot_playback::convert] Converting with ditherer: tpdf
[2026-04-01T19:04:45Z INFO  librespot_playback::audio_backend::pipe] Using StdoutSink (pipe) with format: S16
[2026-04-01T19:04:46Z INFO  librespot_core::session] Connecting to AP "ap-gue1.spotify.com:4070"
[2026-04-01T19:04:46Z INFO  librespot_core::session] Authenticated as 'paulster23' !
[2026-04-01T19:04:46Z INFO  librespot_core::session] Country: "US"
[2026-04-01T19:04:47Z INFO  librespot_core::spclient] Resolved "gue1-spclient.spotify.com:443" as spclient access point
[2026-04-01T19:04:47Z INFO  librespot_connect::spirc] active device is <> with session <52WGT66mHNJREbSO6ppRc6>
[2026-04-01T19:14:53Z INFO  librespot] librespot 0.8.0 VERGEN_IDEMPOTENT_OUTPUT (Built on 2025-11-10, Build ID: 1762793321, Profile: release)
[2026-04-01T19:14:53Z INFO  librespot_playback::mixer::softmixer] Mixing with softvol and volume control: Log(60.0)
[2026-04-01T19:14:53Z INFO  librespot_playback::convert] Converting with ditherer: tpdf
[2026-04-01T19:14:53Z INFO  librespot_playback::audio_backend::pipe] Using StdoutSink (pipe) with format: S16
[2026-04-01T19:14:54Z INFO  librespot_core::session] Connecting to AP "ap-gue1.spotify.com:4070"
[2026-04-01T19:14:54Z INFO  librespot_core::session] Authenticated as 'paulster23' !
[2026-04-01T19:14:54Z INFO  librespot_core::session] Country: "US"
[2026-04-01T19:14:55Z INFO  librespot_core::spclient] Resolved "gue1-spclient.spotify.com:443" as spclient access point
[2026-04-01T19:14:55Z INFO  librespot_connect::spirc] active device is <> with session <52WGT66mHNJREbSO6ppRc6>
[2026-04-01T19:25:01Z INFO  librespot] librespot 0.8.0 VERGEN_IDEMPOTENT_OUTPUT (Built on 2025-11-10, Build ID: 1762793321, Profile: release)
[2026-04-01T19:25:01Z INFO  librespot_playback::mixer::softmixer] Mixing with softvol and volume control: Log(60.0)
[2026-04-01T19:25:01Z INFO  librespot_playback::convert] Converting with ditherer: tpdf
[2026-04-01T19:25:01Z INFO  librespot_playback::audio_backend::pipe] Using StdoutSink (pipe) with format: S16
[2026-04-01T19:25:02Z INFO  librespot_core::session] Connecting to AP "ap-gue1.spotify.com:4070"
[2026-04-01T19:25:02Z INFO  librespot_core::session] Authenticated as 'paulster23' !
[2026-04-01T19:25:02Z INFO  librespot_core::session] Country: "US"
[2026-04-01T19:25:03Z INFO  librespot_core::spclient] Resolved "gue1-spclient.spotify.com:443" as spclient access point
[2026-04-01T19:25:03Z INFO  librespot_connect::spirc] active device is <> with session <52WGT66mHNJREbSO6ppRc6>
[2026-04-01T19:35:09Z INFO  librespot] librespot 0.8.0 VERGEN_IDEMPOTENT_OUTPUT (Built on 2025-11-10, Build ID: 1762793321, Profile: release)
[2026-04-01T19:35:09Z INFO  librespot_playback::mixer::softmixer] Mixing with softvol and volume control: Log(60.0)
[2026-04-01T19:35:09Z INFO  librespot_playback::convert] Converting with ditherer: tpdf
[2026-04-01T19:35:09Z INFO  librespot_playback::audio_backend::pipe] Using StdoutSink (pipe) with format: S16
[2026-04-01T19:35:10Z INFO  librespot_core::session] Connecting to AP "ap-gue1.spotify.com:4070"
[2026-04-01T19:35:10Z INFO  librespot_core::session] Authenticated as 'paulster23' !
[2026-04-01T19:35:10Z INFO  librespot_core::session] Country: "US"
[2026-04-01T19:35:11Z INFO  librespot_core::spclient] Resolved "gue1-spclient.spotify.com:443" as spclient access point
[2026-04-01T19:35:11Z INFO  librespot_connect::spirc] active device is <> with session <52WGT66mHNJREbSO6ppRc6>
[2026-04-01T19:45:17Z INFO  librespot] librespot 0.8.0 VERGEN_IDEMPOTENT_OUTPUT (Built on 2025-11-10, Build ID: 1762793321, Profile: release)
[2026-04-01T19:45:17Z INFO  librespot_playback::mixer::softmixer] Mixing with softvol and volume control: Log(60.0)
[2026-04-01T19:45:17Z INFO  librespot_playback::convert] Converting with ditherer: tpdf
[2026-04-01T19:45:17Z INFO  librespot_playback::audio_backend::pipe] Using StdoutSink (pipe) with format: S16
[2026-04-01T19:45:18Z INFO  librespot_core::session] Connecting to AP "ap-gue1.spotify.com:4070"
[2026-04-01T19:45:18Z INFO  librespot_core::session] Authenticated as 'paulster23' !
[2026-04-01T19:45:18Z INFO  librespot_core::session] Country: "US"
[2026-04-01T19:45:19Z INFO  librespot_core::spclient] Resolved "gue1-spclient.spotify.com:443" as spclient access point
[2026-04-01T19:45:19Z INFO  librespot_connect::spirc] active device is <> with session <52WGT66mHNJREbSO6ppRc6>
[2026-04-01T19:55:25Z INFO  librespot] librespot 0.8.0 VERGEN_IDEMPOTENT_OUTPUT (Built on 2025-11-10, Build ID: 1762793321, Profile: release)
[2026-04-01T19:55:25Z INFO  librespot_playback::mixer::softmixer] Mixing with softvol and volume control: Log(60.0)
[2026-04-01T19:55:25Z INFO  librespot_playback::convert] Converting with ditherer: tpdf
[2026-04-01T19:55:25Z INFO  librespot_playback::audio_backend::pipe] Using StdoutSink (pipe) with format: S16
[2026-04-01T19:55:26Z INFO  librespot_core::session] Connecting to AP "ap-gue1.spotify.com:4070"
[2026-04-01T19:55:26Z INFO  librespot_core::session] Authenticated as 'paulster23' !
[2026-04-01T19:55:26Z INFO  librespot_core::session] Country: "US"
[2026-04-01T19:55:27Z INFO  librespot_core::spclient] Resolved "gue1-spclient.spotify.com:443" as spclient access point
[2026-04-01T19:55:27Z INFO  librespot_connect::spirc] active device is <> with session <52WGT66mHNJREbSO6ppRc6>
[2026-04-01T19:56:57Z WARN  librespot_connect::state::context] couldn't load context info because: context is not available. type: Default
[2026-04-01T19:56:57Z WARN  librespot_connect::state::context] couldn't load context info because: context is not available. type: Default
[2026-04-01T19:56:57Z INFO  librespot_playback::player] Loading <Swingin Party - 2008 Remaster> with Spotify URI <spotify:track:14g6foD6sxO1qgkDKuPgWv>
[2026-04-01T19:56:58Z INFO  librespot_connect::spirc] session update: <Ok(NEW_SESSION)> for self, current session_id 8ee9286f4e2c47d18a6787dfc590694a, new session_id 8c6e4d7d8aab92c5338367ae991a4583
[2026-04-01T19:56:58Z INFO  librespot_playback::player] <Swingin Party - 2008 Remaster> (233573 ms) loaded
[2026-04-01T19:57:00Z WARN  librespot_connect::state::context] couldn't load context info because: context is not available. type: Default
[2026-04-01T19:57:00Z INFO  librespot_core::session] Connecting to AP "ap-gue1.spotify.com:4070"
[2026-04-01T19:57:00Z WARN  librespot_core::dealer] Websocket connection failed: IO error: peer closed connection without sending TLS close_notify: https://docs.rs/rustls/latest/rustls/manual/_03_howto/index.html#unexpected-eof
[2026-04-01T19:57:00Z INFO  librespot_core::session] Authenticated as 'paulster-us' !
[2026-04-01T19:57:01Z INFO  librespot_core::session] Country: "US"
[2026-04-01T19:57:01Z INFO  librespot_core::spclient] Resolved "gue1-spclient.spotify.com:443" as spclient access point
[2026-04-01T19:57:02Z INFO  librespot_connect::spirc] active device is <4f1b625ba8219e00893d9560b3f2ec707b48d9d1> with session <6ITOv6h4ExEKFTBbuugmkg>
[2026-04-01T19:57:02Z WARN  librespot_connect::state::context] couldn't load context info because: context is not available. type: Default
[2026-04-01T19:57:02Z INFO  librespot_playback::player] Loading <Misty> with Spotify URI <spotify:track:51um6xFoz1ZaUxuyabHXKX>
[2026-04-01T19:57:02Z INFO  librespot_connect::spirc] session update: <Ok(NEW_SESSION)> for self, current session_id 16df1c9d98054e27a6e438d2712d9319, new session_id 9b7c13cc91afcac75612d9d392776127
[2026-04-01T19:57:03Z INFO  librespot_playback::player] <Misty> (195400 ms) loaded
[2026-04-01T19:58:46Z INFO  librespot_playback::player] Loading <My Baby Just Cares for Me (2013 - Remaster)> with Spotify URI <spotify:track:5Lhjlnly9Ynhf52ojQS534>
[2026-04-01T19:58:47Z INFO  librespot_playback::player] <My Baby Just Cares for Me (2013 - Remaster)> (215746 ms) loaded
[2026-04-01T20:02:12Z INFO  librespot_playback::player] Loading <I Never Loved a Man (The Way I Love You)> with Spotify URI <spotify:track:1hES47PrbU8GPTI5A9lsr0>
[2026-04-01T20:02:13Z INFO  librespot_playback::player] <I Never Loved a Man (The Way I Love You)> (171773 ms) loaded
[2026-04-01T20:04:56Z INFO  librespot_playback::player] Loading <The Look Of Love> with Spotify URI <spotify:track:1Kx5LdJPpqRXKUUHBu9CTe>
[2026-04-01T20:04:56Z INFO  librespot_playback::player] <The Look Of Love> (216266 ms) loaded
[2026-04-01T20:08:21Z INFO  librespot_playback::player] Loading <A Change Is Gonna Come> with Spotify URI <spotify:track:0D0NwBMfJPoh1sZ61p5Fot>
[2026-04-01T20:08:22Z INFO  librespot_playback::player] <A Change Is Gonna Come> (192533 ms) loaded
[2026-04-01T20:11:25Z INFO  librespot_playback::player] Loading <One For My Baby (And One More For The Road)> with Spotify URI <spotify:track:6V7aCXF7eO91mAcmOBFByr>
[2026-04-01T20:11:25Z INFO  librespot_playback::player] <One For My Baby (And One More For The Road)> (207066 ms) loaded
[2026-04-01T20:14:42Z INFO  librespot_playback::player] Loading <If You Love Me> with Spotify URI <spotify:track:7i9RIEuPvpQ8NtfI0dSJeK>
[2026-04-01T20:14:43Z INFO  librespot_playback::player] <If You Love Me> (274397 ms) loaded
[2026-04-01T20:19:03Z INFO  librespot_playback::player] Loading <Let's Straighten It Out> with Spotify URI <spotify:track:12n47FuVsiUGug0xkiGkSc>
[2026-04-01T20:19:04Z INFO  librespot_playback::player] <Let's Straighten It Out> (232093 ms) loaded
[2026-04-01T20:22:45Z INFO  librespot_playback::player] Loading <I Need Your Love So Bad> with Spotify URI <spotify:track:2ykaQGOB0YE3oF4S5J4E6Q>
[2026-04-01T20:22:45Z INFO  librespot_playback::player] <I Need Your Love So Bad> (196573 ms) loaded
[2026-04-01T20:25:52Z INFO  librespot_playback::player] Loading <Come Rain or Come Shine> with Spotify URI <spotify:track:2htH7r8oqqEwp3BB6oh2cU>
[2026-04-01T20:25:52Z INFO  librespot_playback::player] <Come Rain or Come Shine> (222733 ms) loaded
[2026-04-01T20:29:25Z INFO  librespot_playback::player] Loading <A Sunday Kind Of Love> with Spotify URI <spotify:track:0zGLlXbHlrAyBN1x6sY0rb>
[2026-04-01T20:29:26Z INFO  librespot_playback::player] <A Sunday Kind Of Love> (196133 ms) loaded
[2026-04-01T20:32:41Z INFO  librespot_playback::player] Loading <Do Right Woman, Do Right Man> with Spotify URI <spotify:track:6cLEpgDcEldV1n9gusHQUX>
[2026-04-01T20:32:42Z INFO  librespot_playback::player] <Do Right Woman, Do Right Man> (196640 ms) loaded
[2026-04-01T20:35:58Z INFO  librespot_playback::player] Loading <As Long As I've Got You> with Spotify URI <spotify:track:5f1dWtvWmx1RMP6ynU5PIH>
[2026-04-01T20:35:59Z INFO  librespot_playback::player] <As Long As I've Got You> (157613 ms) loaded
[2026-04-01T20:38:36Z INFO  librespot_playback::player] Loading <I Get Along Without You Very Well (Except Sometimes) - Vocal Version> with Spotify URI <spotify:track:4gFlHAye7To29Fs4UszQUH>
[2026-04-01T20:38:37Z INFO  librespot_playback::player] <I Get Along Without You Very Well (Except Sometimes) - Vocal Version> (179640 ms) loaded
[2026-04-01T20:41:36Z INFO  librespot_playback::player] Loading <I'm a Fool to Want You> with Spotify URI <spotify:track:6Rvz1jM5eUqzNs2Pi8RMTG>
[2026-04-01T20:41:36Z INFO  librespot_playback::player] <I'm a Fool to Want You> (205051 ms) loaded
[2026-04-01T20:45:01Z INFO  librespot_playback::player] Loading <Damn Your Eyes> with Spotify URI <spotify:track:0FBW37wK2NgqSivxjxY2PM>
[2026-04-01T20:45:02Z INFO  librespot_playback::player] <Damn Your Eyes> (251333 ms) loaded
[2026-04-01T20:49:12Z INFO  librespot_playback::player] Loading <Hard Times (No One Knows Better Than I)> with Spotify URI <spotify:track:4ADzk9oX44sCGJPE5OjNcW>
[2026-04-01T20:49:13Z INFO  librespot_playback::player] <Hard Times (No One Knows Better Than I)> (175773 ms) loaded
[2026-04-01T20:52:08Z INFO  librespot_playback::player] Loading <Save Your Love For Me> with Spotify URI <spotify:track:4ur0Fd4coSwWtP8MWpkjR9>
[2026-04-01T20:52:08Z INFO  librespot_playback::player] <Save Your Love For Me> (164866 ms) loaded
[2026-04-01T20:54:53Z INFO  librespot_playback::player] Loading <Jealous Guy> with Spotify URI <spotify:track:4ZMofBIe1948b23GZJriAd>
[2026-04-01T20:54:53Z INFO  librespot_playback::player] <Jealous Guy> (188146 ms) loaded
[2026-04-01T20:58:01Z INFO  librespot_playback::player] Loading <Stardust> with Spotify URI <spotify:track:3npHR2nReF5bhCvvGiNwcL>
[2026-04-01T20:58:02Z INFO  librespot_playback::player] <Stardust> (195573 ms) loaded
[2026-04-01T21:01:16Z INFO  librespot_playback::player] Loading <Trust In Me> with Spotify URI <spotify:track:5Zu9mG353GB3p26t7M5AmR>
[2026-04-01T21:01:17Z INFO  librespot_playback::player] <Trust In Me> (178466 ms) loaded
[2026-04-01T21:04:15Z INFO  librespot_playback::player] Loading <Straight From The Heart> with Spotify URI <spotify:track:2pv2bS54WfwkbEQygh1S8T>
[2026-04-01T21:04:16Z INFO  librespot_playback::player] <Straight From The Heart> (148426 ms) loaded
[2026-04-01T21:06:43Z INFO  librespot_playback::player] Loading <How Can You Mend a Broken Heart> with Spotify URI <spotify:track:6lUXneXZ9jc3HSMHgd8oqh>
[2026-04-01T21:06:44Z INFO  librespot_playback::player] <How Can You Mend a Broken Heart> (383502 ms) loaded
[2026-04-01T21:13:07Z INFO  librespot_playback::player] Loading <California Dreamin'> with Spotify URI <spotify:track:6G7MHIvSDR3ehXPkuDFAlM>
[2026-04-01T21:13:07Z INFO  librespot_playback::player] <California Dreamin'> (200973 ms) loaded
[2026-04-01T21:16:28Z INFO  librespot_playback::player] Loading <Morning Sun> with Spotify URI <spotify:track:7aoJg1wQEqMx1t875H5fww>
[2026-04-01T21:16:28Z INFO  librespot_playback::player] <Morning Sun> (305265 ms) loaded
[2026-04-01T21:21:33Z INFO  librespot_playback::player] Loading <I'd Rather Go Blind> with Spotify URI <spotify:track:1kPBT8S2wJFNAyBMnGVZgL>
[2026-04-01T21:21:34Z INFO  librespot_playback::player] <I'd Rather Go Blind> (156653 ms) loaded
[2026-04-01T21:24:10Z INFO  librespot_playback::player] Loading <Nature Boy> with Spotify URI <spotify:track:2WMyu5IYgxEuCd6xgFgJrl>
[2026-04-01T21:24:10Z INFO  librespot_playback::player] <Nature Boy> (173533 ms) loaded
[2026-04-01T21:27:03Z INFO  librespot_playback::player] Loading <After Laughter (Comes Tears)> with Spotify URI <spotify:track:1IXa70EPedlpafPL7Ood2z>
[2026-04-01T21:27:04Z INFO  librespot_playback::player] <After Laughter (Comes Tears)> (179413 ms) loaded
[2026-04-01T21:30:02Z INFO  librespot_playback::player] Loading <(Where Do I Begin) Love Story - 1994 Remaster> with Spotify URI <spotify:track:74cTLzttRYdy798wjmudYR>
[2026-04-01T21:30:03Z INFO  librespot_playback::player] <(Where Do I Begin) Love Story - 1994 Remaster> (197440 ms) loaded
[2026-04-01T21:33:20Z INFO  librespot_playback::player] Loading <Across 110th Street> with Spotify URI <spotify:track:2zyTP97uGsIc1C4KNNEkyn>
[2026-04-01T21:33:21Z INFO  librespot_playback::player] <Across 110th Street> (230506 ms) loaded
[2026-04-01T21:37:10Z INFO  librespot_playback::player] Loading <My Dearest Darling> with Spotify URI <spotify:track:5jcNL4DreI4z4XnTfsx9SQ>
[2026-04-01T21:37:11Z INFO  librespot_playback::player] <My Dearest Darling> (180666 ms) loaded
[2026-04-01T21:40:11Z INFO  librespot_playback::player] Loading <Pain in My Heart> with Spotify URI <spotify:track:2tT6mzIeQG2tAFIMTwR6DV>
[2026-04-01T21:40:12Z INFO  librespot_playback::player] <Pain in My Heart> (143600 ms) loaded
[2026-04-01T21:42:35Z INFO  librespot_playback::player] Loading <I Wish I Knew How It Would Feel to Be Free> with Spotify URI <spotify:track:5CKHhg31HcYYhwUeeGqvhq>
[2026-04-01T21:42:35Z INFO  librespot_playback::player] <I Wish I Knew How It Would Feel to Be Free> (188613 ms) loaded
[2026-04-01T21:45:43Z INFO  librespot_playback::player] Loading <(I Love You) For Sentimental Reasons> with Spotify URI <spotify:track:5QnCtH7euld6R68UwcWrte>
[2026-04-01T21:45:44Z INFO  librespot_playback::player] <(I Love You) For Sentimental Reasons> (184466 ms) loaded
[2026-04-01T21:48:48Z INFO  librespot_playback::player] Loading <Walk on By> with Spotify URI <spotify:track:3xsOtNxtBW0oTI1OWKAzTm>
[2026-04-01T21:48:48Z INFO  librespot_playback::player] <Walk on By> (178333 ms) loaded
[2026-04-01T21:51:46Z INFO  librespot_playback::player] Loading <Don't Cry Baby> with Spotify URI <spotify:track:52JFZ4D1kYCspWMolxYtTo>
[2026-04-01T21:51:47Z INFO  librespot_playback::player] <Don't Cry Baby> (146226 ms) loaded
[2026-04-01T21:54:13Z INFO  librespot_playback::player] Loading <My Funny Valentine> with Spotify URI <spotify:track:4l9hml2UCnxoNI3yCdL1BW>
[2026-04-01T21:54:13Z INFO  librespot_playback::player] <My Funny Valentine> (141133 ms) loaded
[2026-04-01T21:56:33Z INFO  librespot_playback::player] Loading <The Masquerade Is Over> with Spotify URI <spotify:track:1jf3wYtynxiPOdhqAp3cUN>
[2026-04-01T21:56:34Z INFO  librespot_playback::player] <The Masquerade Is Over> (258106 ms) loaded
[2026-04-01T22:00:52Z INFO  librespot_playback::player] Loading <Bring It On Home to Me> with Spotify URI <spotify:track:5EoYc5wvRYOtkudLfrjsL1>
[2026-04-01T22:00:52Z INFO  librespot_playback::player] <Bring It On Home to Me> (164252 ms) loaded
[2026-04-01T22:03:36Z INFO  librespot_playback::player] Loading <Moondance - 2013 Remaster> with Spotify URI <spotify:track:683b4ikwa62JevCjwrmfg6>
[2026-04-01T22:03:37Z INFO  librespot_playback::player] <Moondance - 2013 Remaster> (274040 ms) loaded
[2026-04-01T22:08:10Z INFO  librespot_playback::player] Loading <At Last> with Spotify URI <spotify:track:4Hhv2vrOTy89HFRcjU3QOx>
[2026-04-01T22:08:11Z INFO  librespot_playback::player] <At Last> (179693 ms) loaded
[2026-04-01T22:11:10Z INFO  librespot_playback::player] Loading <Carry On> with Spotify URI <spotify:track:4ZFhVVawR0xMJ5dJFNxFRl>
[2026-04-01T22:11:10Z INFO  librespot_playback::player] <Carry On> (168106 ms) loaded
[2026-04-01T22:13:58Z INFO  librespot_playback::player] Loading <Groovin'> with Spotify URI <spotify:track:3c2kMiSB86tVq1J4oULmvL>
[2026-04-01T22:13:58Z INFO  librespot_playback::player] <Groovin'> (151289 ms) loaded
[2026-04-01T22:16:29Z INFO  librespot_playback::player] Loading <Take Another Little Piece of My Heart> with Spotify URI <spotify:track:43gYYzuAUfrsXxurrxVyE9>
[2026-04-01T22:16:29Z INFO  librespot_playback::player] <Take Another Little Piece of My Heart> (158533 ms) loaded
[2026-04-01T22:19:07Z INFO  librespot_playback::player] Loading <These Arms of Mine> with Spotify URI <spotify:track:4skknrc3sJqaPTtUr2cwFq>
[2026-04-01T22:19:08Z INFO  librespot_playback::player] <These Arms of Mine> (154533 ms) loaded
[2026-04-01T22:21:42Z INFO  librespot_playback::player] Loading <Something's Got A Hold On Me> with Spotify URI <spotify:track:5QC07jdKdQrH1cW7Ag3OJ2>
[2026-04-01T22:21:43Z INFO  librespot_playback::player] <Something's Got A Hold On Me> (167426 ms) loaded
[2026-04-01T22:24:30Z INFO  librespot_playback::player] Loading <Dance Me To The End Of Love> with Spotify URI <spotify:track:13zjNPZUyWvzZC2dlYjW0L>
[2026-04-01T22:24:30Z INFO  librespot_playback::player] <Dance Me To The End Of Love> (237640 ms) loaded
[2026-04-01T22:28:27Z INFO  librespot_playback::player] Loading <Lonely Avenue> with Spotify URI <spotify:track:6tEJxuPnNDv6XL49nZEW7f>
[2026-04-01T22:28:28Z INFO  librespot_playback::player] <Lonely Avenue> (157560 ms) loaded
[2026-04-01T22:31:05Z INFO  librespot_playback::player] Loading <I'll Be Around> with Spotify URI <spotify:track:2vLaES21zwbX1Rnmj56Bbb>
[2026-04-01T22:31:06Z INFO  librespot_playback::player] <I'll Be Around> (188800 ms) loaded
[2026-04-01T22:34:13Z INFO  librespot_playback::player] Loading <Baby I'm A Fool> with Spotify URI <spotify:track:3XZN4wXwG2o0OadHWExzPr>
[2026-04-01T22:34:14Z INFO  librespot_playback::player] <Baby I'm A Fool> (210693 ms) loaded
[2026-04-01T22:38:14Z INFO  librespot_playback::player] Loading <My Dearest Darling> with Spotify URI <spotify:track:5jcNL4DreI4z4XnTfsx9SQ>
[2026-04-01T22:38:15Z INFO  librespot_playback::player] <My Dearest Darling> (180666 ms) loaded
[2026-04-01T22:40:45Z INFO  librespot_playback::player] Loading <The Look Of Love> with Spotify URI <spotify:track:1Kx5LdJPpqRXKUUHBu9CTe>
[2026-04-01T22:40:46Z INFO  librespot_playback::player] <The Look Of Love> (216266 ms) loaded
[2026-04-01T22:44:21Z INFO  librespot_playback::player] Loading <Let's Straighten It Out> with Spotify URI <spotify:track:12n47FuVsiUGug0xkiGkSc>
[2026-04-01T22:44:22Z INFO  librespot_playback::player] <Let's Straighten It Out> (232093 ms) loaded
[2026-04-01T22:48:13Z INFO  librespot_playback::player] Loading <As Long As I've Got You> with Spotify URI <spotify:track:5f1dWtvWmx1RMP6ynU5PIH>
[2026-04-01T22:48:14Z INFO  librespot_playback::player] <As Long As I've Got You> (157613 ms) loaded
[2026-04-01T22:50:32Z INFO  librespot_core::session] Connecting to AP "ap-gue1.spotify.com:4070"
[2026-04-01T22:50:32Z INFO  librespot_core::session] Authenticated as 'paulster23' !
[2026-04-01T22:50:32Z INFO  librespot_core::session] Country: "US"
[2026-04-01T22:50:33Z INFO  librespot_core::spclient] Resolved "gue1-spclient.spotify.com:443" as spclient access point
[2026-04-01T22:50:33Z INFO  librespot_connect::spirc] active device is <e9912ea7d306062891be9d4514485cfccfc5a2d7> with session <6tcp1WsxPjTLCvFrmmD9hj>
[2026-04-01T22:50:33Z WARN  librespot_connect::state::context] couldn't load context info because: context is not available. type: Default
[2026-04-01T22:50:34Z INFO  librespot_playback::player] Loading <It Isn't Soul> with Spotify URI <spotify:track:7a62ldfxvUALHcb1QutZet>
[2026-04-01T22:50:34Z INFO  librespot_playback::player] <It Isn't Soul> (168913 ms) loaded
[2026-04-01T22:50:34Z WARN  librespot_connect::state::context] couldn't load context info because: context is not available. type: Default
[2026-04-01T22:50:35Z WARN  librespot_core::dealer] Websocket connection failed: IO error: peer closed connection without sending TLS close_notify: https://docs.rs/rustls/latest/rustls/manual/_03_howto/index.html#unexpected-eof
[2026-04-01T22:52:20Z INFO  librespot_connect::spirc] device became inactive
[2026-04-01T22:52:21Z WARN  librespot_connect::state::context] couldn't load context info because: context is not available. type: Default
[2026-04-01T22:52:21Z WARN  librespot_connect::spirc] failed filling up next_track during stopping: Invalid state { context is not available. type: Default }
[2026-04-01T22:52:29Z WARN  librespot_connect::state::context] couldn't load context info because: context is not available. type: Default
[2026-04-01T22:52:29Z INFO  librespot_playback::player] Loading <It Isn't Soul> with Spotify URI <spotify:track:7a62ldfxvUALHcb1QutZet>
[2026-04-01T22:52:29Z INFO  librespot_connect::spirc] session update: <Ok(NEW_SESSION)> for self, current session_id 50d17c61baf0429faece40bdbc6e6d41, new session_id d930fc78c44ae625f969a039aa5227ac
[2026-04-01T22:52:30Z INFO  librespot_playback::player] <It Isn't Soul> (168913 ms) loaded
[2026-04-01T22:57:28Z INFO  librespot_playback::player] Loading <More Bad Miles Of Road> with Spotify URI <spotify:track:6nGUFcPGMKgEYWXq8WsXbP>
[2026-04-01T22:57:29Z INFO  librespot_playback::player] <More Bad Miles Of Road> (228249 ms) loaded
[2026-04-01T23:01:34Z INFO  librespot_playback::player] Loading <’Said Soul> with Spotify URI <spotify:track:3nereh8fbNjDflNF7f1CLK>
[2026-04-01T23:01:35Z INFO  librespot_playback::player] <’Said Soul> (164389 ms) loaded
[2026-04-01T23:03:43Z INFO  librespot_playback::player] Loading <One Thing At A Time> with Spotify URI <spotify:track:0De0E4C9D2wU46wW8D38kx>
[2026-04-01T23:03:44Z INFO  librespot_playback::player] <One Thing At A Time> (282062 ms) loaded
[2026-04-01T23:08:11Z INFO  librespot_playback::player] Loading <(God Created) Lock and Key> with Spotify URI <spotify:track:0WlC7P6o4yQjhdkrYseio5>
[2026-04-01T23:08:13Z INFO  librespot_playback::player] <(God Created) Lock and Key> (210933 ms) loaded
[2026-04-01T23:11:32Z INFO  librespot_playback::player] Loading <Cut Glass Hammer> with Spotify URI <spotify:track:66HIVyIPUAJAaBBG9UmWCT>
[2026-04-01T23:11:34Z INFO  librespot_playback::player] <Cut Glass Hammer> (225194 ms) loaded
[2026-04-01T23:15:07Z INFO  librespot_playback::player] Loading <Chapter 1> with Spotify URI <spotify:track:6ohSXVLFYTqb4SVMD6quyb>
[2026-04-01T23:15:07Z INFO  librespot_playback::player] <Chapter 1> (170806 ms) loaded
[2026-04-01T23:17:49Z INFO  librespot_playback::player] Loading <After The Dawn> with Spotify URI <spotify:track:22XVmWaSYUb0fsFdWiGyRB>
[2026-04-01T23:17:50Z INFO  librespot_playback::player] <After The Dawn> (224000 ms) loaded
[2026-04-01T23:21:22Z INFO  librespot_playback::player] Loading <Zero Sun> with Spotify URI <spotify:track:15nhbSCU39RlG32KqkneOu>
[2026-04-01T23:21:23Z INFO  librespot_playback::player] <Zero Sun> (207805 ms) loaded
[2026-04-01T23:21:51Z WARN  librespot_audio::fetch::receive] Throughput 3 kbps lower than minimum 8, setting to minimum
[2026-04-01T23:23:59Z WARN  librespot_connect::state::context] couldn't load context info because: context is not available. type: Default
[2026-04-01T23:23:59Z WARN  librespot_connect::state::context] couldn't load context info because: context is not available. type: Default
[2026-04-01T23:24:00Z INFO  librespot_playback::player] Loading <Coming Soon: “The Daily”> with Spotify URI <spotify:episode:44yCWnUqMezie1mvKcX1Qt>
[2026-04-01T23:24:00Z ERROR librespot_core::audio_key] error audio key 0 1
[2026-04-01T23:24:00Z WARN  librespot_playback::player] Unable to load key, continuing without decryption: Service unavailable { audio key error }
[2026-04-01T23:24:02Z ERROR librespot_playback::player] Unable to read audio file: Symphonia Decoder Error: end of stream
[2026-04-01T23:24:02Z ERROR librespot_playback::player] Skipping to next track, unable to load track <SpotifyUri("spotify:episode:44yCWnUqMezie1mvKcX1Qt")>: ()
[2026-04-01T23:24:02Z INFO  librespot_playback::player] Loading <Wednesday, Feb. 1, 2017> with Spotify URI <spotify:episode:0fDKDL8ECtaiOkdQFEm5SA>
[2026-04-01T23:24:02Z ERROR librespot_core::audio_key] error audio key 0 1
[2026-04-01T23:24:02Z WARN  librespot_playback::player] Unable to load key, continuing without decryption: Service unavailable { audio key error }
[2026-04-01T23:24:10Z ERROR librespot_playback::player] Unable to read audio file: Symphonia Decoder Error: end of stream
[2026-04-01T23:24:10Z ERROR librespot_playback::player] Skipping to next track, unable to load track <SpotifyUri("spotify:episode:0fDKDL8ECtaiOkdQFEm5SA")>: ()
[2026-04-01T23:24:10Z INFO  librespot_playback::player] Loading <Thursday, Feb. 2, 2017> with Spotify URI <spotify:episode:6tijtHwJaE9DyV0RLLDm22>
[2026-04-01T23:24:10Z ERROR librespot_core::audio_key] error audio key 0 1
[2026-04-01T23:24:10Z WARN  librespot_playback::player] Unable to load key, continuing without decryption: Service unavailable { audio key error }
[2026-04-01T23:24:11Z INFO  librespot_playback::player] Loading <Coming Soon: “The Daily”> with Spotify URI <spotify:episode:44yCWnUqMezie1mvKcX1Qt>
[2026-04-01T23:24:12Z ERROR librespot_core::audio_key] error audio key 0 1
[2026-04-01T23:24:12Z WARN  librespot_playback::player] Unable to load key, continuing without decryption: Service unavailable { audio key error }
[2026-04-01T23:24:13Z ERROR librespot_playback::player] Unable to read audio file: Symphonia Decoder Error: end of stream
[2026-04-01T23:24:13Z ERROR librespot_playback::player] Skipping to next track, unable to load track <SpotifyUri("spotify:episode:44yCWnUqMezie1mvKcX1Qt")>: ()
[2026-04-01T23:24:14Z INFO  librespot_playback::player] Loading <Wednesday, Feb. 1, 2017> with Spotify URI <spotify:episode:0fDKDL8ECtaiOkdQFEm5SA>
[2026-04-01T23:24:14Z ERROR librespot_core::audio_key] error audio key 0 1
[2026-04-01T23:24:14Z WARN  librespot_playback::player] Unable to load key, continuing without decryption: Service unavailable { audio key error }
[2026-04-01T23:24:27Z WARN  librespot_connect::state::context] couldn't load context info because: context is not available. type: Default
[2026-04-01T23:24:27Z WARN  librespot_connect::state::context] couldn't load context info because: context is not available. type: Default
[2026-04-01T23:24:27Z INFO  librespot_playback::player] Loading <Feeling Good> with Spotify URI <spotify:track:6Rqn2GFlmvmV4w9Ala0I1e>
[2026-04-01T23:24:28Z INFO  librespot_playback::player] <Feeling Good> (174000 ms) loaded
[2026-04-01T23:24:29Z ERROR librespot_playback::player] Unable to read audio file: Symphonia Decoder Error: Deadline expired before operation could complete { wait timeout exceeded }
[2026-04-01T23:24:29Z ERROR librespot_playback::player] Unable to read audio file: Symphonia Decoder Error: Deadline expired before operation could complete { wait timeout exceeded }
[2026-04-01T23:26:57Z INFO  librespot_playback::player] Loading <My Baby Just Cares for Me (2013 - Remaster)> with Spotify URI <spotify:track:5Lhjlnly9Ynhf52ojQS534>
[2026-04-01T23:26:58Z INFO  librespot_playback::player] <My Baby Just Cares for Me (2013 - Remaster)> (215746 ms) loaded
[2026-04-01T23:30:22Z INFO  librespot_playback::player] Loading <I Put A Spell On You> with Spotify URI <spotify:track:0sjxRg1VlYfx4YG7uxurrq>
[2026-04-01T23:30:23Z INFO  librespot_playback::player] <I Put A Spell On You> (155026 ms) loaded
[2026-04-01T23:32:10Z INFO  librespot_playback::player] Loading <Sinnerman - Sofi Tukker Remix> with Spotify URI <spotify:track:6Au1l0egQFYxbnCZxakoOL>
[2026-04-01T23:32:10Z INFO  librespot_playback::player] <Sinnerman - Sofi Tukker Remix> (232632 ms) loaded
[2026-04-01T23:34:33Z WARN  librespot_connect::state::context] couldn't load context info because: context is not available. type: Default
[2026-04-01T23:34:33Z WARN  librespot_connect::state::context] couldn't load context info because: context is not available. type: Default
[2026-04-01T23:34:33Z INFO  librespot_playback::player] Loading <Manchild> with Spotify URI <spotify:track:2BwO5K8Q7EPAJSGze3AAh9>
[2026-04-01T23:34:34Z INFO  librespot_playback::player] <Manchild> (213645 ms) loaded
[2026-04-01T23:35:37Z INFO  librespot] librespot 0.8.0 VERGEN_IDEMPOTENT_OUTPUT (Built on 2025-11-10, Build ID: 1762793321, Profile: release)
[2026-04-01T23:35:37Z INFO  librespot_playback::mixer::softmixer] Mixing with softvol and volume control: Log(60.0)
[2026-04-01T23:35:37Z INFO  librespot_playback::convert] Converting with ditherer: tpdf
[2026-04-01T23:35:37Z INFO  librespot_playback::audio_backend::pipe] Using StdoutSink (pipe) with format: S16
[2026-04-01T23:35:38Z INFO  librespot_core::session] Connecting to AP "ap-gue1.spotify.com:4070"
[2026-04-01T23:35:38Z INFO  librespot_core::session] Authenticated as 'paulster23' !
[2026-04-01T23:35:38Z INFO  librespot_core::session] Country: "US"
[2026-04-01T23:35:39Z INFO  librespot_core::spclient] Resolved "gue1-spclient.spotify.com:443" as spclient access point
[2026-04-01T23:35:39Z INFO  librespot_connect::spirc] active device is <> with session <d930fc78c44ae625f969a039aa5227ac>
[2026-04-01T23:40:45Z INFO  librespot] librespot 0.8.0 VERGEN_IDEMPOTENT_OUTPUT (Built on 2025-11-10, Build ID: 1762793321, Profile: release)
[2026-04-01T23:40:45Z INFO  librespot_playback::mixer::softmixer] Mixing with softvol and volume control: Log(60.0)
[2026-04-01T23:40:45Z INFO  librespot_playback::convert] Converting with ditherer: tpdf
[2026-04-01T23:40:45Z INFO  librespot_playback::audio_backend::pipe] Using StdoutSink (pipe) with format: S16
[2026-04-01T23:40:46Z INFO  librespot_core::session] Connecting to AP "ap-gue1.spotify.com:4070"
[2026-04-01T23:40:46Z INFO  librespot_core::session] Authenticated as 'paulster23' !
[2026-04-01T23:40:46Z INFO  librespot_core::session] Country: "US"
[2026-04-01T23:40:47Z INFO  librespot_core::spclient] Resolved "gue1-spclient.spotify.com:443" as spclient access point
[2026-04-01T23:40:47Z INFO  librespot_connect::spirc] active device is <> with session <d930fc78c44ae625f969a039aa5227ac>
[2026-04-01T23:45:53Z INFO  librespot] librespot 0.8.0 VERGEN_IDEMPOTENT_OUTPUT (Built on 2025-11-10, Build ID: 1762793321, Profile: release)
[2026-04-01T23:45:53Z INFO  librespot_playback::mixer::softmixer] Mixing with softvol and volume control: Log(60.0)
[2026-04-01T23:45:53Z INFO  librespot_playback::convert] Converting with ditherer: tpdf
[2026-04-01T23:45:53Z INFO  librespot_playback::audio_backend::pipe] Using StdoutSink (pipe) with format: S16
[2026-04-01T23:45:54Z INFO  librespot_core::session] Connecting to AP "ap-gue1.spotify.com:4070"
[2026-04-01T23:45:55Z INFO  librespot_core::session] Authenticated as 'paulster23' !
[2026-04-01T23:45:55Z INFO  librespot_core::session] Country: "US"
[2026-04-01T23:45:56Z INFO  librespot_core::spclient] Resolved "gue1-spclient.spotify.com:443" as spclient access point
[2026-04-01T23:45:56Z INFO  librespot_connect::spirc] active device is <> with session <d930fc78c44ae625f969a039aa5227ac>
[2026-04-01T23:48:41Z WARN  librespot_core::dealer] Websocket connection failed: IO error: peer closed connection without sending TLS close_notify: https://docs.rs/rustls/latest/rustls/manual/_03_howto/index.html#unexpected-eof
[2026-04-01T23:48:43Z INFO  librespot_connect::spirc] active device is <> with session <d930fc78c44ae625f969a039aa5227ac>
[2026-04-01T23:51:01Z INFO  librespot] librespot 0.8.0 VERGEN_IDEMPOTENT_OUTPUT (Built on 2025-11-10, Build ID: 1762793321, Profile: release)
[2026-04-01T23:51:01Z INFO  librespot_playback::mixer::softmixer] Mixing with softvol and volume control: Log(60.0)
[2026-04-01T23:51:01Z INFO  librespot_playback::convert] Converting with ditherer: tpdf
[2026-04-01T23:51:01Z INFO  librespot_playback::audio_backend::pipe] Using StdoutSink (pipe) with format: S16
[2026-04-01T23:51:02Z INFO  librespot_core::session] Connecting to AP "ap-gue1.spotify.com:4070"
[2026-04-01T23:51:02Z INFO  librespot_core::session] Authenticated as 'paulster23' !
[2026-04-01T23:51:02Z INFO  librespot_core::session] Country: "US"
[2026-04-01T23:51:03Z INFO  librespot_core::spclient] Resolved "gue1-spclient.spotify.com:443" as spclient access point
[2026-04-01T23:51:03Z INFO  librespot_connect::spirc] active device is <> with session <d930fc78c44ae625f969a039aa5227ac>
[2026-04-02T00:01:09Z INFO  librespot] librespot 0.8.0 VERGEN_IDEMPOTENT_OUTPUT (Built on 2025-11-10, Build ID: 1762793321, Profile: release)
[2026-04-02T00:01:09Z INFO  librespot_playback::mixer::softmixer] Mixing with softvol and volume control: Log(60.0)
[2026-04-02T00:01:09Z INFO  librespot_playback::convert] Converting with ditherer: tpdf
[2026-04-02T00:01:09Z INFO  librespot_playback::audio_backend::pipe] Using StdoutSink (pipe) with format: S16
[2026-04-02T00:01:10Z INFO  librespot_core::session] Connecting to AP "ap-gue1.spotify.com:4070"
[2026-04-02T00:01:10Z INFO  librespot_core::session] Authenticated as 'paulster23' !
[2026-04-02T00:01:10Z INFO  librespot_core::session] Country: "US"
[2026-04-02T00:01:11Z INFO  librespot_core::spclient] Resolved "gue1-spclient.spotify.com:443" as spclient access point
[2026-04-02T00:01:11Z INFO  librespot_connect::spirc] active device is <> with session <d930fc78c44ae625f969a039aa5227ac>
[2026-04-02T00:11:17Z INFO  librespot] librespot 0.8.0 VERGEN_IDEMPOTENT_OUTPUT (Built on 2025-11-10, Build ID: 1762793321, Profile: release)
[2026-04-02T00:11:17Z INFO  librespot_playback::mixer::softmixer] Mixing with softvol and volume control: Log(60.0)
[2026-04-02T00:11:17Z INFO  librespot_playback::convert] Converting with ditherer: tpdf
[2026-04-02T00:11:17Z INFO  librespot_playback::audio_backend::pipe] Using StdoutSink (pipe) with format: S16
[2026-04-02T00:11:18Z INFO  librespot_core::session] Connecting to AP "ap-gue1.spotify.com:4070"
[2026-04-02T00:11:18Z INFO  librespot_core::session] Authenticated as 'paulster23' !
[2026-04-02T00:11:18Z INFO  librespot_core::session] Country: "US"
[2026-04-02T00:11:19Z INFO  librespot_core::spclient] Resolved "gue1-spclient.spotify.com:443" as spclient access point
[2026-04-02T00:11:19Z INFO  librespot_connect::spirc] active device is <> with session <d930fc78c44ae625f969a039aa5227ac>
[2026-04-02T00:21:25Z INFO  librespot] librespot 0.8.0 VERGEN_IDEMPOTENT_OUTPUT (Built on 2025-11-10, Build ID: 1762793321, Profile: release)
[2026-04-02T00:21:25Z INFO  librespot_playback::mixer::softmixer] Mixing with softvol and volume control: Log(60.0)
[2026-04-02T00:21:25Z INFO  librespot_playback::convert] Converting with ditherer: tpdf
[2026-04-02T00:21:25Z INFO  librespot_playback::audio_backend::pipe] Using StdoutSink (pipe) with format: S16
[2026-04-02T00:21:26Z INFO  librespot_core::session] Connecting to AP "ap-gue1.spotify.com:4070"
[2026-04-02T00:21:26Z INFO  librespot_core::session] Authenticated as 'paulster23' !
[2026-04-02T00:21:26Z INFO  librespot_core::session] Country: "US"
[2026-04-02T00:21:27Z INFO  librespot_core::spclient] Resolved "gue1-spclient.spotify.com:443" as spclient access point
[2026-04-02T00:21:27Z INFO  librespot_connect::spirc] active device is <> with session <d930fc78c44ae625f969a039aa5227ac>
[2026-04-02T00:22:01Z WARN  librespot_connect::state::context] couldn't load context info because: context is not available. type: Default
[2026-04-02T00:22:01Z WARN  librespot_connect::state::context] couldn't load context info because: context is not available. type: Default
[2026-04-02T00:22:02Z INFO  librespot_playback::player] Loading <Coming Soon: “The Daily”> with Spotify URI <spotify:episode:44yCWnUqMezie1mvKcX1Qt>
[2026-04-02T00:22:02Z INFO  librespot_connect::spirc] session update: <Ok(NEW_SESSION)> for self, current session_id 667ad06dcfa14c9784551c2fade7cadc, new session_id 4cf0b83ab07a4fad71b1a8d3695dad40
[2026-04-02T00:22:02Z ERROR librespot_core::audio_key] error audio key 0 1
[2026-04-02T00:22:02Z WARN  librespot_playback::player] Unable to load key, continuing without decryption: Service unavailable { audio key error }
[2026-04-02T00:22:03Z ERROR librespot_playback::player] Unable to read audio file: Symphonia Decoder Error: end of stream
[2026-04-02T00:22:03Z ERROR librespot_playback::player] Skipping to next track, unable to load track <SpotifyUri("spotify:episode:44yCWnUqMezie1mvKcX1Qt")>: ()
[2026-04-02T00:22:03Z INFO  librespot_playback::player] Loading <Wednesday, Feb. 1, 2017> with Spotify URI <spotify:episode:0fDKDL8ECtaiOkdQFEm5SA>
[2026-04-02T00:22:04Z ERROR librespot_core::audio_key] error audio key 0 1
[2026-04-02T00:22:04Z WARN  librespot_playback::player] Unable to load key, continuing without decryption: Service unavailable { audio key error }
[2026-04-02T00:22:13Z ERROR librespot_playback::player] Unable to read audio file: Symphonia Decoder Error: end of stream
[2026-04-02T00:22:13Z ERROR librespot_playback::player] Skipping to next track, unable to load track <SpotifyUri("spotify:episode:0fDKDL8ECtaiOkdQFEm5SA")>: ()
[2026-04-02T00:22:14Z INFO  librespot_playback::player] Loading <Thursday, Feb. 2, 2017> with Spotify URI <spotify:episode:6tijtHwJaE9DyV0RLLDm22>
[2026-04-02T00:22:14Z ERROR librespot_core::audio_key] error audio key 0 1
[2026-04-02T00:22:14Z WARN  librespot_playback::player] Unable to load key, continuing without decryption: Service unavailable { audio key error }
[2026-04-02T00:22:29Z ERROR librespot_playback::player] Unable to read audio file: Symphonia Decoder Error: end of stream
[2026-04-02T00:22:29Z ERROR librespot_playback::player] Skipping to next track, unable to load track <SpotifyUri("spotify:episode:6tijtHwJaE9DyV0RLLDm22")>: ()
[2026-04-02T00:22:29Z INFO  librespot_playback::player] Loading <Friday, Feb. 3, 2017> with Spotify URI <spotify:episode:3a3QmVHfS7xVw8wr4HMDcm>
[2026-04-02T00:22:29Z ERROR librespot_core::audio_key] error audio key 0 1
[2026-04-02T00:22:29Z WARN  librespot_playback::player] Unable to load key, continuing without decryption: Service unavailable { audio key error }
[2026-04-02T00:22:39Z ERROR librespot_playback::player] Unable to read audio file: Symphonia Decoder Error: end of stream
[2026-04-02T00:22:39Z ERROR librespot_playback::player] Skipping to next track, unable to load track <SpotifyUri("spotify:episode:3a3QmVHfS7xVw8wr4HMDcm")>: ()
[2026-04-02T00:22:39Z INFO  librespot_playback::player] Loading <Monday, Feb. 6, 2017> with Spotify URI <spotify:episode:7JQGMk7F8KWMfERRQr7Ibw>
[2026-04-02T00:22:39Z ERROR librespot_core::audio_key] error audio key 0 1
[2026-04-02T00:22:39Z WARN  librespot_playback::player] Unable to load key, continuing without decryption: Service unavailable { audio key error }
[2026-04-02T00:22:52Z ERROR librespot_playback::player] Unable to read audio file: Symphonia Decoder Error: end of stream
[2026-04-02T00:22:52Z ERROR librespot_playback::player] Skipping to next track, unable to load track <SpotifyUri("spotify:episode:7JQGMk7F8KWMfERRQr7Ibw")>: ()
[2026-04-02T00:22:52Z INFO  librespot_playback::player] Loading <Tuesday, Feb. 7, 2017> with Spotify URI <spotify:episode:1NHWqzeOseXuCgY4JtWeHx>
[2026-04-02T00:22:52Z ERROR librespot_core::audio_key] error audio key 0 1
[2026-04-02T00:22:52Z WARN  librespot_playback::player] Unable to load key, continuing without decryption: Service unavailable { audio key error }
[2026-04-02T00:23:01Z INFO  librespot_playback::player] Loading <Coming Soon: “The Daily”> with Spotify URI <spotify:episode:44yCWnUqMezie1mvKcX1Qt>
[2026-04-02T00:23:01Z ERROR librespot_core::audio_key] error audio key 0 1
[2026-04-02T00:23:01Z WARN  librespot_playback::player] Unable to load key, continuing without decryption: Service unavailable { audio key error }
[2026-04-02T00:23:03Z ERROR librespot_playback::player] Unable to read audio file: Symphonia Decoder Error: end of stream
[2026-04-02T00:23:03Z ERROR librespot_playback::player] Skipping to next track, unable to load track <SpotifyUri("spotify:episode:44yCWnUqMezie1mvKcX1Qt")>: ()
[2026-04-02T00:23:03Z INFO  librespot_playback::player] Loading <Wednesday, Feb. 1, 2017> with Spotify URI <spotify:episode:0fDKDL8ECtaiOkdQFEm5SA>
[2026-04-02T00:23:03Z ERROR librespot_core::audio_key] error audio key 0 1
[2026-04-02T00:23:03Z WARN  librespot_playback::player] Unable to load key, continuing without decryption: Service unavailable { audio key error }
[2026-04-02T00:23:04Z ERROR librespot_playback::player] Unable to read audio file: Symphonia Decoder Error: end of stream
[2026-04-02T00:23:13Z ERROR librespot_playback::player] Unable to read audio file: Symphonia Decoder Error: Deadline expired before operation could complete { wait timeout exceeded }
[2026-04-02T00:23:13Z ERROR librespot_playback::player] Skipping to next track, unable to load track <SpotifyUri("spotify:episode:0fDKDL8ECtaiOkdQFEm5SA")>: ()
[2026-04-02T00:23:13Z INFO  librespot_playback::player] Loading <Thursday, Feb. 2, 2017> with Spotify URI <spotify:episode:6tijtHwJaE9DyV0RLLDm22>
[2026-04-02T00:23:13Z ERROR librespot_core::audio_key] error audio key 0 1
[2026-04-02T00:23:13Z WARN  librespot_playback::player] Unable to load key, continuing without decryption: Service unavailable { audio key error }
[2026-04-02T00:23:26Z ERROR librespot_playback::player] Unable to read audio file: Symphonia Decoder Error: end of stream
[2026-04-02T00:23:26Z ERROR librespot_playback::player] Skipping to next track, unable to load track <SpotifyUri("spotify:episode:6tijtHwJaE9DyV0RLLDm22")>: ()
[2026-04-02T00:23:26Z INFO  librespot_playback::player] Loading <Friday, Feb. 3, 2017> with Spotify URI <spotify:episode:3a3QmVHfS7xVw8wr4HMDcm>
[2026-04-02T00:23:26Z ERROR librespot_core::audio_key] error audio key 0 1
[2026-04-02T00:23:26Z WARN  librespot_playback::player] Unable to load key, continuing without decryption: Service unavailable { audio key error }
[2026-04-02T00:23:32Z ERROR librespot_playback::player] Unable to read audio file: Symphonia Decoder Error: channel closed
[2026-04-02T00:23:32Z ERROR librespot_playback::player] Skipping to next track, unable to load track <SpotifyUri("spotify:episode:3a3QmVHfS7xVw8wr4HMDcm")>: ()
[2026-04-02T00:23:32Z INFO  librespot_playback::player] Loading <Monday, Feb. 6, 2017> with Spotify URI <spotify:episode:7JQGMk7F8KWMfERRQr7Ibw>
[2026-04-02T00:23:32Z ERROR librespot_core::audio_key] error audio key 0 1
[2026-04-02T00:23:32Z WARN  librespot_playback::player] Unable to load key, continuing without decryption: Service unavailable { audio key error }
[2026-04-02T00:23:40Z ERROR librespot_playback::player] Unable to read audio file: Symphonia Decoder Error: Deadline expired before operation could complete { wait timeout exceeded }
[2026-04-02T00:23:40Z ERROR librespot_playback::player] Skipping to next track, unable to load track <SpotifyUri("spotify:episode:7JQGMk7F8KWMfERRQr7Ibw")>: ()
[2026-04-02T00:23:41Z INFO  librespot_playback::player] Loading <Tuesday, Feb. 7, 2017> with Spotify URI <spotify:episode:1NHWqzeOseXuCgY4JtWeHx>
[2026-04-02T00:23:41Z ERROR librespot_core::audio_key] error audio key 0 1
[2026-04-02T00:23:41Z WARN  librespot_playback::player] Unable to load key, continuing without decryption: Service unavailable { audio key error }
[2026-04-02T00:23:53Z ERROR librespot_playback::player] Unable to read audio file: Symphonia Decoder Error: end of stream
[2026-04-02T00:23:53Z ERROR librespot_playback::player] Skipping to next track, unable to load track <SpotifyUri("spotify:episode:1NHWqzeOseXuCgY4JtWeHx")>: ()
[2026-04-02T00:23:54Z INFO  librespot_playback::player] Loading <Wednesday, Feb. 8, 2017> with Spotify URI <spotify:episode:4QuIPtN7lRXdS0fRlJMd6g>
[2026-04-02T00:23:54Z ERROR librespot_core::audio_key] error audio key 0 1
[2026-04-02T00:23:54Z WARN  librespot_playback::player] Unable to load key, continuing without decryption: Service unavailable { audio key error }
[2026-04-02T00:24:09Z ERROR librespot_playback::player] Unable to read audio file: Symphonia Decoder Error: Deadline expired before operation could complete { wait timeout exceeded }
[2026-04-02T00:24:09Z ERROR librespot_playback::player] Skipping to next track, unable to load track <SpotifyUri("spotify:episode:4QuIPtN7lRXdS0fRlJMd6g")>: ()
[2026-04-02T00:24:09Z INFO  librespot_playback::player] Loading <Thursday, Feb. 9. 2017> with Spotify URI <spotify:episode:5lm9opFqClOiehYZhJVhOO>
[2026-04-02T00:24:09Z ERROR librespot_core::audio_key] error audio key 0 1
[2026-04-02T00:24:09Z WARN  librespot_playback::player] Unable to load key, continuing without decryption: Service unavailable { audio key error }
[2026-04-02T00:24:20Z ERROR librespot_playback::player] Unable to read audio file: Symphonia Decoder Error: end of stream
[2026-04-02T00:24:20Z ERROR librespot_playback::player] Skipping to next track, unable to load track <SpotifyUri("spotify:episode:5lm9opFqClOiehYZhJVhOO")>: ()
[2026-04-02T00:24:20Z INFO  librespot_playback::player] Loading <Friday, Feb. 10, 2017> with Spotify URI <spotify:episode:2tu5zgzpVVkmXpZ43PBG0W>
[2026-04-02T00:24:21Z ERROR librespot_core::audio_key] error audio key 0 1
[2026-04-02T00:24:21Z WARN  librespot_playback::player] Unable to load key, continuing without decryption: Service unavailable { audio key error }
[2026-04-02T00:24:34Z ERROR librespot_playback::player] Unable to read audio file: Symphonia Decoder Error: Deadline expired before operation could complete { wait timeout exceeded }
[2026-04-02T00:24:34Z ERROR librespot_playback::player] Skipping to next track, unable to load track <SpotifyUri("spotify:episode:2tu5zgzpVVkmXpZ43PBG0W")>: ()
[2026-04-02T00:24:35Z INFO  librespot_playback::player] Loading <Monday, Feb. 13, 2017> with Spotify URI <spotify:episode:4kKLTStMrRt0F1WXj8ULlK>
[2026-04-02T00:24:35Z ERROR librespot_core::audio_key] error audio key 0 1
[2026-04-02T00:24:35Z WARN  librespot_playback::player] Unable to load key, continuing without decryption: Service unavailable { audio key error }
[2026-04-02T00:24:45Z ERROR librespot_playback::player] Unable to read audio file: Symphonia Decoder Error: end of stream
[2026-04-02T00:24:45Z ERROR librespot_playback::player] Skipping to next track, unable to load track <SpotifyUri("spotify:episode:4kKLTStMrRt0F1WXj8ULlK")>: ()
[2026-04-02T00:24:45Z INFO  librespot_playback::player] Loading <Tuesday, Feb. 14, 2017> with Spotify URI <spotify:episode:0MyT8Fxg7foqN5wd2c827K>
[2026-04-02T00:24:46Z ERROR librespot_core::audio_key] error audio key 0 1
[2026-04-02T00:24:46Z WARN  librespot_playback::player] Unable to load key, continuing without decryption: Service unavailable { audio key error }
[2026-04-02T00:25:01Z ERROR librespot_playback::player] Unable to read audio file: Symphonia Decoder Error: Deadline expired before operation could complete { wait timeout exceeded }
[2026-04-02T00:25:01Z ERROR librespot_playback::player] Skipping to next track, unable to load track <SpotifyUri("spotify:episode:0MyT8Fxg7foqN5wd2c827K")>: ()
[2026-04-02T00:25:01Z INFO  librespot_playback::player] Loading <Wednesday, Feb. 15, 2017> with Spotify URI <spotify:episode:2IBhOsqa6l9pK21aF8L5VE>
[2026-04-02T00:25:01Z ERROR librespot_core::audio_key] error audio key 0 1
[2026-04-02T00:25:01Z WARN  librespot_playback::player] Unable to load key, continuing without decryption: Service unavailable { audio key error }
[2026-04-02T00:25:11Z ERROR librespot_playback::player] Unable to read audio file: Symphonia Decoder Error: end of stream
[2026-04-02T00:25:11Z ERROR librespot_playback::player] Skipping to next track, unable to load track <SpotifyUri("spotify:episode:2IBhOsqa6l9pK21aF8L5VE")>: ()
[2026-04-02T00:25:11Z INFO  librespot_playback::player] Loading <Thursday, Feb. 16, 2017> with Spotify URI <spotify:episode:7jTuTeuw28p6QCW78gqMnJ>
[2026-04-02T00:25:11Z ERROR librespot_core::audio_key] error audio key 0 1
[2026-04-02T00:25:11Z WARN  librespot_playback::player] Unable to load key, continuing without decryption: Service unavailable { audio key error }
[2026-04-02T00:25:21Z ERROR librespot_playback::player] Unable to read audio file: Symphonia Decoder Error: Deadline expired before operation could complete { wait timeout exceeded }
[2026-04-02T00:25:21Z ERROR librespot_playback::player] Skipping to next track, unable to load track <SpotifyUri("spotify:episode:7jTuTeuw28p6QCW78gqMnJ")>: ()
[2026-04-02T00:25:22Z INFO  librespot_playback::player] Loading <Friday, Feb. 17, 2017> with Spotify URI <spotify:episode:6iaWUVtIqHTZBRSceWml8n>
[2026-04-02T00:25:22Z ERROR librespot_core::audio_key] error audio key 0 1
[2026-04-02T00:25:22Z WARN  librespot_playback::player] Unable to load key, continuing without decryption: Service unavailable { audio key error }
[2026-04-02T00:25:31Z ERROR librespot_playback::player] Unable to read audio file: Symphonia Decoder Error: end of stream
[2026-04-02T00:25:31Z ERROR librespot_playback::player] Skipping to next track, unable to load track <SpotifyUri("spotify:episode:6iaWUVtIqHTZBRSceWml8n")>: ()
[2026-04-02T00:25:31Z INFO  librespot_playback::player] Loading <Tuesday, Feb. 21, 2017> with Spotify URI <spotify:episode:0NNTJzdXtuot7WC0kWDH70>
[2026-04-02T00:25:31Z ERROR librespot_core::audio_key] error audio key 0 1
[2026-04-02T00:25:31Z WARN  librespot_playback::player] Unable to load key, continuing without decryption: Service unavailable { audio key error }
[2026-04-02T00:25:48Z ERROR librespot_playback::player] Unable to read audio file: Symphonia Decoder Error: Deadline expired before operation could complete { wait timeout exceeded }
[2026-04-02T00:25:48Z ERROR librespot_playback::player] Skipping to next track, unable to load track <SpotifyUri("spotify:episode:0NNTJzdXtuot7WC0kWDH70")>: ()
[2026-04-02T00:25:48Z INFO  librespot_playback::player] Loading <Wednesday, Feb. 22, 2017> with Spotify URI <spotify:episode:3Mcs6IlABNU7OADwUND8bN>
[2026-04-02T00:25:49Z ERROR librespot_core::audio_key] error audio key 0 1
[2026-04-02T00:25:49Z WARN  librespot_playback::player] Unable to load key, continuing without decryption: Service unavailable { audio key error }
[2026-04-02T00:26:02Z ERROR librespot_playback::player] Unable to read audio file: Symphonia Decoder Error: end of stream
[2026-04-02T00:26:02Z ERROR librespot_playback::player] Skipping to next track, unable to load track <SpotifyUri("spotify:episode:3Mcs6IlABNU7OADwUND8bN")>: ()
[2026-04-02T00:26:02Z INFO  librespot_playback::player] Loading <Thursday, Feb. 23, 2017> with Spotify URI <spotify:episode:7pevfKeB5DWx7sINtGFJ13>
[2026-04-02T00:26:02Z ERROR librespot_core::audio_key] error audio key 0 1
[2026-04-02T00:26:02Z WARN  librespot_playback::player] Unable to load key, continuing without decryption: Service unavailable { audio key error }
[2026-04-02T00:26:24Z ERROR librespot_playback::player] Unable to read audio file: Symphonia Decoder Error: Deadline expired before operation could complete { wait timeout exceeded }
[2026-04-02T00:26:24Z ERROR librespot_playback::player] Skipping to next track, unable to load track <SpotifyUri("spotify:episode:7pevfKeB5DWx7sINtGFJ13")>: ()
[2026-04-02T00:26:24Z INFO  librespot_playback::player] Loading <Friday, Feb. 24, 2017> with Spotify URI <spotify:episode:41soiBVuRLJ6rSiIWyFTHn>
[2026-04-02T00:26:24Z ERROR librespot_core::audio_key] error audio key 0 1
[2026-04-02T00:26:24Z WARN  librespot_playback::player] Unable to load key, continuing without decryption: Service unavailable { audio key error }
[2026-04-02T00:26:33Z INFO  librespot] librespot 0.8.0 VERGEN_IDEMPOTENT_OUTPUT (Built on 2025-11-10, Build ID: 1762793321, Profile: release)
[2026-04-02T00:26:33Z INFO  librespot_playback::mixer::softmixer] Mixing with softvol and volume control: Log(60.0)
[2026-04-02T00:26:33Z INFO  librespot_playback::convert] Converting with ditherer: tpdf
[2026-04-02T00:26:33Z INFO  librespot_playback::audio_backend::pipe] Using StdoutSink (pipe) with format: S16
[2026-04-02T00:26:34Z INFO  librespot_core::session] Connecting to AP "ap-gue1.spotify.com:4070"
[2026-04-02T00:26:34Z INFO  librespot_core::session] Authenticated as 'paulster23' !
[2026-04-02T00:26:34Z INFO  librespot_core::session] Country: "US"
[2026-04-02T00:26:34Z INFO  librespot_core::spclient] Resolved "gue1-spclient.spotify.com:443" as spclient access point
[2026-04-02T00:26:35Z INFO  librespot_connect::spirc] active device is <> with session <4cf0b83ab07a4fad71b1a8d3695dad40>
[2026-04-02T00:26:58Z WARN  librespot_connect::state::context] couldn't load context info because: context is not available. type: Default
[2026-04-02T00:26:58Z WARN  librespot_connect::state::context] couldn't load context info because: context is not available. type: Default
[2026-04-02T00:26:58Z INFO  librespot_playback::player] Loading <Coming Soon: “The Daily”> with Spotify URI <spotify:episode:44yCWnUqMezie1mvKcX1Qt>
[2026-04-02T00:26:59Z ERROR librespot_core::audio_key] error audio key 0 1
[2026-04-02T00:26:59Z WARN  librespot_playback::player] Unable to load key, continuing without decryption: Service unavailable { audio key error }
[2026-04-02T00:27:00Z ERROR librespot_playback::player] Unable to read audio file: Symphonia Decoder Error: end of stream
[2026-04-02T00:27:00Z ERROR librespot_playback::player] Skipping to next track, unable to load track <SpotifyUri("spotify:episode:44yCWnUqMezie1mvKcX1Qt")>: ()
[2026-04-02T00:27:00Z INFO  librespot_playback::player] Loading <Wednesday, Feb. 1, 2017> with Spotify URI <spotify:episode:0fDKDL8ECtaiOkdQFEm5SA>
[2026-04-02T00:27:00Z ERROR librespot_core::audio_key] error audio key 0 1
[2026-04-02T00:27:00Z WARN  librespot_playback::player] Unable to load key, continuing without decryption: Service unavailable { audio key error }
[2026-04-02T00:27:09Z INFO  librespot_playback::player] Loading <Wednesday, Feb. 1, 2017> with Spotify URI <spotify:episode:0fDKDL8ECtaiOkdQFEm5SA>
[2026-04-02T00:27:10Z ERROR librespot_core::audio_key] error audio key 0 1
[2026-04-02T00:27:10Z WARN  librespot_playback::player] Unable to load key, continuing without decryption: Service unavailable { audio key error }
[2026-04-02T00:27:13Z ERROR librespot_playback::player] Unable to read audio file: Symphonia Decoder Error: end of stream
[2026-04-02T00:27:19Z INFO  librespot_connect::spirc] delayed volume update for all devices: volume is now 14418
[2026-04-02T00:27:20Z INFO  librespot_connect::spirc] delayed volume update for all devices: volume is now 65535
[2026-04-02T00:27:24Z ERROR librespot_playback::player] Unable to read audio file: Symphonia Decoder Error: end of stream
[2026-04-02T00:27:24Z ERROR librespot_playback::player] Skipping to next track, unable to load track <SpotifyUri("spotify:episode:0fDKDL8ECtaiOkdQFEm5SA")>: ()
[2026-04-02T00:27:24Z INFO  librespot_playback::player] Loading <Thursday, Feb. 2, 2017> with Spotify URI <spotify:episode:6tijtHwJaE9DyV0RLLDm22>
[2026-04-02T00:27:24Z ERROR librespot_core::audio_key] error audio key 0 1
[2026-04-02T00:27:24Z WARN  librespot_playback::player] Unable to load key, continuing without decryption: Service unavailable { audio key error }
[2026-04-02T00:27:41Z ERROR librespot_playback::player] Unable to read audio file: Symphonia Decoder Error: end of stream
[2026-04-02T00:27:41Z ERROR librespot_playback::player] Skipping to next track, unable to load track <SpotifyUri("spotify:episode:6tijtHwJaE9DyV0RLLDm22")>: ()
[2026-04-02T00:27:41Z INFO  librespot_playback::player] Loading <Friday, Feb. 3, 2017> with Spotify URI <spotify:episode:3a3QmVHfS7xVw8wr4HMDcm>
[2026-04-02T00:27:41Z ERROR librespot_core::audio_key] error audio key 0 1
[2026-04-02T00:27:41Z WARN  librespot_playback::player] Unable to load key, continuing without decryption: Service unavailable { audio key error }
[2026-04-02T00:27:50Z ERROR librespot_playback::player] Unable to read audio file: Symphonia Decoder Error: end of stream
[2026-04-02T00:27:50Z ERROR librespot_playback::player] Skipping to next track, unable to load track <SpotifyUri("spotify:episode:3a3QmVHfS7xVw8wr4HMDcm")>: ()
[2026-04-02T00:27:50Z INFO  librespot_playback::player] Loading <Monday, Feb. 6, 2017> with Spotify URI <spotify:episode:7JQGMk7F8KWMfERRQr7Ibw>
[2026-04-02T00:27:50Z ERROR librespot_core::audio_key] error audio key 0 1
[2026-04-02T00:27:50Z WARN  librespot_playback::player] Unable to load key, continuing without decryption: Service unavailable { audio key error }
[2026-04-02T00:28:00Z ERROR librespot_playback::player] Unable to read audio file: Symphonia Decoder Error: end of stream
[2026-04-02T00:28:00Z ERROR librespot_playback::player] Skipping to next track, unable to load track <SpotifyUri("spotify:episode:7JQGMk7F8KWMfERRQr7Ibw")>: ()
[2026-04-02T00:28:00Z INFO  librespot_playback::player] Loading <Tuesday, Feb. 7, 2017> with Spotify URI <spotify:episode:1NHWqzeOseXuCgY4JtWeHx>
[2026-04-02T00:28:01Z ERROR librespot_core::audio_key] error audio key 0 1
[2026-04-02T00:28:01Z WARN  librespot_playback::player] Unable to load key, continuing without decryption: Service unavailable { audio key error }
[2026-04-02T00:28:10Z ERROR librespot_playback::player] Unable to read audio file: Symphonia Decoder Error: channel closed
[2026-04-02T00:28:10Z ERROR librespot_playback::player] Skipping to next track, unable to load track <SpotifyUri("spotify:episode:1NHWqzeOseXuCgY4JtWeHx")>: ()
[2026-04-02T00:28:10Z INFO  librespot_playback::player] Loading <Wednesday, Feb. 8, 2017> with Spotify URI <spotify:episode:4QuIPtN7lRXdS0fRlJMd6g>
[2026-04-02T00:28:11Z ERROR librespot_core::audio_key] error audio key 0 1
[2026-04-02T00:28:11Z WARN  librespot_playback::player] Unable to load key, continuing without decryption: Service unavailable { audio key error }
[2026-04-02T00:28:20Z ERROR librespot_playback::player] Unable to read audio file: Symphonia Decoder Error: Deadline expired before operation could complete { wait timeout exceeded }
[2026-04-02T00:28:20Z ERROR librespot_playback::player] Skipping to next track, unable to load track <SpotifyUri("spotify:episode:4QuIPtN7lRXdS0fRlJMd6g")>: ()
[2026-04-02T00:28:20Z INFO  librespot_playback::player] Loading <Thursday, Feb. 9. 2017> with Spotify URI <spotify:episode:5lm9opFqClOiehYZhJVhOO>
[2026-04-02T00:28:20Z ERROR librespot_core::audio_key] error audio key 0 1
[2026-04-02T00:28:20Z WARN  librespot_playback::player] Unable to load key, continuing without decryption: Service unavailable { audio key error }
[2026-04-02T00:28:32Z ERROR librespot_playback::player] Unable to read audio file: Symphonia Decoder Error: end of stream
[2026-04-02T00:28:32Z ERROR librespot_playback::player] Skipping to next track, unable to load track <SpotifyUri("spotify:episode:5lm9opFqClOiehYZhJVhOO")>: ()
[2026-04-02T00:28:32Z INFO  librespot_playback::player] Loading <Friday, Feb. 10, 2017> with Spotify URI <spotify:episode:2tu5zgzpVVkmXpZ43PBG0W>
[2026-04-02T00:28:32Z ERROR librespot_core::audio_key] error audio key 0 1
[2026-04-02T00:28:32Z WARN  librespot_playback::player] Unable to load key, continuing without decryption: Service unavailable { audio key error }
[2026-04-02T00:28:48Z ERROR librespot_playback::player] Unable to read audio file: Symphonia Decoder Error: Deadline expired before operation could complete { wait timeout exceeded }
[2026-04-02T00:28:48Z ERROR librespot_playback::player] Skipping to next track, unable to load track <SpotifyUri("spotify:episode:2tu5zgzpVVkmXpZ43PBG0W")>: ()
[2026-04-02T00:28:48Z INFO  librespot_playback::player] Loading <Monday, Feb. 13, 2017> with Spotify URI <spotify:episode:4kKLTStMrRt0F1WXj8ULlK>
[2026-04-02T00:28:48Z ERROR librespot_core::audio_key] error audio key 0 1
[2026-04-02T00:28:48Z WARN  librespot_playback::player] Unable to load key, continuing without decryption: Service unavailable { audio key error }
[2026-04-02T00:28:59Z ERROR librespot_playback::player] Unable to read audio file: Symphonia Decoder Error: end of stream
[2026-04-02T00:28:59Z ERROR librespot_playback::player] Skipping to next track, unable to load track <SpotifyUri("spotify:episode:4kKLTStMrRt0F1WXj8ULlK")>: ()
[2026-04-02T00:28:59Z INFO  librespot_playback::player] Loading <Tuesday, Feb. 14, 2017> with Spotify URI <spotify:episode:0MyT8Fxg7foqN5wd2c827K>
[2026-04-02T00:28:59Z ERROR librespot_core::audio_key] error audio key 0 1
[2026-04-02T00:28:59Z WARN  librespot_playback::player] Unable to load key, continuing without decryption: Service unavailable { audio key error }
[2026-04-02T00:29:13Z ERROR librespot_playback::player] Unable to read audio file: Symphonia Decoder Error: Deadline expired before operation could complete { wait timeout exceeded }
[2026-04-02T00:29:13Z ERROR librespot_playback::player] Skipping to next track, unable to load track <SpotifyUri("spotify:episode:0MyT8Fxg7foqN5wd2c827K")>: ()
[2026-04-02T00:29:13Z INFO  librespot_playback::player] Loading <Wednesday, Feb. 15, 2017> with Spotify URI <spotify:episode:2IBhOsqa6l9pK21aF8L5VE>
[2026-04-02T00:29:13Z ERROR librespot_core::audio_key] error audio key 0 1
[2026-04-02T00:29:13Z WARN  librespot_playback::player] Unable to load key, continuing without decryption: Service unavailable { audio key error }
[2026-04-02T00:29:23Z ERROR librespot_playback::player] Unable to read audio file: Symphonia Decoder Error: end of stream
[2026-04-02T00:29:23Z ERROR librespot_playback::player] Skipping to next track, unable to load track <SpotifyUri("spotify:episode:2IBhOsqa6l9pK21aF8L5VE")>: ()
[2026-04-02T00:29:23Z INFO  librespot_playback::player] Loading <Thursday, Feb. 16, 2017> with Spotify URI <spotify:episode:7jTuTeuw28p6QCW78gqMnJ>
[2026-04-02T00:29:23Z ERROR librespot_core::audio_key] error audio key 0 1
[2026-04-02T00:29:23Z WARN  librespot_playback::player] Unable to load key, continuing without decryption: Service unavailable { audio key error }
[2026-04-02T00:29:28Z ERROR librespot_playback::player] Unable to read audio file: Symphonia Decoder Error: channel closed
[2026-04-02T00:29:28Z ERROR librespot_playback::player] Skipping to next track, unable to load track <SpotifyUri("spotify:episode:7jTuTeuw28p6QCW78gqMnJ")>: ()
[2026-04-02T00:29:28Z INFO  librespot_playback::player] Loading <Friday, Feb. 17, 2017> with Spotify URI <spotify:episode:6iaWUVtIqHTZBRSceWml8n>
[2026-04-02T00:29:28Z ERROR librespot_core::audio_key] error audio key 0 1
[2026-04-02T00:29:28Z WARN  librespot_playback::player] Unable to load key, continuing without decryption: Service unavailable { audio key error }
[2026-04-02T00:29:29Z ERROR librespot_playback::player] Unable to read audio file: Symphonia Decoder Error: channel closed
[2026-04-02T00:29:29Z ERROR librespot_playback::player] Skipping to next track, unable to load track <SpotifyUri("spotify:episode:6iaWUVtIqHTZBRSceWml8n")>: ()
[2026-04-02T00:29:29Z INFO  librespot_playback::player] Loading <Tuesday, Feb. 21, 2017> with Spotify URI <spotify:episode:0NNTJzdXtuot7WC0kWDH70>
[2026-04-02T00:29:29Z ERROR librespot_core::audio_key] error audio key 0 1
[2026-04-02T00:29:29Z WARN  librespot_playback::player] Unable to load key, continuing without decryption: Service unavailable { audio key error }
[2026-04-02T00:29:30Z ERROR librespot_playback::player] Unable to read audio file: Symphonia Decoder Error: channel closed
[2026-04-02T00:29:30Z ERROR librespot_playback::player] Skipping to next track, unable to load track <SpotifyUri("spotify:episode:0NNTJzdXtuot7WC0kWDH70")>: ()
[2026-04-02T00:29:30Z INFO  librespot_playback::player] Loading <Wednesday, Feb. 22, 2017> with Spotify URI <spotify:episode:3Mcs6IlABNU7OADwUND8bN>
[2026-04-02T00:29:30Z ERROR librespot_core::audio_key] error audio key 0 1
[2026-04-02T00:29:30Z WARN  librespot_playback::player] Unable to load key, continuing without decryption: Service unavailable { audio key error }
[2026-04-02T00:29:38Z ERROR librespot_playback::player] Unable to read audio file: Symphonia Decoder Error: Deadline expired before operation could complete { wait timeout exceeded }
[2026-04-02T00:29:38Z ERROR librespot_playback::player] Skipping to next track, unable to load track <SpotifyUri("spotify:episode:3Mcs6IlABNU7OADwUND8bN")>: ()
[2026-04-02T00:29:38Z INFO  librespot_playback::player] Loading <Thursday, Feb. 23, 2017> with Spotify URI <spotify:episode:7pevfKeB5DWx7sINtGFJ13>
[2026-04-02T00:29:39Z ERROR librespot_core::audio_key] error audio key 0 1
[2026-04-02T00:29:39Z WARN  librespot_playback::player] Unable to load key, continuing without decryption: Service unavailable { audio key error }
[2026-04-02T00:29:46Z INFO  librespot_connect::spirc] delayed volume update for all devices: volume is now 61603
[2026-04-02T00:29:51Z ERROR librespot_playback::player] Unable to read audio file: Symphonia Decoder Error: end of stream
[2026-04-02T00:29:51Z ERROR librespot_playback::player] Skipping to next track, unable to load track <SpotifyUri("spotify:episode:7pevfKeB5DWx7sINtGFJ13")>: ()
[2026-04-02T00:29:51Z INFO  librespot_playback::player] Loading <Friday, Feb. 24, 2017> with Spotify URI <spotify:episode:41soiBVuRLJ6rSiIWyFTHn>
[2026-04-02T00:29:51Z ERROR librespot_core::audio_key] error audio key 0 1
[2026-04-02T00:29:51Z WARN  librespot_playback::player] Unable to load key, continuing without decryption: Service unavailable { audio key error }
[2026-04-02T00:30:03Z ERROR librespot_playback::player] Unable to read audio file: Symphonia Decoder Error: Deadline expired before operation could complete { wait timeout exceeded }
[2026-04-02T00:30:03Z ERROR librespot_playback::player] Skipping to next track, unable to load track <SpotifyUri("spotify:episode:41soiBVuRLJ6rSiIWyFTHn")>: ()
[2026-04-02T00:30:03Z INFO  librespot_playback::player] Loading <Monday, Feb. 27, 2017> with Spotify URI <spotify:episode:1XQ9Wt6qgayfO0xVNiwbWH>
[2026-04-02T00:30:03Z ERROR librespot_core::audio_key] error audio key 0 1
[2026-04-02T00:30:03Z WARN  librespot_playback::player] Unable to load key, continuing without decryption: Service unavailable { audio key error }
[2026-04-02T00:30:13Z ERROR librespot_playback::player] Unable to read audio file: Symphonia Decoder Error: end of stream
[2026-04-02T00:30:13Z ERROR librespot_playback::player] Skipping to next track, unable to load track <SpotifyUri("spotify:episode:1XQ9Wt6qgayfO0xVNiwbWH")>: ()
[2026-04-02T00:30:13Z INFO  librespot_playback::player] Loading <Tuesday, Feb. 28, 2017> with Spotify URI <spotify:episode:62EsM20GkU8WN0Z1LyQaAs>
[2026-04-02T00:30:13Z ERROR librespot_core::audio_key] error audio key 0 1
[2026-04-02T00:30:13Z WARN  librespot_playback::player] Unable to load key, continuing without decryption: Service unavailable { audio key error }
[2026-04-02T00:30:23Z ERROR librespot_playback::player] Unable to read audio file: Symphonia Decoder Error: Deadline expired before operation could complete { wait timeout exceeded }
[2026-04-02T00:30:23Z ERROR librespot_playback::player] Skipping to next track, unable to load track <SpotifyUri("spotify:episode:62EsM20GkU8WN0Z1LyQaAs")>: ()
[2026-04-02T00:30:23Z INFO  librespot_playback::player] Loading <Wednesday, Mar. 1, 2017> with Spotify URI <spotify:episode:2YUFaXsmcsEtkKNY7PQC0t>
[2026-04-02T00:30:23Z ERROR librespot_core::audio_key] error audio key 0 1
[2026-04-02T00:30:23Z WARN  librespot_playback::player] Unable to load key, continuing without decryption: Service unavailable { audio key error }
[2026-04-02T00:30:37Z ERROR librespot_playback::player] Unable to read audio file: Symphonia Decoder Error: end of stream
[2026-04-02T00:30:37Z ERROR librespot_playback::player] Skipping to next track, unable to load track <SpotifyUri("spotify:episode:2YUFaXsmcsEtkKNY7PQC0t")>: ()
[2026-04-02T00:30:37Z INFO  librespot_playback::player] Loading <Thursday, March 2, 2017> with Spotify URI <spotify:episode:7EveaYH9ksJwJFCHTyQc53>
[2026-04-02T00:30:38Z ERROR librespot_core::audio_key] error audio key 0 1
[2026-04-02T00:30:38Z WARN  librespot_playback::player] Unable to load key, continuing without decryption: Service unavailable { audio key error }
[2026-04-02T00:30:52Z ERROR librespot_playback::player] Unable to read audio file: Symphonia Decoder Error: end of stream
[2026-04-02T00:30:52Z ERROR librespot_playback::player] Skipping to next track, unable to load track <SpotifyUri("spotify:episode:7EveaYH9ksJwJFCHTyQc53")>: ()
[2026-04-02T00:30:52Z INFO  librespot_playback::player] Loading <Friday, March 3, 2017> with Spotify URI <spotify:episode:3UgNEydXwMkYeIc89MYIDD>
[2026-04-02T00:30:53Z ERROR librespot_core::audio_key] error audio key 0 1
[2026-04-02T00:30:53Z WARN  librespot_playback::player] Unable to load key, continuing without decryption: Service unavailable { audio key error }
[2026-04-02T00:31:02Z ERROR librespot_playback::player] Unable to read audio file: Symphonia Decoder Error: Deadline expired before operation could complete { wait timeout exceeded }
[2026-04-02T00:31:02Z ERROR librespot_playback::player] Skipping to next track, unable to load track <SpotifyUri("spotify:episode:3UgNEydXwMkYeIc89MYIDD")>: ()
[2026-04-02T00:31:02Z INFO  librespot_playback::player] Loading <Monday, March 6, 2017> with Spotify URI <spotify:episode:6p5koPp7He6FO0hg2Ri4Sx>
[2026-04-02T00:31:02Z ERROR librespot_core::audio_key] error audio key 0 1
[2026-04-02T00:31:02Z WARN  librespot_playback::player] Unable to load key, continuing without decryption: Service unavailable { audio key error }
[2026-04-02T00:31:16Z ERROR librespot_playback::player] Unable to read audio file: Symphonia Decoder Error: end of stream
[2026-04-02T00:31:16Z ERROR librespot_playback::player] Skipping to next track, unable to load track <SpotifyUri("spotify:episode:6p5koPp7He6FO0hg2Ri4Sx")>: ()
[2026-04-02T00:31:16Z INFO  librespot_playback::player] Loading <Tuesday, March 7, 2017> with Spotify URI <spotify:episode:0RjDgqOfvGn747iDNc4EoK>
[2026-04-02T00:31:16Z ERROR librespot_core::audio_key] error audio key 0 1
[2026-04-02T00:31:16Z WARN  librespot_playback::player] Unable to load key, continuing without decryption: Service unavailable { audio key error }
[2026-04-02T00:31:28Z ERROR librespot_playback::player] Unable to read audio file: Symphonia Decoder Error: Deadline expired before operation could complete { wait timeout exceeded }
[2026-04-02T00:31:28Z ERROR librespot_playback::player] Skipping to next track, unable to load track <SpotifyUri("spotify:episode:0RjDgqOfvGn747iDNc4EoK")>: ()
[2026-04-02T00:31:28Z INFO  librespot_playback::player] Loading <Wednesday, March 8, 2017> with Spotify URI <spotify:episode:2EPjNVHM2jkrG7AaA3zNJZ>
[2026-04-02T00:31:29Z ERROR librespot_core::audio_key] error audio key 0 1
[2026-04-02T00:31:29Z WARN  librespot_playback::player] Unable to load key, continuing without decryption: Service unavailable { audio key error }
[2026-04-02T00:31:39Z ERROR librespot_playback::player] Unable to read audio file: Symphonia Decoder Error: end of stream
[2026-04-02T00:31:39Z ERROR librespot_playback::player] Skipping to next track, unable to load track <SpotifyUri("spotify:episode:2EPjNVHM2jkrG7AaA3zNJZ")>: ()
[2026-04-02T00:31:39Z INFO  librespot_playback::player] Loading <Thursday, March 9, 2017> with Spotify URI <spotify:episode:2wkO0X5FkbMD0HNCy0lC4x>
[2026-04-02T00:31:39Z ERROR librespot_core::audio_key] error audio key 0 1
[2026-04-02T00:31:39Z WARN  librespot_playback::player] Unable to load key, continuing without decryption: Service unavailable { audio key error }
[2026-04-02T00:31:41Z INFO  librespot] librespot 0.8.0 VERGEN_IDEMPOTENT_OUTPUT (Built on 2025-11-10, Build ID: 1762793321, Profile: release)
[2026-04-02T00:31:41Z INFO  librespot_playback::mixer::softmixer] Mixing with softvol and volume control: Log(60.0)
[2026-04-02T00:31:41Z INFO  librespot_playback::convert] Converting with ditherer: tpdf
[2026-04-02T00:31:41Z INFO  librespot_playback::audio_backend::pipe] Using StdoutSink (pipe) with format: S16
[2026-04-02T00:31:42Z INFO  librespot_core::session] Connecting to AP "ap-gue1.spotify.com:4070"
[2026-04-02T00:31:42Z INFO  librespot_core::session] Authenticated as 'paulster23' !
[2026-04-02T00:31:42Z INFO  librespot_core::session] Country: "US"
[2026-04-02T00:31:42Z INFO  librespot_core::spclient] Resolved "gue1-spclient.spotify.com:443" as spclient access point
[2026-04-02T00:31:43Z INFO  librespot_connect::spirc] active device is <> with session <df841003867a441fa1ebf67fa6e2b1f4>
[2026-04-02T00:31:58Z WARN  librespot_connect::state::context] couldn't load context info because: context is not available. type: Default
[2026-04-02T00:31:58Z WARN  librespot_connect::state::context] couldn't load context info because: context is not available. type: Default
[2026-04-02T00:31:58Z INFO  librespot_playback::player] Loading <Swingin Party - 2008 Remaster> with Spotify URI <spotify:track:14g6foD6sxO1qgkDKuPgWv>
[2026-04-02T00:31:59Z INFO  librespot_playback::player] <Swingin Party - 2008 Remaster> (233573 ms) loaded
[2026-04-02T00:35:12Z INFO  librespot_playback::player] Loading <Can't Hardly Wait - 2008 Remaster> with Spotify URI <spotify:track:0NX14YH2t16bwwlJSfXazr>
[2026-04-02T00:35:13Z INFO  librespot_playback::player] <Can't Hardly Wait - 2008 Remaster> (188146 ms) loaded
[2026-04-02T00:38:12Z INFO  librespot_playback::player] Loading <I Will Dare> with Spotify URI <spotify:track:77EwrXeCpbMMlWHqhdeFxJ>
[2026-04-02T00:38:13Z INFO  librespot_playback::player] <I Will Dare> (198666 ms) loaded
[2026-04-02T00:41:30Z INFO  librespot_playback::player] Loading <Unsatisfied> with Spotify URI <spotify:track:2ZnaXkXnufIWUDZboZz8lk>
[2026-04-02T00:41:31Z INFO  librespot_playback::player] <Unsatisfied> (241666 ms) loaded
[2026-04-02T00:51:49Z INFO  librespot] librespot 0.8.0 VERGEN_IDEMPOTENT_OUTPUT (Built on 2025-11-10, Build ID: 1762793321, Profile: release)
[2026-04-02T00:51:49Z INFO  librespot_playback::mixer::softmixer] Mixing with softvol and volume control: Log(60.0)
[2026-04-02T00:51:49Z INFO  librespot_playback::convert] Converting with ditherer: tpdf
[2026-04-02T00:51:49Z INFO  librespot_playback::audio_backend::pipe] Using StdoutSink (pipe) with format: S16
[2026-04-02T00:51:50Z INFO  librespot_core::session] Connecting to AP "ap-gue1.spotify.com:4070"
[2026-04-02T00:51:50Z INFO  librespot_core::session] Authenticated as 'paulster23' !
[2026-04-02T00:51:50Z INFO  librespot_core::session] Country: "US"
[2026-04-02T00:51:51Z INFO  librespot_core::spclient] Resolved "gue1-spclient.spotify.com:443" as spclient access point
[2026-04-02T00:51:51Z INFO  librespot_connect::spirc] active device is <> with session <463da11009224ca68ec0f05787c1a971>
[2026-04-02T01:01:57Z INFO  librespot] librespot 0.8.0 VERGEN_IDEMPOTENT_OUTPUT (Built on 2025-11-10, Build ID: 1762793321, Profile: release)
[2026-04-02T01:01:57Z INFO  librespot_playback::mixer::softmixer] Mixing with softvol and volume control: Log(60.0)
[2026-04-02T01:01:57Z INFO  librespot_playback::convert] Converting with ditherer: tpdf
[2026-04-02T01:01:57Z INFO  librespot_playback::audio_backend::pipe] Using StdoutSink (pipe) with format: S16
[2026-04-02T01:01:58Z INFO  librespot_core::session] Connecting to AP "ap-gue1.spotify.com:4070"
[2026-04-02T01:01:58Z INFO  librespot_core::session] Authenticated as 'paulster23' !
[2026-04-02T01:01:58Z INFO  librespot_core::session] Country: "US"
[2026-04-02T01:01:59Z INFO  librespot_core::spclient] Resolved "gue1-spclient.spotify.com:443" as spclient access point
[2026-04-02T01:01:59Z INFO  librespot_connect::spirc] active device is <> with session <463da11009224ca68ec0f05787c1a971>
[2026-04-02T01:12:05Z INFO  librespot] librespot 0.8.0 VERGEN_IDEMPOTENT_OUTPUT (Built on 2025-11-10, Build ID: 1762793321, Profile: release)
[2026-04-02T01:12:05Z INFO  librespot_playback::mixer::softmixer] Mixing with softvol and volume control: Log(60.0)
[2026-04-02T01:12:05Z INFO  librespot_playback::convert] Converting with ditherer: tpdf
[2026-04-02T01:12:05Z INFO  librespot_playback::audio_backend::pipe] Using StdoutSink (pipe) with format: S16
[2026-04-02T01:12:06Z INFO  librespot_core::session] Connecting to AP "ap-gue1.spotify.com:4070"
[2026-04-02T01:12:06Z INFO  librespot_core::session] Authenticated as 'paulster23' !
[2026-04-02T01:12:06Z INFO  librespot_core::session] Country: "US"
[2026-04-02T01:12:07Z INFO  librespot_core::spclient] Resolved "gue1-spclient.spotify.com:443" as spclient access point
[2026-04-02T01:12:07Z INFO  librespot_connect::spirc] active device is <> with session <463da11009224ca68ec0f05787c1a971>
[2026-04-02T01:12:16Z WARN  librespot_connect::state::context] couldn't load context info because: context is not available. type: Default
[2026-04-02T01:12:16Z WARN  librespot_connect::state::context] couldn't load context info because: context is not available. type: Default
[2026-04-02T01:12:16Z INFO  librespot_playback::player] Loading <Coming Soon: “The Daily”> with Spotify URI <spotify:episode:44yCWnUqMezie1mvKcX1Qt>
[2026-04-02T01:12:17Z ERROR librespot_core::audio_key] error audio key 0 1
[2026-04-02T01:12:17Z WARN  librespot_playback::player] Unable to load key, continuing without decryption: Service unavailable { audio key error }
[2026-04-02T01:12:18Z ERROR librespot_playback::player] Unable to read audio file: Symphonia Decoder Error: end of stream
[2026-04-02T01:12:18Z ERROR librespot_playback::player] Skipping to next track, unable to load track <SpotifyUri("spotify:episode:44yCWnUqMezie1mvKcX1Qt")>: ()
[2026-04-02T01:12:18Z INFO  librespot_playback::player] Loading <Wednesday, Feb. 1, 2017> with Spotify URI <spotify:episode:0fDKDL8ECtaiOkdQFEm5SA>
[2026-04-02T01:12:18Z ERROR librespot_core::audio_key] error audio key 0 1
[2026-04-02T01:12:18Z WARN  librespot_playback::player] Unable to load key, continuing without decryption: Service unavailable { audio key error }
[2026-04-02T01:12:28Z ERROR librespot_playback::player] Unable to read audio file: Symphonia Decoder Error: end of stream
[2026-04-02T01:12:28Z ERROR librespot_playback::player] Skipping to next track, unable to load track <SpotifyUri("spotify:episode:0fDKDL8ECtaiOkdQFEm5SA")>: ()
[2026-04-02T01:12:28Z INFO  librespot_playback::player] Loading <Thursday, Feb. 2, 2017> with Spotify URI <spotify:episode:6tijtHwJaE9DyV0RLLDm22>
[2026-04-02T01:12:28Z ERROR librespot_core::audio_key] error audio key 0 1
[2026-04-02T01:12:28Z WARN  librespot_playback::player] Unable to load key, continuing without decryption: Service unavailable { audio key error }
[2026-04-02T01:12:40Z ERROR librespot_playback::player] Unable to read audio file: Symphonia Decoder Error: end of stream
[2026-04-02T01:12:40Z ERROR librespot_playback::player] Skipping to next track, unable to load track <SpotifyUri("spotify:episode:6tijtHwJaE9DyV0RLLDm22")>: ()
[2026-04-02T01:12:40Z INFO  librespot_playback::player] Loading <Friday, Feb. 3, 2017> with Spotify URI <spotify:episode:3a3QmVHfS7xVw8wr4HMDcm>
[2026-04-02T01:12:40Z ERROR librespot_core::audio_key] error audio key 0 1
[2026-04-02T01:12:40Z WARN  librespot_playback::player] Unable to load key, continuing without decryption: Service unavailable { audio key error }
[2026-04-02T01:12:41Z INFO  librespot_playback::player] Loading <Coming Soon: “The Daily”> with Spotify URI <spotify:episode:44yCWnUqMezie1mvKcX1Qt>
[2026-04-02T01:12:41Z ERROR librespot_core::audio_key] error audio key 0 1
[2026-04-02T01:12:41Z WARN  librespot_playback::player] Unable to load key, continuing without decryption: Service unavailable { audio key error }
[2026-04-02T01:12:43Z ERROR librespot_playback::player] Unable to read audio file: Symphonia Decoder Error: end of stream
[2026-04-02T01:12:43Z ERROR librespot_playback::player] Skipping to next track, unable to load track <SpotifyUri("spotify:episode:44yCWnUqMezie1mvKcX1Qt")>: ()
[2026-04-02T01:12:43Z INFO  librespot_playback::player] Loading <Wednesday, Feb. 1, 2017> with Spotify URI <spotify:episode:0fDKDL8ECtaiOkdQFEm5SA>
[2026-04-02T01:12:43Z ERROR librespot_core::audio_key] error audio key 0 1
[2026-04-02T01:12:43Z WARN  librespot_playback::player] Unable to load key, continuing without decryption: Service unavailable { audio key error }
[2026-04-02T01:12:56Z ERROR librespot_playback::player] Unable to read audio file: Symphonia Decoder Error: Deadline expired before operation could complete { wait timeout exceeded }
[2026-04-02T01:12:56Z ERROR librespot_playback::player] Unable to read audio file: Symphonia Decoder Error: Deadline expired before operation could complete { wait timeout exceeded }
[2026-04-02T01:12:56Z ERROR librespot_playback::player] Skipping to next track, unable to load track <SpotifyUri("spotify:episode:0fDKDL8ECtaiOkdQFEm5SA")>: ()
[2026-04-02T01:12:56Z INFO  librespot_playback::player] Loading <Thursday, Feb. 2, 2017> with Spotify URI <spotify:episode:6tijtHwJaE9DyV0RLLDm22>
[2026-04-02T01:12:56Z ERROR librespot_core::audio_key] error audio key 0 1
[2026-04-02T01:12:56Z WARN  librespot_playback::player] Unable to load key, continuing without decryption: Service unavailable { audio key error }
[2026-04-02T01:13:12Z ERROR librespot_playback::player] Unable to read audio file: Symphonia Decoder Error: Deadline expired before operation could complete { wait timeout exceeded }
[2026-04-02T01:13:12Z ERROR librespot_playback::player] Skipping to next track, unable to load track <SpotifyUri("spotify:episode:6tijtHwJaE9DyV0RLLDm22")>: ()
[2026-04-02T01:13:12Z INFO  librespot_playback::player] Loading <Friday, Feb. 3, 2017> with Spotify URI <spotify:episode:3a3QmVHfS7xVw8wr4HMDcm>
[2026-04-02T01:13:12Z ERROR librespot_core::audio_key] error audio key 0 1
[2026-04-02T01:13:12Z WARN  librespot_playback::player] Unable to load key, continuing without decryption: Service unavailable { audio key error }
[2026-04-02T01:13:22Z ERROR librespot_playback::player] Unable to read audio file: Symphonia Decoder Error: end of stream
[2026-04-02T01:13:22Z ERROR librespot_playback::player] Skipping to next track, unable to load track <SpotifyUri("spotify:episode:3a3QmVHfS7xVw8wr4HMDcm")>: ()
[2026-04-02T01:13:22Z INFO  librespot_playback::player] Loading <Monday, Feb. 6, 2017> with Spotify URI <spotify:episode:7JQGMk7F8KWMfERRQr7Ibw>
[2026-04-02T01:13:22Z ERROR librespot_core::audio_key] error audio key 0 1
[2026-04-02T01:13:22Z WARN  librespot_playback::player] Unable to load key, continuing without decryption: Service unavailable { audio key error }
[2026-04-02T01:13:40Z ERROR librespot_playback::player] Unable to read audio file: Symphonia Decoder Error: Deadline expired before operation could complete { wait timeout exceeded }
[2026-04-02T01:13:40Z ERROR librespot_playback::player] Skipping to next track, unable to load track <SpotifyUri("spotify:episode:7JQGMk7F8KWMfERRQr7Ibw")>: ()
[2026-04-02T01:13:41Z INFO  librespot_playback::player] Loading <Tuesday, Feb. 7, 2017> with Spotify URI <spotify:episode:1NHWqzeOseXuCgY4JtWeHx>
[2026-04-02T01:13:41Z ERROR librespot_core::audio_key] error audio key 0 1
[2026-04-02T01:13:41Z WARN  librespot_playback::player] Unable to load key, continuing without decryption: Service unavailable { audio key error }
[2026-04-02T01:13:51Z ERROR librespot_playback::player] Unable to read audio file: Symphonia Decoder Error: end of stream
[2026-04-02T01:13:51Z ERROR librespot_playback::player] Skipping to next track, unable to load track <SpotifyUri("spotify:episode:1NHWqzeOseXuCgY4JtWeHx")>: ()
[2026-04-02T01:13:51Z INFO  librespot_playback::player] Loading <Wednesday, Feb. 8, 2017> with Spotify URI <spotify:episode:4QuIPtN7lRXdS0fRlJMd6g>
[2026-04-02T01:13:51Z ERROR librespot_core::audio_key] error audio key 0 1
[2026-04-02T01:13:51Z WARN  librespot_playback::player] Unable to load key, continuing without decryption: Service unavailable { audio key error }
[2026-04-02T01:14:01Z ERROR librespot_playback::player] Unable to read audio file: Symphonia Decoder Error: Deadline expired before operation could complete { wait timeout exceeded }
[2026-04-02T01:14:01Z ERROR librespot_playback::player] Skipping to next track, unable to load track <SpotifyUri("spotify:episode:4QuIPtN7lRXdS0fRlJMd6g")>: ()
[2026-04-02T01:14:01Z INFO  librespot_playback::player] Loading <Thursday, Feb. 9. 2017> with Spotify URI <spotify:episode:5lm9opFqClOiehYZhJVhOO>
[2026-04-02T01:14:02Z ERROR librespot_core::audio_key] error audio key 0 1
[2026-04-02T01:14:02Z WARN  librespot_playback::player] Unable to load key, continuing without decryption: Service unavailable { audio key error }
[2026-04-02T01:14:12Z ERROR librespot_playback::player] Unable to read audio file: Symphonia Decoder Error: end of stream
[2026-04-02T01:14:12Z ERROR librespot_playback::player] Skipping to next track, unable to load track <SpotifyUri("spotify:episode:5lm9opFqClOiehYZhJVhOO")>: ()
[2026-04-02T01:14:12Z INFO  librespot_playback::player] Loading <Friday, Feb. 10, 2017> with Spotify URI <spotify:episode:2tu5zgzpVVkmXpZ43PBG0W>
[2026-04-02T01:14:13Z ERROR librespot_core::audio_key] error audio key 0 1
[2026-04-02T01:14:13Z WARN  librespot_playback::player] Unable to load key, continuing without decryption: Service unavailable { audio key error }
[2026-04-02T01:14:24Z ERROR librespot_playback::player] Unable to read audio file: Symphonia Decoder Error: Deadline expired before operation could complete { wait timeout exceeded }
[2026-04-02T01:14:24Z ERROR librespot_playback::player] Skipping to next track, unable to load track <SpotifyUri("spotify:episode:2tu5zgzpVVkmXpZ43PBG0W")>: ()
[2026-04-02T01:14:24Z INFO  librespot_playback::player] Loading <Monday, Feb. 13, 2017> with Spotify URI <spotify:episode:4kKLTStMrRt0F1WXj8ULlK>
[2026-04-02T01:14:24Z ERROR librespot_core::audio_key] error audio key 0 1
[2026-04-02T01:14:24Z WARN  librespot_playback::player] Unable to load key, continuing without decryption: Service unavailable { audio key error }
[2026-04-02T01:14:37Z ERROR librespot_playback::player] Unable to read audio file: Symphonia Decoder Error: end of stream
[2026-04-02T01:14:37Z ERROR librespot_playback::player] Skipping to next track, unable to load track <SpotifyUri("spotify:episode:4kKLTStMrRt0F1WXj8ULlK")>: ()
[2026-04-02T01:14:37Z INFO  librespot_playback::player] Loading <Tuesday, Feb. 14, 2017> with Spotify URI <spotify:episode:0MyT8Fxg7foqN5wd2c827K>
[2026-04-02T01:14:37Z ERROR librespot_core::audio_key] error audio key 0 1
[2026-04-02T01:14:37Z WARN  librespot_playback::player] Unable to load key, continuing without decryption: Service unavailable { audio key error }
[2026-04-02T01:14:54Z ERROR librespot_playback::player] Unable to read audio file: Symphonia Decoder Error: Deadline expired before operation could complete { wait timeout exceeded }
[2026-04-02T01:14:54Z ERROR librespot_playback::player] Skipping to next track, unable to load track <SpotifyUri("spotify:episode:0MyT8Fxg7foqN5wd2c827K")>: ()
[2026-04-02T01:14:54Z INFO  librespot_playback::player] Loading <Wednesday, Feb. 15, 2017> with Spotify URI <spotify:episode:2IBhOsqa6l9pK21aF8L5VE>
[2026-04-02T01:14:55Z ERROR librespot_core::audio_key] error audio key 0 1
[2026-04-02T01:14:55Z WARN  librespot_playback::player] Unable to load key, continuing without decryption: Service unavailable { audio key error }
[2026-04-02T01:15:06Z ERROR librespot_playback::player] Unable to read audio file: Symphonia Decoder Error: end of stream
[2026-04-02T01:15:06Z ERROR librespot_playback::player] Skipping to next track, unable to load track <SpotifyUri("spotify:episode:2IBhOsqa6l9pK21aF8L5VE")>: ()
[2026-04-02T01:15:06Z INFO  librespot_playback::player] Loading <Thursday, Feb. 16, 2017> with Spotify URI <spotify:episode:7jTuTeuw28p6QCW78gqMnJ>
[2026-04-02T01:15:06Z ERROR librespot_core::audio_key] error audio key 0 1
[2026-04-02T01:15:06Z WARN  librespot_playback::player] Unable to load key, continuing without decryption: Service unavailable { audio key error }
[2026-04-02T01:15:19Z ERROR librespot_playback::player] Unable to read audio file: Symphonia Decoder Error: Deadline expired before operation could complete { wait timeout exceeded }
[2026-04-02T01:15:19Z ERROR librespot_playback::player] Skipping to next track, unable to load track <SpotifyUri("spotify:episode:7jTuTeuw28p6QCW78gqMnJ")>: ()
[2026-04-02T01:15:20Z INFO  librespot_playback::player] Loading <Friday, Feb. 17, 2017> with Spotify URI <spotify:episode:6iaWUVtIqHTZBRSceWml8n>
[2026-04-02T01:15:20Z ERROR librespot_core::audio_key] error audio key 0 1
[2026-04-02T01:15:20Z WARN  librespot_playback::player] Unable to load key, continuing without decryption: Service unavailable { audio key error }
[2026-04-02T01:15:36Z ERROR librespot_playback::player] Unable to read audio file: Symphonia Decoder Error: Deadline expired before operation could complete { wait timeout exceeded }
[2026-04-02T01:15:36Z ERROR librespot_playback::player] Skipping to next track, unable to load track <SpotifyUri("spotify:episode:6iaWUVtIqHTZBRSceWml8n")>: ()
[2026-04-02T01:15:36Z INFO  librespot_playback::player] Loading <Tuesday, Feb. 21, 2017> with Spotify URI <spotify:episode:0NNTJzdXtuot7WC0kWDH70>
[2026-04-02T01:15:36Z ERROR librespot_core::audio_key] error audio key 0 1
[2026-04-02T01:15:36Z WARN  librespot_playback::player] Unable to load key, continuing without decryption: Service unavailable { audio key error }
[2026-04-02T01:15:46Z ERROR librespot_playback::player] Unable to read audio file: Symphonia Decoder Error: end of stream
[2026-04-02T01:15:46Z ERROR librespot_playback::player] Skipping to next track, unable to load track <SpotifyUri("spotify:episode:0NNTJzdXtuot7WC0kWDH70")>: ()
[2026-04-02T01:15:46Z INFO  librespot_playback::player] Loading <Wednesday, Feb. 22, 2017> with Spotify URI <spotify:episode:3Mcs6IlABNU7OADwUND8bN>
[2026-04-02T01:15:46Z ERROR librespot_core::audio_key] error audio key 0 1
[2026-04-02T01:15:46Z WARN  librespot_playback::player] Unable to load key, continuing without decryption: Service unavailable { audio key error }
[2026-04-02T01:15:54Z ERROR librespot_playback::player] Unable to read audio file: Symphonia Decoder Error: Deadline expired before operation could complete { wait timeout exceeded }
[2026-04-02T01:15:54Z ERROR librespot_playback::player] Skipping to next track, unable to load track <SpotifyUri("spotify:episode:3Mcs6IlABNU7OADwUND8bN")>: ()
[2026-04-02T01:15:54Z INFO  librespot_playback::player] Loading <Thursday, Feb. 23, 2017> with Spotify URI <spotify:episode:7pevfKeB5DWx7sINtGFJ13>
[2026-04-02T01:15:54Z ERROR librespot_core::audio_key] error audio key 0 1
[2026-04-02T01:15:54Z WARN  librespot_playback::player] Unable to load key, continuing without decryption: Service unavailable { audio key error }
[2026-04-02T01:16:12Z ERROR librespot_playback::player] Unable to read audio file: Symphonia Decoder Error: Deadline expired before operation could complete { wait timeout exceeded }
[2026-04-02T01:16:12Z ERROR librespot_playback::player] Skipping to next track, unable to load track <SpotifyUri("spotify:episode:7pevfKeB5DWx7sINtGFJ13")>: ()
[2026-04-02T01:16:12Z INFO  librespot_playback::player] Loading <Friday, Feb. 24, 2017> with Spotify URI <spotify:episode:41soiBVuRLJ6rSiIWyFTHn>
[2026-04-02T01:16:12Z ERROR librespot_core::audio_key] error audio key 0 1
[2026-04-02T01:16:12Z WARN  librespot_playback::player] Unable to load key, continuing without decryption: Service unavailable { audio key error }
[2026-04-02T01:16:27Z ERROR librespot_playback::player] Unable to read audio file: Symphonia Decoder Error: end of stream
[2026-04-02T01:16:27Z ERROR librespot_playback::player] Skipping to next track, unable to load track <SpotifyUri("spotify:episode:41soiBVuRLJ6rSiIWyFTHn")>: ()
[2026-04-02T01:16:27Z INFO  librespot_playback::player] Loading <Monday, Feb. 27, 2017> with Spotify URI <spotify:episode:1XQ9Wt6qgayfO0xVNiwbWH>
[2026-04-02T01:16:27Z ERROR librespot_core::audio_key] error audio key 0 1
[2026-04-02T01:16:27Z WARN  librespot_playback::player] Unable to load key, continuing without decryption: Service unavailable { audio key error }
[2026-04-02T01:16:44Z ERROR librespot_playback::player] Unable to read audio file: Symphonia Decoder Error: Deadline expired before operation could complete { wait timeout exceeded }
[2026-04-02T01:16:44Z ERROR librespot_playback::player] Skipping to next track, unable to load track <SpotifyUri("spotify:episode:1XQ9Wt6qgayfO0xVNiwbWH")>: ()
[2026-04-02T01:16:44Z INFO  librespot_playback::player] Loading <Tuesday, Feb. 28, 2017> with Spotify URI <spotify:episode:62EsM20GkU8WN0Z1LyQaAs>
[2026-04-02T01:16:44Z ERROR librespot_core::audio_key] error audio key 0 1
[2026-04-02T01:16:44Z WARN  librespot_playback::player] Unable to load key, continuing without decryption: Service unavailable { audio key error }
[2026-04-02T01:16:56Z ERROR librespot_playback::player] Unable to read audio file: Symphonia Decoder Error: end of stream
[2026-04-02T01:16:56Z ERROR librespot_playback::player] Skipping to next track, unable to load track <SpotifyUri("spotify:episode:62EsM20GkU8WN0Z1LyQaAs")>: ()
[2026-04-02T01:16:57Z INFO  librespot_playback::player] Loading <Wednesday, Mar. 1, 2017> with Spotify URI <spotify:episode:2YUFaXsmcsEtkKNY7PQC0t>
[2026-04-02T01:16:57Z ERROR librespot_core::audio_key] error audio key 0 1
[2026-04-02T01:16:57Z WARN  librespot_playback::player] Unable to load key, continuing without decryption: Service unavailable { audio key error }
[2026-04-02T01:17:08Z ERROR librespot_playback::player] Unable to read audio file: Symphonia Decoder Error: Deadline expired before operation could complete { wait timeout exceeded }
[2026-04-02T01:17:08Z ERROR librespot_playback::player] Skipping to next track, unable to load track <SpotifyUri("spotify:episode:2YUFaXsmcsEtkKNY7PQC0t")>: ()
[2026-04-02T01:17:08Z INFO  librespot_playback::player] Loading <Thursday, March 2, 2017> with Spotify URI <spotify:episode:7EveaYH9ksJwJFCHTyQc53>
[2026-04-02T01:17:08Z ERROR librespot_core::audio_key] error audio key 0 1
[2026-04-02T01:17:08Z WARN  librespot_playback::player] Unable to load key, continuing without decryption: Service unavailable { audio key error }
[2026-04-02T01:17:13Z INFO  librespot] librespot 0.8.0 VERGEN_IDEMPOTENT_OUTPUT (Built on 2025-11-10, Build ID: 1762793321, Profile: release)
[2026-04-02T01:17:13Z INFO  librespot_playback::mixer::softmixer] Mixing with softvol and volume control: Log(60.0)
[2026-04-02T01:17:13Z INFO  librespot_playback::convert] Converting with ditherer: tpdf
[2026-04-02T01:17:13Z INFO  librespot_playback::audio_backend::pipe] Using StdoutSink (pipe) with format: S16
[2026-04-02T01:17:14Z INFO  librespot_core::session] Connecting to AP "ap-gue1.spotify.com:4070"
[2026-04-02T01:17:14Z INFO  librespot_core::session] Authenticated as 'paulster23' !
[2026-04-02T01:17:14Z INFO  librespot_core::session] Country: "US"
[2026-04-02T01:17:15Z INFO  librespot_core::spclient] Resolved "gue1-spclient.spotify.com:443" as spclient access point
[2026-04-02T01:17:15Z INFO  librespot_connect::spirc] active device is <> with session <c4115fdec1eb42b393a8888cc0bd6ee4>
[2026-04-02T01:18:37Z WARN  librespot_connect::state::context] couldn't load context info because: context is not available. type: Default
[2026-04-02T01:18:37Z WARN  librespot_connect::state::context] couldn't load context info because: context is not available. type: Default
[2026-04-02T01:18:37Z INFO  librespot_playback::player] Loading <Where Is My Mind? - 2007 Remaster> with Spotify URI <spotify:track:7wCmS9TTVUcIhRalDYFgPy>
[2026-04-02T01:18:38Z INFO  librespot_playback::player] <Where Is My Mind? - 2007 Remaster> (234973 ms) loaded
[2026-04-02T01:19:58Z WARN  librespot_connect::state::context] couldn't load context info because: context is not available. type: Default
[2026-04-02T01:19:58Z WARN  librespot_connect::state::context] couldn't load context info because: context is not available. type: Default
[2026-04-02T01:19:58Z INFO  librespot_playback::player] Loading <Swingin Party - 2008 Remaster> with Spotify URI <spotify:track:14g6foD6sxO1qgkDKuPgWv>
[2026-04-02T01:19:59Z INFO  librespot_playback::player] <Swingin Party - 2008 Remaster> (233573 ms) loaded
[2026-04-02T01:23:12Z INFO  librespot_playback::player] Loading <Can't Hardly Wait - 2008 Remaster> with Spotify URI <spotify:track:0NX14YH2t16bwwlJSfXazr>
[2026-04-02T01:23:13Z INFO  librespot_playback::player] <Can't Hardly Wait - 2008 Remaster> (188146 ms) loaded
[2026-04-02T01:26:11Z INFO  librespot_playback::player] Loading <I Will Dare> with Spotify URI <spotify:track:77EwrXeCpbMMlWHqhdeFxJ>
[2026-04-02T01:26:12Z INFO  librespot_playback::player] <I Will Dare> (198666 ms) loaded
[2026-04-02T01:29:20Z INFO  librespot_playback::player] Loading <Unsatisfied> with Spotify URI <spotify:track:2ZnaXkXnufIWUDZboZz8lk>
[2026-04-02T01:29:21Z INFO  librespot_playback::player] <Unsatisfied> (241666 ms) loaded
[2026-04-02T01:33:10Z INFO  librespot_playback::player] Loading <Bastards of Young - 2008 Remaster> with Spotify URI <spotify:track:0ritgEzDOsxbd2IfYX96S9>
[2026-04-02T01:33:11Z INFO  librespot_playback::player] <Bastards of Young - 2008 Remaster> (218066 ms) loaded
[2026-04-02T01:33:31Z INFO  librespot_playback::player] Loading <Swingin Party - 2008 Remaster> with Spotify URI <spotify:track:14g6foD6sxO1qgkDKuPgWv>
[2026-04-02T01:33:32Z INFO  librespot_playback::player] <Swingin Party - 2008 Remaster> (233573 ms) loaded
[2026-04-02T01:33:53Z INFO  librespot_playback::player] Loading <Can't Hardly Wait - 2008 Remaster> with Spotify URI <spotify:track:0NX14YH2t16bwwlJSfXazr>
[2026-04-02T01:33:54Z INFO  librespot_playback::player] <Can't Hardly Wait - 2008 Remaster> (188146 ms) loaded
[2026-04-02T01:34:14Z WARN  librespot_connect::state::context] couldn't load context info because: context is not available. type: Default
[2026-04-02T01:34:14Z WARN  librespot_connect::state::context] couldn't load context info because: context is not available. type: Default
[2026-04-02T01:34:14Z INFO  librespot_playback::player] Loading <Where Is My Mind? - 2007 Remaster> with Spotify URI <spotify:track:7wCmS9TTVUcIhRalDYFgPy>
[2026-04-02T01:34:15Z INFO  librespot_playback::player] <Where Is My Mind? - 2007 Remaster> (234973 ms) loaded
[2026-04-02T01:37:03Z WARN  librespot_connect::state::context] couldn't load context info because: context is not available. type: Default
[2026-04-02T01:37:03Z INFO  librespot_core::session] Connecting to AP "ap-gue1.spotify.com:4070"
[2026-04-02T01:37:04Z INFO  librespot_core::session] Authenticated as 'paulster23' !
[2026-04-02T01:37:04Z INFO  librespot_core::session] Country: "US"
[2026-04-02T01:37:04Z WARN  librespot_core::dealer] Websocket connection failed: IO error: peer closed connection without sending TLS close_notify: https://docs.rs/rustls/latest/rustls/manual/_03_howto/index.html#unexpected-eof
[2026-04-02T01:37:04Z WARN  librespot_core::dealer] Wasn't able to reply to dealer request: channel closed
[2026-04-02T01:37:04Z INFO  librespot_core::spclient] Resolved "gue1-spclient.spotify.com:443" as spclient access point
[2026-04-02T01:37:04Z INFO  librespot_connect::spirc] active device is <> with session <78f581fe1c3b4c2c8df5b69bb08517da>
[2026-04-02T01:37:05Z WARN  librespot_connect::state::context] couldn't load context info because: context is not available. type: Default
[2026-04-02T01:37:37Z WARN  librespot_core::dealer] Websocket peer does not respond.
[2026-04-02T01:37:39Z INFO  librespot_connect::spirc] active device is <0596f720dd52a9e2e2d0020d00931a1b91014e64> with session <6e1dac1702be4d87ba6da5365a2d60eb>
[2026-04-02T01:37:39Z INFO  librespot_connect::spirc] device became inactive
[2026-04-02T01:37:40Z WARN  librespot_connect::state::context] couldn't load context info because: context is not available. type: Default
[2026-04-02T01:37:40Z WARN  librespot_connect::spirc] failed filling up next_track during stopping: Invalid state { context is not available. type: Default }
[2026-04-02T01:37:42Z WARN  librespot_connect::state::context] couldn't load context info because: context is not available. type: Default
[2026-04-02T01:37:42Z INFO  librespot_playback::player] Loading <More Bad Miles Of Road> with Spotify URI <spotify:track:6nGUFcPGMKgEYWXq8WsXbP>
[2026-04-02T01:37:43Z INFO  librespot_playback::player] <More Bad Miles Of Road> (228249 ms) loaded
[2026-04-02T01:38:02Z INFO  librespot_connect::spirc] delayed volume update for all devices: volume is now 34815
[2026-04-02T01:40:45Z INFO  librespot_playback::player] Loading <’Said Soul> with Spotify URI <spotify:track:3nereh8fbNjDflNF7f1CLK>
[2026-04-02T01:40:46Z INFO  librespot_playback::player] <’Said Soul> (164389 ms) loaded
[2026-04-02T01:41:39Z INFO  librespot_connect::spirc] delayed volume update for all devices: volume is now 56319
[2026-04-02T01:41:40Z INFO  librespot_connect::spirc] delayed volume update for all devices: volume is now 62463
[2026-04-02T01:42:53Z INFO  librespot_playback::player] Loading <Cut Glass Hammer> with Spotify URI <spotify:track:66HIVyIPUAJAaBBG9UmWCT>
[2026-04-02T01:42:55Z INFO  librespot_playback::player] <Cut Glass Hammer> (225194 ms) loaded
[2026-04-02T01:51:39Z WARN  librespot_connect::state::context] couldn't load context info because: context is not available. type: Default
[2026-04-02T01:51:39Z WARN  librespot_connect::state::context] couldn't load context info because: context is not available. type: Default
[2026-04-02T01:51:39Z INFO  librespot_playback::player] Loading <Where Is My Mind? - 2007 Remaster> with Spotify URI <spotify:track:7wCmS9TTVUcIhRalDYFgPy>
[2026-04-02T01:51:40Z INFO  librespot_playback::player] <Where Is My Mind? - 2007 Remaster> (234973 ms) loaded
[2026-04-02T01:51:40Z ERROR librespot_playback::player] Audio Sink Error On Write: <StdoutSink> Broken pipe (os error 32)
[2026-04-02T01:52:14Z INFO  librespot] librespot 0.8.0 VERGEN_IDEMPOTENT_OUTPUT (Built on 2025-11-10, Build ID: 1762793321, Profile: release)
[2026-04-02T01:52:14Z INFO  librespot_playback::mixer::softmixer] Mixing with softvol and volume control: Log(60.0)
[2026-04-02T01:52:14Z INFO  librespot_playback::convert] Converting with ditherer: tpdf
[2026-04-02T01:52:14Z INFO  librespot_playback::audio_backend::pipe] Using StdoutSink (pipe) with format: S16
[2026-04-02T01:52:15Z INFO  librespot_core::session] Connecting to AP "ap-gue1.spotify.com:4070"
[2026-04-02T01:52:15Z INFO  librespot_core::session] Authenticated as 'paulster23' !
[2026-04-02T01:52:15Z INFO  librespot_core::session] Country: "US"
[2026-04-02T01:52:15Z INFO  librespot_core::spclient] Resolved "gue1-spclient.spotify.com:443" as spclient access point
[2026-04-02T01:52:16Z INFO  librespot_connect::spirc] active device is <> with session <6e1dac1702be4d87ba6da5365a2d60eb>
[2026-04-02T01:52:35Z WARN  librespot_connect::state::context] couldn't load context info because: context is not available. type: Default
[2026-04-02T01:52:36Z INFO  librespot_core::session] Connecting to AP "ap-gue1.spotify.com:4070"
[2026-04-02T01:52:36Z INFO  librespot_core::session] Authenticated as 'paulster23' !
[2026-04-02T01:52:36Z INFO  librespot_core::session] Country: "US"
[2026-04-02T01:52:36Z INFO  librespot_core::spclient] Resolved "gue1-spclient.spotify.com:443" as spclient access point
[2026-04-02T01:52:37Z INFO  librespot_connect::spirc] active device is <e9912ea7d306062891be9d4514485cfccfc5a2d7> with session <0t065B9RRQGzA4CubAG8j2>
[2026-04-02T01:52:47Z WARN  librespot_connect::state::context] couldn't load context info because: context is not available. type: Default
[2026-04-02T01:52:47Z INFO  librespot_playback::player] Loading <Where Is My Mind? - 2007 Remaster> with Spotify URI <spotify:track:7wCmS9TTVUcIhRalDYFgPy>
[2026-04-02T01:52:48Z INFO  librespot_playback::player] <Where Is My Mind? - 2007 Remaster> (234973 ms) loaded
[2026-04-02T01:57:01Z WARN  librespot_connect::state::context] couldn't load context info because: context is not available. type: Default
[2026-04-02T01:57:01Z WARN  librespot_connect::state::context] couldn't load context info because: context is not available. type: Default
[2026-04-02T01:57:01Z INFO  librespot_playback::player] Loading <Swingin Party - 2008 Remaster> with Spotify URI <spotify:track:14g6foD6sxO1qgkDKuPgWv>
[2026-04-02T01:57:02Z INFO  librespot_playback::player] <Swingin Party - 2008 Remaster> (233573 ms) loaded
[2026-04-02T02:00:15Z INFO  librespot_playback::player] Loading <Can't Hardly Wait - 2008 Remaster> with Spotify URI <spotify:track:0NX14YH2t16bwwlJSfXazr>
[2026-04-02T02:00:16Z INFO  librespot_playback::player] <Can't Hardly Wait - 2008 Remaster> (188146 ms) loaded
[2026-04-02T02:03:14Z INFO  librespot] librespot 0.8.0 VERGEN_IDEMPOTENT_OUTPUT (Built on 2025-11-10, Build ID: 1762793321, Profile: release)
[2026-04-02T02:03:14Z INFO  librespot_playback::mixer::softmixer] Mixing with softvol and volume control: Log(60.0)
[2026-04-02T02:03:14Z INFO  librespot_playback::convert] Converting with ditherer: tpdf
[2026-04-02T02:03:14Z INFO  librespot_playback::audio_backend::pipe] Using StdoutSink (pipe) with format: S16
[2026-04-02T02:03:14Z INFO  librespot_core::session] Connecting to AP "ap-gue1.spotify.com:4070"
[2026-04-02T02:03:20Z INFO  librespot_core::session] Authenticated as 'paulster23' !
[2026-04-02T02:03:20Z INFO  librespot_core::session] Country: "US"
[2026-04-02T02:03:20Z INFO  librespot_core::spclient] Resolved "gue1-spclient.spotify.com:443" as spclient access point
[2026-04-02T02:03:20Z INFO  librespot_connect::spirc] active device is <> with session <d71fe01f50904d16a8c3fd5ad53b42dc>
[2026-04-02T02:04:08Z WARN  librespot_connect::state::context] couldn't load context info because: context is not available. type: Default
[2026-04-02T02:04:08Z WARN  librespot_connect::state::context] couldn't load context info because: context is not available. type: Default
[2026-04-02T02:04:08Z INFO  librespot_playback::player] Loading <Swingin Party - 2008 Remaster> with Spotify URI <spotify:track:14g6foD6sxO1qgkDKuPgWv>
[2026-04-02T02:04:09Z INFO  librespot_playback::player] <Swingin Party - 2008 Remaster> (233573 ms) loaded
[2026-04-02T02:04:09Z ERROR librespot_playback::player] Audio Sink Error On Write: <StdoutSink> Broken pipe (os error 32)
[2026-04-02T02:04:42Z ERROR librespot_playback::player] Audio Sink Error On Write: <StdoutSink> Broken pipe (os error 32)
[2026-04-02T02:06:44Z INFO  librespot] librespot 0.8.0 VERGEN_IDEMPOTENT_OUTPUT (Built on 2025-11-10, Build ID: 1762793321, Profile: release)
[2026-04-02T02:06:44Z INFO  librespot_playback::mixer::softmixer] Mixing with softvol and volume control: Log(60.0)
[2026-04-02T02:06:44Z INFO  librespot_playback::convert] Converting with ditherer: tpdf
[2026-04-02T02:06:44Z INFO  librespot_playback::audio_backend::pipe] Using StdoutSink (pipe) with format: S16
[2026-04-02T02:06:44Z INFO  librespot_core::session] Connecting to AP "ap-gue1.spotify.com:4070"
[2026-04-02T02:06:45Z INFO  librespot_core::session] Authenticated as 'paulster23' !
[2026-04-02T02:06:45Z INFO  librespot_core::session] Country: "US"
[2026-04-02T02:06:45Z INFO  librespot_core::spclient] Resolved "gue1-spclient.spotify.com:443" as spclient access point
[2026-04-02T02:06:46Z INFO  librespot_connect::spirc] active device is <> with session <a2555e5ad2cc4ceab11bdb3488d9b5a8>
[2026-04-02T02:07:30Z WARN  librespot_connect::state::context] couldn't load context info because: context is not available. type: Default
[2026-04-02T02:07:30Z WARN  librespot_connect::state::context] couldn't load context info because: context is not available. type: Default
[2026-04-02T02:07:30Z INFO  librespot_playback::player] Loading <Swingin Party - 2008 Remaster> with Spotify URI <spotify:track:14g6foD6sxO1qgkDKuPgWv>
[2026-04-02T02:07:31Z INFO  librespot_playback::player] <Swingin Party - 2008 Remaster> (233573 ms) loaded
[2026-04-02T02:07:31Z ERROR librespot_playback::player] Audio Sink Error On Write: <StdoutSink> Broken pipe (os error 32)
[2026-04-02T02:12:22Z INFO  librespot] librespot 0.8.0 VERGEN_IDEMPOTENT_OUTPUT (Built on 2025-11-10, Build ID: 1762793321, Profile: release)
[2026-04-02T02:12:22Z INFO  librespot_playback::mixer::softmixer] Mixing with softvol and volume control: Log(60.0)
[2026-04-02T02:12:22Z INFO  librespot_playback::convert] Converting with ditherer: tpdf
[2026-04-02T02:12:22Z INFO  librespot_playback::audio_backend::pipe] Using StdoutSink (pipe) with format: S16
[2026-04-02T02:12:23Z INFO  librespot_core::session] Connecting to AP "ap-gue1.spotify.com:4070"
[2026-04-02T02:12:24Z INFO  librespot_core::session] Authenticated as 'paulster23' !
[2026-04-02T02:12:24Z INFO  librespot_core::session] Country: "US"
[2026-04-02T02:12:24Z INFO  librespot_core::spclient] Resolved "gue1-spclient.spotify.com:443" as spclient access point
[2026-04-02T02:12:25Z INFO  librespot_connect::spirc] active device is <> with session <65b71303b1b04e519bc57d85ab79d6c0>
[2026-04-02T02:13:16Z INFO  librespot] librespot 0.8.0 VERGEN_IDEMPOTENT_OUTPUT (Built on 2025-11-10, Build ID: 1762793321, Profile: release)
[2026-04-02T02:13:16Z INFO  librespot_playback::mixer::softmixer] Mixing with softvol and volume control: Log(60.0)
[2026-04-02T02:13:16Z INFO  librespot_playback::convert] Converting with ditherer: tpdf
[2026-04-02T02:13:16Z INFO  librespot_playback::audio_backend::pipe] Using StdoutSink (pipe) with format: S16
[2026-04-02T02:13:16Z INFO  librespot_core::session] Connecting to AP "ap-gue1.spotify.com:4070"
[2026-04-02T02:13:17Z INFO  librespot_core::session] Authenticated as 'paulster23' !
[2026-04-02T02:13:17Z INFO  librespot_core::session] Country: "US"
[2026-04-02T02:13:17Z INFO  librespot_core::spclient] Resolved "gue1-spclient.spotify.com:443" as spclient access point
[2026-04-02T02:13:17Z INFO  librespot_connect::spirc] active device is <> with session <65b71303b1b04e519bc57d85ab79d6c0>
[2026-04-02T02:13:32Z WARN  librespot_connect::state::context] couldn't load context info because: context is not available. type: Default
[2026-04-02T02:13:32Z WARN  librespot_connect::state::context] couldn't load context info because: context is not available. type: Default
[2026-04-02T02:13:32Z INFO  librespot_playback::player] Loading <Swingin Party - 2008 Remaster> with Spotify URI <spotify:track:14g6foD6sxO1qgkDKuPgWv>
[2026-04-02T02:13:33Z INFO  librespot_playback::player] <Swingin Party - 2008 Remaster> (233573 ms) loaded
[2026-04-02T02:13:33Z ERROR librespot_playback::player] Audio Sink Error On Write: <StdoutSink> Broken pipe (os error 32)
[2026-04-02T02:14:33Z WARN  librespot_connect::state::context] couldn't load context info because: context is not available. type: Default
[2026-04-02T02:14:33Z WARN  librespot_connect::state::context] couldn't load context info because: context is not available. type: Default
[2026-04-02T02:14:33Z INFO  librespot_playback::player] Loading <Where Is My Mind? - 2007 Remaster> with Spotify URI <spotify:track:7wCmS9TTVUcIhRalDYFgPy>
[2026-04-02T02:14:34Z INFO  librespot_playback::player] <Where Is My Mind? - 2007 Remaster> (234973 ms) loaded
[2026-04-02T02:14:34Z ERROR librespot_playback::player] Audio Sink Error On Write: <StdoutSink> Broken pipe (os error 32)
[2026-04-02T02:14:50Z ERROR librespot_playback::player] Audio Sink Error On Write: <StdoutSink> Broken pipe (os error 32)
[2026-04-02T02:14:53Z INFO  librespot_playback::player] Loading <Here Comes Your Man> with Spotify URI <spotify:track:4IvZLDtwBHmBmwgDIUbuwa>
[2026-04-02T02:14:54Z INFO  librespot_playback::player] <Here Comes Your Man> (201186 ms) loaded
[2026-04-02T02:17:35Z INFO  librespot] librespot 0.8.0 VERGEN_IDEMPOTENT_OUTPUT (Built on 2025-11-10, Build ID: 1762793321, Profile: release)
[2026-04-02T02:17:35Z INFO  librespot_playback::mixer::softmixer] Mixing with softvol and volume control: Log(60.0)
[2026-04-02T02:17:35Z INFO  librespot_playback::convert] Converting with ditherer: tpdf
[2026-04-02T02:17:35Z INFO  librespot_playback::audio_backend::pipe] Using StdoutSink (pipe) with format: S16
[2026-04-02T02:17:37Z INFO  librespot_core::session] Connecting to AP "ap-gue1.spotify.com:4070"
[2026-04-02T02:17:38Z INFO  librespot_core::session] Authenticated as 'paulster23' !
[2026-04-02T02:17:38Z INFO  librespot_core::session] Country: "US"
[2026-04-02T02:17:38Z INFO  librespot_core::spclient] Resolved "gue1-spclient.spotify.com:443" as spclient access point
[2026-04-02T02:17:38Z INFO  librespot_connect::spirc] active device is <> with session <75022be3099c488bab62d000adccc768>
[2026-04-02T02:18:25Z WARN  librespot_connect::state::context] couldn't load context info because: context is not available. type: Default
[2026-04-02T02:18:25Z WARN  librespot_connect::state::context] couldn't load context info because: context is not available. type: Default
[2026-04-02T02:18:25Z INFO  librespot_playback::player] Loading <Paint It, Black> with Spotify URI <spotify:track:63T7DJ1AFDD6Bn8VzG6JE8>
[2026-04-02T02:18:26Z INFO  librespot_playback::player] <Paint It, Black> (202266 ms) loaded
[2026-04-02T02:18:26Z ERROR librespot_playback::player] Audio Sink Error On Write: <StdoutSink> Broken pipe (os error 32)
[2026-04-02T02:19:56Z ERROR librespot_playback::player] Audio Sink Error On Write: <StdoutSink> Broken pipe (os error 32)
[2026-04-02T02:20:27Z INFO  librespot] librespot 0.8.0 VERGEN_IDEMPOTENT_OUTPUT (Built on 2025-11-10, Build ID: 1762793321, Profile: release)
[2026-04-02T02:20:27Z INFO  librespot_playback::mixer::softmixer] Mixing with softvol and volume control: Log(60.0)
[2026-04-02T02:20:27Z INFO  librespot_playback::convert] Converting with ditherer: tpdf
[2026-04-02T02:20:27Z INFO  librespot_playback::audio_backend::pipe] Using StdoutSink (pipe) with format: S16
[2026-04-02T02:20:28Z INFO  librespot_core::session] Connecting to AP "ap-gue1.spotify.com:4070"
[2026-04-02T02:20:29Z INFO  librespot_core::session] Authenticated as 'paulster23' !
[2026-04-02T02:20:29Z INFO  librespot_core::session] Country: "US"
[2026-04-02T02:20:29Z INFO  librespot_core::spclient] Resolved "gue1-spclient.spotify.com:443" as spclient access point
[2026-04-02T02:20:30Z INFO  librespot_connect::spirc] active device is <> with session <0468c741386d431d8a1b755279766be7>
[2026-04-02T02:20:46Z WARN  librespot_connect::state::context] couldn't load context info because: context is not available. type: Default
[2026-04-02T02:20:46Z WARN  librespot_connect::state::context] couldn't load context info because: context is not available. type: Default
[2026-04-02T02:20:46Z INFO  librespot_playback::player] Loading <Paint It, Black> with Spotify URI <spotify:track:63T7DJ1AFDD6Bn8VzG6JE8>
[2026-04-02T02:20:47Z INFO  librespot_playback::player] <Paint It, Black> (202266 ms) loaded
[2026-04-02T02:20:47Z ERROR librespot_playback::player] Audio Sink Error On Write: <StdoutSink> Broken pipe (os error 32)
[2026-04-02T02:22:30Z INFO  librespot] librespot 0.8.0 VERGEN_IDEMPOTENT_OUTPUT (Built on 2025-11-10, Build ID: 1762793321, Profile: release)
[2026-04-02T02:22:30Z INFO  librespot_playback::mixer::softmixer] Mixing with softvol and volume control: Log(60.0)
[2026-04-02T02:22:30Z INFO  librespot_playback::convert] Converting with ditherer: tpdf
[2026-04-02T02:22:30Z INFO  librespot_playback::audio_backend::pipe] Using StdoutSink (pipe) with format: S16
[2026-04-02T02:22:31Z INFO  librespot_core::session] Connecting to AP "ap-gue1.spotify.com:4070"
[2026-04-02T02:22:31Z INFO  librespot_core::session] Authenticated as 'paulster23' !
[2026-04-02T02:22:31Z INFO  librespot_core::session] Country: "US"
[2026-04-02T02:22:32Z INFO  librespot_core::spclient] Resolved "gue1-spclient.spotify.com:443" as spclient access point
[2026-04-02T02:22:32Z INFO  librespot_connect::spirc] active device is <> with session <b30627e088d24eb78c7cd90a30e180b4>
[2026-04-02T02:27:38Z INFO  librespot] librespot 0.8.0 VERGEN_IDEMPOTENT_OUTPUT (Built on 2025-11-10, Build ID: 1762793321, Profile: release)
[2026-04-02T02:27:38Z INFO  librespot_playback::mixer::softmixer] Mixing with softvol and volume control: Log(60.0)
[2026-04-02T02:27:38Z INFO  librespot_playback::convert] Converting with ditherer: tpdf
[2026-04-02T02:27:38Z INFO  librespot_playback::audio_backend::pipe] Using StdoutSink (pipe) with format: S16
[2026-04-02T02:27:39Z INFO  librespot_core::session] Connecting to AP "ap-gue1.spotify.com:4070"
[2026-04-02T02:27:39Z INFO  librespot_core::session] Authenticated as 'paulster23' !
[2026-04-02T02:27:39Z INFO  librespot_core::session] Country: "US"
[2026-04-02T02:27:40Z INFO  librespot_core::spclient] Resolved "gue1-spclient.spotify.com:443" as spclient access point
[2026-04-02T02:27:40Z INFO  librespot_connect::spirc] active device is <> with session <b30627e088d24eb78c7cd90a30e180b4>
[2026-04-02T02:30:49Z INFO  librespot] librespot 0.8.0 VERGEN_IDEMPOTENT_OUTPUT (Built on 2025-11-10, Build ID: 1762793321, Profile: release)
[2026-04-02T02:30:49Z INFO  librespot_playback::mixer::softmixer] Mixing with softvol and volume control: Log(60.0)
[2026-04-02T02:30:49Z INFO  librespot_playback::convert] Converting with ditherer: tpdf
[2026-04-02T02:30:49Z INFO  librespot_playback::audio_backend::pipe] Using StdoutSink (pipe) with format: S16
[2026-04-02T02:30:50Z INFO  librespot_core::session] Connecting to AP "ap-gue1.spotify.com:4070"
[2026-04-02T02:30:50Z INFO  librespot_core::session] Authenticated as 'paulster23' !
[2026-04-02T02:30:50Z INFO  librespot_core::session] Country: "US"
[2026-04-02T02:30:51Z INFO  librespot_core::spclient] Resolved "gue1-spclient.spotify.com:443" as spclient access point
[2026-04-02T02:30:51Z INFO  librespot_connect::spirc] active device is <> with session <b30627e088d24eb78c7cd90a30e180b4>
[2026-04-02T02:31:09Z INFO  librespot] librespot 0.8.0 VERGEN_IDEMPOTENT_OUTPUT (Built on 2025-11-10, Build ID: 1762793321, Profile: release)
[2026-04-02T02:31:09Z INFO  librespot_playback::mixer::softmixer] Mixing with softvol and volume control: Log(60.0)
[2026-04-02T02:31:09Z INFO  librespot_playback::convert] Converting with ditherer: tpdf
[2026-04-02T02:31:09Z INFO  librespot_playback::audio_backend::pipe] Using StdoutSink (pipe) with format: S16
[2026-04-02T02:31:10Z INFO  librespot_core::session] Connecting to AP "ap-gue1.spotify.com:4070"
[2026-04-02T02:31:10Z INFO  librespot_core::session] Authenticated as 'paulster23' !
[2026-04-02T02:31:10Z INFO  librespot_core::session] Country: "US"
[2026-04-02T02:31:11Z INFO  librespot_core::spclient] Resolved "gue1-spclient.spotify.com:443" as spclient access point
[2026-04-02T02:31:11Z INFO  librespot_connect::spirc] active device is <> with session <b30627e088d24eb78c7cd90a30e180b4>
[2026-04-02T02:32:53Z WARN  librespot_connect::state::context] couldn't load context info because: context is not available. type: Default
[2026-04-02T02:32:53Z WARN  librespot_connect::state::context] couldn't load context info because: context is not available. type: Default
[2026-04-02T02:32:54Z INFO  librespot_playback::player] Loading <Paint It, Black> with Spotify URI <spotify:track:63T7DJ1AFDD6Bn8VzG6JE8>
[2026-04-02T02:32:54Z INFO  librespot_playback::player] <Paint It, Black> (202266 ms) loaded
[2026-04-02T02:32:54Z ERROR librespot_playback::player] Audio Sink Error On Write: <StdoutSink> Broken pipe (os error 32)
[2026-04-02T02:33:44Z WARN  librespot_core::dealer] Websocket peer does not respond.
[2026-04-02T02:33:45Z INFO  librespot_connect::spirc] active device is <e9912ea7d306062891be9d4514485cfccfc5a2d7> with session <2etNp2uKAJaSpTS6OnPwuN>
[2026-04-02T02:33:46Z WARN  librespot_connect::state::context] couldn't load context info because: context is not available. type: Default
[2026-04-02T02:33:46Z INFO  librespot_playback::player] Loading <Crowbar> with Spotify URI <spotify:track:1uy1GgGTNRvSP3961dRH5p>
[2026-04-02T02:33:47Z INFO  librespot_playback::player] <Crowbar> (241906 ms) loaded
[2026-04-02T02:33:47Z ERROR librespot_playback::player] Audio Sink Error On Write: <StdoutSink> Broken pipe (os error 32)
[2026-04-02T02:34:18Z WARN  librespot_core::dealer] Websocket peer does not respond.
[2026-04-02T02:34:48Z INFO  librespot_connect::spirc] active device is <e9912ea7d306062891be9d4514485cfccfc5a2d7> with session <6Bo2R6PHKL0rpn4eo143yl>
[2026-04-02T02:34:48Z INFO  librespot_connect::spirc] device became inactive
[2026-04-02T02:34:49Z WARN  librespot_connect::state::context] couldn't load context info because: context is not available. type: Default
[2026-04-02T02:34:49Z WARN  librespot_connect::spirc] failed filling up next_track during stopping: Invalid state { context is not available. type: Default }
[2026-04-02T02:34:52Z WARN  librespot_connect::state::context] couldn't load context info because: context is not available. type: Default
[2026-04-02T02:34:52Z INFO  librespot_playback::player] Loading <Right Back to It> with Spotify URI <spotify:track:17Zzi8qsn8mdm0t0JTGeQo>
[2026-04-02T02:34:53Z INFO  librespot_playback::player] <Right Back to It> (273026 ms) loaded
[2026-04-02T02:35:00Z ERROR librespot_playback::player] Audio Sink Error On Write: <StdoutSink> Broken pipe (os error 32)
[2026-04-02T02:35:20Z ERROR librespot_playback::player] Audio Sink Error On Write: <StdoutSink> Broken pipe (os error 32)
[2026-04-02T02:35:21Z ERROR librespot_playback::player] Audio Sink Error On Write: <StdoutSink> Broken pipe (os error 32)
[2026-04-02T02:35:22Z ERROR librespot_playback::player] Audio Sink Error On Write: <StdoutSink> Broken pipe (os error 32)
[2026-04-02T02:35:26Z WARN  librespot_connect::state::context] couldn't load context info because: context is not available. type: Default
[2026-04-02T02:35:26Z WARN  librespot_connect::state::context] couldn't load context info because: context is not available. type: Default
[2026-04-02T02:35:26Z INFO  librespot_playback::player] Loading <Crowbar> with Spotify URI <spotify:track:1uy1GgGTNRvSP3961dRH5p>
[2026-04-02T02:35:27Z INFO  librespot_playback::player] <Crowbar> (241906 ms) loaded
[2026-04-02T02:35:27Z ERROR librespot_playback::player] Audio Sink Error On Write: <StdoutSink> Broken pipe (os error 32)
[2026-04-02T02:35:51Z WARN  librespot_connect::state::context] couldn't load context info because: context is not available. type: Default
[2026-04-02T02:35:51Z WARN  librespot_connect::state::context] couldn't load context info because: context is not available. type: Default
[2026-04-02T02:35:51Z INFO  librespot_playback::player] Loading <Paint It, Black> with Spotify URI <spotify:track:63T7DJ1AFDD6Bn8VzG6JE8>
[2026-04-02T02:35:52Z INFO  librespot_playback::player] <Paint It, Black> (202266 ms) loaded
[2026-04-02T02:35:52Z ERROR librespot_playback::player] Audio Sink Error On Write: <StdoutSink> Broken pipe (os error 32)
[2026-04-02T02:36:16Z WARN  librespot_connect::state::context] couldn't load context info because: context is not available. type: Default
[2026-04-02T02:36:16Z WARN  librespot_connect::state::context] couldn't load context info because: context is not available. type: Default
[2026-04-02T02:36:16Z INFO  librespot_playback::player] Loading <Crowbar> with Spotify URI <spotify:track:1uy1GgGTNRvSP3961dRH5p>
[2026-04-02T02:36:17Z INFO  librespot_playback::player] <Crowbar> (241906 ms) loaded
[2026-04-02T02:36:17Z ERROR librespot_playback::player] Audio Sink Error On Write: <StdoutSink> Broken pipe (os error 32)
[2026-04-02T02:36:17Z INFO  librespot_playback::player] Loading <Rip Torn> with Spotify URI <spotify:track:390va8aPXS8bx739aukb00>
[2026-04-02T02:36:18Z INFO  librespot_playback::player] <Rip Torn> (212400 ms) loaded
[2026-04-02T02:36:18Z ERROR librespot_playback::player] Audio Sink Error On Write: <StdoutSink> Broken pipe (os error 32)
[2026-04-02T02:36:33Z ERROR librespot_playback::player] Audio Sink Error On Write: <StdoutSink> Broken pipe (os error 32)
[2026-04-02T02:36:35Z INFO  librespot_playback::player] Loading <Crowbar> with Spotify URI <spotify:track:1uy1GgGTNRvSP3961dRH5p>
[2026-04-02T02:36:35Z INFO  librespot_playback::player] <Crowbar> (241906 ms) loaded
[2026-04-02T02:36:50Z ERROR librespot_playback::player] Audio Sink Error On Write: <StdoutSink> Broken pipe (os error 32)
[2026-04-02T02:36:51Z ERROR librespot_playback::player] Audio Sink Error On Write: <StdoutSink> Broken pipe (os error 32)
[2026-04-02T02:36:52Z ERROR librespot_playback::player] Audio Sink Error On Write: <StdoutSink> Broken pipe (os error 32)
[2026-04-02T02:37:46Z INFO  librespot] librespot 0.8.0 VERGEN_IDEMPOTENT_OUTPUT (Built on 2025-11-10, Build ID: 1762793321, Profile: release)
[2026-04-02T02:37:46Z INFO  librespot_playback::mixer::softmixer] Mixing with softvol and volume control: Log(60.0)
[2026-04-02T02:37:46Z INFO  librespot_playback::convert] Converting with ditherer: tpdf
[2026-04-02T02:37:46Z INFO  librespot_playback::audio_backend::pipe] Using StdoutSink (pipe) with format: S16
[2026-04-02T02:37:47Z INFO  librespot_core::session] Connecting to AP "ap-gue1.spotify.com:4070"
[2026-04-02T02:37:47Z INFO  librespot_core::session] Authenticated as 'paulster23' !
[2026-04-02T02:37:47Z INFO  librespot_core::session] Country: "US"
[2026-04-02T02:37:48Z INFO  librespot_core::spclient] Resolved "gue1-spclient.spotify.com:443" as spclient access point
[2026-04-02T02:37:48Z INFO  librespot_connect::spirc] active device is <> with session <9cdeaa4674a94f8d8b72972fcd0fc17e>
[2026-04-02T02:41:26Z WARN  librespot_connect::state::context] couldn't load context info because: context is not available. type: Default
[2026-04-02T02:41:26Z INFO  librespot_playback::player] Loading <Crowbar> with Spotify URI <spotify:track:1uy1GgGTNRvSP3961dRH5p>
[2026-04-02T02:41:27Z INFO  librespot_playback::player] <Crowbar> (241906 ms) loaded
[2026-04-02T02:41:28Z ERROR librespot_playback::player] Audio Sink Error On Write: <StdoutSink> Broken pipe (os error 32)
[2026-04-02T02:41:30Z ERROR librespot_playback::player] Audio Sink Error On Write: <StdoutSink> Broken pipe (os error 32)
[2026-04-02T02:42:46Z INFO  librespot] librespot 0.8.0 VERGEN_IDEMPOTENT_OUTPUT (Built on 2025-11-10, Build ID: 1762793321, Profile: release)
[2026-04-02T02:42:46Z INFO  librespot_playback::mixer::softmixer] Mixing with softvol and volume control: Log(60.0)
[2026-04-02T02:42:46Z INFO  librespot_playback::convert] Converting with ditherer: tpdf
[2026-04-02T02:42:46Z INFO  librespot_playback::audio_backend::pipe] Using StdoutSink (pipe) with format: S16
[2026-04-02T02:42:47Z INFO  librespot_core::session] Connecting to AP "ap-gue1.spotify.com:4070"
[2026-04-02T02:42:48Z INFO  librespot_core::session] Authenticated as 'paulster23' !
[2026-04-02T02:42:48Z INFO  librespot_core::session] Country: "US"
[2026-04-02T02:42:48Z INFO  librespot_core::spclient] Resolved "gue1-spclient.spotify.com:443" as spclient access point
[2026-04-02T02:42:49Z INFO  librespot_connect::spirc] active device is <> with session <490609d981734e7793cfd412d28f0e7a>
[2026-04-02T02:47:47Z INFO  librespot] librespot 0.8.0 VERGEN_IDEMPOTENT_OUTPUT (Built on 2025-11-10, Build ID: 1762793321, Profile: release)
[2026-04-02T02:47:47Z INFO  librespot_playback::mixer::softmixer] Mixing with softvol and volume control: Log(60.0)
[2026-04-02T02:47:47Z INFO  librespot_playback::convert] Converting with ditherer: tpdf
[2026-04-02T02:47:47Z INFO  librespot_playback::audio_backend::pipe] Using StdoutSink (pipe) with format: S16
[2026-04-02T02:47:47Z INFO  librespot_core::session] Connecting to AP "ap-gue1.spotify.com:4070"
[2026-04-02T02:47:47Z INFO  librespot_core::session] Authenticated as 'paulster23' !
[2026-04-02T02:47:47Z INFO  librespot_core::session] Country: "US"
[2026-04-02T02:47:48Z INFO  librespot_core::spclient] Resolved "gue1-spclient.spotify.com:443" as spclient access point
[2026-04-02T02:47:48Z INFO  librespot_connect::spirc] active device is <> with session <490609d981734e7793cfd412d28f0e7a>
[2026-04-02T02:52:47Z INFO  librespot] librespot 0.8.0 VERGEN_IDEMPOTENT_OUTPUT (Built on 2025-11-10, Build ID: 1762793321, Profile: release)
[2026-04-02T02:52:47Z INFO  librespot_playback::mixer::softmixer] Mixing with softvol and volume control: Log(60.0)
[2026-04-02T02:52:47Z INFO  librespot_playback::convert] Converting with ditherer: tpdf
[2026-04-02T02:52:47Z INFO  librespot_playback::audio_backend::pipe] Using StdoutSink (pipe) with format: S16
[2026-04-02T02:52:47Z INFO  librespot_core::session] Connecting to AP "ap-gue1.spotify.com:4070"
[2026-04-02T02:52:48Z INFO  librespot_core::session] Authenticated as 'paulster23' !
[2026-04-02T02:52:48Z INFO  librespot_core::session] Country: "US"
[2026-04-02T02:52:48Z INFO  librespot_core::spclient] Resolved "gue1-spclient.spotify.com:443" as spclient access point
[2026-04-02T02:52:48Z INFO  librespot_connect::spirc] active device is <> with session <490609d981734e7793cfd412d28f0e7a>
[2026-04-02T02:53:48Z ERROR librespot_core::session] Connection to server closed.
[2026-04-02T02:57:47Z INFO  librespot] librespot 0.8.0 VERGEN_IDEMPOTENT_OUTPUT (Built on 2025-11-10, Build ID: 1762793321, Profile: release)
[2026-04-02T02:57:47Z INFO  librespot_playback::mixer::softmixer] Mixing with softvol and volume control: Log(60.0)
[2026-04-02T02:57:47Z INFO  librespot_playback::convert] Converting with ditherer: tpdf
[2026-04-02T02:57:47Z INFO  librespot_playback::audio_backend::pipe] Using StdoutSink (pipe) with format: S16
[2026-04-02T02:57:48Z INFO  librespot_core::session] Connecting to AP "ap-gue1.spotify.com:4070"
[2026-04-02T02:57:48Z INFO  librespot_core::session] Authenticated as 'paulster23' !
[2026-04-02T02:57:48Z INFO  librespot_core::session] Country: "US"
[2026-04-02T02:57:48Z INFO  librespot_core::spclient] Resolved "gue1-spclient.spotify.com:443" as spclient access point
[2026-04-02T02:57:49Z INFO  librespot_connect::spirc] active device is <> with session <490609d981734e7793cfd412d28f0e7a>
[2026-04-02T03:02:47Z INFO  librespot] librespot 0.8.0 VERGEN_IDEMPOTENT_OUTPUT (Built on 2025-11-10, Build ID: 1762793321, Profile: release)
[2026-04-02T03:02:47Z INFO  librespot_playback::mixer::softmixer] Mixing with softvol and volume control: Log(60.0)
[2026-04-02T03:02:47Z INFO  librespot_playback::convert] Converting with ditherer: tpdf
[2026-04-02T03:02:47Z INFO  librespot_playback::audio_backend::pipe] Using StdoutSink (pipe) with format: S16
[2026-04-02T03:02:48Z INFO  librespot_core::session] Connecting to AP "ap-gue1.spotify.com:4070"
[2026-04-02T03:02:48Z INFO  librespot_core::session] Authenticated as 'paulster23' !
[2026-04-02T03:02:48Z INFO  librespot_core::session] Country: "US"
[2026-04-02T03:02:48Z INFO  librespot_core::spclient] Resolved "gue1-spclient.spotify.com:443" as spclient access point
[2026-04-02T03:02:49Z INFO  librespot_connect::spirc] active device is <> with session <490609d981734e7793cfd412d28f0e7a>
[2026-04-02T03:07:47Z INFO  librespot] librespot 0.8.0 VERGEN_IDEMPOTENT_OUTPUT (Built on 2025-11-10, Build ID: 1762793321, Profile: release)
[2026-04-02T03:07:47Z INFO  librespot_playback::mixer::softmixer] Mixing with softvol and volume control: Log(60.0)
[2026-04-02T03:07:47Z INFO  librespot_playback::convert] Converting with ditherer: tpdf
[2026-04-02T03:07:47Z INFO  librespot_playback::audio_backend::pipe] Using StdoutSink (pipe) with format: S16
[2026-04-02T03:07:48Z INFO  librespot_core::session] Connecting to AP "ap-gue1.spotify.com:4070"
[2026-04-02T03:07:48Z INFO  librespot_core::session] Authenticated as 'paulster23' !
[2026-04-02T03:07:48Z INFO  librespot_core::session] Country: "US"
[2026-04-02T03:07:49Z INFO  librespot_core::spclient] Resolved "gue1-spclient.spotify.com:443" as spclient access point
[2026-04-02T03:07:49Z INFO  librespot_connect::spirc] active device is <> with session <490609d981734e7793cfd412d28f0e7a>
[2026-04-02T03:12:47Z INFO  librespot] librespot 0.8.0 VERGEN_IDEMPOTENT_OUTPUT (Built on 2025-11-10, Build ID: 1762793321, Profile: release)
[2026-04-02T03:12:47Z INFO  librespot_playback::mixer::softmixer] Mixing with softvol and volume control: Log(60.0)
[2026-04-02T03:12:47Z INFO  librespot_playback::convert] Converting with ditherer: tpdf
[2026-04-02T03:12:47Z INFO  librespot_playback::audio_backend::pipe] Using StdoutSink (pipe) with format: S16
[2026-04-02T03:12:48Z INFO  librespot_core::session] Connecting to AP "ap-gue1.spotify.com:4070"
[2026-04-02T03:12:48Z INFO  librespot_core::session] Authenticated as 'paulster23' !
[2026-04-02T03:12:48Z INFO  librespot_core::session] Country: "US"
[2026-04-02T03:12:48Z INFO  librespot_core::spclient] Resolved "gue1-spclient.spotify.com:443" as spclient access point
[2026-04-02T03:12:49Z INFO  librespot_connect::spirc] active device is <> with session <490609d981734e7793cfd412d28f0e7a>
[2026-04-02T03:17:47Z INFO  librespot] librespot 0.8.0 VERGEN_IDEMPOTENT_OUTPUT (Built on 2025-11-10, Build ID: 1762793321, Profile: release)
[2026-04-02T03:17:47Z INFO  librespot_playback::mixer::softmixer] Mixing with softvol and volume control: Log(60.0)
[2026-04-02T03:17:47Z INFO  librespot_playback::convert] Converting with ditherer: tpdf
[2026-04-02T03:17:47Z INFO  librespot_playback::audio_backend::pipe] Using StdoutSink (pipe) with format: S16
[2026-04-02T03:17:48Z INFO  librespot_core::session] Connecting to AP "ap-gue1.spotify.com:4070"
[2026-04-02T03:17:48Z INFO  librespot_core::session] Authenticated as 'paulster23' !
[2026-04-02T03:17:48Z INFO  librespot_core::session] Country: "US"
[2026-04-02T03:17:49Z INFO  librespot_core::spclient] Resolved "gue1-spclient.spotify.com:443" as spclient access point
[2026-04-02T03:17:49Z INFO  librespot_connect::spirc] active device is <> with session <490609d981734e7793cfd412d28f0e7a>
[2026-04-02T03:22:47Z INFO  librespot] librespot 0.8.0 VERGEN_IDEMPOTENT_OUTPUT (Built on 2025-11-10, Build ID: 1762793321, Profile: release)
[2026-04-02T03:22:47Z INFO  librespot_playback::mixer::softmixer] Mixing with softvol and volume control: Log(60.0)
[2026-04-02T03:22:47Z INFO  librespot_playback::convert] Converting with ditherer: tpdf
[2026-04-02T03:22:47Z INFO  librespot_playback::audio_backend::pipe] Using StdoutSink (pipe) with format: S16
[2026-04-02T03:22:48Z INFO  librespot_core::session] Connecting to AP "ap-gue1.spotify.com:4070"
[2026-04-02T03:22:48Z INFO  librespot_core::session] Authenticated as 'paulster23' !
[2026-04-02T03:22:48Z INFO  librespot_core::session] Country: "US"
[2026-04-02T03:22:49Z INFO  librespot_core::spclient] Resolved "gue1-spclient.spotify.com:443" as spclient access point
[2026-04-02T03:22:49Z INFO  librespot_connect::spirc] active device is <> with session <490609d981734e7793cfd412d28f0e7a>
[2026-04-02T03:27:47Z INFO  librespot] librespot 0.8.0 VERGEN_IDEMPOTENT_OUTPUT (Built on 2025-11-10, Build ID: 1762793321, Profile: release)
[2026-04-02T03:27:47Z INFO  librespot_playback::mixer::softmixer] Mixing with softvol and volume control: Log(60.0)
[2026-04-02T03:27:47Z INFO  librespot_playback::convert] Converting with ditherer: tpdf
[2026-04-02T03:27:47Z INFO  librespot_playback::audio_backend::pipe] Using StdoutSink (pipe) with format: S16
[2026-04-02T03:27:48Z INFO  librespot_core::session] Connecting to AP "ap-gue1.spotify.com:4070"
[2026-04-02T03:27:48Z INFO  librespot_core::session] Authenticated as 'paulster23' !
[2026-04-02T03:27:48Z INFO  librespot_core::session] Country: "US"
[2026-04-02T03:27:49Z INFO  librespot_core::spclient] Resolved "gue1-spclient.spotify.com:443" as spclient access point
[2026-04-02T03:27:49Z INFO  librespot_connect::spirc] active device is <> with session <490609d981734e7793cfd412d28f0e7a>
[2026-04-02T03:32:47Z INFO  librespot] librespot 0.8.0 VERGEN_IDEMPOTENT_OUTPUT (Built on 2025-11-10, Build ID: 1762793321, Profile: release)
[2026-04-02T03:32:47Z INFO  librespot_playback::mixer::softmixer] Mixing with softvol and volume control: Log(60.0)
[2026-04-02T03:32:47Z INFO  librespot_playback::convert] Converting with ditherer: tpdf
[2026-04-02T03:32:47Z INFO  librespot_playback::audio_backend::pipe] Using StdoutSink (pipe) with format: S16
[2026-04-02T03:32:48Z INFO  librespot_core::session] Connecting to AP "ap-gue1.spotify.com:4070"
[2026-04-02T03:32:48Z INFO  librespot_core::session] Authenticated as 'paulster23' !
[2026-04-02T03:32:48Z INFO  librespot_core::session] Country: "US"
[2026-04-02T03:32:49Z INFO  librespot_core::spclient] Resolved "gue1-spclient.spotify.com:443" as spclient access point
[2026-04-02T03:32:49Z INFO  librespot_connect::spirc] active device is <> with session <490609d981734e7793cfd412d28f0e7a>
[2026-04-02T03:37:48Z INFO  librespot] librespot 0.8.0 VERGEN_IDEMPOTENT_OUTPUT (Built on 2025-11-10, Build ID: 1762793321, Profile: release)
[2026-04-02T03:37:48Z INFO  librespot_playback::mixer::softmixer] Mixing with softvol and volume control: Log(60.0)
[2026-04-02T03:37:48Z INFO  librespot_playback::convert] Converting with ditherer: tpdf
[2026-04-02T03:37:48Z INFO  librespot_playback::audio_backend::pipe] Using StdoutSink (pipe) with format: S16
[2026-04-02T03:37:48Z INFO  librespot_core::session] Connecting to AP "ap-gue1.spotify.com:4070"
[2026-04-02T03:37:48Z INFO  librespot_core::session] Authenticated as 'paulster23' !
[2026-04-02T03:37:48Z INFO  librespot_core::session] Country: "US"
[2026-04-02T03:37:49Z INFO  librespot_core::spclient] Resolved "gue1-spclient.spotify.com:443" as spclient access point
[2026-04-02T03:37:49Z INFO  librespot_connect::spirc] active device is <> with session <490609d981734e7793cfd412d28f0e7a>
[2026-04-02T03:42:48Z INFO  librespot] librespot 0.8.0 VERGEN_IDEMPOTENT_OUTPUT (Built on 2025-11-10, Build ID: 1762793321, Profile: release)
[2026-04-02T03:42:48Z INFO  librespot_playback::mixer::softmixer] Mixing with softvol and volume control: Log(60.0)
[2026-04-02T03:42:48Z INFO  librespot_playback::convert] Converting with ditherer: tpdf
[2026-04-02T03:42:48Z INFO  librespot_playback::audio_backend::pipe] Using StdoutSink (pipe) with format: S16
[2026-04-02T03:42:48Z INFO  librespot_core::session] Connecting to AP "ap-gue1.spotify.com:4070"
[2026-04-02T03:42:48Z INFO  librespot_core::session] Authenticated as 'paulster23' !
[2026-04-02T03:42:48Z INFO  librespot_core::session] Country: "US"
[2026-04-02T03:42:49Z INFO  librespot_core::spclient] Resolved "gue1-spclient.spotify.com:443" as spclient access point
[2026-04-02T03:42:49Z INFO  librespot_connect::spirc] active device is <> with session <490609d981734e7793cfd412d28f0e7a>
[2026-04-02T03:47:48Z INFO  librespot] librespot 0.8.0 VERGEN_IDEMPOTENT_OUTPUT (Built on 2025-11-10, Build ID: 1762793321, Profile: release)
[2026-04-02T03:47:48Z INFO  librespot_playback::mixer::softmixer] Mixing with softvol and volume control: Log(60.0)
[2026-04-02T03:47:48Z INFO  librespot_playback::convert] Converting with ditherer: tpdf
[2026-04-02T03:47:48Z INFO  librespot_playback::audio_backend::pipe] Using StdoutSink (pipe) with format: S16
[2026-04-02T03:47:48Z INFO  librespot_core::session] Connecting to AP "ap-gue1.spotify.com:4070"
[2026-04-02T03:47:49Z INFO  librespot_core::session] Authenticated as 'paulster23' !
[2026-04-02T03:47:49Z INFO  librespot_core::session] Country: "US"
[2026-04-02T03:47:49Z INFO  librespot_core::spclient] Resolved "gue1-spclient.spotify.com:443" as spclient access point
[2026-04-02T03:47:50Z INFO  librespot_connect::spirc] active device is <> with session <490609d981734e7793cfd412d28f0e7a>
[2026-04-02T03:52:48Z INFO  librespot] librespot 0.8.0 VERGEN_IDEMPOTENT_OUTPUT (Built on 2025-11-10, Build ID: 1762793321, Profile: release)
[2026-04-02T03:52:48Z INFO  librespot_playback::mixer::softmixer] Mixing with softvol and volume control: Log(60.0)
[2026-04-02T03:52:48Z INFO  librespot_playback::convert] Converting with ditherer: tpdf
[2026-04-02T03:52:48Z INFO  librespot_playback::audio_backend::pipe] Using StdoutSink (pipe) with format: S16
[2026-04-02T03:52:49Z INFO  librespot_core::session] Connecting to AP "ap-gue1.spotify.com:4070"
[2026-04-02T03:52:49Z INFO  librespot_core::session] Authenticated as 'paulster23' !
[2026-04-02T03:52:49Z INFO  librespot_core::session] Country: "US"
[2026-04-02T03:52:50Z INFO  librespot_core::spclient] Resolved "gue1-spclient.spotify.com:443" as spclient access point
[2026-04-02T03:52:50Z INFO  librespot_connect::spirc] active device is <> with session <490609d981734e7793cfd412d28f0e7a>
[2026-04-02T03:57:48Z INFO  librespot] librespot 0.8.0 VERGEN_IDEMPOTENT_OUTPUT (Built on 2025-11-10, Build ID: 1762793321, Profile: release)
[2026-04-02T03:57:48Z INFO  librespot_playback::mixer::softmixer] Mixing with softvol and volume control: Log(60.0)
[2026-04-02T03:57:48Z INFO  librespot_playback::convert] Converting with ditherer: tpdf
[2026-04-02T03:57:48Z INFO  librespot_playback::audio_backend::pipe] Using StdoutSink (pipe) with format: S16
[2026-04-02T03:57:49Z INFO  librespot_core::session] Connecting to AP "ap-gue1.spotify.com:4070"
[2026-04-02T03:57:49Z WARN  librespot_core::session] Try another access point...
[2026-04-02T03:57:49Z INFO  librespot_core::session] Connecting to AP "ap-gue1.spotify.com:443"
[2026-04-02T03:57:49Z INFO  librespot_core::session] Authenticated as 'paulster23' !
[2026-04-02T03:57:49Z INFO  librespot_core::session] Country: "US"
[2026-04-02T03:57:50Z INFO  librespot_core::spclient] Resolved "gue1-spclient.spotify.com:443" as spclient access point
[2026-04-02T03:57:50Z INFO  librespot_connect::spirc] active device is <> with session <490609d981734e7793cfd412d28f0e7a>
[2026-04-02T03:59:49Z ERROR librespot_core::session] Connection to server closed.
[2026-04-02T04:02:48Z INFO  librespot] librespot 0.8.0 VERGEN_IDEMPOTENT_OUTPUT (Built on 2025-11-10, Build ID: 1762793321, Profile: release)
[2026-04-02T04:02:48Z INFO  librespot_playback::mixer::softmixer] Mixing with softvol and volume control: Log(60.0)
[2026-04-02T04:02:48Z INFO  librespot_playback::convert] Converting with ditherer: tpdf
[2026-04-02T04:02:48Z INFO  librespot_playback::audio_backend::pipe] Using StdoutSink (pipe) with format: S16
[2026-04-02T04:02:49Z INFO  librespot_core::session] Connecting to AP "ap-gue1.spotify.com:4070"
[2026-04-02T04:02:49Z INFO  librespot_core::session] Authenticated as 'paulster23' !
[2026-04-02T04:02:49Z INFO  librespot_core::session] Country: "US"
[2026-04-02T04:02:50Z INFO  librespot_core::spclient] Resolved "gue1-spclient.spotify.com:443" as spclient access point
[2026-04-02T04:02:50Z INFO  librespot_connect::spirc] active device is <> with session <490609d981734e7793cfd412d28f0e7a>
[2026-04-02T04:07:48Z INFO  librespot] librespot 0.8.0 VERGEN_IDEMPOTENT_OUTPUT (Built on 2025-11-10, Build ID: 1762793321, Profile: release)
[2026-04-02T04:07:48Z INFO  librespot_playback::mixer::softmixer] Mixing with softvol and volume control: Log(60.0)
[2026-04-02T04:07:48Z INFO  librespot_playback::convert] Converting with ditherer: tpdf
[2026-04-02T04:07:48Z INFO  librespot_playback::audio_backend::pipe] Using StdoutSink (pipe) with format: S16
[2026-04-02T04:07:49Z INFO  librespot_core::session] Connecting to AP "ap-gue1.spotify.com:4070"
[2026-04-02T04:07:49Z INFO  librespot_core::session] Authenticated as 'paulster23' !
[2026-04-02T04:07:49Z INFO  librespot_core::session] Country: "US"
[2026-04-02T04:07:50Z INFO  librespot_core::spclient] Resolved "gue1-spclient.spotify.com:443" as spclient access point
[2026-04-02T04:07:50Z INFO  librespot_connect::spirc] active device is <> with session <490609d981734e7793cfd412d28f0e7a>
[2026-04-02T04:12:49Z INFO  librespot] librespot 0.8.0 VERGEN_IDEMPOTENT_OUTPUT (Built on 2025-11-10, Build ID: 1762793321, Profile: release)
[2026-04-02T04:12:49Z INFO  librespot_playback::mixer::softmixer] Mixing with softvol and volume control: Log(60.0)
[2026-04-02T04:12:49Z INFO  librespot_playback::convert] Converting with ditherer: tpdf
[2026-04-02T04:12:49Z INFO  librespot_playback::audio_backend::pipe] Using StdoutSink (pipe) with format: S16
[2026-04-02T04:12:49Z INFO  librespot_core::session] Connecting to AP "ap-gue1.spotify.com:4070"
[2026-04-02T04:12:50Z INFO  librespot_core::session] Authenticated as 'paulster23' !
[2026-04-02T04:12:50Z INFO  librespot_core::session] Country: "US"
[2026-04-02T04:12:50Z INFO  librespot_core::spclient] Resolved "gue1-spclient.spotify.com:443" as spclient access point
[2026-04-02T04:12:50Z INFO  librespot_connect::spirc] active device is <> with session <490609d981734e7793cfd412d28f0e7a>
[2026-04-02T04:13:50Z ERROR librespot_core::session] Connection to server closed.
[2026-04-02T04:17:49Z INFO  librespot] librespot 0.8.0 VERGEN_IDEMPOTENT_OUTPUT (Built on 2025-11-10, Build ID: 1762793321, Profile: release)
[2026-04-02T04:17:49Z INFO  librespot_playback::mixer::softmixer] Mixing with softvol and volume control: Log(60.0)
[2026-04-02T04:17:49Z INFO  librespot_playback::convert] Converting with ditherer: tpdf
[2026-04-02T04:17:49Z INFO  librespot_playback::audio_backend::pipe] Using StdoutSink (pipe) with format: S16
[2026-04-02T04:17:49Z INFO  librespot_core::session] Connecting to AP "ap-gue1.spotify.com:4070"
[2026-04-02T04:17:50Z INFO  librespot_core::session] Authenticated as 'paulster23' !
[2026-04-02T04:17:50Z INFO  librespot_core::session] Country: "US"
[2026-04-02T04:17:50Z INFO  librespot_core::spclient] Resolved "gue1-spclient.spotify.com:443" as spclient access point
[2026-04-02T04:17:50Z INFO  librespot_connect::spirc] active device is <> with session <490609d981734e7793cfd412d28f0e7a>
[2026-04-02T04:22:49Z INFO  librespot] librespot 0.8.0 VERGEN_IDEMPOTENT_OUTPUT (Built on 2025-11-10, Build ID: 1762793321, Profile: release)
[2026-04-02T04:22:49Z INFO  librespot_playback::mixer::softmixer] Mixing with softvol and volume control: Log(60.0)
[2026-04-02T04:22:49Z INFO  librespot_playback::convert] Converting with ditherer: tpdf
[2026-04-02T04:22:49Z INFO  librespot_playback::audio_backend::pipe] Using StdoutSink (pipe) with format: S16
[2026-04-02T04:22:49Z INFO  librespot_core::session] Connecting to AP "ap-gue1.spotify.com:4070"
[2026-04-02T04:22:49Z INFO  librespot_core::session] Authenticated as 'paulster23' !
[2026-04-02T04:22:50Z INFO  librespot_core::session] Country: "US"
[2026-04-02T04:22:50Z INFO  librespot_core::spclient] Resolved "gue1-spclient.spotify.com:443" as spclient access point
[2026-04-02T04:22:50Z INFO  librespot_connect::spirc] active device is <> with session <490609d981734e7793cfd412d28f0e7a>
[2026-04-02T04:27:49Z INFO  librespot] librespot 0.8.0 VERGEN_IDEMPOTENT_OUTPUT (Built on 2025-11-10, Build ID: 1762793321, Profile: release)
[2026-04-02T04:27:49Z INFO  librespot_playback::mixer::softmixer] Mixing with softvol and volume control: Log(60.0)
[2026-04-02T04:27:49Z INFO  librespot_playback::convert] Converting with ditherer: tpdf
[2026-04-02T04:27:49Z INFO  librespot_playback::audio_backend::pipe] Using StdoutSink (pipe) with format: S16
[2026-04-02T04:27:49Z INFO  librespot_core::session] Connecting to AP "ap-gue1.spotify.com:4070"
[2026-04-02T04:27:50Z INFO  librespot_core::session] Authenticated as 'paulster23' !
[2026-04-02T04:27:50Z INFO  librespot_core::session] Country: "US"
[2026-04-02T04:27:50Z INFO  librespot_core::spclient] Resolved "gue1-spclient.spotify.com:443" as spclient access point
[2026-04-02T04:27:50Z INFO  librespot_connect::spirc] active device is <> with session <490609d981734e7793cfd412d28f0e7a>
[2026-04-02T04:32:49Z INFO  librespot] librespot 0.8.0 VERGEN_IDEMPOTENT_OUTPUT (Built on 2025-11-10, Build ID: 1762793321, Profile: release)
[2026-04-02T04:32:49Z INFO  librespot_playback::mixer::softmixer] Mixing with softvol and volume control: Log(60.0)
[2026-04-02T04:32:49Z INFO  librespot_playback::convert] Converting with ditherer: tpdf
[2026-04-02T04:32:49Z INFO  librespot_playback::audio_backend::pipe] Using StdoutSink (pipe) with format: S16
[2026-04-02T04:32:49Z INFO  librespot_core::session] Connecting to AP "ap-gue1.spotify.com:4070"
[2026-04-02T04:32:50Z INFO  librespot_core::session] Authenticated as 'paulster23' !
[2026-04-02T04:32:50Z INFO  librespot_core::session] Country: "US"
[2026-04-02T04:32:50Z INFO  librespot_core::spclient] Resolved "gue1-spclient.spotify.com:443" as spclient access point
[2026-04-02T04:32:51Z INFO  librespot_connect::spirc] active device is <> with session <490609d981734e7793cfd412d28f0e7a>
[2026-04-02T04:37:49Z INFO  librespot] librespot 0.8.0 VERGEN_IDEMPOTENT_OUTPUT (Built on 2025-11-10, Build ID: 1762793321, Profile: release)
[2026-04-02T04:37:49Z INFO  librespot_playback::mixer::softmixer] Mixing with softvol and volume control: Log(60.0)
[2026-04-02T04:37:49Z INFO  librespot_playback::convert] Converting with ditherer: tpdf
[2026-04-02T04:37:49Z INFO  librespot_playback::audio_backend::pipe] Using StdoutSink (pipe) with format: S16
[2026-04-02T04:37:50Z INFO  librespot_core::session] Connecting to AP "ap-gue1.spotify.com:4070"
[2026-04-02T04:37:50Z INFO  librespot_core::session] Authenticated as 'paulster23' !
[2026-04-02T04:37:50Z INFO  librespot_core::session] Country: "US"
[2026-04-02T04:37:50Z INFO  librespot_core::spclient] Resolved "gue1-spclient.spotify.com:443" as spclient access point
[2026-04-02T04:37:51Z INFO  librespot_connect::spirc] active device is <> with session <490609d981734e7793cfd412d28f0e7a>
[2026-04-02T04:42:49Z INFO  librespot] librespot 0.8.0 VERGEN_IDEMPOTENT_OUTPUT (Built on 2025-11-10, Build ID: 1762793321, Profile: release)
[2026-04-02T04:42:49Z INFO  librespot_playback::mixer::softmixer] Mixing with softvol and volume control: Log(60.0)
[2026-04-02T04:42:49Z INFO  librespot_playback::convert] Converting with ditherer: tpdf
[2026-04-02T04:42:49Z INFO  librespot_playback::audio_backend::pipe] Using StdoutSink (pipe) with format: S16
[2026-04-02T04:42:50Z INFO  librespot_core::session] Connecting to AP "ap-gue1.spotify.com:4070"
[2026-04-02T04:42:50Z INFO  librespot_core::session] Authenticated as 'paulster23' !
[2026-04-02T04:42:50Z INFO  librespot_core::session] Country: "US"
[2026-04-02T04:42:51Z INFO  librespot_core::spclient] Resolved "gue1-spclient.spotify.com:443" as spclient access point
[2026-04-02T04:42:51Z INFO  librespot_connect::spirc] active device is <> with session <490609d981734e7793cfd412d28f0e7a>
[2026-04-02T04:43:28Z WARN  librespot_core::dealer] Websocket connection failed: IO error: peer closed connection without sending TLS close_notify: https://docs.rs/rustls/latest/rustls/manual/_03_howto/index.html#unexpected-eof
[2026-04-02T04:43:28Z INFO  librespot_connect::spirc] active device is <> with session <490609d981734e7793cfd412d28f0e7a>
[2026-04-02T04:47:49Z INFO  librespot] librespot 0.8.0 VERGEN_IDEMPOTENT_OUTPUT (Built on 2025-11-10, Build ID: 1762793321, Profile: release)
[2026-04-02T04:47:49Z INFO  librespot_playback::mixer::softmixer] Mixing with softvol and volume control: Log(60.0)
[2026-04-02T04:47:49Z INFO  librespot_playback::convert] Converting with ditherer: tpdf
[2026-04-02T04:47:49Z INFO  librespot_playback::audio_backend::pipe] Using StdoutSink (pipe) with format: S16
[2026-04-02T04:47:50Z INFO  librespot_core::session] Connecting to AP "ap-gue1.spotify.com:4070"
[2026-04-02T04:47:50Z INFO  librespot_core::session] Authenticated as 'paulster23' !
[2026-04-02T04:47:50Z INFO  librespot_core::session] Country: "US"
[2026-04-02T04:47:51Z INFO  librespot_core::spclient] Resolved "gue1-spclient.spotify.com:443" as spclient access point
[2026-04-02T04:47:51Z INFO  librespot_connect::spirc] active device is <> with session <490609d981734e7793cfd412d28f0e7a>
[2026-04-02T04:52:49Z INFO  librespot] librespot 0.8.0 VERGEN_IDEMPOTENT_OUTPUT (Built on 2025-11-10, Build ID: 1762793321, Profile: release)
[2026-04-02T04:52:49Z INFO  librespot_playback::mixer::softmixer] Mixing with softvol and volume control: Log(60.0)
[2026-04-02T04:52:49Z INFO  librespot_playback::convert] Converting with ditherer: tpdf
[2026-04-02T04:52:49Z INFO  librespot_playback::audio_backend::pipe] Using StdoutSink (pipe) with format: S16
[2026-04-02T04:52:50Z INFO  librespot_core::session] Connecting to AP "ap-gue1.spotify.com:4070"
[2026-04-02T04:52:50Z INFO  librespot_core::session] Authenticated as 'paulster23' !
[2026-04-02T04:52:50Z INFO  librespot_core::session] Country: "US"
[2026-04-02T04:52:51Z INFO  librespot_core::spclient] Resolved "gue1-spclient.spotify.com:443" as spclient access point
[2026-04-02T04:52:51Z INFO  librespot_connect::spirc] active device is <> with session <490609d981734e7793cfd412d28f0e7a>
[2026-04-02T04:57:49Z INFO  librespot] librespot 0.8.0 VERGEN_IDEMPOTENT_OUTPUT (Built on 2025-11-10, Build ID: 1762793321, Profile: release)
[2026-04-02T04:57:49Z INFO  librespot_playback::mixer::softmixer] Mixing with softvol and volume control: Log(60.0)
[2026-04-02T04:57:49Z INFO  librespot_playback::convert] Converting with ditherer: tpdf
[2026-04-02T04:57:49Z INFO  librespot_playback::audio_backend::pipe] Using StdoutSink (pipe) with format: S16
[2026-04-02T04:57:50Z INFO  librespot_core::session] Connecting to AP "ap-gue1.spotify.com:4070"
[2026-04-02T04:57:50Z INFO  librespot_core::session] Authenticated as 'paulster23' !
[2026-04-02T04:57:50Z INFO  librespot_core::session] Country: "US"
[2026-04-02T04:57:51Z INFO  librespot_core::spclient] Resolved "gue1-spclient.spotify.com:443" as spclient access point
[2026-04-02T04:57:51Z INFO  librespot_connect::spirc] active device is <> with session <490609d981734e7793cfd412d28f0e7a>
[2026-04-02T05:02:50Z INFO  librespot] librespot 0.8.0 VERGEN_IDEMPOTENT_OUTPUT (Built on 2025-11-10, Build ID: 1762793321, Profile: release)
[2026-04-02T05:02:50Z INFO  librespot_playback::mixer::softmixer] Mixing with softvol and volume control: Log(60.0)
[2026-04-02T05:02:50Z INFO  librespot_playback::convert] Converting with ditherer: tpdf
[2026-04-02T05:02:50Z INFO  librespot_playback::audio_backend::pipe] Using StdoutSink (pipe) with format: S16
[2026-04-02T05:02:50Z INFO  librespot_core::session] Connecting to AP "ap-gue1.spotify.com:4070"
[2026-04-02T05:02:53Z INFO  librespot_core::session] Authenticated as 'paulster23' !
[2026-04-02T05:02:53Z INFO  librespot_core::session] Country: "US"
[2026-04-02T05:02:53Z INFO  librespot_core::spclient] Resolved "gue1-spclient.spotify.com:443" as spclient access point
[2026-04-02T05:02:53Z INFO  librespot_connect::spirc] active device is <> with session <490609d981734e7793cfd412d28f0e7a>
[2026-04-02T05:07:50Z INFO  librespot] librespot 0.8.0 VERGEN_IDEMPOTENT_OUTPUT (Built on 2025-11-10, Build ID: 1762793321, Profile: release)
[2026-04-02T05:07:50Z INFO  librespot_playback::mixer::softmixer] Mixing with softvol and volume control: Log(60.0)
[2026-04-02T05:07:50Z INFO  librespot_playback::convert] Converting with ditherer: tpdf
[2026-04-02T05:07:50Z INFO  librespot_playback::audio_backend::pipe] Using StdoutSink (pipe) with format: S16
[2026-04-02T05:07:50Z INFO  librespot_core::session] Connecting to AP "ap-gue1.spotify.com:4070"
[2026-04-02T05:07:51Z INFO  librespot_core::session] Authenticated as 'paulster23' !
[2026-04-02T05:07:51Z INFO  librespot_core::session] Country: "US"
[2026-04-02T05:07:51Z INFO  librespot_core::spclient] Resolved "gue1-spclient.spotify.com:443" as spclient access point
[2026-04-02T05:07:51Z INFO  librespot_connect::spirc] active device is <> with session <490609d981734e7793cfd412d28f0e7a>
[2026-04-02T05:12:50Z INFO  librespot] librespot 0.8.0 VERGEN_IDEMPOTENT_OUTPUT (Built on 2025-11-10, Build ID: 1762793321, Profile: release)
[2026-04-02T05:12:50Z INFO  librespot_playback::mixer::softmixer] Mixing with softvol and volume control: Log(60.0)
[2026-04-02T05:12:50Z INFO  librespot_playback::convert] Converting with ditherer: tpdf
[2026-04-02T05:12:50Z INFO  librespot_playback::audio_backend::pipe] Using StdoutSink (pipe) with format: S16
[2026-04-02T05:12:51Z INFO  librespot_core::session] Connecting to AP "ap-gue1.spotify.com:4070"
[2026-04-02T05:12:51Z INFO  librespot_core::session] Authenticated as 'paulster23' !
[2026-04-02T05:12:51Z INFO  librespot_core::session] Country: "US"
[2026-04-02T05:12:51Z INFO  librespot_core::spclient] Resolved "gue1-spclient.spotify.com:443" as spclient access point
[2026-04-02T05:12:51Z INFO  librespot_connect::spirc] active device is <> with session <490609d981734e7793cfd412d28f0e7a>
[2026-04-02T05:17:50Z INFO  librespot] librespot 0.8.0 VERGEN_IDEMPOTENT_OUTPUT (Built on 2025-11-10, Build ID: 1762793321, Profile: release)
[2026-04-02T05:17:50Z INFO  librespot_playback::mixer::softmixer] Mixing with softvol and volume control: Log(60.0)
[2026-04-02T05:17:50Z INFO  librespot_playback::convert] Converting with ditherer: tpdf
[2026-04-02T05:17:50Z INFO  librespot_playback::audio_backend::pipe] Using StdoutSink (pipe) with format: S16
[2026-04-02T05:17:51Z INFO  librespot_core::session] Connecting to AP "ap-gue1.spotify.com:4070"
[2026-04-02T05:17:52Z INFO  librespot_core::session] Authenticated as 'paulster23' !
[2026-04-02T05:17:52Z INFO  librespot_core::session] Country: "US"
[2026-04-02T05:17:52Z INFO  librespot_core::spclient] Resolved "gue1-spclient.spotify.com:443" as spclient access point
[2026-04-02T05:17:52Z INFO  librespot_connect::spirc] active device is <> with session <490609d981734e7793cfd412d28f0e7a>
[2026-04-02T05:22:50Z INFO  librespot] librespot 0.8.0 VERGEN_IDEMPOTENT_OUTPUT (Built on 2025-11-10, Build ID: 1762793321, Profile: release)
[2026-04-02T05:22:50Z INFO  librespot_playback::mixer::softmixer] Mixing with softvol and volume control: Log(60.0)
[2026-04-02T05:22:50Z INFO  librespot_playback::convert] Converting with ditherer: tpdf
[2026-04-02T05:22:50Z INFO  librespot_playback::audio_backend::pipe] Using StdoutSink (pipe) with format: S16
[2026-04-02T05:22:51Z INFO  librespot_core::session] Connecting to AP "ap-gue1.spotify.com:4070"
[2026-04-02T05:22:51Z INFO  librespot_core::session] Authenticated as 'paulster23' !
[2026-04-02T05:22:51Z INFO  librespot_core::session] Country: "US"
[2026-04-02T05:22:51Z INFO  librespot_core::spclient] Resolved "gue1-spclient.spotify.com:443" as spclient access point
[2026-04-02T05:22:52Z INFO  librespot_connect::spirc] active device is <> with session <490609d981734e7793cfd412d28f0e7a>
[2026-04-02T05:27:50Z INFO  librespot] librespot 0.8.0 VERGEN_IDEMPOTENT_OUTPUT (Built on 2025-11-10, Build ID: 1762793321, Profile: release)
[2026-04-02T05:27:50Z INFO  librespot_playback::mixer::softmixer] Mixing with softvol and volume control: Log(60.0)
[2026-04-02T05:27:50Z INFO  librespot_playback::convert] Converting with ditherer: tpdf
[2026-04-02T05:27:50Z INFO  librespot_playback::audio_backend::pipe] Using StdoutSink (pipe) with format: S16
[2026-04-02T05:27:51Z INFO  librespot_core::session] Connecting to AP "ap-gue1.spotify.com:4070"
[2026-04-02T05:27:51Z INFO  librespot_core::session] Authenticated as 'paulster23' !
[2026-04-02T05:27:51Z INFO  librespot_core::session] Country: "US"
[2026-04-02T05:27:52Z INFO  librespot_core::spclient] Resolved "gue1-spclient.spotify.com:443" as spclient access point
[2026-04-02T05:27:52Z INFO  librespot_connect::spirc] active device is <> with session <490609d981734e7793cfd412d28f0e7a>
[2026-04-02T05:32:50Z INFO  librespot] librespot 0.8.0 VERGEN_IDEMPOTENT_OUTPUT (Built on 2025-11-10, Build ID: 1762793321, Profile: release)
[2026-04-02T05:32:50Z INFO  librespot_playback::mixer::softmixer] Mixing with softvol and volume control: Log(60.0)
[2026-04-02T05:32:50Z INFO  librespot_playback::convert] Converting with ditherer: tpdf
[2026-04-02T05:32:50Z INFO  librespot_playback::audio_backend::pipe] Using StdoutSink (pipe) with format: S16
[2026-04-02T05:32:51Z INFO  librespot_core::session] Connecting to AP "ap-gue1.spotify.com:4070"
[2026-04-02T05:32:51Z INFO  librespot_core::session] Authenticated as 'paulster23' !
[2026-04-02T05:32:51Z INFO  librespot_core::session] Country: "US"
[2026-04-02T05:32:52Z INFO  librespot_core::spclient] Resolved "gue1-spclient.spotify.com:443" as spclient access point
[2026-04-02T05:32:52Z INFO  librespot_connect::spirc] active device is <> with session <490609d981734e7793cfd412d28f0e7a>
[2026-04-02T05:37:50Z INFO  librespot] librespot 0.8.0 VERGEN_IDEMPOTENT_OUTPUT (Built on 2025-11-10, Build ID: 1762793321, Profile: release)
[2026-04-02T05:37:50Z INFO  librespot_playback::mixer::softmixer] Mixing with softvol and volume control: Log(60.0)
[2026-04-02T05:37:50Z INFO  librespot_playback::convert] Converting with ditherer: tpdf
[2026-04-02T05:37:50Z INFO  librespot_playback::audio_backend::pipe] Using StdoutSink (pipe) with format: S16
[2026-04-02T05:37:51Z INFO  librespot_core::session] Connecting to AP "ap-gue1.spotify.com:4070"
[2026-04-02T05:37:51Z INFO  librespot_core::session] Authenticated as 'paulster23' !
[2026-04-02T05:37:51Z INFO  librespot_core::session] Country: "US"
[2026-04-02T05:37:52Z INFO  librespot_core::spclient] Resolved "gue1-spclient.spotify.com:443" as spclient access point
[2026-04-02T05:37:52Z INFO  librespot_connect::spirc] active device is <> with session <490609d981734e7793cfd412d28f0e7a>
[2026-04-02T05:42:50Z INFO  librespot] librespot 0.8.0 VERGEN_IDEMPOTENT_OUTPUT (Built on 2025-11-10, Build ID: 1762793321, Profile: release)
[2026-04-02T05:42:50Z INFO  librespot_playback::mixer::softmixer] Mixing with softvol and volume control: Log(60.0)
[2026-04-02T05:42:50Z INFO  librespot_playback::convert] Converting with ditherer: tpdf
[2026-04-02T05:42:50Z INFO  librespot_playback::audio_backend::pipe] Using StdoutSink (pipe) with format: S16
[2026-04-02T05:42:51Z INFO  librespot_core::session] Connecting to AP "ap-gue1.spotify.com:4070"
[2026-04-02T05:42:51Z INFO  librespot_core::session] Authenticated as 'paulster23' !
[2026-04-02T05:42:51Z INFO  librespot_core::session] Country: "US"
[2026-04-02T05:42:54Z INFO  librespot_core::spclient] Resolved "gue1-spclient.spotify.com:443" as spclient access point
[2026-04-02T05:42:54Z INFO  librespot_connect::spirc] active device is <> with session <490609d981734e7793cfd412d28f0e7a>
[2026-04-02T05:47:50Z INFO  librespot] librespot 0.8.0 VERGEN_IDEMPOTENT_OUTPUT (Built on 2025-11-10, Build ID: 1762793321, Profile: release)
[2026-04-02T05:47:50Z INFO  librespot_playback::mixer::softmixer] Mixing with softvol and volume control: Log(60.0)
[2026-04-02T05:47:50Z INFO  librespot_playback::convert] Converting with ditherer: tpdf
[2026-04-02T05:47:50Z INFO  librespot_playback::audio_backend::pipe] Using StdoutSink (pipe) with format: S16
[2026-04-02T05:47:51Z INFO  librespot_core::session] Connecting to AP "ap-gue1.spotify.com:4070"
[2026-04-02T05:47:51Z INFO  librespot_core::session] Authenticated as 'paulster23' !
[2026-04-02T05:47:51Z INFO  librespot_core::session] Country: "US"
[2026-04-02T05:47:52Z INFO  librespot_core::spclient] Resolved "gue1-spclient.spotify.com:443" as spclient access point
[2026-04-02T05:47:52Z INFO  librespot_connect::spirc] active device is <> with session <490609d981734e7793cfd412d28f0e7a>
[2026-04-02T05:52:51Z INFO  librespot] librespot 0.8.0 VERGEN_IDEMPOTENT_OUTPUT (Built on 2025-11-10, Build ID: 1762793321, Profile: release)
[2026-04-02T05:52:51Z INFO  librespot_playback::mixer::softmixer] Mixing with softvol and volume control: Log(60.0)
[2026-04-02T05:52:51Z INFO  librespot_playback::convert] Converting with ditherer: tpdf
[2026-04-02T05:52:51Z INFO  librespot_playback::audio_backend::pipe] Using StdoutSink (pipe) with format: S16
[2026-04-02T05:52:52Z INFO  librespot_core::session] Connecting to AP "ap-gue1.spotify.com:4070"
[2026-04-02T05:52:52Z INFO  librespot_core::session] Authenticated as 'paulster23' !
[2026-04-02T05:52:52Z INFO  librespot_core::session] Country: "US"
[2026-04-02T05:52:53Z INFO  librespot_core::spclient] Resolved "gue1-spclient.spotify.com:443" as spclient access point
[2026-04-02T05:52:53Z INFO  librespot_connect::spirc] active device is <> with session <490609d981734e7793cfd412d28f0e7a>
[2026-04-02T05:57:51Z INFO  librespot] librespot 0.8.0 VERGEN_IDEMPOTENT_OUTPUT (Built on 2025-11-10, Build ID: 1762793321, Profile: release)
[2026-04-02T05:57:51Z INFO  librespot_playback::mixer::softmixer] Mixing with softvol and volume control: Log(60.0)
[2026-04-02T05:57:51Z INFO  librespot_playback::convert] Converting with ditherer: tpdf
[2026-04-02T05:57:51Z INFO  librespot_playback::audio_backend::pipe] Using StdoutSink (pipe) with format: S16
[2026-04-02T05:57:52Z INFO  librespot_core::session] Connecting to AP "ap-gue1.spotify.com:4070"
[2026-04-02T05:57:52Z INFO  librespot_core::session] Authenticated as 'paulster23' !
[2026-04-02T05:57:52Z INFO  librespot_core::session] Country: "US"
[2026-04-02T05:57:53Z INFO  librespot_core::spclient] Resolved "gue1-spclient.spotify.com:443" as spclient access point
[2026-04-02T05:57:53Z INFO  librespot_connect::spirc] active device is <> with session <490609d981734e7793cfd412d28f0e7a>
[2026-04-02T06:02:52Z INFO  librespot] librespot 0.8.0 VERGEN_IDEMPOTENT_OUTPUT (Built on 2025-11-10, Build ID: 1762793321, Profile: release)
[2026-04-02T06:02:52Z INFO  librespot_playback::mixer::softmixer] Mixing with softvol and volume control: Log(60.0)
[2026-04-02T06:02:52Z INFO  librespot_playback::convert] Converting with ditherer: tpdf
[2026-04-02T06:02:52Z INFO  librespot_playback::audio_backend::pipe] Using StdoutSink (pipe) with format: S16
[2026-04-02T06:02:52Z INFO  librespot_core::session] Connecting to AP "ap-gue1.spotify.com:4070"
[2026-04-02T06:02:53Z INFO  librespot_core::session] Authenticated as 'paulster23' !
[2026-04-02T06:02:53Z INFO  librespot_core::session] Country: "US"
[2026-04-02T06:02:55Z INFO  librespot_core::spclient] Resolved "gue1-spclient.spotify.com:443" as spclient access point
[2026-04-02T06:02:56Z INFO  librespot_connect::spirc] active device is <> with session <490609d981734e7793cfd412d28f0e7a>
[2026-04-02T06:07:52Z INFO  librespot] librespot 0.8.0 VERGEN_IDEMPOTENT_OUTPUT (Built on 2025-11-10, Build ID: 1762793321, Profile: release)
[2026-04-02T06:07:52Z INFO  librespot_playback::mixer::softmixer] Mixing with softvol and volume control: Log(60.0)
[2026-04-02T06:07:52Z INFO  librespot_playback::convert] Converting with ditherer: tpdf
[2026-04-02T06:07:52Z INFO  librespot_playback::audio_backend::pipe] Using StdoutSink (pipe) with format: S16
[2026-04-02T06:07:52Z INFO  librespot_core::session] Connecting to AP "ap-gue1.spotify.com:4070"
[2026-04-02T06:07:53Z INFO  librespot_core::session] Authenticated as 'paulster23' !
[2026-04-02T06:07:53Z INFO  librespot_core::session] Country: "US"
[2026-04-02T06:07:53Z INFO  librespot_core::spclient] Resolved "gue1-spclient.spotify.com:443" as spclient access point
[2026-04-02T06:07:53Z INFO  librespot_connect::spirc] active device is <> with session <490609d981734e7793cfd412d28f0e7a>
[2026-04-02T06:12:52Z INFO  librespot] librespot 0.8.0 VERGEN_IDEMPOTENT_OUTPUT (Built on 2025-11-10, Build ID: 1762793321, Profile: release)
[2026-04-02T06:12:52Z INFO  librespot_playback::mixer::softmixer] Mixing with softvol and volume control: Log(60.0)
[2026-04-02T06:12:52Z INFO  librespot_playback::convert] Converting with ditherer: tpdf
[2026-04-02T06:12:52Z INFO  librespot_playback::audio_backend::pipe] Using StdoutSink (pipe) with format: S16
[2026-04-02T06:12:53Z INFO  librespot_core::session] Connecting to AP "ap-gue1.spotify.com:4070"
[2026-04-02T06:12:53Z INFO  librespot_core::session] Authenticated as 'paulster23' !
[2026-04-02T06:12:53Z INFO  librespot_core::session] Country: "US"
[2026-04-02T06:12:54Z INFO  librespot_core::spclient] Resolved "gue1-spclient.spotify.com:443" as spclient access point
[2026-04-02T06:12:54Z INFO  librespot_connect::spirc] active device is <> with session <490609d981734e7793cfd412d28f0e7a>
[2026-04-02T06:17:52Z INFO  librespot] librespot 0.8.0 VERGEN_IDEMPOTENT_OUTPUT (Built on 2025-11-10, Build ID: 1762793321, Profile: release)
[2026-04-02T06:17:52Z INFO  librespot_playback::mixer::softmixer] Mixing with softvol and volume control: Log(60.0)
[2026-04-02T06:17:52Z INFO  librespot_playback::convert] Converting with ditherer: tpdf
[2026-04-02T06:17:52Z INFO  librespot_playback::audio_backend::pipe] Using StdoutSink (pipe) with format: S16
[2026-04-02T06:17:53Z INFO  librespot_core::session] Connecting to AP "ap-gue1.spotify.com:4070"
[2026-04-02T06:17:54Z INFO  librespot_core::session] Authenticated as 'paulster23' !
[2026-04-02T06:17:54Z INFO  librespot_core::session] Country: "US"
[2026-04-02T06:17:55Z INFO  librespot_core::spclient] Resolved "gue1-spclient.spotify.com:443" as spclient access point
[2026-04-02T06:17:55Z INFO  librespot_connect::spirc] active device is <> with session <490609d981734e7793cfd412d28f0e7a>
[2026-04-02T06:22:52Z INFO  librespot] librespot 0.8.0 VERGEN_IDEMPOTENT_OUTPUT (Built on 2025-11-10, Build ID: 1762793321, Profile: release)
[2026-04-02T06:22:52Z INFO  librespot_playback::mixer::softmixer] Mixing with softvol and volume control: Log(60.0)
[2026-04-02T06:22:52Z INFO  librespot_playback::convert] Converting with ditherer: tpdf
[2026-04-02T06:22:52Z INFO  librespot_playback::audio_backend::pipe] Using StdoutSink (pipe) with format: S16
[2026-04-02T06:22:53Z INFO  librespot_core::session] Connecting to AP "ap-gue1.spotify.com:4070"
[2026-04-02T06:22:53Z INFO  librespot_core::session] Authenticated as 'paulster23' !
[2026-04-02T06:22:53Z INFO  librespot_core::session] Country: "US"
[2026-04-02T06:22:54Z INFO  librespot_core::spclient] Resolved "gue1-spclient.spotify.com:443" as spclient access point
[2026-04-02T06:22:54Z INFO  librespot_connect::spirc] active device is <> with session <490609d981734e7793cfd412d28f0e7a>
[2026-04-02T06:27:52Z INFO  librespot] librespot 0.8.0 VERGEN_IDEMPOTENT_OUTPUT (Built on 2025-11-10, Build ID: 1762793321, Profile: release)
[2026-04-02T06:27:52Z INFO  librespot_playback::mixer::softmixer] Mixing with softvol and volume control: Log(60.0)
[2026-04-02T06:27:52Z INFO  librespot_playback::convert] Converting with ditherer: tpdf
[2026-04-02T06:27:52Z INFO  librespot_playback::audio_backend::pipe] Using StdoutSink (pipe) with format: S16
[2026-04-02T06:27:53Z INFO  librespot_core::session] Connecting to AP "ap-gue1.spotify.com:4070"
[2026-04-02T06:27:53Z INFO  librespot_core::session] Authenticated as 'paulster23' !
[2026-04-02T06:27:53Z INFO  librespot_core::session] Country: "US"
[2026-04-02T06:27:54Z INFO  librespot_core::spclient] Resolved "gue1-spclient.spotify.com:443" as spclient access point
[2026-04-02T06:27:54Z INFO  librespot_connect::spirc] active device is <> with session <490609d981734e7793cfd412d28f0e7a>
[2026-04-02T06:32:52Z INFO  librespot] librespot 0.8.0 VERGEN_IDEMPOTENT_OUTPUT (Built on 2025-11-10, Build ID: 1762793321, Profile: release)
[2026-04-02T06:32:52Z INFO  librespot_playback::mixer::softmixer] Mixing with softvol and volume control: Log(60.0)
[2026-04-02T06:32:52Z INFO  librespot_playback::convert] Converting with ditherer: tpdf
[2026-04-02T06:32:52Z INFO  librespot_playback::audio_backend::pipe] Using StdoutSink (pipe) with format: S16
[2026-04-02T06:32:53Z INFO  librespot_core::session] Connecting to AP "ap-gue1.spotify.com:4070"
[2026-04-02T06:32:53Z INFO  librespot_core::session] Authenticated as 'paulster23' !
[2026-04-02T06:32:53Z INFO  librespot_core::session] Country: "US"
[2026-04-02T06:32:55Z INFO  librespot_core::spclient] Resolved "gue1-spclient.spotify.com:443" as spclient access point
[2026-04-02T06:32:55Z INFO  librespot_connect::spirc] active device is <> with session <490609d981734e7793cfd412d28f0e7a>
[2026-04-02T06:37:52Z INFO  librespot] librespot 0.8.0 VERGEN_IDEMPOTENT_OUTPUT (Built on 2025-11-10, Build ID: 1762793321, Profile: release)
[2026-04-02T06:37:52Z INFO  librespot_playback::mixer::softmixer] Mixing with softvol and volume control: Log(60.0)
[2026-04-02T06:37:52Z INFO  librespot_playback::convert] Converting with ditherer: tpdf
[2026-04-02T06:37:52Z INFO  librespot_playback::audio_backend::pipe] Using StdoutSink (pipe) with format: S16
[2026-04-02T06:37:53Z INFO  librespot_core::session] Connecting to AP "ap-gue1.spotify.com:4070"
[2026-04-02T06:37:54Z INFO  librespot_core::session] Authenticated as 'paulster23' !
[2026-04-02T06:37:54Z INFO  librespot_core::session] Country: "US"
[2026-04-02T06:37:54Z INFO  librespot_core::spclient] Resolved "gue1-spclient.spotify.com:443" as spclient access point
[2026-04-02T06:37:55Z INFO  librespot_connect::spirc] active device is <> with session <490609d981734e7793cfd412d28f0e7a>
[2026-04-02T06:42:53Z INFO  librespot] librespot 0.8.0 VERGEN_IDEMPOTENT_OUTPUT (Built on 2025-11-10, Build ID: 1762793321, Profile: release)
[2026-04-02T06:42:53Z INFO  librespot_playback::mixer::softmixer] Mixing with softvol and volume control: Log(60.0)
[2026-04-02T06:42:53Z INFO  librespot_playback::convert] Converting with ditherer: tpdf
[2026-04-02T06:42:53Z INFO  librespot_playback::audio_backend::pipe] Using StdoutSink (pipe) with format: S16
[2026-04-02T06:42:53Z INFO  librespot_core::session] Connecting to AP "ap-gue1.spotify.com:4070"
[2026-04-02T06:42:54Z INFO  librespot_core::session] Authenticated as 'paulster23' !
[2026-04-02T06:42:54Z INFO  librespot_core::session] Country: "US"
[2026-04-02T06:42:54Z INFO  librespot_core::spclient] Resolved "gue1-spclient.spotify.com:443" as spclient access point
[2026-04-02T06:42:55Z INFO  librespot_connect::spirc] active device is <> with session <490609d981734e7793cfd412d28f0e7a>
[2026-04-02T06:47:53Z INFO  librespot] librespot 0.8.0 VERGEN_IDEMPOTENT_OUTPUT (Built on 2025-11-10, Build ID: 1762793321, Profile: release)
[2026-04-02T06:47:53Z INFO  librespot_playback::mixer::softmixer] Mixing with softvol and volume control: Log(60.0)
[2026-04-02T06:47:53Z INFO  librespot_playback::convert] Converting with ditherer: tpdf
[2026-04-02T06:47:53Z INFO  librespot_playback::audio_backend::pipe] Using StdoutSink (pipe) with format: S16
[2026-04-02T06:47:54Z INFO  librespot_core::session] Connecting to AP "ap-gue1.spotify.com:4070"
[2026-04-02T06:47:54Z INFO  librespot_core::session] Authenticated as 'paulster23' !
[2026-04-02T06:47:54Z INFO  librespot_core::session] Country: "US"
[2026-04-02T06:47:55Z INFO  librespot_core::spclient] Resolved "gue1-spclient.spotify.com:443" as spclient access point
[2026-04-02T06:47:55Z INFO  librespot_connect::spirc] active device is <> with session <490609d981734e7793cfd412d28f0e7a>
[2026-04-02T06:52:53Z INFO  librespot] librespot 0.8.0 VERGEN_IDEMPOTENT_OUTPUT (Built on 2025-11-10, Build ID: 1762793321, Profile: release)
[2026-04-02T06:52:53Z INFO  librespot_playback::mixer::softmixer] Mixing with softvol and volume control: Log(60.0)
[2026-04-02T06:52:53Z INFO  librespot_playback::convert] Converting with ditherer: tpdf
[2026-04-02T06:52:53Z INFO  librespot_playback::audio_backend::pipe] Using StdoutSink (pipe) with format: S16
[2026-04-02T06:52:54Z INFO  librespot_core::session] Connecting to AP "ap-gue1.spotify.com:4070"
[2026-04-02T06:52:54Z INFO  librespot_core::session] Authenticated as 'paulster23' !
[2026-04-02T06:52:54Z INFO  librespot_core::session] Country: "US"
[2026-04-02T06:52:55Z INFO  librespot_core::spclient] Resolved "gue1-spclient.spotify.com:443" as spclient access point
[2026-04-02T06:52:55Z INFO  librespot_connect::spirc] active device is <> with session <490609d981734e7793cfd412d28f0e7a>
[2026-04-02T06:57:53Z INFO  librespot] librespot 0.8.0 VERGEN_IDEMPOTENT_OUTPUT (Built on 2025-11-10, Build ID: 1762793321, Profile: release)
[2026-04-02T06:57:53Z INFO  librespot_playback::mixer::softmixer] Mixing with softvol and volume control: Log(60.0)
[2026-04-02T06:57:53Z INFO  librespot_playback::convert] Converting with ditherer: tpdf
[2026-04-02T06:57:53Z INFO  librespot_playback::audio_backend::pipe] Using StdoutSink (pipe) with format: S16
[2026-04-02T06:57:54Z INFO  librespot_core::session] Connecting to AP "ap-gue1.spotify.com:4070"
[2026-04-02T06:57:54Z INFO  librespot_core::session] Authenticated as 'paulster23' !
[2026-04-02T06:57:54Z INFO  librespot_core::session] Country: "US"
[2026-04-02T06:57:55Z INFO  librespot_core::spclient] Resolved "gue1-spclient.spotify.com:443" as spclient access point
[2026-04-02T06:57:55Z INFO  librespot_connect::spirc] active device is <> with session <490609d981734e7793cfd412d28f0e7a>
[2026-04-02T07:02:53Z INFO  librespot] librespot 0.8.0 VERGEN_IDEMPOTENT_OUTPUT (Built on 2025-11-10, Build ID: 1762793321, Profile: release)
[2026-04-02T07:02:53Z INFO  librespot_playback::mixer::softmixer] Mixing with softvol and volume control: Log(60.0)
[2026-04-02T07:02:53Z INFO  librespot_playback::convert] Converting with ditherer: tpdf
[2026-04-02T07:02:53Z INFO  librespot_playback::audio_backend::pipe] Using StdoutSink (pipe) with format: S16
[2026-04-02T07:02:54Z INFO  librespot_core::session] Connecting to AP "ap-gue1.spotify.com:4070"
[2026-04-02T07:02:54Z INFO  librespot_core::session] Authenticated as 'paulster23' !
[2026-04-02T07:02:54Z INFO  librespot_core::session] Country: "US"
[2026-04-02T07:02:55Z INFO  librespot_core::spclient] Resolved "gue1-spclient.spotify.com:443" as spclient access point
[2026-04-02T07:02:55Z INFO  librespot_connect::spirc] active device is <> with session <490609d981734e7793cfd412d28f0e7a>
[2026-04-02T07:07:53Z INFO  librespot] librespot 0.8.0 VERGEN_IDEMPOTENT_OUTPUT (Built on 2025-11-10, Build ID: 1762793321, Profile: release)
[2026-04-02T07:07:53Z INFO  librespot_playback::mixer::softmixer] Mixing with softvol and volume control: Log(60.0)
[2026-04-02T07:07:53Z INFO  librespot_playback::convert] Converting with ditherer: tpdf
[2026-04-02T07:07:53Z INFO  librespot_playback::audio_backend::pipe] Using StdoutSink (pipe) with format: S16
[2026-04-02T07:07:54Z INFO  librespot_core::session] Connecting to AP "ap-gue1.spotify.com:4070"
[2026-04-02T07:07:54Z INFO  librespot_core::session] Authenticated as 'paulster23' !
[2026-04-02T07:07:54Z INFO  librespot_core::session] Country: "US"
[2026-04-02T07:07:55Z INFO  librespot_core::spclient] Resolved "gue1-spclient.spotify.com:443" as spclient access point
[2026-04-02T07:07:55Z INFO  librespot_connect::spirc] active device is <> with session <490609d981734e7793cfd412d28f0e7a>
[2026-04-02T07:12:53Z INFO  librespot] librespot 0.8.0 VERGEN_IDEMPOTENT_OUTPUT (Built on 2025-11-10, Build ID: 1762793321, Profile: release)
[2026-04-02T07:12:53Z INFO  librespot_playback::mixer::softmixer] Mixing with softvol and volume control: Log(60.0)
[2026-04-02T07:12:53Z INFO  librespot_playback::convert] Converting with ditherer: tpdf
[2026-04-02T07:12:53Z INFO  librespot_playback::audio_backend::pipe] Using StdoutSink (pipe) with format: S16
[2026-04-02T07:12:54Z INFO  librespot_core::session] Connecting to AP "ap-gue1.spotify.com:4070"
[2026-04-02T07:12:54Z INFO  librespot_core::session] Authenticated as 'paulster23' !
[2026-04-02T07:12:54Z INFO  librespot_core::session] Country: "US"
[2026-04-02T07:12:55Z INFO  librespot_core::spclient] Resolved "gue1-spclient.spotify.com:443" as spclient access point
[2026-04-02T07:12:55Z INFO  librespot_connect::spirc] active device is <> with session <490609d981734e7793cfd412d28f0e7a>
[2026-04-02T07:17:53Z INFO  librespot] librespot 0.8.0 VERGEN_IDEMPOTENT_OUTPUT (Built on 2025-11-10, Build ID: 1762793321, Profile: release)
[2026-04-02T07:17:53Z INFO  librespot_playback::mixer::softmixer] Mixing with softvol and volume control: Log(60.0)
[2026-04-02T07:17:53Z INFO  librespot_playback::convert] Converting with ditherer: tpdf
[2026-04-02T07:17:53Z INFO  librespot_playback::audio_backend::pipe] Using StdoutSink (pipe) with format: S16
[2026-04-02T07:17:54Z INFO  librespot_core::session] Connecting to AP "ap-gue1.spotify.com:4070"
[2026-04-02T07:17:54Z INFO  librespot_core::session] Authenticated as 'paulster23' !
[2026-04-02T07:17:54Z INFO  librespot_core::session] Country: "US"
[2026-04-02T07:17:55Z INFO  librespot_core::spclient] Resolved "gue1-spclient.spotify.com:443" as spclient access point
[2026-04-02T07:17:55Z INFO  librespot_connect::spirc] active device is <> with session <490609d981734e7793cfd412d28f0e7a>
[2026-04-02T07:22:54Z INFO  librespot] librespot 0.8.0 VERGEN_IDEMPOTENT_OUTPUT (Built on 2025-11-10, Build ID: 1762793321, Profile: release)
[2026-04-02T07:22:54Z INFO  librespot_playback::mixer::softmixer] Mixing with softvol and volume control: Log(60.0)
[2026-04-02T07:22:54Z INFO  librespot_playback::convert] Converting with ditherer: tpdf
[2026-04-02T07:22:54Z INFO  librespot_playback::audio_backend::pipe] Using StdoutSink (pipe) with format: S16
[2026-04-02T07:22:54Z INFO  librespot_core::session] Connecting to AP "ap-gue1.spotify.com:4070"
[2026-04-02T07:22:54Z INFO  librespot_core::session] Authenticated as 'paulster23' !
[2026-04-02T07:22:54Z INFO  librespot_core::session] Country: "US"
[2026-04-02T07:22:55Z INFO  librespot_core::spclient] Resolved "gue1-spclient.spotify.com:443" as spclient access point
[2026-04-02T07:22:55Z INFO  librespot_connect::spirc] active device is <> with session <490609d981734e7793cfd412d28f0e7a>
[2026-04-02T07:27:54Z INFO  librespot] librespot 0.8.0 VERGEN_IDEMPOTENT_OUTPUT (Built on 2025-11-10, Build ID: 1762793321, Profile: release)
[2026-04-02T07:27:54Z INFO  librespot_playback::mixer::softmixer] Mixing with softvol and volume control: Log(60.0)
[2026-04-02T07:27:54Z INFO  librespot_playback::convert] Converting with ditherer: tpdf
[2026-04-02T07:27:54Z INFO  librespot_playback::audio_backend::pipe] Using StdoutSink (pipe) with format: S16
[2026-04-02T07:27:54Z INFO  librespot_core::session] Connecting to AP "ap-gue1.spotify.com:4070"
[2026-04-02T07:27:55Z INFO  librespot_core::session] Authenticated as 'paulster23' !
[2026-04-02T07:27:55Z INFO  librespot_core::session] Country: "US"
[2026-04-02T07:27:55Z INFO  librespot_core::spclient] Resolved "gue1-spclient.spotify.com:443" as spclient access point
[2026-04-02T07:27:56Z INFO  librespot_connect::spirc] active device is <> with session <490609d981734e7793cfd412d28f0e7a>
[2026-04-02T07:32:54Z INFO  librespot] librespot 0.8.0 VERGEN_IDEMPOTENT_OUTPUT (Built on 2025-11-10, Build ID: 1762793321, Profile: release)
[2026-04-02T07:32:54Z INFO  librespot_playback::mixer::softmixer] Mixing with softvol and volume control: Log(60.0)
[2026-04-02T07:32:54Z INFO  librespot_playback::convert] Converting with ditherer: tpdf
[2026-04-02T07:32:54Z INFO  librespot_playback::audio_backend::pipe] Using StdoutSink (pipe) with format: S16
[2026-04-02T07:32:54Z INFO  librespot_core::session] Connecting to AP "ap-gue1.spotify.com:4070"
[2026-04-02T07:32:55Z INFO  librespot_core::session] Authenticated as 'paulster23' !
[2026-04-02T07:32:55Z INFO  librespot_core::session] Country: "US"
[2026-04-02T07:32:55Z INFO  librespot_core::spclient] Resolved "gue1-spclient.spotify.com:443" as spclient access point
[2026-04-02T07:32:55Z INFO  librespot_connect::spirc] active device is <> with session <490609d981734e7793cfd412d28f0e7a>
[2026-04-02T07:37:54Z INFO  librespot] librespot 0.8.0 VERGEN_IDEMPOTENT_OUTPUT (Built on 2025-11-10, Build ID: 1762793321, Profile: release)
[2026-04-02T07:37:54Z INFO  librespot_playback::mixer::softmixer] Mixing with softvol and volume control: Log(60.0)
[2026-04-02T07:37:54Z INFO  librespot_playback::convert] Converting with ditherer: tpdf
[2026-04-02T07:37:54Z INFO  librespot_playback::audio_backend::pipe] Using StdoutSink (pipe) with format: S16
[2026-04-02T07:37:55Z INFO  librespot_core::session] Connecting to AP "ap-gue1.spotify.com:4070"
[2026-04-02T07:37:55Z INFO  librespot_core::session] Authenticated as 'paulster23' !
[2026-04-02T07:37:55Z INFO  librespot_core::session] Country: "US"
[2026-04-02T07:37:56Z INFO  librespot_core::spclient] Resolved "gue1-spclient.spotify.com:443" as spclient access point
[2026-04-02T07:37:56Z INFO  librespot_connect::spirc] active device is <> with session <490609d981734e7793cfd412d28f0e7a>
[2026-04-02T07:41:55Z ERROR librespot_core::session] Connection to server closed.
[2026-04-02T07:42:54Z INFO  librespot] librespot 0.8.0 VERGEN_IDEMPOTENT_OUTPUT (Built on 2025-11-10, Build ID: 1762793321, Profile: release)
[2026-04-02T07:42:54Z INFO  librespot_playback::mixer::softmixer] Mixing with softvol and volume control: Log(60.0)
[2026-04-02T07:42:54Z INFO  librespot_playback::convert] Converting with ditherer: tpdf
[2026-04-02T07:42:54Z INFO  librespot_playback::audio_backend::pipe] Using StdoutSink (pipe) with format: S16
[2026-04-02T07:42:55Z INFO  librespot_core::session] Connecting to AP "ap-gue1.spotify.com:4070"
[2026-04-02T07:42:55Z INFO  librespot_core::session] Authenticated as 'paulster23' !
[2026-04-02T07:42:55Z INFO  librespot_core::session] Country: "US"
[2026-04-02T07:42:55Z INFO  librespot_core::spclient] Resolved "gue1-spclient.spotify.com:443" as spclient access point
[2026-04-02T07:42:56Z INFO  librespot_connect::spirc] active device is <> with session <490609d981734e7793cfd412d28f0e7a>
[2026-04-02T07:47:54Z INFO  librespot] librespot 0.8.0 VERGEN_IDEMPOTENT_OUTPUT (Built on 2025-11-10, Build ID: 1762793321, Profile: release)
[2026-04-02T07:47:54Z INFO  librespot_playback::mixer::softmixer] Mixing with softvol and volume control: Log(60.0)
[2026-04-02T07:47:54Z INFO  librespot_playback::convert] Converting with ditherer: tpdf
[2026-04-02T07:47:54Z INFO  librespot_playback::audio_backend::pipe] Using StdoutSink (pipe) with format: S16
[2026-04-02T07:47:55Z INFO  librespot_core::session] Connecting to AP "ap-gue1.spotify.com:4070"
[2026-04-02T07:47:55Z INFO  librespot_core::session] Authenticated as 'paulster23' !
[2026-04-02T07:47:55Z INFO  librespot_core::session] Country: "US"
[2026-04-02T07:47:56Z INFO  librespot_core::spclient] Resolved "gue1-spclient.spotify.com:443" as spclient access point
[2026-04-02T07:47:56Z INFO  librespot_connect::spirc] active device is <> with session <490609d981734e7793cfd412d28f0e7a>
[2026-04-02T07:52:54Z INFO  librespot] librespot 0.8.0 VERGEN_IDEMPOTENT_OUTPUT (Built on 2025-11-10, Build ID: 1762793321, Profile: release)
[2026-04-02T07:52:54Z INFO  librespot_playback::mixer::softmixer] Mixing with softvol and volume control: Log(60.0)
[2026-04-02T07:52:54Z INFO  librespot_playback::convert] Converting with ditherer: tpdf
[2026-04-02T07:52:54Z INFO  librespot_playback::audio_backend::pipe] Using StdoutSink (pipe) with format: S16
[2026-04-02T07:52:55Z INFO  librespot_core::session] Connecting to AP "ap-gue1.spotify.com:4070"
[2026-04-02T07:52:55Z INFO  librespot_core::session] Authenticated as 'paulster23' !
[2026-04-02T07:52:55Z INFO  librespot_core::session] Country: "US"
[2026-04-02T07:52:56Z INFO  librespot_core::spclient] Resolved "gue1-spclient.spotify.com:443" as spclient access point
[2026-04-02T07:52:56Z INFO  librespot_connect::spirc] active device is <> with session <490609d981734e7793cfd412d28f0e7a>
[2026-04-02T07:57:54Z INFO  librespot] librespot 0.8.0 VERGEN_IDEMPOTENT_OUTPUT (Built on 2025-11-10, Build ID: 1762793321, Profile: release)
[2026-04-02T07:57:54Z INFO  librespot_playback::mixer::softmixer] Mixing with softvol and volume control: Log(60.0)
[2026-04-02T07:57:54Z INFO  librespot_playback::convert] Converting with ditherer: tpdf
[2026-04-02T07:57:54Z INFO  librespot_playback::audio_backend::pipe] Using StdoutSink (pipe) with format: S16
[2026-04-02T07:57:55Z INFO  librespot_core::session] Connecting to AP "ap-gue1.spotify.com:4070"
[2026-04-02T07:57:55Z INFO  librespot_core::session] Authenticated as 'paulster23' !
[2026-04-02T07:57:55Z INFO  librespot_core::session] Country: "US"
[2026-04-02T07:57:56Z INFO  librespot_core::spclient] Resolved "gue1-spclient.spotify.com:443" as spclient access point
[2026-04-02T07:57:56Z INFO  librespot_connect::spirc] active device is <> with session <490609d981734e7793cfd412d28f0e7a>
[2026-04-02T08:02:54Z INFO  librespot] librespot 0.8.0 VERGEN_IDEMPOTENT_OUTPUT (Built on 2025-11-10, Build ID: 1762793321, Profile: release)
[2026-04-02T08:02:54Z INFO  librespot_playback::mixer::softmixer] Mixing with softvol and volume control: Log(60.0)
[2026-04-02T08:02:54Z INFO  librespot_playback::convert] Converting with ditherer: tpdf
[2026-04-02T08:02:54Z INFO  librespot_playback::audio_backend::pipe] Using StdoutSink (pipe) with format: S16
[2026-04-02T08:02:55Z INFO  librespot_core::session] Connecting to AP "ap-gue1.spotify.com:4070"
[2026-04-02T08:02:55Z INFO  librespot_core::session] Authenticated as 'paulster23' !
[2026-04-02T08:02:55Z INFO  librespot_core::session] Country: "US"
[2026-04-02T08:02:56Z INFO  librespot_core::spclient] Resolved "gue1-spclient.spotify.com:443" as spclient access point
[2026-04-02T08:02:56Z INFO  librespot_connect::spirc] active device is <> with session <490609d981734e7793cfd412d28f0e7a>
[2026-04-02T08:07:55Z INFO  librespot] librespot 0.8.0 VERGEN_IDEMPOTENT_OUTPUT (Built on 2025-11-10, Build ID: 1762793321, Profile: release)
[2026-04-02T08:07:55Z INFO  librespot_playback::mixer::softmixer] Mixing with softvol and volume control: Log(60.0)
[2026-04-02T08:07:55Z INFO  librespot_playback::convert] Converting with ditherer: tpdf
[2026-04-02T08:07:55Z INFO  librespot_playback::audio_backend::pipe] Using StdoutSink (pipe) with format: S16
[2026-04-02T08:07:55Z INFO  librespot_core::session] Connecting to AP "ap-gue1.spotify.com:4070"
[2026-04-02T08:07:55Z INFO  librespot_core::session] Authenticated as 'paulster23' !
[2026-04-02T08:07:55Z INFO  librespot_core::session] Country: "US"
[2026-04-02T08:07:56Z INFO  librespot_core::spclient] Resolved "gue1-spclient.spotify.com:443" as spclient access point
[2026-04-02T08:07:56Z INFO  librespot_connect::spirc] active device is <> with session <490609d981734e7793cfd412d28f0e7a>
[2026-04-02T08:12:55Z INFO  librespot] librespot 0.8.0 VERGEN_IDEMPOTENT_OUTPUT (Built on 2025-11-10, Build ID: 1762793321, Profile: release)
[2026-04-02T08:12:55Z INFO  librespot_playback::mixer::softmixer] Mixing with softvol and volume control: Log(60.0)
[2026-04-02T08:12:55Z INFO  librespot_playback::convert] Converting with ditherer: tpdf
[2026-04-02T08:12:55Z INFO  librespot_playback::audio_backend::pipe] Using StdoutSink (pipe) with format: S16
[2026-04-02T08:12:56Z INFO  librespot_core::session] Connecting to AP "ap-gue1.spotify.com:4070"
[2026-04-02T08:12:56Z INFO  librespot_core::session] Authenticated as 'paulster23' !
[2026-04-02T08:12:56Z INFO  librespot_core::session] Country: "US"
[2026-04-02T08:12:57Z INFO  librespot_core::spclient] Resolved "gue1-spclient.spotify.com:443" as spclient access point
[2026-04-02T08:12:57Z INFO  librespot_connect::spirc] active device is <> with session <490609d981734e7793cfd412d28f0e7a>
[2026-04-02T08:17:55Z INFO  librespot] librespot 0.8.0 VERGEN_IDEMPOTENT_OUTPUT (Built on 2025-11-10, Build ID: 1762793321, Profile: release)
[2026-04-02T08:17:55Z INFO  librespot_playback::mixer::softmixer] Mixing with softvol and volume control: Log(60.0)
[2026-04-02T08:17:55Z INFO  librespot_playback::convert] Converting with ditherer: tpdf
[2026-04-02T08:17:55Z INFO  librespot_playback::audio_backend::pipe] Using StdoutSink (pipe) with format: S16
[2026-04-02T08:17:56Z INFO  librespot_core::session] Connecting to AP "ap-gue1.spotify.com:4070"
[2026-04-02T08:17:56Z INFO  librespot_core::session] Authenticated as 'paulster23' !
[2026-04-02T08:17:56Z INFO  librespot_core::session] Country: "US"
[2026-04-02T08:17:57Z INFO  librespot_core::spclient] Resolved "gue1-spclient.spotify.com:443" as spclient access point
[2026-04-02T08:17:57Z INFO  librespot_connect::spirc] active device is <> with session <490609d981734e7793cfd412d28f0e7a>
[2026-04-02T08:22:55Z INFO  librespot] librespot 0.8.0 VERGEN_IDEMPOTENT_OUTPUT (Built on 2025-11-10, Build ID: 1762793321, Profile: release)
[2026-04-02T08:22:55Z INFO  librespot_playback::mixer::softmixer] Mixing with softvol and volume control: Log(60.0)
[2026-04-02T08:22:55Z INFO  librespot_playback::convert] Converting with ditherer: tpdf
[2026-04-02T08:22:55Z INFO  librespot_playback::audio_backend::pipe] Using StdoutSink (pipe) with format: S16
[2026-04-02T08:22:56Z INFO  librespot_core::session] Connecting to AP "ap-gue1.spotify.com:4070"
[2026-04-02T08:22:58Z INFO  librespot_core::session] Authenticated as 'paulster23' !
[2026-04-02T08:22:58Z INFO  librespot_core::session] Country: "US"
[2026-04-02T08:22:59Z INFO  librespot_core::spclient] Resolved "gue1-spclient.spotify.com:443" as spclient access point
[2026-04-02T08:22:59Z INFO  librespot_connect::spirc] active device is <> with session <490609d981734e7793cfd412d28f0e7a>
[2026-04-02T08:27:55Z INFO  librespot] librespot 0.8.0 VERGEN_IDEMPOTENT_OUTPUT (Built on 2025-11-10, Build ID: 1762793321, Profile: release)
[2026-04-02T08:27:55Z INFO  librespot_playback::mixer::softmixer] Mixing with softvol and volume control: Log(60.0)
[2026-04-02T08:27:55Z INFO  librespot_playback::convert] Converting with ditherer: tpdf
[2026-04-02T08:27:55Z INFO  librespot_playback::audio_backend::pipe] Using StdoutSink (pipe) with format: S16
[2026-04-02T08:27:56Z INFO  librespot_core::session] Connecting to AP "ap-gue1.spotify.com:4070"
[2026-04-02T08:27:56Z INFO  librespot_core::session] Authenticated as 'paulster23' !
[2026-04-02T08:27:56Z INFO  librespot_core::session] Country: "US"
[2026-04-02T08:27:57Z INFO  librespot_core::spclient] Resolved "gue1-spclient.spotify.com:443" as spclient access point
[2026-04-02T08:27:57Z INFO  librespot_connect::spirc] active device is <> with session <490609d981734e7793cfd412d28f0e7a>
[2026-04-02T08:32:55Z INFO  librespot] librespot 0.8.0 VERGEN_IDEMPOTENT_OUTPUT (Built on 2025-11-10, Build ID: 1762793321, Profile: release)
[2026-04-02T08:32:55Z INFO  librespot_playback::mixer::softmixer] Mixing with softvol and volume control: Log(60.0)
[2026-04-02T08:32:55Z INFO  librespot_playback::convert] Converting with ditherer: tpdf
[2026-04-02T08:32:55Z INFO  librespot_playback::audio_backend::pipe] Using StdoutSink (pipe) with format: S16
[2026-04-02T08:32:56Z INFO  librespot_core::session] Connecting to AP "ap-gue1.spotify.com:4070"
[2026-04-02T08:32:56Z INFO  librespot_core::session] Authenticated as 'paulster23' !
[2026-04-02T08:32:56Z INFO  librespot_core::session] Country: "US"
[2026-04-02T08:32:57Z INFO  librespot_core::spclient] Resolved "gue1-spclient.spotify.com:443" as spclient access point
[2026-04-02T08:32:57Z INFO  librespot_connect::spirc] active device is <> with session <490609d981734e7793cfd412d28f0e7a>
[2026-04-02T08:37:55Z INFO  librespot] librespot 0.8.0 VERGEN_IDEMPOTENT_OUTPUT (Built on 2025-11-10, Build ID: 1762793321, Profile: release)
[2026-04-02T08:37:55Z INFO  librespot_playback::mixer::softmixer] Mixing with softvol and volume control: Log(60.0)
[2026-04-02T08:37:55Z INFO  librespot_playback::convert] Converting with ditherer: tpdf
[2026-04-02T08:37:55Z INFO  librespot_playback::audio_backend::pipe] Using StdoutSink (pipe) with format: S16
[2026-04-02T08:37:56Z INFO  librespot_core::session] Connecting to AP "ap-gue1.spotify.com:4070"
[2026-04-02T08:37:57Z INFO  librespot_core::session] Authenticated as 'paulster23' !
[2026-04-02T08:37:57Z INFO  librespot_core::session] Country: "US"
[2026-04-02T08:37:57Z INFO  librespot_core::spclient] Resolved "gue1-spclient.spotify.com:443" as spclient access point
[2026-04-02T08:37:58Z INFO  librespot_connect::spirc] active device is <> with session <490609d981734e7793cfd412d28f0e7a>
[2026-04-02T08:42:55Z INFO  librespot] librespot 0.8.0 VERGEN_IDEMPOTENT_OUTPUT (Built on 2025-11-10, Build ID: 1762793321, Profile: release)
[2026-04-02T08:42:55Z INFO  librespot_playback::mixer::softmixer] Mixing with softvol and volume control: Log(60.0)
[2026-04-02T08:42:55Z INFO  librespot_playback::convert] Converting with ditherer: tpdf
[2026-04-02T08:42:55Z INFO  librespot_playback::audio_backend::pipe] Using StdoutSink (pipe) with format: S16
[2026-04-02T08:42:56Z INFO  librespot_core::session] Connecting to AP "ap-gue1.spotify.com:4070"
[2026-04-02T08:42:57Z INFO  librespot_core::session] Authenticated as 'paulster23' !
[2026-04-02T08:42:57Z INFO  librespot_core::session] Country: "US"
[2026-04-02T08:42:58Z INFO  librespot_core::spclient] Resolved "gue1-spclient.spotify.com:443" as spclient access point
[2026-04-02T08:42:58Z INFO  librespot_connect::spirc] active device is <> with session <490609d981734e7793cfd412d28f0e7a>
[2026-04-02T08:47:56Z INFO  librespot] librespot 0.8.0 VERGEN_IDEMPOTENT_OUTPUT (Built on 2025-11-10, Build ID: 1762793321, Profile: release)
[2026-04-02T08:47:56Z INFO  librespot_playback::mixer::softmixer] Mixing with softvol and volume control: Log(60.0)
[2026-04-02T08:47:56Z INFO  librespot_playback::convert] Converting with ditherer: tpdf
[2026-04-02T08:47:56Z INFO  librespot_playback::audio_backend::pipe] Using StdoutSink (pipe) with format: S16
[2026-04-02T08:47:57Z INFO  librespot_core::session] Connecting to AP "ap-gue1.spotify.com:4070"
[2026-04-02T08:47:57Z INFO  librespot_core::session] Authenticated as 'paulster23' !
[2026-04-02T08:47:57Z INFO  librespot_core::session] Country: "US"
[2026-04-02T08:47:58Z INFO  librespot_core::spclient] Resolved "gue1-spclient.spotify.com:443" as spclient access point
[2026-04-02T08:47:58Z INFO  librespot_connect::spirc] active device is <> with session <490609d981734e7793cfd412d28f0e7a>
[2026-04-02T08:52:56Z INFO  librespot] librespot 0.8.0 VERGEN_IDEMPOTENT_OUTPUT (Built on 2025-11-10, Build ID: 1762793321, Profile: release)
[2026-04-02T08:52:56Z INFO  librespot_playback::mixer::softmixer] Mixing with softvol and volume control: Log(60.0)
[2026-04-02T08:52:56Z INFO  librespot_playback::convert] Converting with ditherer: tpdf
[2026-04-02T08:52:56Z INFO  librespot_playback::audio_backend::pipe] Using StdoutSink (pipe) with format: S16
[2026-04-02T08:52:57Z INFO  librespot_core::session] Connecting to AP "ap-gue1.spotify.com:4070"
[2026-04-02T08:52:58Z INFO  librespot_core::session] Authenticated as 'paulster23' !
[2026-04-02T08:52:58Z INFO  librespot_core::session] Country: "US"
[2026-04-02T08:52:59Z INFO  librespot_core::spclient] Resolved "gue1-spclient.spotify.com:443" as spclient access point
[2026-04-02T08:52:59Z INFO  librespot_connect::spirc] active device is <> with session <490609d981734e7793cfd412d28f0e7a>
[2026-04-02T08:57:56Z INFO  librespot] librespot 0.8.0 VERGEN_IDEMPOTENT_OUTPUT (Built on 2025-11-10, Build ID: 1762793321, Profile: release)
[2026-04-02T08:57:56Z INFO  librespot_playback::mixer::softmixer] Mixing with softvol and volume control: Log(60.0)
[2026-04-02T08:57:56Z INFO  librespot_playback::convert] Converting with ditherer: tpdf
[2026-04-02T08:57:56Z INFO  librespot_playback::audio_backend::pipe] Using StdoutSink (pipe) with format: S16
[2026-04-02T08:57:58Z INFO  librespot_core::session] Connecting to AP "ap-gue1.spotify.com:4070"
[2026-04-02T08:57:58Z INFO  librespot_core::session] Authenticated as 'paulster23' !
[2026-04-02T08:57:58Z INFO  librespot_core::session] Country: "US"
[2026-04-02T08:57:59Z INFO  librespot_core::spclient] Resolved "gue1-spclient.spotify.com:443" as spclient access point
[2026-04-02T08:57:59Z INFO  librespot_connect::spirc] active device is <> with session <490609d981734e7793cfd412d28f0e7a>
[2026-04-02T09:02:57Z INFO  librespot] librespot 0.8.0 VERGEN_IDEMPOTENT_OUTPUT (Built on 2025-11-10, Build ID: 1762793321, Profile: release)
[2026-04-02T09:02:57Z INFO  librespot_playback::mixer::softmixer] Mixing with softvol and volume control: Log(60.0)
[2026-04-02T09:02:57Z INFO  librespot_playback::convert] Converting with ditherer: tpdf
[2026-04-02T09:02:57Z INFO  librespot_playback::audio_backend::pipe] Using StdoutSink (pipe) with format: S16
[2026-04-02T09:02:59Z INFO  librespot_core::session] Connecting to AP "ap-gue1.spotify.com:4070"
[2026-04-02T09:03:00Z INFO  librespot_core::session] Authenticated as 'paulster23' !
[2026-04-02T09:03:00Z INFO  librespot_core::session] Country: "US"
[2026-04-02T09:03:01Z INFO  librespot_core::spclient] Resolved "gue1-spclient.spotify.com:443" as spclient access point
[2026-04-02T09:03:01Z INFO  librespot_connect::spirc] active device is <> with session <490609d981734e7793cfd412d28f0e7a>
[2026-04-02T09:07:57Z INFO  librespot] librespot 0.8.0 VERGEN_IDEMPOTENT_OUTPUT (Built on 2025-11-10, Build ID: 1762793321, Profile: release)
[2026-04-02T09:07:57Z INFO  librespot_playback::mixer::softmixer] Mixing with softvol and volume control: Log(60.0)
[2026-04-02T09:07:57Z INFO  librespot_playback::convert] Converting with ditherer: tpdf
[2026-04-02T09:07:57Z INFO  librespot_playback::audio_backend::pipe] Using StdoutSink (pipe) with format: S16
[2026-04-02T09:07:58Z INFO  librespot_core::session] Connecting to AP "ap-gue1.spotify.com:4070"
[2026-04-02T09:07:58Z INFO  librespot_core::session] Authenticated as 'paulster23' !
[2026-04-02T09:07:58Z INFO  librespot_core::session] Country: "US"
[2026-04-02T09:07:59Z INFO  librespot_core::spclient] Resolved "gue1-spclient.spotify.com:443" as spclient access point
[2026-04-02T09:07:59Z INFO  librespot_connect::spirc] active device is <> with session <490609d981734e7793cfd412d28f0e7a>
[2026-04-02T09:12:57Z INFO  librespot] librespot 0.8.0 VERGEN_IDEMPOTENT_OUTPUT (Built on 2025-11-10, Build ID: 1762793321, Profile: release)
[2026-04-02T09:12:57Z INFO  librespot_playback::mixer::softmixer] Mixing with softvol and volume control: Log(60.0)
[2026-04-02T09:12:57Z INFO  librespot_playback::convert] Converting with ditherer: tpdf
[2026-04-02T09:12:57Z INFO  librespot_playback::audio_backend::pipe] Using StdoutSink (pipe) with format: S16
[2026-04-02T09:12:58Z INFO  librespot_core::session] Connecting to AP "ap-gue1.spotify.com:4070"
[2026-04-02T09:12:59Z INFO  librespot_core::session] Authenticated as 'paulster23' !
[2026-04-02T09:12:59Z INFO  librespot_core::session] Country: "US"
[2026-04-02T09:13:00Z INFO  librespot_core::spclient] Resolved "gue1-spclient.spotify.com:443" as spclient access point
[2026-04-02T09:13:00Z INFO  librespot_connect::spirc] active device is <> with session <490609d981734e7793cfd412d28f0e7a>
[2026-04-02T09:17:57Z INFO  librespot] librespot 0.8.0 VERGEN_IDEMPOTENT_OUTPUT (Built on 2025-11-10, Build ID: 1762793321, Profile: release)
[2026-04-02T09:17:57Z INFO  librespot_playback::mixer::softmixer] Mixing with softvol and volume control: Log(60.0)
[2026-04-02T09:17:57Z INFO  librespot_playback::convert] Converting with ditherer: tpdf
[2026-04-02T09:17:57Z INFO  librespot_playback::audio_backend::pipe] Using StdoutSink (pipe) with format: S16
[2026-04-02T09:17:57Z INFO  librespot_core::session] Connecting to AP "ap-gue1.spotify.com:4070"
[2026-04-02T09:17:58Z INFO  librespot_core::session] Authenticated as 'paulster23' !
[2026-04-02T09:17:58Z INFO  librespot_core::session] Country: "US"
[2026-04-02T09:17:59Z INFO  librespot_core::spclient] Resolved "gue1-spclient.spotify.com:443" as spclient access point
[2026-04-02T09:17:59Z INFO  librespot_connect::spirc] active device is <> with session <490609d981734e7793cfd412d28f0e7a>
[2026-04-02T09:22:57Z INFO  librespot] librespot 0.8.0 VERGEN_IDEMPOTENT_OUTPUT (Built on 2025-11-10, Build ID: 1762793321, Profile: release)
[2026-04-02T09:22:57Z INFO  librespot_playback::mixer::softmixer] Mixing with softvol and volume control: Log(60.0)
[2026-04-02T09:22:57Z INFO  librespot_playback::convert] Converting with ditherer: tpdf
[2026-04-02T09:22:57Z INFO  librespot_playback::audio_backend::pipe] Using StdoutSink (pipe) with format: S16
[2026-04-02T09:22:58Z INFO  librespot_core::session] Connecting to AP "ap-gue1.spotify.com:4070"
[2026-04-02T09:22:58Z INFO  librespot_core::session] Authenticated as 'paulster23' !
[2026-04-02T09:22:58Z INFO  librespot_core::session] Country: "US"
[2026-04-02T09:22:59Z INFO  librespot_core::spclient] Resolved "gue1-spclient.spotify.com:443" as spclient access point
[2026-04-02T09:22:59Z INFO  librespot_connect::spirc] active device is <> with session <490609d981734e7793cfd412d28f0e7a>
[2026-04-02T09:27:57Z INFO  librespot] librespot 0.8.0 VERGEN_IDEMPOTENT_OUTPUT (Built on 2025-11-10, Build ID: 1762793321, Profile: release)
[2026-04-02T09:27:57Z INFO  librespot_playback::mixer::softmixer] Mixing with softvol and volume control: Log(60.0)
[2026-04-02T09:27:57Z INFO  librespot_playback::convert] Converting with ditherer: tpdf
[2026-04-02T09:27:57Z INFO  librespot_playback::audio_backend::pipe] Using StdoutSink (pipe) with format: S16
[2026-04-02T09:27:58Z INFO  librespot_core::session] Connecting to AP "ap-gue1.spotify.com:4070"
[2026-04-02T09:27:58Z INFO  librespot_core::session] Authenticated as 'paulster23' !
[2026-04-02T09:27:58Z INFO  librespot_core::session] Country: "US"
[2026-04-02T09:27:59Z INFO  librespot_core::spclient] Resolved "gue1-spclient.spotify.com:443" as spclient access point
[2026-04-02T09:27:59Z INFO  librespot_connect::spirc] active device is <> with session <490609d981734e7793cfd412d28f0e7a>
[2026-04-02T09:32:57Z INFO  librespot] librespot 0.8.0 VERGEN_IDEMPOTENT_OUTPUT (Built on 2025-11-10, Build ID: 1762793321, Profile: release)
[2026-04-02T09:32:57Z INFO  librespot_playback::mixer::softmixer] Mixing with softvol and volume control: Log(60.0)
[2026-04-02T09:32:57Z INFO  librespot_playback::convert] Converting with ditherer: tpdf
[2026-04-02T09:32:57Z INFO  librespot_playback::audio_backend::pipe] Using StdoutSink (pipe) with format: S16
[2026-04-02T09:32:58Z INFO  librespot_core::session] Connecting to AP "ap-gue1.spotify.com:4070"
[2026-04-02T09:32:58Z INFO  librespot_core::session] Authenticated as 'paulster23' !
[2026-04-02T09:32:58Z INFO  librespot_core::session] Country: "US"
[2026-04-02T09:32:59Z INFO  librespot_core::spclient] Resolved "gue1-spclient.spotify.com:443" as spclient access point
[2026-04-02T09:32:59Z INFO  librespot_connect::spirc] active device is <> with session <490609d981734e7793cfd412d28f0e7a>
[2026-04-02T09:37:57Z INFO  librespot] librespot 0.8.0 VERGEN_IDEMPOTENT_OUTPUT (Built on 2025-11-10, Build ID: 1762793321, Profile: release)
[2026-04-02T09:37:57Z INFO  librespot_playback::mixer::softmixer] Mixing with softvol and volume control: Log(60.0)
[2026-04-02T09:37:57Z INFO  librespot_playback::convert] Converting with ditherer: tpdf
[2026-04-02T09:37:57Z INFO  librespot_playback::audio_backend::pipe] Using StdoutSink (pipe) with format: S16
[2026-04-02T09:37:58Z INFO  librespot_core::session] Connecting to AP "ap-gue1.spotify.com:4070"
[2026-04-02T09:37:58Z INFO  librespot_core::session] Authenticated as 'paulster23' !
[2026-04-02T09:37:58Z INFO  librespot_core::session] Country: "US"
[2026-04-02T09:37:59Z INFO  librespot_core::spclient] Resolved "gue1-spclient.spotify.com:443" as spclient access point
[2026-04-02T09:37:59Z INFO  librespot_connect::spirc] active device is <> with session <490609d981734e7793cfd412d28f0e7a>
[2026-04-02T09:42:57Z INFO  librespot] librespot 0.8.0 VERGEN_IDEMPOTENT_OUTPUT (Built on 2025-11-10, Build ID: 1762793321, Profile: release)
[2026-04-02T09:42:57Z INFO  librespot_playback::mixer::softmixer] Mixing with softvol and volume control: Log(60.0)
[2026-04-02T09:42:57Z INFO  librespot_playback::convert] Converting with ditherer: tpdf
[2026-04-02T09:42:57Z INFO  librespot_playback::audio_backend::pipe] Using StdoutSink (pipe) with format: S16
[2026-04-02T09:42:58Z INFO  librespot_core::session] Connecting to AP "ap-gue1.spotify.com:4070"
[2026-04-02T09:42:58Z INFO  librespot_core::session] Authenticated as 'paulster23' !
[2026-04-02T09:42:58Z INFO  librespot_core::session] Country: "US"
[2026-04-02T09:42:59Z INFO  librespot_core::spclient] Resolved "gue1-spclient.spotify.com:443" as spclient access point
[2026-04-02T09:42:59Z INFO  librespot_connect::spirc] active device is <> with session <490609d981734e7793cfd412d28f0e7a>
[2026-04-02T09:47:57Z INFO  librespot] librespot 0.8.0 VERGEN_IDEMPOTENT_OUTPUT (Built on 2025-11-10, Build ID: 1762793321, Profile: release)
[2026-04-02T09:47:57Z INFO  librespot_playback::mixer::softmixer] Mixing with softvol and volume control: Log(60.0)
[2026-04-02T09:47:57Z INFO  librespot_playback::convert] Converting with ditherer: tpdf
[2026-04-02T09:47:57Z INFO  librespot_playback::audio_backend::pipe] Using StdoutSink (pipe) with format: S16
[2026-04-02T09:47:58Z INFO  librespot_core::session] Connecting to AP "ap-gue1.spotify.com:4070"
[2026-04-02T09:47:58Z INFO  librespot_core::session] Authenticated as 'paulster23' !
[2026-04-02T09:47:58Z INFO  librespot_core::session] Country: "US"
[2026-04-02T09:47:59Z INFO  librespot_core::spclient] Resolved "gue1-spclient.spotify.com:443" as spclient access point
[2026-04-02T09:47:59Z INFO  librespot_connect::spirc] active device is <> with session <490609d981734e7793cfd412d28f0e7a>
[2026-04-02T09:52:58Z INFO  librespot] librespot 0.8.0 VERGEN_IDEMPOTENT_OUTPUT (Built on 2025-11-10, Build ID: 1762793321, Profile: release)
[2026-04-02T09:52:58Z INFO  librespot_playback::mixer::softmixer] Mixing with softvol and volume control: Log(60.0)
[2026-04-02T09:52:58Z INFO  librespot_playback::convert] Converting with ditherer: tpdf
[2026-04-02T09:52:58Z INFO  librespot_playback::audio_backend::pipe] Using StdoutSink (pipe) with format: S16
[2026-04-02T09:52:58Z INFO  librespot_core::session] Connecting to AP "ap-gue1.spotify.com:4070"
[2026-04-02T09:52:58Z INFO  librespot_core::session] Authenticated as 'paulster23' !
[2026-04-02T09:52:58Z INFO  librespot_core::session] Country: "US"
[2026-04-02T09:52:59Z INFO  librespot_core::spclient] Resolved "gue1-spclient.spotify.com:443" as spclient access point
[2026-04-02T09:52:59Z INFO  librespot_connect::spirc] active device is <> with session <490609d981734e7793cfd412d28f0e7a>
[2026-04-02T09:57:58Z INFO  librespot] librespot 0.8.0 VERGEN_IDEMPOTENT_OUTPUT (Built on 2025-11-10, Build ID: 1762793321, Profile: release)
[2026-04-02T09:57:58Z INFO  librespot_playback::mixer::softmixer] Mixing with softvol and volume control: Log(60.0)
[2026-04-02T09:57:58Z INFO  librespot_playback::convert] Converting with ditherer: tpdf
[2026-04-02T09:57:58Z INFO  librespot_playback::audio_backend::pipe] Using StdoutSink (pipe) with format: S16
[2026-04-02T09:57:58Z INFO  librespot_core::session] Connecting to AP "ap-gue1.spotify.com:4070"
[2026-04-02T09:57:59Z INFO  librespot_core::session] Authenticated as 'paulster23' !
[2026-04-02T09:57:59Z INFO  librespot_core::session] Country: "US"
[2026-04-02T09:57:59Z INFO  librespot_core::spclient] Resolved "gue1-spclient.spotify.com:443" as spclient access point
[2026-04-02T09:58:00Z INFO  librespot_connect::spirc] active device is <> with session <490609d981734e7793cfd412d28f0e7a>
[2026-04-02T10:02:58Z INFO  librespot] librespot 0.8.0 VERGEN_IDEMPOTENT_OUTPUT (Built on 2025-11-10, Build ID: 1762793321, Profile: release)
[2026-04-02T10:02:58Z INFO  librespot_playback::mixer::softmixer] Mixing with softvol and volume control: Log(60.0)
[2026-04-02T10:02:58Z INFO  librespot_playback::convert] Converting with ditherer: tpdf
[2026-04-02T10:02:58Z INFO  librespot_playback::audio_backend::pipe] Using StdoutSink (pipe) with format: S16
[2026-04-02T10:02:59Z INFO  librespot_core::session] Connecting to AP "ap-gue1.spotify.com:4070"
[2026-04-02T10:02:59Z INFO  librespot_core::session] Authenticated as 'paulster23' !
[2026-04-02T10:02:59Z INFO  librespot_core::session] Country: "US"
[2026-04-02T10:02:59Z INFO  librespot_core::spclient] Resolved "gue1-spclient.spotify.com:443" as spclient access point
[2026-04-02T10:03:00Z INFO  librespot_connect::spirc] active device is <> with session <490609d981734e7793cfd412d28f0e7a>
[2026-04-02T10:07:58Z INFO  librespot] librespot 0.8.0 VERGEN_IDEMPOTENT_OUTPUT (Built on 2025-11-10, Build ID: 1762793321, Profile: release)
[2026-04-02T10:07:58Z INFO  librespot_playback::mixer::softmixer] Mixing with softvol and volume control: Log(60.0)
[2026-04-02T10:07:58Z INFO  librespot_playback::convert] Converting with ditherer: tpdf
[2026-04-02T10:07:58Z INFO  librespot_playback::audio_backend::pipe] Using StdoutSink (pipe) with format: S16
[2026-04-02T10:07:59Z INFO  librespot_core::session] Connecting to AP "ap-gue1.spotify.com:4070"
[2026-04-02T10:07:59Z INFO  librespot_core::session] Authenticated as 'paulster23' !
[2026-04-02T10:07:59Z INFO  librespot_core::session] Country: "US"
[2026-04-02T10:08:00Z INFO  librespot_core::spclient] Resolved "gue1-spclient.spotify.com:443" as spclient access point
[2026-04-02T10:08:01Z INFO  librespot_connect::spirc] active device is <> with session <490609d981734e7793cfd412d28f0e7a>
[2026-04-02T10:12:58Z INFO  librespot] librespot 0.8.0 VERGEN_IDEMPOTENT_OUTPUT (Built on 2025-11-10, Build ID: 1762793321, Profile: release)
[2026-04-02T10:12:58Z INFO  librespot_playback::mixer::softmixer] Mixing with softvol and volume control: Log(60.0)
[2026-04-02T10:12:58Z INFO  librespot_playback::convert] Converting with ditherer: tpdf
[2026-04-02T10:12:58Z INFO  librespot_playback::audio_backend::pipe] Using StdoutSink (pipe) with format: S16
[2026-04-02T10:12:59Z INFO  librespot_core::session] Connecting to AP "ap-gue1.spotify.com:4070"
[2026-04-02T10:12:59Z INFO  librespot_core::session] Authenticated as 'paulster23' !
[2026-04-02T10:12:59Z INFO  librespot_core::session] Country: "US"
[2026-04-02T10:13:00Z INFO  librespot_core::spclient] Resolved "gue1-spclient.spotify.com:443" as spclient access point
[2026-04-02T10:13:00Z INFO  librespot_connect::spirc] active device is <> with session <490609d981734e7793cfd412d28f0e7a>
[2026-04-02T10:16:28Z ERROR librespot_core::session] Connection to server closed.
[2026-04-02T10:17:58Z INFO  librespot] librespot 0.8.0 VERGEN_IDEMPOTENT_OUTPUT (Built on 2025-11-10, Build ID: 1762793321, Profile: release)
[2026-04-02T10:17:58Z INFO  librespot_playback::mixer::softmixer] Mixing with softvol and volume control: Log(60.0)
[2026-04-02T10:17:58Z INFO  librespot_playback::convert] Converting with ditherer: tpdf
[2026-04-02T10:17:58Z INFO  librespot_playback::audio_backend::pipe] Using StdoutSink (pipe) with format: S16
[2026-04-02T10:17:59Z INFO  librespot_core::session] Connecting to AP "ap-gue1.spotify.com:4070"
[2026-04-02T10:17:59Z INFO  librespot_core::session] Authenticated as 'paulster23' !
[2026-04-02T10:17:59Z INFO  librespot_core::session] Country: "US"
[2026-04-02T10:18:00Z INFO  librespot_core::spclient] Resolved "gue1-spclient.spotify.com:443" as spclient access point
[2026-04-02T10:18:00Z INFO  librespot_connect::spirc] active device is <> with session <490609d981734e7793cfd412d28f0e7a>
[2026-04-02T10:22:58Z INFO  librespot] librespot 0.8.0 VERGEN_IDEMPOTENT_OUTPUT (Built on 2025-11-10, Build ID: 1762793321, Profile: release)
[2026-04-02T10:22:58Z INFO  librespot_playback::mixer::softmixer] Mixing with softvol and volume control: Log(60.0)
[2026-04-02T10:22:58Z INFO  librespot_playback::convert] Converting with ditherer: tpdf
[2026-04-02T10:22:58Z INFO  librespot_playback::audio_backend::pipe] Using StdoutSink (pipe) with format: S16
[2026-04-02T10:22:59Z INFO  librespot_core::session] Connecting to AP "ap-gue1.spotify.com:4070"
[2026-04-02T10:22:59Z INFO  librespot_core::session] Authenticated as 'paulster23' !
[2026-04-02T10:22:59Z INFO  librespot_core::session] Country: "US"
[2026-04-02T10:23:00Z INFO  librespot_core::spclient] Resolved "gue1-spclient.spotify.com:443" as spclient access point
[2026-04-02T10:23:00Z INFO  librespot_connect::spirc] active device is <> with session <490609d981734e7793cfd412d28f0e7a>
[2026-04-02T10:27:58Z INFO  librespot] librespot 0.8.0 VERGEN_IDEMPOTENT_OUTPUT (Built on 2025-11-10, Build ID: 1762793321, Profile: release)
[2026-04-02T10:27:58Z INFO  librespot_playback::mixer::softmixer] Mixing with softvol and volume control: Log(60.0)
[2026-04-02T10:27:58Z INFO  librespot_playback::convert] Converting with ditherer: tpdf
[2026-04-02T10:27:58Z INFO  librespot_playback::audio_backend::pipe] Using StdoutSink (pipe) with format: S16
[2026-04-02T10:27:59Z INFO  librespot_core::session] Connecting to AP "ap-gue1.spotify.com:4070"
[2026-04-02T10:27:59Z INFO  librespot_core::session] Authenticated as 'paulster23' !
[2026-04-02T10:27:59Z INFO  librespot_core::session] Country: "US"
[2026-04-02T10:28:00Z INFO  librespot_core::spclient] Resolved "gue1-spclient.spotify.com:443" as spclient access point
[2026-04-02T10:28:00Z INFO  librespot_connect::spirc] active device is <> with session <490609d981734e7793cfd412d28f0e7a>
[2026-04-02T10:32:58Z INFO  librespot] librespot 0.8.0 VERGEN_IDEMPOTENT_OUTPUT (Built on 2025-11-10, Build ID: 1762793321, Profile: release)
[2026-04-02T10:32:58Z INFO  librespot_playback::mixer::softmixer] Mixing with softvol and volume control: Log(60.0)
[2026-04-02T10:32:58Z INFO  librespot_playback::convert] Converting with ditherer: tpdf
[2026-04-02T10:32:58Z INFO  librespot_playback::audio_backend::pipe] Using StdoutSink (pipe) with format: S16
[2026-04-02T10:32:59Z INFO  librespot_core::session] Connecting to AP "ap-gue1.spotify.com:4070"
[2026-04-02T10:32:59Z INFO  librespot_core::session] Authenticated as 'paulster23' !
[2026-04-02T10:32:59Z INFO  librespot_core::session] Country: "US"
[2026-04-02T10:33:00Z INFO  librespot_core::spclient] Resolved "gue1-spclient.spotify.com:443" as spclient access point
[2026-04-02T10:33:00Z INFO  librespot_connect::spirc] active device is <> with session <490609d981734e7793cfd412d28f0e7a>
[2026-04-02T10:37:59Z INFO  librespot] librespot 0.8.0 VERGEN_IDEMPOTENT_OUTPUT (Built on 2025-11-10, Build ID: 1762793321, Profile: release)
[2026-04-02T10:37:59Z INFO  librespot_playback::mixer::softmixer] Mixing with softvol and volume control: Log(60.0)
[2026-04-02T10:37:59Z INFO  librespot_playback::convert] Converting with ditherer: tpdf
[2026-04-02T10:37:59Z INFO  librespot_playback::audio_backend::pipe] Using StdoutSink (pipe) with format: S16
[2026-04-02T10:37:59Z INFO  librespot_core::session] Connecting to AP "ap-gue1.spotify.com:4070"
[2026-04-02T10:38:00Z INFO  librespot_core::session] Authenticated as 'paulster23' !
[2026-04-02T10:38:00Z INFO  librespot_core::session] Country: "US"
[2026-04-02T10:38:00Z INFO  librespot_core::spclient] Resolved "gue1-spclient.spotify.com:443" as spclient access point
[2026-04-02T10:38:01Z INFO  librespot_connect::spirc] active device is <> with session <490609d981734e7793cfd412d28f0e7a>
[2026-04-02T10:42:59Z INFO  librespot] librespot 0.8.0 VERGEN_IDEMPOTENT_OUTPUT (Built on 2025-11-10, Build ID: 1762793321, Profile: release)
[2026-04-02T10:42:59Z INFO  librespot_playback::mixer::softmixer] Mixing with softvol and volume control: Log(60.0)
[2026-04-02T10:42:59Z INFO  librespot_playback::convert] Converting with ditherer: tpdf
[2026-04-02T10:42:59Z INFO  librespot_playback::audio_backend::pipe] Using StdoutSink (pipe) with format: S16
[2026-04-02T10:42:59Z INFO  librespot_core::session] Connecting to AP "ap-gue1.spotify.com:4070"
[2026-04-02T10:43:00Z INFO  librespot_core::session] Authenticated as 'paulster23' !
[2026-04-02T10:43:00Z INFO  librespot_core::session] Country: "US"
[2026-04-02T10:43:00Z INFO  librespot_core::spclient] Resolved "gue1-spclient.spotify.com:443" as spclient access point
[2026-04-02T10:43:00Z INFO  librespot_connect::spirc] active device is <> with session <490609d981734e7793cfd412d28f0e7a>
[2026-04-02T10:47:59Z INFO  librespot] librespot 0.8.0 VERGEN_IDEMPOTENT_OUTPUT (Built on 2025-11-10, Build ID: 1762793321, Profile: release)
[2026-04-02T10:47:59Z INFO  librespot_playback::mixer::softmixer] Mixing with softvol and volume control: Log(60.0)
[2026-04-02T10:47:59Z INFO  librespot_playback::convert] Converting with ditherer: tpdf
[2026-04-02T10:47:59Z INFO  librespot_playback::audio_backend::pipe] Using StdoutSink (pipe) with format: S16
[2026-04-02T10:47:59Z INFO  librespot_core::session] Connecting to AP "ap-gue1.spotify.com:4070"
[2026-04-02T10:48:00Z INFO  librespot_core::session] Authenticated as 'paulster23' !
[2026-04-02T10:48:00Z INFO  librespot_core::session] Country: "US"
[2026-04-02T10:48:00Z INFO  librespot_core::spclient] Resolved "gue1-spclient.spotify.com:443" as spclient access point
[2026-04-02T10:48:00Z INFO  librespot_connect::spirc] active device is <> with session <490609d981734e7793cfd412d28f0e7a>
[2026-04-02T10:52:59Z INFO  librespot] librespot 0.8.0 VERGEN_IDEMPOTENT_OUTPUT (Built on 2025-11-10, Build ID: 1762793321, Profile: release)
[2026-04-02T10:52:59Z INFO  librespot_playback::mixer::softmixer] Mixing with softvol and volume control: Log(60.0)
[2026-04-02T10:52:59Z INFO  librespot_playback::convert] Converting with ditherer: tpdf
[2026-04-02T10:52:59Z INFO  librespot_playback::audio_backend::pipe] Using StdoutSink (pipe) with format: S16
[2026-04-02T10:53:00Z INFO  librespot_core::session] Connecting to AP "ap-gue1.spotify.com:4070"
[2026-04-02T10:53:00Z INFO  librespot_core::session] Authenticated as 'paulster23' !
[2026-04-02T10:53:00Z INFO  librespot_core::session] Country: "US"
[2026-04-02T10:53:00Z INFO  librespot_core::spclient] Resolved "gue1-spclient.spotify.com:443" as spclient access point
[2026-04-02T10:53:01Z INFO  librespot_connect::spirc] active device is <> with session <490609d981734e7793cfd412d28f0e7a>
[2026-04-02T10:57:59Z INFO  librespot] librespot 0.8.0 VERGEN_IDEMPOTENT_OUTPUT (Built on 2025-11-10, Build ID: 1762793321, Profile: release)
[2026-04-02T10:57:59Z INFO  librespot_playback::mixer::softmixer] Mixing with softvol and volume control: Log(60.0)
[2026-04-02T10:57:59Z INFO  librespot_playback::convert] Converting with ditherer: tpdf
[2026-04-02T10:57:59Z INFO  librespot_playback::audio_backend::pipe] Using StdoutSink (pipe) with format: S16
[2026-04-02T10:58:00Z INFO  librespot_core::session] Connecting to AP "ap-gue1.spotify.com:4070"
[2026-04-02T10:58:00Z INFO  librespot_core::session] Authenticated as 'paulster23' !
[2026-04-02T10:58:00Z INFO  librespot_core::session] Country: "US"
[2026-04-02T10:58:01Z INFO  librespot_core::spclient] Resolved "gue1-spclient.spotify.com:443" as spclient access point
[2026-04-02T10:58:01Z INFO  librespot_connect::spirc] active device is <> with session <490609d981734e7793cfd412d28f0e7a>
[2026-04-02T11:02:59Z INFO  librespot] librespot 0.8.0 VERGEN_IDEMPOTENT_OUTPUT (Built on 2025-11-10, Build ID: 1762793321, Profile: release)
[2026-04-02T11:02:59Z INFO  librespot_playback::mixer::softmixer] Mixing with softvol and volume control: Log(60.0)
[2026-04-02T11:02:59Z INFO  librespot_playback::convert] Converting with ditherer: tpdf
[2026-04-02T11:02:59Z INFO  librespot_playback::audio_backend::pipe] Using StdoutSink (pipe) with format: S16
[2026-04-02T11:03:00Z INFO  librespot_core::session] Connecting to AP "ap-gue1.spotify.com:4070"
[2026-04-02T11:03:00Z INFO  librespot_core::session] Authenticated as 'paulster23' !
[2026-04-02T11:03:00Z INFO  librespot_core::session] Country: "US"
[2026-04-02T11:03:01Z INFO  librespot_core::spclient] Resolved "gue1-spclient.spotify.com:443" as spclient access point
[2026-04-02T11:03:01Z INFO  librespot_connect::spirc] active device is <> with session <490609d981734e7793cfd412d28f0e7a>
[2026-04-02T11:07:59Z INFO  librespot] librespot 0.8.0 VERGEN_IDEMPOTENT_OUTPUT (Built on 2025-11-10, Build ID: 1762793321, Profile: release)
[2026-04-02T11:07:59Z INFO  librespot_playback::mixer::softmixer] Mixing with softvol and volume control: Log(60.0)
[2026-04-02T11:07:59Z INFO  librespot_playback::convert] Converting with ditherer: tpdf
[2026-04-02T11:07:59Z INFO  librespot_playback::audio_backend::pipe] Using StdoutSink (pipe) with format: S16
[2026-04-02T11:08:00Z INFO  librespot_core::session] Connecting to AP "ap-gue1.spotify.com:4070"
[2026-04-02T11:08:00Z INFO  librespot_core::session] Authenticated as 'paulster23' !
[2026-04-02T11:08:00Z INFO  librespot_core::session] Country: "US"
[2026-04-02T11:08:01Z INFO  librespot_core::spclient] Resolved "gue1-spclient.spotify.com:443" as spclient access point
[2026-04-02T11:08:01Z INFO  librespot_connect::spirc] active device is <> with session <490609d981734e7793cfd412d28f0e7a>
[2026-04-02T11:12:59Z INFO  librespot] librespot 0.8.0 VERGEN_IDEMPOTENT_OUTPUT (Built on 2025-11-10, Build ID: 1762793321, Profile: release)
[2026-04-02T11:12:59Z INFO  librespot_playback::mixer::softmixer] Mixing with softvol and volume control: Log(60.0)
[2026-04-02T11:12:59Z INFO  librespot_playback::convert] Converting with ditherer: tpdf
[2026-04-02T11:12:59Z INFO  librespot_playback::audio_backend::pipe] Using StdoutSink (pipe) with format: S16
[2026-04-02T11:13:00Z INFO  librespot_core::session] Connecting to AP "ap-gue1.spotify.com:4070"
[2026-04-02T11:13:00Z INFO  librespot_core::session] Authenticated as 'paulster23' !
[2026-04-02T11:13:00Z INFO  librespot_core::session] Country: "US"
[2026-04-02T11:13:01Z INFO  librespot_core::spclient] Resolved "gue1-spclient.spotify.com:443" as spclient access point
[2026-04-02T11:13:01Z INFO  librespot_connect::spirc] active device is <> with session <490609d981734e7793cfd412d28f0e7a>
[2026-04-02T11:18:00Z INFO  librespot] librespot 0.8.0 VERGEN_IDEMPOTENT_OUTPUT (Built on 2025-11-10, Build ID: 1762793321, Profile: release)
[2026-04-02T11:18:00Z INFO  librespot_playback::mixer::softmixer] Mixing with softvol and volume control: Log(60.0)
[2026-04-02T11:18:00Z INFO  librespot_playback::convert] Converting with ditherer: tpdf
[2026-04-02T11:18:00Z INFO  librespot_playback::audio_backend::pipe] Using StdoutSink (pipe) with format: S16
[2026-04-02T11:18:00Z INFO  librespot_core::session] Connecting to AP "ap-gue1.spotify.com:4070"
[2026-04-02T11:18:00Z INFO  librespot_core::session] Authenticated as 'paulster23' !
[2026-04-02T11:18:00Z INFO  librespot_core::session] Country: "US"
[2026-04-02T11:18:01Z INFO  librespot_core::spclient] Resolved "gue1-spclient.spotify.com:443" as spclient access point
[2026-04-02T11:18:01Z INFO  librespot_connect::spirc] active device is <> with session <490609d981734e7793cfd412d28f0e7a>
[2026-04-02T11:23:00Z INFO  librespot] librespot 0.8.0 VERGEN_IDEMPOTENT_OUTPUT (Built on 2025-11-10, Build ID: 1762793321, Profile: release)
[2026-04-02T11:23:00Z INFO  librespot_playback::mixer::softmixer] Mixing with softvol and volume control: Log(60.0)
[2026-04-02T11:23:00Z INFO  librespot_playback::convert] Converting with ditherer: tpdf
[2026-04-02T11:23:00Z INFO  librespot_playback::audio_backend::pipe] Using StdoutSink (pipe) with format: S16
[2026-04-02T11:23:00Z INFO  librespot_core::session] Connecting to AP "ap-gue1.spotify.com:4070"
[2026-04-02T11:23:01Z INFO  librespot_core::session] Authenticated as 'paulster23' !
[2026-04-02T11:23:01Z INFO  librespot_core::session] Country: "US"
[2026-04-02T11:23:01Z INFO  librespot_core::spclient] Resolved "gue1-spclient.spotify.com:443" as spclient access point
[2026-04-02T11:23:02Z INFO  librespot_connect::spirc] active device is <> with session <490609d981734e7793cfd412d28f0e7a>
[2026-04-02T11:28:00Z INFO  librespot] librespot 0.8.0 VERGEN_IDEMPOTENT_OUTPUT (Built on 2025-11-10, Build ID: 1762793321, Profile: release)
[2026-04-02T11:28:00Z INFO  librespot_playback::mixer::softmixer] Mixing with softvol and volume control: Log(60.0)
[2026-04-02T11:28:00Z INFO  librespot_playback::convert] Converting with ditherer: tpdf
[2026-04-02T11:28:00Z INFO  librespot_playback::audio_backend::pipe] Using StdoutSink (pipe) with format: S16
[2026-04-02T11:28:01Z INFO  librespot_core::session] Connecting to AP "ap-gue1.spotify.com:4070"
[2026-04-02T11:28:03Z INFO  librespot_core::session] Authenticated as 'paulster23' !
[2026-04-02T11:28:03Z INFO  librespot_core::session] Country: "US"
[2026-04-02T11:28:04Z INFO  librespot_core::spclient] Resolved "gue1-spclient.spotify.com:443" as spclient access point
[2026-04-02T11:28:04Z INFO  librespot_connect::spirc] active device is <> with session <490609d981734e7793cfd412d28f0e7a>
[2026-04-02T11:33:00Z INFO  librespot] librespot 0.8.0 VERGEN_IDEMPOTENT_OUTPUT (Built on 2025-11-10, Build ID: 1762793321, Profile: release)
[2026-04-02T11:33:00Z INFO  librespot_playback::mixer::softmixer] Mixing with softvol and volume control: Log(60.0)
[2026-04-02T11:33:00Z INFO  librespot_playback::convert] Converting with ditherer: tpdf
[2026-04-02T11:33:00Z INFO  librespot_playback::audio_backend::pipe] Using StdoutSink (pipe) with format: S16
[2026-04-02T11:33:01Z INFO  librespot_core::session] Connecting to AP "ap-gue1.spotify.com:4070"
[2026-04-02T11:33:01Z INFO  librespot_core::session] Authenticated as 'paulster23' !
[2026-04-02T11:33:01Z INFO  librespot_core::session] Country: "US"
[2026-04-02T11:33:01Z INFO  librespot_core::spclient] Resolved "gue1-spclient.spotify.com:443" as spclient access point
[2026-04-02T11:33:01Z INFO  librespot_connect::spirc] active device is <> with session <490609d981734e7793cfd412d28f0e7a>
[2026-04-02T11:38:00Z INFO  librespot] librespot 0.8.0 VERGEN_IDEMPOTENT_OUTPUT (Built on 2025-11-10, Build ID: 1762793321, Profile: release)
[2026-04-02T11:38:00Z INFO  librespot_playback::mixer::softmixer] Mixing with softvol and volume control: Log(60.0)
[2026-04-02T11:38:00Z INFO  librespot_playback::convert] Converting with ditherer: tpdf
[2026-04-02T11:38:00Z INFO  librespot_playback::audio_backend::pipe] Using StdoutSink (pipe) with format: S16
[2026-04-02T11:38:01Z INFO  librespot_core::session] Connecting to AP "ap-gue1.spotify.com:4070"
[2026-04-02T11:38:01Z INFO  librespot_core::session] Authenticated as 'paulster23' !
[2026-04-02T11:38:01Z INFO  librespot_core::session] Country: "US"
[2026-04-02T11:38:01Z INFO  librespot_core::spclient] Resolved "gue1-spclient.spotify.com:443" as spclient access point
[2026-04-02T11:38:02Z INFO  librespot_connect::spirc] active device is <> with session <490609d981734e7793cfd412d28f0e7a>
[2026-04-02T11:43:00Z INFO  librespot] librespot 0.8.0 VERGEN_IDEMPOTENT_OUTPUT (Built on 2025-11-10, Build ID: 1762793321, Profile: release)
[2026-04-02T11:43:00Z INFO  librespot_playback::mixer::softmixer] Mixing with softvol and volume control: Log(60.0)
[2026-04-02T11:43:00Z INFO  librespot_playback::convert] Converting with ditherer: tpdf
[2026-04-02T11:43:00Z INFO  librespot_playback::audio_backend::pipe] Using StdoutSink (pipe) with format: S16
[2026-04-02T11:43:01Z INFO  librespot_core::session] Connecting to AP "ap-gue1.spotify.com:4070"
[2026-04-02T11:43:01Z INFO  librespot_core::session] Authenticated as 'paulster23' !
[2026-04-02T11:43:01Z INFO  librespot_core::session] Country: "US"
[2026-04-02T11:43:02Z INFO  librespot_core::spclient] Resolved "gue1-spclient.spotify.com:443" as spclient access point
[2026-04-02T11:43:02Z INFO  librespot_connect::spirc] active device is <> with session <490609d981734e7793cfd412d28f0e7a>
[2026-04-02T11:48:00Z INFO  librespot] librespot 0.8.0 VERGEN_IDEMPOTENT_OUTPUT (Built on 2025-11-10, Build ID: 1762793321, Profile: release)
[2026-04-02T11:48:00Z INFO  librespot_playback::mixer::softmixer] Mixing with softvol and volume control: Log(60.0)
[2026-04-02T11:48:00Z INFO  librespot_playback::convert] Converting with ditherer: tpdf
[2026-04-02T11:48:00Z INFO  librespot_playback::audio_backend::pipe] Using StdoutSink (pipe) with format: S16
[2026-04-02T11:48:01Z INFO  librespot_core::session] Connecting to AP "ap-gue1.spotify.com:4070"
[2026-04-02T11:48:01Z INFO  librespot_core::session] Authenticated as 'paulster23' !
[2026-04-02T11:48:01Z INFO  librespot_core::session] Country: "US"
[2026-04-02T11:48:02Z INFO  librespot_core::spclient] Resolved "gue1-spclient.spotify.com:443" as spclient access point
[2026-04-02T11:48:02Z INFO  librespot_connect::spirc] active device is <> with session <490609d981734e7793cfd412d28f0e7a>
[2026-04-02T11:53:00Z INFO  librespot] librespot 0.8.0 VERGEN_IDEMPOTENT_OUTPUT (Built on 2025-11-10, Build ID: 1762793321, Profile: release)
[2026-04-02T11:53:00Z INFO  librespot_playback::mixer::softmixer] Mixing with softvol and volume control: Log(60.0)
[2026-04-02T11:53:00Z INFO  librespot_playback::convert] Converting with ditherer: tpdf
[2026-04-02T11:53:00Z INFO  librespot_playback::audio_backend::pipe] Using StdoutSink (pipe) with format: S16
[2026-04-02T11:53:01Z INFO  librespot_core::session] Connecting to AP "ap-gue1.spotify.com:4070"
[2026-04-02T11:53:01Z INFO  librespot_core::session] Authenticated as 'paulster23' !
[2026-04-02T11:53:01Z INFO  librespot_core::session] Country: "US"
[2026-04-02T11:53:02Z INFO  librespot_core::spclient] Resolved "gue1-spclient.spotify.com:443" as spclient access point
[2026-04-02T11:53:02Z INFO  librespot_connect::spirc] active device is <> with session <490609d981734e7793cfd412d28f0e7a>
[2026-04-02T11:58:00Z INFO  librespot] librespot 0.8.0 VERGEN_IDEMPOTENT_OUTPUT (Built on 2025-11-10, Build ID: 1762793321, Profile: release)
[2026-04-02T11:58:00Z INFO  librespot_playback::mixer::softmixer] Mixing with softvol and volume control: Log(60.0)
[2026-04-02T11:58:00Z INFO  librespot_playback::convert] Converting with ditherer: tpdf
[2026-04-02T11:58:00Z INFO  librespot_playback::audio_backend::pipe] Using StdoutSink (pipe) with format: S16
[2026-04-02T11:58:01Z INFO  librespot_core::session] Connecting to AP "ap-gue1.spotify.com:4070"
[2026-04-02T11:58:02Z INFO  librespot_core::session] Authenticated as 'paulster23' !
[2026-04-02T11:58:02Z INFO  librespot_core::session] Country: "US"
[2026-04-02T11:58:02Z INFO  librespot_core::spclient] Resolved "gue1-spclient.spotify.com:443" as spclient access point
[2026-04-02T11:58:03Z INFO  librespot_connect::spirc] active device is <> with session <490609d981734e7793cfd412d28f0e7a>
[2026-04-02T12:03:01Z INFO  librespot] librespot 0.8.0 VERGEN_IDEMPOTENT_OUTPUT (Built on 2025-11-10, Build ID: 1762793321, Profile: release)
[2026-04-02T12:03:01Z INFO  librespot_playback::mixer::softmixer] Mixing with softvol and volume control: Log(60.0)
[2026-04-02T12:03:01Z INFO  librespot_playback::convert] Converting with ditherer: tpdf
[2026-04-02T12:03:01Z INFO  librespot_playback::audio_backend::pipe] Using StdoutSink (pipe) with format: S16
[2026-04-02T12:03:01Z INFO  librespot_core::session] Connecting to AP "ap-gue1.spotify.com:4070"
[2026-04-02T12:03:02Z INFO  librespot_core::session] Authenticated as 'paulster23' !
[2026-04-02T12:03:02Z INFO  librespot_core::session] Country: "US"
[2026-04-02T12:03:02Z INFO  librespot_core::spclient] Resolved "gue1-spclient.spotify.com:443" as spclient access point
[2026-04-02T12:03:02Z INFO  librespot_connect::spirc] active device is <> with session <490609d981734e7793cfd412d28f0e7a>
[2026-04-02T12:08:01Z INFO  librespot] librespot 0.8.0 VERGEN_IDEMPOTENT_OUTPUT (Built on 2025-11-10, Build ID: 1762793321, Profile: release)
[2026-04-02T12:08:01Z INFO  librespot_playback::mixer::softmixer] Mixing with softvol and volume control: Log(60.0)
[2026-04-02T12:08:01Z INFO  librespot_playback::convert] Converting with ditherer: tpdf
[2026-04-02T12:08:01Z INFO  librespot_playback::audio_backend::pipe] Using StdoutSink (pipe) with format: S16
[2026-04-02T12:08:01Z INFO  librespot_core::session] Connecting to AP "ap-gue1.spotify.com:4070"
[2026-04-02T12:08:02Z INFO  librespot_core::session] Authenticated as 'paulster23' !
[2026-04-02T12:08:02Z INFO  librespot_core::session] Country: "US"
[2026-04-02T12:08:02Z INFO  librespot_core::spclient] Resolved "gue1-spclient.spotify.com:443" as spclient access point
[2026-04-02T12:08:02Z INFO  librespot_connect::spirc] active device is <> with session <490609d981734e7793cfd412d28f0e7a>
[2026-04-02T12:13:01Z INFO  librespot] librespot 0.8.0 VERGEN_IDEMPOTENT_OUTPUT (Built on 2025-11-10, Build ID: 1762793321, Profile: release)
[2026-04-02T12:13:01Z INFO  librespot_playback::mixer::softmixer] Mixing with softvol and volume control: Log(60.0)
[2026-04-02T12:13:01Z INFO  librespot_playback::convert] Converting with ditherer: tpdf
[2026-04-02T12:13:01Z INFO  librespot_playback::audio_backend::pipe] Using StdoutSink (pipe) with format: S16
[2026-04-02T12:13:02Z INFO  librespot_core::session] Connecting to AP "ap-gue1.spotify.com:4070"
[2026-04-02T12:13:02Z INFO  librespot_core::session] Authenticated as 'paulster23' !
[2026-04-02T12:13:02Z INFO  librespot_core::session] Country: "US"
[2026-04-02T12:13:03Z INFO  librespot_core::spclient] Resolved "gue1-spclient.spotify.com:443" as spclient access point
[2026-04-02T12:13:03Z INFO  librespot_connect::spirc] active device is <> with session <490609d981734e7793cfd412d28f0e7a>
[2026-04-02T12:18:01Z INFO  librespot] librespot 0.8.0 VERGEN_IDEMPOTENT_OUTPUT (Built on 2025-11-10, Build ID: 1762793321, Profile: release)
[2026-04-02T12:18:01Z INFO  librespot_playback::mixer::softmixer] Mixing with softvol and volume control: Log(60.0)
[2026-04-02T12:18:01Z INFO  librespot_playback::convert] Converting with ditherer: tpdf
[2026-04-02T12:18:01Z INFO  librespot_playback::audio_backend::pipe] Using StdoutSink (pipe) with format: S16
[2026-04-02T12:18:02Z INFO  librespot_core::session] Connecting to AP "ap-gue1.spotify.com:4070"
[2026-04-02T12:18:02Z INFO  librespot_core::session] Authenticated as 'paulster23' !
[2026-04-02T12:18:02Z INFO  librespot_core::session] Country: "US"
[2026-04-02T12:18:03Z INFO  librespot_core::spclient] Resolved "gue1-spclient.spotify.com:443" as spclient access point
[2026-04-02T12:18:03Z INFO  librespot_connect::spirc] active device is <> with session <490609d981734e7793cfd412d28f0e7a>
[2026-04-02T12:23:01Z INFO  librespot] librespot 0.8.0 VERGEN_IDEMPOTENT_OUTPUT (Built on 2025-11-10, Build ID: 1762793321, Profile: release)
[2026-04-02T12:23:01Z INFO  librespot_playback::mixer::softmixer] Mixing with softvol and volume control: Log(60.0)
[2026-04-02T12:23:01Z INFO  librespot_playback::convert] Converting with ditherer: tpdf
[2026-04-02T12:23:01Z INFO  librespot_playback::audio_backend::pipe] Using StdoutSink (pipe) with format: S16
[2026-04-02T12:23:02Z INFO  librespot_core::session] Connecting to AP "ap-gue1.spotify.com:4070"
[2026-04-02T12:23:02Z INFO  librespot_core::session] Authenticated as 'paulster23' !
[2026-04-02T12:23:02Z INFO  librespot_core::session] Country: "US"
[2026-04-02T12:23:02Z INFO  librespot_core::spclient] Resolved "gue1-spclient.spotify.com:443" as spclient access point
[2026-04-02T12:23:03Z INFO  librespot_connect::spirc] active device is <> with session <490609d981734e7793cfd412d28f0e7a>
[2026-04-02T12:28:01Z INFO  librespot] librespot 0.8.0 VERGEN_IDEMPOTENT_OUTPUT (Built on 2025-11-10, Build ID: 1762793321, Profile: release)
[2026-04-02T12:28:01Z INFO  librespot_playback::mixer::softmixer] Mixing with softvol and volume control: Log(60.0)
[2026-04-02T12:28:01Z INFO  librespot_playback::convert] Converting with ditherer: tpdf
[2026-04-02T12:28:01Z INFO  librespot_playback::audio_backend::pipe] Using StdoutSink (pipe) with format: S16
[2026-04-02T12:28:02Z INFO  librespot_core::session] Connecting to AP "ap-gue1.spotify.com:4070"
[2026-04-02T12:28:02Z INFO  librespot_core::session] Authenticated as 'paulster23' !
[2026-04-02T12:28:02Z INFO  librespot_core::session] Country: "US"
[2026-04-02T12:28:03Z INFO  librespot_core::spclient] Resolved "gue1-spclient.spotify.com:443" as spclient access point
[2026-04-02T12:28:03Z INFO  librespot_connect::spirc] active device is <> with session <490609d981734e7793cfd412d28f0e7a>
[2026-04-02T12:33:01Z INFO  librespot] librespot 0.8.0 VERGEN_IDEMPOTENT_OUTPUT (Built on 2025-11-10, Build ID: 1762793321, Profile: release)
[2026-04-02T12:33:01Z INFO  librespot_playback::mixer::softmixer] Mixing with softvol and volume control: Log(60.0)
[2026-04-02T12:33:01Z INFO  librespot_playback::convert] Converting with ditherer: tpdf
[2026-04-02T12:33:01Z INFO  librespot_playback::audio_backend::pipe] Using StdoutSink (pipe) with format: S16
[2026-04-02T12:33:02Z INFO  librespot_core::session] Connecting to AP "ap-gue1.spotify.com:4070"
[2026-04-02T12:33:02Z INFO  librespot_core::session] Authenticated as 'paulster23' !
[2026-04-02T12:33:02Z INFO  librespot_core::session] Country: "US"
[2026-04-02T12:33:03Z INFO  librespot_core::spclient] Resolved "gue1-spclient.spotify.com:443" as spclient access point
[2026-04-02T12:33:03Z INFO  librespot_connect::spirc] active device is <> with session <490609d981734e7793cfd412d28f0e7a>
[2026-04-02T12:38:01Z INFO  librespot] librespot 0.8.0 VERGEN_IDEMPOTENT_OUTPUT (Built on 2025-11-10, Build ID: 1762793321, Profile: release)
[2026-04-02T12:38:01Z INFO  librespot_playback::mixer::softmixer] Mixing with softvol and volume control: Log(60.0)
[2026-04-02T12:38:01Z INFO  librespot_playback::convert] Converting with ditherer: tpdf
[2026-04-02T12:38:01Z INFO  librespot_playback::audio_backend::pipe] Using StdoutSink (pipe) with format: S16
[2026-04-02T12:38:02Z INFO  librespot_core::session] Connecting to AP "ap-gue1.spotify.com:4070"
[2026-04-02T12:38:02Z INFO  librespot_core::session] Authenticated as 'paulster23' !
[2026-04-02T12:38:02Z INFO  librespot_core::session] Country: "US"
[2026-04-02T12:38:03Z INFO  librespot_core::spclient] Resolved "gue1-spclient.spotify.com:443" as spclient access point
[2026-04-02T12:38:03Z INFO  librespot_connect::spirc] active device is <> with session <490609d981734e7793cfd412d28f0e7a>
[2026-04-02T12:43:01Z INFO  librespot] librespot 0.8.0 VERGEN_IDEMPOTENT_OUTPUT (Built on 2025-11-10, Build ID: 1762793321, Profile: release)
[2026-04-02T12:43:01Z INFO  librespot_playback::mixer::softmixer] Mixing with softvol and volume control: Log(60.0)
[2026-04-02T12:43:01Z INFO  librespot_playback::convert] Converting with ditherer: tpdf
[2026-04-02T12:43:01Z INFO  librespot_playback::audio_backend::pipe] Using StdoutSink (pipe) with format: S16
[2026-04-02T12:43:02Z INFO  librespot_core::session] Connecting to AP "ap-gue1.spotify.com:4070"
[2026-04-02T12:43:02Z INFO  librespot_core::session] Authenticated as 'paulster23' !
[2026-04-02T12:43:02Z INFO  librespot_core::session] Country: "US"
[2026-04-02T12:43:03Z INFO  librespot_core::spclient] Resolved "gue1-spclient.spotify.com:443" as spclient access point
[2026-04-02T12:43:03Z INFO  librespot_connect::spirc] active device is <> with session <490609d981734e7793cfd412d28f0e7a>
[2026-04-02T12:48:02Z INFO  librespot] librespot 0.8.0 VERGEN_IDEMPOTENT_OUTPUT (Built on 2025-11-10, Build ID: 1762793321, Profile: release)
[2026-04-02T12:48:02Z INFO  librespot_playback::mixer::softmixer] Mixing with softvol and volume control: Log(60.0)
[2026-04-02T12:48:02Z INFO  librespot_playback::convert] Converting with ditherer: tpdf
[2026-04-02T12:48:02Z INFO  librespot_playback::audio_backend::pipe] Using StdoutSink (pipe) with format: S16
[2026-04-02T12:48:02Z INFO  librespot_core::session] Connecting to AP "ap-gue1.spotify.com:4070"
[2026-04-02T12:48:02Z INFO  librespot_core::session] Authenticated as 'paulster23' !
[2026-04-02T12:48:02Z INFO  librespot_core::session] Country: "US"
[2026-04-02T12:48:03Z INFO  librespot_core::spclient] Resolved "gue1-spclient.spotify.com:443" as spclient access point
[2026-04-02T12:48:03Z INFO  librespot_connect::spirc] active device is <> with session <490609d981734e7793cfd412d28f0e7a>
[2026-04-02T12:53:02Z INFO  librespot] librespot 0.8.0 VERGEN_IDEMPOTENT_OUTPUT (Built on 2025-11-10, Build ID: 1762793321, Profile: release)
[2026-04-02T12:53:02Z INFO  librespot_playback::mixer::softmixer] Mixing with softvol and volume control: Log(60.0)
[2026-04-02T12:53:02Z INFO  librespot_playback::convert] Converting with ditherer: tpdf
[2026-04-02T12:53:02Z INFO  librespot_playback::audio_backend::pipe] Using StdoutSink (pipe) with format: S16
[2026-04-02T12:53:02Z INFO  librespot_core::session] Connecting to AP "ap-gue1.spotify.com:4070"
[2026-04-02T12:53:03Z INFO  librespot_core::session] Authenticated as 'paulster23' !
[2026-04-02T12:53:03Z INFO  librespot_core::session] Country: "US"
[2026-04-02T12:53:03Z INFO  librespot_core::spclient] Resolved "gue1-spclient.spotify.com:443" as spclient access point
[2026-04-02T12:53:03Z INFO  librespot_connect::spirc] active device is <> with session <490609d981734e7793cfd412d28f0e7a>
[2026-04-02T12:58:02Z INFO  librespot] librespot 0.8.0 VERGEN_IDEMPOTENT_OUTPUT (Built on 2025-11-10, Build ID: 1762793321, Profile: release)
[2026-04-02T12:58:02Z INFO  librespot_playback::mixer::softmixer] Mixing with softvol and volume control: Log(60.0)
[2026-04-02T12:58:02Z INFO  librespot_playback::convert] Converting with ditherer: tpdf
[2026-04-02T12:58:02Z INFO  librespot_playback::audio_backend::pipe] Using StdoutSink (pipe) with format: S16
[2026-04-02T12:58:02Z INFO  librespot_core::session] Connecting to AP "ap-gue1.spotify.com:4070"
[2026-04-02T12:58:03Z INFO  librespot_core::session] Authenticated as 'paulster23' !
[2026-04-02T12:58:03Z INFO  librespot_core::session] Country: "US"
[2026-04-02T12:58:03Z INFO  librespot_core::spclient] Resolved "gue1-spclient.spotify.com:443" as spclient access point
[2026-04-02T12:58:03Z INFO  librespot_connect::spirc] active device is <> with session <490609d981734e7793cfd412d28f0e7a>
[2026-04-02T13:03:02Z INFO  librespot] librespot 0.8.0 VERGEN_IDEMPOTENT_OUTPUT (Built on 2025-11-10, Build ID: 1762793321, Profile: release)
[2026-04-02T13:03:02Z INFO  librespot_playback::mixer::softmixer] Mixing with softvol and volume control: Log(60.0)
[2026-04-02T13:03:02Z INFO  librespot_playback::convert] Converting with ditherer: tpdf
[2026-04-02T13:03:02Z INFO  librespot_playback::audio_backend::pipe] Using StdoutSink (pipe) with format: S16
[2026-04-02T13:03:03Z INFO  librespot_core::session] Connecting to AP "ap-gue1.spotify.com:4070"
[2026-04-02T13:03:03Z INFO  librespot_core::session] Authenticated as 'paulster23' !
[2026-04-02T13:03:03Z INFO  librespot_core::session] Country: "US"
[2026-04-02T13:03:04Z INFO  librespot_core::spclient] Resolved "gue1-spclient.spotify.com:443" as spclient access point
[2026-04-02T13:03:04Z INFO  librespot_connect::spirc] active device is <> with session <490609d981734e7793cfd412d28f0e7a>
[2026-04-02T13:08:02Z INFO  librespot] librespot 0.8.0 VERGEN_IDEMPOTENT_OUTPUT (Built on 2025-11-10, Build ID: 1762793321, Profile: release)
[2026-04-02T13:08:02Z INFO  librespot_playback::mixer::softmixer] Mixing with softvol and volume control: Log(60.0)
[2026-04-02T13:08:02Z INFO  librespot_playback::convert] Converting with ditherer: tpdf
[2026-04-02T13:08:02Z INFO  librespot_playback::audio_backend::pipe] Using StdoutSink (pipe) with format: S16
[2026-04-02T13:08:03Z INFO  librespot_core::session] Connecting to AP "ap-gue1.spotify.com:4070"
[2026-04-02T13:08:03Z INFO  librespot_core::session] Authenticated as 'paulster23' !
[2026-04-02T13:08:03Z INFO  librespot_core::session] Country: "US"
[2026-04-02T13:08:04Z INFO  librespot_core::spclient] Resolved "gue1-spclient.spotify.com:443" as spclient access point
[2026-04-02T13:08:04Z INFO  librespot_connect::spirc] active device is <> with session <490609d981734e7793cfd412d28f0e7a>
[2026-04-02T13:13:02Z INFO  librespot] librespot 0.8.0 VERGEN_IDEMPOTENT_OUTPUT (Built on 2025-11-10, Build ID: 1762793321, Profile: release)
[2026-04-02T13:13:02Z INFO  librespot_playback::mixer::softmixer] Mixing with softvol and volume control: Log(60.0)
[2026-04-02T13:13:02Z INFO  librespot_playback::convert] Converting with ditherer: tpdf
[2026-04-02T13:13:02Z INFO  librespot_playback::audio_backend::pipe] Using StdoutSink (pipe) with format: S16
[2026-04-02T13:13:03Z INFO  librespot_core::session] Connecting to AP "ap-gue1.spotify.com:4070"
[2026-04-02T13:13:03Z INFO  librespot_core::session] Authenticated as 'paulster23' !
[2026-04-02T13:13:03Z INFO  librespot_core::session] Country: "US"
[2026-04-02T13:13:06Z INFO  librespot_core::spclient] Resolved "gue1-spclient.spotify.com:443" as spclient access point
[2026-04-02T13:13:06Z INFO  librespot_connect::spirc] active device is <> with session <490609d981734e7793cfd412d28f0e7a>
[2026-04-02T13:17:00Z ERROR librespot_core::session] Connection to server closed.
[2026-04-02T13:18:02Z INFO  librespot] librespot 0.8.0 VERGEN_IDEMPOTENT_OUTPUT (Built on 2025-11-10, Build ID: 1762793321, Profile: release)
[2026-04-02T13:18:02Z INFO  librespot_playback::mixer::softmixer] Mixing with softvol and volume control: Log(60.0)
[2026-04-02T13:18:02Z INFO  librespot_playback::convert] Converting with ditherer: tpdf
[2026-04-02T13:18:02Z INFO  librespot_playback::audio_backend::pipe] Using StdoutSink (pipe) with format: S16
[2026-04-02T13:18:03Z INFO  librespot_core::session] Connecting to AP "ap-gue1.spotify.com:4070"
[2026-04-02T13:18:03Z INFO  librespot_core::session] Authenticated as 'paulster23' !
[2026-04-02T13:18:03Z INFO  librespot_core::session] Country: "US"
[2026-04-02T13:18:04Z INFO  librespot_core::spclient] Resolved "gue1-spclient.spotify.com:443" as spclient access point
[2026-04-02T13:18:04Z INFO  librespot_connect::spirc] active device is <> with session <490609d981734e7793cfd412d28f0e7a>
[2026-04-02T13:23:02Z INFO  librespot] librespot 0.8.0 VERGEN_IDEMPOTENT_OUTPUT (Built on 2025-11-10, Build ID: 1762793321, Profile: release)
[2026-04-02T13:23:02Z INFO  librespot_playback::mixer::softmixer] Mixing with softvol and volume control: Log(60.0)
[2026-04-02T13:23:02Z INFO  librespot_playback::convert] Converting with ditherer: tpdf
[2026-04-02T13:23:02Z INFO  librespot_playback::audio_backend::pipe] Using StdoutSink (pipe) with format: S16
[2026-04-02T13:23:05Z INFO  librespot_core::session] Connecting to AP "ap-gue1.spotify.com:4070"
[2026-04-02T13:23:05Z INFO  librespot_core::session] Authenticated as 'paulster23' !
[2026-04-02T13:23:05Z INFO  librespot_core::session] Country: "US"
[2026-04-02T13:23:06Z INFO  librespot_core::spclient] Resolved "gue1-spclient.spotify.com:443" as spclient access point
[2026-04-02T13:23:06Z INFO  librespot_connect::spirc] active device is <> with session <490609d981734e7793cfd412d28f0e7a>
[2026-04-02T13:28:02Z INFO  librespot] librespot 0.8.0 VERGEN_IDEMPOTENT_OUTPUT (Built on 2025-11-10, Build ID: 1762793321, Profile: release)
[2026-04-02T13:28:02Z INFO  librespot_playback::mixer::softmixer] Mixing with softvol and volume control: Log(60.0)
[2026-04-02T13:28:02Z INFO  librespot_playback::convert] Converting with ditherer: tpdf
[2026-04-02T13:28:02Z INFO  librespot_playback::audio_backend::pipe] Using StdoutSink (pipe) with format: S16
[2026-04-02T13:28:03Z INFO  librespot_core::session] Connecting to AP "ap-gue1.spotify.com:4070"
[2026-04-02T13:28:04Z INFO  librespot_core::session] Authenticated as 'paulster23' !
[2026-04-02T13:28:04Z INFO  librespot_core::session] Country: "US"
[2026-04-02T13:28:04Z INFO  librespot_core::spclient] Resolved "gue1-spclient.spotify.com:443" as spclient access point
[2026-04-02T13:28:05Z INFO  librespot_connect::spirc] active device is <> with session <490609d981734e7793cfd412d28f0e7a>
[2026-04-02T13:33:02Z INFO  librespot] librespot 0.8.0 VERGEN_IDEMPOTENT_OUTPUT (Built on 2025-11-10, Build ID: 1762793321, Profile: release)
[2026-04-02T13:33:02Z INFO  librespot_playback::mixer::softmixer] Mixing with softvol and volume control: Log(60.0)
[2026-04-02T13:33:03Z INFO  librespot_playback::convert] Converting with ditherer: tpdf
[2026-04-02T13:33:03Z INFO  librespot_playback::audio_backend::pipe] Using StdoutSink (pipe) with format: S16
[2026-04-02T13:33:03Z INFO  librespot_core::session] Connecting to AP "ap-gue1.spotify.com:4070"
[2026-04-02T13:33:04Z INFO  librespot_core::session] Authenticated as 'paulster23' !
[2026-04-02T13:33:04Z INFO  librespot_core::session] Country: "US"
[2026-04-02T13:33:05Z INFO  librespot_core::spclient] Resolved "gue1-spclient.spotify.com:443" as spclient access point
[2026-04-02T13:33:05Z INFO  librespot_connect::spirc] active device is <> with session <490609d981734e7793cfd412d28f0e7a>
[2026-04-02T13:38:03Z INFO  librespot] librespot 0.8.0 VERGEN_IDEMPOTENT_OUTPUT (Built on 2025-11-10, Build ID: 1762793321, Profile: release)
[2026-04-02T13:38:03Z INFO  librespot_playback::mixer::softmixer] Mixing with softvol and volume control: Log(60.0)
[2026-04-02T13:38:03Z INFO  librespot_playback::convert] Converting with ditherer: tpdf
[2026-04-02T13:38:03Z INFO  librespot_playback::audio_backend::pipe] Using StdoutSink (pipe) with format: S16
[2026-04-02T13:38:03Z INFO  librespot_core::session] Connecting to AP "ap-gue1.spotify.com:4070"
[2026-04-02T13:38:04Z INFO  librespot_core::session] Authenticated as 'paulster23' !
[2026-04-02T13:38:04Z INFO  librespot_core::session] Country: "US"
[2026-04-02T13:38:04Z INFO  librespot_core::spclient] Resolved "gue1-spclient.spotify.com:443" as spclient access point
[2026-04-02T13:38:05Z INFO  librespot_connect::spirc] active device is <> with session <490609d981734e7793cfd412d28f0e7a>
[2026-04-02T13:43:03Z INFO  librespot] librespot 0.8.0 VERGEN_IDEMPOTENT_OUTPUT (Built on 2025-11-10, Build ID: 1762793321, Profile: release)
[2026-04-02T13:43:03Z INFO  librespot_playback::mixer::softmixer] Mixing with softvol and volume control: Log(60.0)
[2026-04-02T13:43:03Z INFO  librespot_playback::convert] Converting with ditherer: tpdf
[2026-04-02T13:43:03Z INFO  librespot_playback::audio_backend::pipe] Using StdoutSink (pipe) with format: S16
[2026-04-02T13:43:03Z INFO  librespot_core::session] Connecting to AP "ap-gue1.spotify.com:4070"
[2026-04-02T13:43:04Z INFO  librespot_core::session] Authenticated as 'paulster23' !
[2026-04-02T13:43:04Z INFO  librespot_core::session] Country: "US"
[2026-04-02T13:43:04Z INFO  librespot_core::spclient] Resolved "gue1-spclient.spotify.com:443" as spclient access point
[2026-04-02T13:43:05Z INFO  librespot_connect::spirc] active device is <> with session <490609d981734e7793cfd412d28f0e7a>
[2026-04-02T13:48:03Z INFO  librespot] librespot 0.8.0 VERGEN_IDEMPOTENT_OUTPUT (Built on 2025-11-10, Build ID: 1762793321, Profile: release)
[2026-04-02T13:48:03Z INFO  librespot_playback::mixer::softmixer] Mixing with softvol and volume control: Log(60.0)
[2026-04-02T13:48:03Z INFO  librespot_playback::convert] Converting with ditherer: tpdf
[2026-04-02T13:48:03Z INFO  librespot_playback::audio_backend::pipe] Using StdoutSink (pipe) with format: S16
[2026-04-02T13:48:04Z INFO  librespot_core::session] Connecting to AP "ap-gue1.spotify.com:4070"
[2026-04-02T13:48:04Z INFO  librespot_core::session] Authenticated as 'paulster23' !
[2026-04-02T13:48:04Z INFO  librespot_core::session] Country: "US"
[2026-04-02T13:48:05Z INFO  librespot_core::spclient] Resolved "gue1-spclient.spotify.com:443" as spclient access point
[2026-04-02T13:48:05Z INFO  librespot_connect::spirc] active device is <> with session <490609d981734e7793cfd412d28f0e7a>
[2026-04-02T13:53:03Z INFO  librespot] librespot 0.8.0 VERGEN_IDEMPOTENT_OUTPUT (Built on 2025-11-10, Build ID: 1762793321, Profile: release)
[2026-04-02T13:53:03Z INFO  librespot_playback::mixer::softmixer] Mixing with softvol and volume control: Log(60.0)
[2026-04-02T13:53:03Z INFO  librespot_playback::convert] Converting with ditherer: tpdf
[2026-04-02T13:53:03Z INFO  librespot_playback::audio_backend::pipe] Using StdoutSink (pipe) with format: S16
[2026-04-02T13:53:04Z INFO  librespot_core::session] Connecting to AP "ap-gue1.spotify.com:4070"
[2026-04-02T13:53:04Z INFO  librespot_core::session] Authenticated as 'paulster23' !
[2026-04-02T13:53:04Z INFO  librespot_core::session] Country: "US"
[2026-04-02T13:53:05Z INFO  librespot_core::spclient] Resolved "gue1-spclient.spotify.com:443" as spclient access point
[2026-04-02T13:53:05Z INFO  librespot_connect::spirc] active device is <> with session <490609d981734e7793cfd412d28f0e7a>
[2026-04-02T13:58:03Z INFO  librespot] librespot 0.8.0 VERGEN_IDEMPOTENT_OUTPUT (Built on 2025-11-10, Build ID: 1762793321, Profile: release)
[2026-04-02T13:58:03Z INFO  librespot_playback::mixer::softmixer] Mixing with softvol and volume control: Log(60.0)
[2026-04-02T13:58:03Z INFO  librespot_playback::convert] Converting with ditherer: tpdf
[2026-04-02T13:58:03Z INFO  librespot_playback::audio_backend::pipe] Using StdoutSink (pipe) with format: S16
[2026-04-02T13:58:04Z INFO  librespot_core::session] Connecting to AP "ap-gue1.spotify.com:4070"
[2026-04-02T13:58:04Z INFO  librespot_core::session] Authenticated as 'paulster23' !
[2026-04-02T13:58:04Z INFO  librespot_core::session] Country: "US"
[2026-04-02T13:58:05Z INFO  librespot_core::spclient] Resolved "gue1-spclient.spotify.com:443" as spclient access point
[2026-04-02T13:58:05Z INFO  librespot_connect::spirc] active device is <> with session <490609d981734e7793cfd412d28f0e7a>
[2026-04-02T14:03:03Z INFO  librespot] librespot 0.8.0 VERGEN_IDEMPOTENT_OUTPUT (Built on 2025-11-10, Build ID: 1762793321, Profile: release)
[2026-04-02T14:03:03Z INFO  librespot_playback::mixer::softmixer] Mixing with softvol and volume control: Log(60.0)
[2026-04-02T14:03:03Z INFO  librespot_playback::convert] Converting with ditherer: tpdf
[2026-04-02T14:03:03Z INFO  librespot_playback::audio_backend::pipe] Using StdoutSink (pipe) with format: S16
[2026-04-02T14:03:04Z INFO  librespot_core::session] Connecting to AP "ap-gue1.spotify.com:4070"
[2026-04-02T14:03:04Z INFO  librespot_core::session] Authenticated as 'paulster23' !
[2026-04-02T14:03:04Z INFO  librespot_core::session] Country: "US"
[2026-04-02T14:03:05Z INFO  librespot_core::spclient] Resolved "gue1-spclient.spotify.com:443" as spclient access point
[2026-04-02T14:03:05Z INFO  librespot_connect::spirc] active device is <> with session <490609d981734e7793cfd412d28f0e7a>
[2026-04-02T14:08:03Z INFO  librespot] librespot 0.8.0 VERGEN_IDEMPOTENT_OUTPUT (Built on 2025-11-10, Build ID: 1762793321, Profile: release)
[2026-04-02T14:08:03Z INFO  librespot_playback::mixer::softmixer] Mixing with softvol and volume control: Log(60.0)
[2026-04-02T14:08:03Z INFO  librespot_playback::convert] Converting with ditherer: tpdf
[2026-04-02T14:08:03Z INFO  librespot_playback::audio_backend::pipe] Using StdoutSink (pipe) with format: S16
[2026-04-02T14:08:04Z INFO  librespot_core::session] Connecting to AP "ap-gue1.spotify.com:4070"
[2026-04-02T14:08:04Z INFO  librespot_core::session] Authenticated as 'paulster23' !
[2026-04-02T14:08:04Z INFO  librespot_core::session] Country: "US"
[2026-04-02T14:08:05Z INFO  librespot_core::spclient] Resolved "gue1-spclient.spotify.com:443" as spclient access point
[2026-04-02T14:08:05Z INFO  librespot_connect::spirc] active device is <> with session <490609d981734e7793cfd412d28f0e7a>
[2026-04-02T14:13:03Z INFO  librespot] librespot 0.8.0 VERGEN_IDEMPOTENT_OUTPUT (Built on 2025-11-10, Build ID: 1762793321, Profile: release)
[2026-04-02T14:13:03Z INFO  librespot_playback::mixer::softmixer] Mixing with softvol and volume control: Log(60.0)
[2026-04-02T14:13:03Z INFO  librespot_playback::convert] Converting with ditherer: tpdf
[2026-04-02T14:13:03Z INFO  librespot_playback::audio_backend::pipe] Using StdoutSink (pipe) with format: S16
[2026-04-02T14:13:04Z INFO  librespot_core::session] Connecting to AP "ap-gue1.spotify.com:4070"
[2026-04-02T14:13:04Z INFO  librespot_core::session] Authenticated as 'paulster23' !
[2026-04-02T14:13:04Z INFO  librespot_core::session] Country: "US"
[2026-04-02T14:13:05Z INFO  librespot_core::spclient] Resolved "gue1-spclient.spotify.com:443" as spclient access point
[2026-04-02T14:13:05Z INFO  librespot_connect::spirc] active device is <> with session <490609d981734e7793cfd412d28f0e7a>
[2026-04-02T14:18:03Z INFO  librespot] librespot 0.8.0 VERGEN_IDEMPOTENT_OUTPUT (Built on 2025-11-10, Build ID: 1762793321, Profile: release)
[2026-04-02T14:18:03Z INFO  librespot_playback::mixer::softmixer] Mixing with softvol and volume control: Log(60.0)
[2026-04-02T14:18:03Z INFO  librespot_playback::convert] Converting with ditherer: tpdf
[2026-04-02T14:18:03Z INFO  librespot_playback::audio_backend::pipe] Using StdoutSink (pipe) with format: S16
[2026-04-02T14:18:04Z INFO  librespot_core::session] Connecting to AP "ap-gue1.spotify.com:4070"
[2026-04-02T14:18:04Z INFO  librespot_core::session] Authenticated as 'paulster23' !
[2026-04-02T14:18:04Z INFO  librespot_core::session] Country: "US"
[2026-04-02T14:18:05Z INFO  librespot_core::spclient] Resolved "gue1-spclient.spotify.com:443" as spclient access point
[2026-04-02T14:18:05Z INFO  librespot_connect::spirc] active device is <> with session <490609d981734e7793cfd412d28f0e7a>
[2026-04-02T14:23:04Z INFO  librespot] librespot 0.8.0 VERGEN_IDEMPOTENT_OUTPUT (Built on 2025-11-10, Build ID: 1762793321, Profile: release)
[2026-04-02T14:23:04Z INFO  librespot_playback::mixer::softmixer] Mixing with softvol and volume control: Log(60.0)
[2026-04-02T14:23:04Z INFO  librespot_playback::convert] Converting with ditherer: tpdf
[2026-04-02T14:23:04Z INFO  librespot_playback::audio_backend::pipe] Using StdoutSink (pipe) with format: S16
[2026-04-02T14:23:04Z INFO  librespot_core::session] Connecting to AP "ap-gue1.spotify.com:4070"
[2026-04-02T14:23:05Z INFO  librespot_core::session] Authenticated as 'paulster23' !
[2026-04-02T14:23:05Z INFO  librespot_core::session] Country: "US"
[2026-04-02T14:23:05Z INFO  librespot_core::spclient] Resolved "gue1-spclient.spotify.com:443" as spclient access point
[2026-04-02T14:23:06Z INFO  librespot_connect::spirc] active device is <> with session <490609d981734e7793cfd412d28f0e7a>
[2026-04-02T14:28:04Z INFO  librespot] librespot 0.8.0 VERGEN_IDEMPOTENT_OUTPUT (Built on 2025-11-10, Build ID: 1762793321, Profile: release)
[2026-04-02T14:28:04Z INFO  librespot_playback::mixer::softmixer] Mixing with softvol and volume control: Log(60.0)
[2026-04-02T14:28:04Z INFO  librespot_playback::convert] Converting with ditherer: tpdf
[2026-04-02T14:28:04Z INFO  librespot_playback::audio_backend::pipe] Using StdoutSink (pipe) with format: S16
[2026-04-02T14:28:04Z INFO  librespot_core::session] Connecting to AP "ap-gue1.spotify.com:4070"
[2026-04-02T14:28:05Z INFO  librespot_core::session] Authenticated as 'paulster23' !
[2026-04-02T14:28:05Z INFO  librespot_core::session] Country: "US"
[2026-04-02T14:28:05Z INFO  librespot_core::spclient] Resolved "gue1-spclient.spotify.com:443" as spclient access point
[2026-04-02T14:28:06Z INFO  librespot_connect::spirc] active device is <> with session <490609d981734e7793cfd412d28f0e7a>
[2026-04-02T14:33:04Z INFO  librespot] librespot 0.8.0 VERGEN_IDEMPOTENT_OUTPUT (Built on 2025-11-10, Build ID: 1762793321, Profile: release)
[2026-04-02T14:33:04Z INFO  librespot_playback::mixer::softmixer] Mixing with softvol and volume control: Log(60.0)
[2026-04-02T14:33:04Z INFO  librespot_playback::convert] Converting with ditherer: tpdf
[2026-04-02T14:33:04Z INFO  librespot_playback::audio_backend::pipe] Using StdoutSink (pipe) with format: S16
[2026-04-02T14:33:05Z INFO  librespot_core::session] Connecting to AP "ap-gue1.spotify.com:4070"
[2026-04-02T14:33:05Z INFO  librespot_core::session] Authenticated as 'paulster23' !
[2026-04-02T14:33:05Z INFO  librespot_core::session] Country: "US"
[2026-04-02T14:33:05Z INFO  librespot_core::spclient] Resolved "gue1-spclient.spotify.com:443" as spclient access point
[2026-04-02T14:33:06Z INFO  librespot_connect::spirc] active device is <> with session <490609d981734e7793cfd412d28f0e7a>
[2026-04-02T14:38:04Z INFO  librespot] librespot 0.8.0 VERGEN_IDEMPOTENT_OUTPUT (Built on 2025-11-10, Build ID: 1762793321, Profile: release)
[2026-04-02T14:38:04Z INFO  librespot_playback::mixer::softmixer] Mixing with softvol and volume control: Log(60.0)
[2026-04-02T14:38:04Z INFO  librespot_playback::convert] Converting with ditherer: tpdf
[2026-04-02T14:38:04Z INFO  librespot_playback::audio_backend::pipe] Using StdoutSink (pipe) with format: S16
[2026-04-02T14:38:05Z INFO  librespot_core::session] Connecting to AP "ap-gue1.spotify.com:4070"
[2026-04-02T14:38:05Z INFO  librespot_core::session] Authenticated as 'paulster23' !
[2026-04-02T14:38:05Z INFO  librespot_core::session] Country: "US"
[2026-04-02T14:38:05Z INFO  librespot_core::spclient] Resolved "gue1-spclient.spotify.com:443" as spclient access point
[2026-04-02T14:38:06Z INFO  librespot_connect::spirc] active device is <> with session <490609d981734e7793cfd412d28f0e7a>
[2026-04-02T14:43:04Z INFO  librespot] librespot 0.8.0 VERGEN_IDEMPOTENT_OUTPUT (Built on 2025-11-10, Build ID: 1762793321, Profile: release)
[2026-04-02T14:43:04Z INFO  librespot_playback::mixer::softmixer] Mixing with softvol and volume control: Log(60.0)
[2026-04-02T14:43:04Z INFO  librespot_playback::convert] Converting with ditherer: tpdf
[2026-04-02T14:43:04Z INFO  librespot_playback::audio_backend::pipe] Using StdoutSink (pipe) with format: S16
[2026-04-02T14:43:05Z INFO  librespot_core::session] Connecting to AP "ap-gue1.spotify.com:4070"
[2026-04-02T14:43:05Z INFO  librespot_core::session] Authenticated as 'paulster23' !
[2026-04-02T14:43:05Z INFO  librespot_core::session] Country: "US"
[2026-04-02T14:43:06Z INFO  librespot_core::spclient] Resolved "gue1-spclient.spotify.com:443" as spclient access point
[2026-04-02T14:43:06Z INFO  librespot_connect::spirc] active device is <> with session <490609d981734e7793cfd412d28f0e7a>
[2026-04-02T14:48:04Z INFO  librespot] librespot 0.8.0 VERGEN_IDEMPOTENT_OUTPUT (Built on 2025-11-10, Build ID: 1762793321, Profile: release)
[2026-04-02T14:48:04Z INFO  librespot_playback::mixer::softmixer] Mixing with softvol and volume control: Log(60.0)
[2026-04-02T14:48:04Z INFO  librespot_playback::convert] Converting with ditherer: tpdf
[2026-04-02T14:48:04Z INFO  librespot_playback::audio_backend::pipe] Using StdoutSink (pipe) with format: S16
[2026-04-02T14:48:07Z INFO  librespot_core::session] Connecting to AP "ap-gue1.spotify.com:4070"
[2026-04-02T14:48:07Z WARN  librespot_core::session] Try another access point...
[2026-04-02T14:48:07Z INFO  librespot_core::session] Connecting to AP "ap-gue1.spotify.com:443"
[2026-04-02T14:48:08Z INFO  librespot_core::session] Authenticated as 'paulster23' !
[2026-04-02T14:48:08Z INFO  librespot_core::session] Country: "US"
[2026-04-02T14:48:08Z INFO  librespot_core::spclient] Resolved "gue1-spclient.spotify.com:443" as spclient access point
[2026-04-02T14:48:08Z INFO  librespot_connect::spirc] active device is <> with session <490609d981734e7793cfd412d28f0e7a>
[2026-04-02T14:53:04Z INFO  librespot] librespot 0.8.0 VERGEN_IDEMPOTENT_OUTPUT (Built on 2025-11-10, Build ID: 1762793321, Profile: release)
[2026-04-02T14:53:04Z INFO  librespot_playback::mixer::softmixer] Mixing with softvol and volume control: Log(60.0)
[2026-04-02T14:53:04Z INFO  librespot_playback::convert] Converting with ditherer: tpdf
[2026-04-02T14:53:04Z INFO  librespot_playback::audio_backend::pipe] Using StdoutSink (pipe) with format: S16
[2026-04-02T14:53:05Z INFO  librespot_core::session] Connecting to AP "ap-gue1.spotify.com:4070"
[2026-04-02T14:53:05Z INFO  librespot_core::session] Authenticated as 'paulster23' !
[2026-04-02T14:53:05Z INFO  librespot_core::session] Country: "US"
[2026-04-02T14:53:06Z INFO  librespot_core::spclient] Resolved "gue1-spclient.spotify.com:443" as spclient access point
[2026-04-02T14:53:06Z INFO  librespot_connect::spirc] active device is <> with session <490609d981734e7793cfd412d28f0e7a>
[2026-04-02T14:58:05Z INFO  librespot] librespot 0.8.0 VERGEN_IDEMPOTENT_OUTPUT (Built on 2025-11-10, Build ID: 1762793321, Profile: release)
[2026-04-02T14:58:05Z INFO  librespot_playback::mixer::softmixer] Mixing with softvol and volume control: Log(60.0)
[2026-04-02T14:58:05Z INFO  librespot_playback::convert] Converting with ditherer: tpdf
[2026-04-02T14:58:05Z INFO  librespot_playback::audio_backend::pipe] Using StdoutSink (pipe) with format: S16
[2026-04-02T14:58:05Z INFO  librespot_core::session] Connecting to AP "ap-gue1.spotify.com:4070"
[2026-04-02T14:58:05Z WARN  librespot_core::session] Try another access point...
[2026-04-02T14:58:05Z INFO  librespot_core::session] Connecting to AP "ap-gue1.spotify.com:443"
[2026-04-02T14:58:06Z INFO  librespot_core::session] Authenticated as 'paulster23' !
[2026-04-02T14:58:06Z INFO  librespot_core::session] Country: "US"
[2026-04-02T14:58:06Z INFO  librespot_core::spclient] Resolved "gue1-spclient.spotify.com:443" as spclient access point
[2026-04-02T14:58:06Z INFO  librespot_connect::spirc] active device is <> with session <490609d981734e7793cfd412d28f0e7a>
[2026-04-02T15:03:05Z INFO  librespot] librespot 0.8.0 VERGEN_IDEMPOTENT_OUTPUT (Built on 2025-11-10, Build ID: 1762793321, Profile: release)
[2026-04-02T15:03:05Z INFO  librespot_playback::mixer::softmixer] Mixing with softvol and volume control: Log(60.0)
[2026-04-02T15:03:05Z INFO  librespot_playback::convert] Converting with ditherer: tpdf
[2026-04-02T15:03:05Z INFO  librespot_playback::audio_backend::pipe] Using StdoutSink (pipe) with format: S16
[2026-04-02T15:03:05Z INFO  librespot_core::session] Connecting to AP "ap-gue1.spotify.com:4070"
[2026-04-02T15:03:06Z INFO  librespot_core::session] Authenticated as 'paulster23' !
[2026-04-02T15:03:06Z INFO  librespot_core::session] Country: "US"
[2026-04-02T15:03:06Z INFO  librespot_core::spclient] Resolved "gue1-spclient.spotify.com:443" as spclient access point
[2026-04-02T15:03:06Z INFO  librespot_connect::spirc] active device is <> with session <490609d981734e7793cfd412d28f0e7a>
[2026-04-02T15:08:05Z INFO  librespot] librespot 0.8.0 VERGEN_IDEMPOTENT_OUTPUT (Built on 2025-11-10, Build ID: 1762793321, Profile: release)
[2026-04-02T15:08:05Z INFO  librespot_playback::mixer::softmixer] Mixing with softvol and volume control: Log(60.0)
[2026-04-02T15:08:05Z INFO  librespot_playback::convert] Converting with ditherer: tpdf
[2026-04-02T15:08:05Z INFO  librespot_playback::audio_backend::pipe] Using StdoutSink (pipe) with format: S16
[2026-04-02T15:08:05Z INFO  librespot_core::session] Connecting to AP "ap-gue1.spotify.com:4070"
[2026-04-02T15:08:06Z INFO  librespot_core::session] Authenticated as 'paulster23' !
[2026-04-02T15:08:06Z INFO  librespot_core::session] Country: "US"
[2026-04-02T15:08:06Z INFO  librespot_core::spclient] Resolved "gue1-spclient.spotify.com:443" as spclient access point
[2026-04-02T15:08:06Z INFO  librespot_connect::spirc] active device is <> with session <490609d981734e7793cfd412d28f0e7a>
[2026-04-02T15:13:05Z INFO  librespot] librespot 0.8.0 VERGEN_IDEMPOTENT_OUTPUT (Built on 2025-11-10, Build ID: 1762793321, Profile: release)
[2026-04-02T15:13:05Z INFO  librespot_playback::mixer::softmixer] Mixing with softvol and volume control: Log(60.0)
[2026-04-02T15:13:05Z INFO  librespot_playback::convert] Converting with ditherer: tpdf
[2026-04-02T15:13:05Z INFO  librespot_playback::audio_backend::pipe] Using StdoutSink (pipe) with format: S16
[2026-04-02T15:13:06Z INFO  librespot_core::session] Connecting to AP "ap-gue1.spotify.com:4070"
[2026-04-02T15:13:06Z INFO  librespot_core::session] Authenticated as 'paulster23' !
[2026-04-02T15:13:06Z INFO  librespot_core::session] Country: "US"
[2026-04-02T15:13:06Z INFO  librespot_core::spclient] Resolved "gue1-spclient.spotify.com:443" as spclient access point
[2026-04-02T15:13:07Z INFO  librespot_connect::spirc] active device is <> with session <490609d981734e7793cfd412d28f0e7a>
[2026-04-02T15:18:05Z INFO  librespot] librespot 0.8.0 VERGEN_IDEMPOTENT_OUTPUT (Built on 2025-11-10, Build ID: 1762793321, Profile: release)
[2026-04-02T15:18:05Z INFO  librespot_playback::mixer::softmixer] Mixing with softvol and volume control: Log(60.0)
[2026-04-02T15:18:05Z INFO  librespot_playback::convert] Converting with ditherer: tpdf
[2026-04-02T15:18:05Z INFO  librespot_playback::audio_backend::pipe] Using StdoutSink (pipe) with format: S16
[2026-04-02T15:18:06Z INFO  librespot_core::session] Connecting to AP "ap-gue1.spotify.com:4070"
[2026-04-02T15:18:06Z INFO  librespot_core::session] Authenticated as 'paulster23' !
[2026-04-02T15:18:06Z INFO  librespot_core::session] Country: "US"
[2026-04-02T15:18:07Z INFO  librespot_core::spclient] Resolved "gue1-spclient.spotify.com:443" as spclient access point
[2026-04-02T15:18:07Z INFO  librespot_connect::spirc] active device is <> with session <490609d981734e7793cfd412d28f0e7a>
[2026-04-02T15:23:05Z INFO  librespot] librespot 0.8.0 VERGEN_IDEMPOTENT_OUTPUT (Built on 2025-11-10, Build ID: 1762793321, Profile: release)
[2026-04-02T15:23:05Z INFO  librespot_playback::mixer::softmixer] Mixing with softvol and volume control: Log(60.0)
[2026-04-02T15:23:05Z INFO  librespot_playback::convert] Converting with ditherer: tpdf
[2026-04-02T15:23:05Z INFO  librespot_playback::audio_backend::pipe] Using StdoutSink (pipe) with format: S16
[2026-04-02T15:23:06Z INFO  librespot_core::session] Connecting to AP "ap-gue1.spotify.com:4070"
[2026-04-02T15:23:06Z INFO  librespot_core::session] Authenticated as 'paulster23' !
[2026-04-02T15:23:06Z INFO  librespot_core::session] Country: "US"
[2026-04-02T15:23:07Z INFO  librespot_core::spclient] Resolved "gue1-spclient.spotify.com:443" as spclient access point
[2026-04-02T15:23:07Z INFO  librespot_connect::spirc] active device is <> with session <490609d981734e7793cfd412d28f0e7a>
[2026-04-02T15:28:05Z INFO  librespot] librespot 0.8.0 VERGEN_IDEMPOTENT_OUTPUT (Built on 2025-11-10, Build ID: 1762793321, Profile: release)
[2026-04-02T15:28:05Z INFO  librespot_playback::mixer::softmixer] Mixing with softvol and volume control: Log(60.0)
[2026-04-02T15:28:05Z INFO  librespot_playback::convert] Converting with ditherer: tpdf
[2026-04-02T15:28:05Z INFO  librespot_playback::audio_backend::pipe] Using StdoutSink (pipe) with format: S16
[2026-04-02T15:28:06Z INFO  librespot_core::session] Connecting to AP "ap-gue1.spotify.com:4070"
[2026-04-02T15:28:06Z INFO  librespot_core::session] Authenticated as 'paulster23' !
[2026-04-02T15:28:06Z INFO  librespot_core::session] Country: "US"
[2026-04-02T15:28:07Z INFO  librespot_core::spclient] Resolved "gue1-spclient.spotify.com:443" as spclient access point
[2026-04-02T15:28:07Z INFO  librespot_connect::spirc] active device is <> with session <490609d981734e7793cfd412d28f0e7a>
[2026-04-02T15:33:05Z INFO  librespot] librespot 0.8.0 VERGEN_IDEMPOTENT_OUTPUT (Built on 2025-11-10, Build ID: 1762793321, Profile: release)
[2026-04-02T15:33:05Z INFO  librespot_playback::mixer::softmixer] Mixing with softvol and volume control: Log(60.0)
[2026-04-02T15:33:05Z INFO  librespot_playback::convert] Converting with ditherer: tpdf
[2026-04-02T15:33:05Z INFO  librespot_playback::audio_backend::pipe] Using StdoutSink (pipe) with format: S16
[2026-04-02T15:33:06Z INFO  librespot_core::session] Connecting to AP "ap-gue1.spotify.com:4070"
[2026-04-02T15:33:06Z INFO  librespot_core::session] Authenticated as 'paulster23' !
[2026-04-02T15:33:06Z INFO  librespot_core::session] Country: "US"
[2026-04-02T15:33:07Z INFO  librespot_core::spclient] Resolved "gue1-spclient.spotify.com:443" as spclient access point
[2026-04-02T15:33:07Z INFO  librespot_connect::spirc] active device is <> with session <490609d981734e7793cfd412d28f0e7a>
[2026-04-02T15:38:05Z INFO  librespot] librespot 0.8.0 VERGEN_IDEMPOTENT_OUTPUT (Built on 2025-11-10, Build ID: 1762793321, Profile: release)
[2026-04-02T15:38:05Z INFO  librespot_playback::mixer::softmixer] Mixing with softvol and volume control: Log(60.0)
[2026-04-02T15:38:05Z INFO  librespot_playback::convert] Converting with ditherer: tpdf
[2026-04-02T15:38:05Z INFO  librespot_playback::audio_backend::pipe] Using StdoutSink (pipe) with format: S16
[2026-04-02T15:38:06Z INFO  librespot_core::session] Connecting to AP "ap-gue1.spotify.com:4070"
[2026-04-02T15:38:06Z INFO  librespot_core::session] Authenticated as 'paulster23' !
[2026-04-02T15:38:06Z INFO  librespot_core::session] Country: "US"
[2026-04-02T15:38:07Z INFO  librespot_core::spclient] Resolved "gue1-spclient.spotify.com:443" as spclient access point
[2026-04-02T15:38:07Z INFO  librespot_connect::spirc] active device is <> with session <490609d981734e7793cfd412d28f0e7a>
[2026-04-02T15:43:05Z INFO  librespot] librespot 0.8.0 VERGEN_IDEMPOTENT_OUTPUT (Built on 2025-11-10, Build ID: 1762793321, Profile: release)
[2026-04-02T15:43:05Z INFO  librespot_playback::mixer::softmixer] Mixing with softvol and volume control: Log(60.0)
[2026-04-02T15:43:05Z INFO  librespot_playback::convert] Converting with ditherer: tpdf
[2026-04-02T15:43:05Z INFO  librespot_playback::audio_backend::pipe] Using StdoutSink (pipe) with format: S16
[2026-04-02T15:43:06Z INFO  librespot_core::session] Connecting to AP "ap-gue1.spotify.com:4070"
[2026-04-02T15:43:06Z INFO  librespot_core::session] Authenticated as 'paulster23' !
[2026-04-02T15:43:06Z INFO  librespot_core::session] Country: "US"
[2026-04-02T15:43:07Z INFO  librespot_core::spclient] Resolved "gue1-spclient.spotify.com:443" as spclient access point
[2026-04-02T15:43:07Z INFO  librespot_connect::spirc] active device is <> with session <490609d981734e7793cfd412d28f0e7a>
[2026-04-02T15:48:06Z INFO  librespot] librespot 0.8.0 VERGEN_IDEMPOTENT_OUTPUT (Built on 2025-11-10, Build ID: 1762793321, Profile: release)
[2026-04-02T15:48:06Z INFO  librespot_playback::mixer::softmixer] Mixing with softvol and volume control: Log(60.0)
[2026-04-02T15:48:06Z INFO  librespot_playback::convert] Converting with ditherer: tpdf
[2026-04-02T15:48:06Z INFO  librespot_playback::audio_backend::pipe] Using StdoutSink (pipe) with format: S16
[2026-04-02T15:48:06Z INFO  librespot_core::session] Connecting to AP "ap-gue1.spotify.com:4070"
[2026-04-02T15:48:06Z INFO  librespot_core::session] Authenticated as 'paulster23' !
[2026-04-02T15:48:06Z INFO  librespot_core::session] Country: "US"
[2026-04-02T15:48:07Z INFO  librespot_core::spclient] Resolved "gue1-spclient.spotify.com:443" as spclient access point
[2026-04-02T15:48:07Z INFO  librespot_connect::spirc] active device is <> with session <490609d981734e7793cfd412d28f0e7a>
[2026-04-02T15:53:06Z INFO  librespot] librespot 0.8.0 VERGEN_IDEMPOTENT_OUTPUT (Built on 2025-11-10, Build ID: 1762793321, Profile: release)
[2026-04-02T15:53:06Z INFO  librespot_playback::mixer::softmixer] Mixing with softvol and volume control: Log(60.0)
[2026-04-02T15:53:06Z INFO  librespot_playback::convert] Converting with ditherer: tpdf
[2026-04-02T15:53:06Z INFO  librespot_playback::audio_backend::pipe] Using StdoutSink (pipe) with format: S16
[2026-04-02T15:53:06Z INFO  librespot_core::session] Connecting to AP "ap-gue1.spotify.com:4070"
[2026-04-02T15:53:07Z INFO  librespot_core::session] Authenticated as 'paulster23' !
[2026-04-02T15:53:07Z INFO  librespot_core::session] Country: "US"
[2026-04-02T15:53:07Z INFO  librespot_core::spclient] Resolved "gue1-spclient.spotify.com:443" as spclient access point
[2026-04-02T15:53:08Z INFO  librespot_connect::spirc] active device is <> with session <490609d981734e7793cfd412d28f0e7a>
[2026-04-02T15:58:06Z INFO  librespot] librespot 0.8.0 VERGEN_IDEMPOTENT_OUTPUT (Built on 2025-11-10, Build ID: 1762793321, Profile: release)
[2026-04-02T15:58:06Z INFO  librespot_playback::mixer::softmixer] Mixing with softvol and volume control: Log(60.0)
[2026-04-02T15:58:06Z INFO  librespot_playback::convert] Converting with ditherer: tpdf
[2026-04-02T15:58:06Z INFO  librespot_playback::audio_backend::pipe] Using StdoutSink (pipe) with format: S16
[2026-04-02T15:58:06Z INFO  librespot_core::session] Connecting to AP "ap-gue1.spotify.com:4070"
[2026-04-02T15:58:07Z INFO  librespot_core::session] Authenticated as 'paulster23' !
[2026-04-02T15:58:07Z INFO  librespot_core::session] Country: "US"
[2026-04-02T15:58:07Z INFO  librespot_core::spclient] Resolved "gue1-spclient.spotify.com:443" as spclient access point
[2026-04-02T15:58:08Z INFO  librespot_connect::spirc] active device is <> with session <490609d981734e7793cfd412d28f0e7a>
[2026-04-02T16:03:06Z INFO  librespot] librespot 0.8.0 VERGEN_IDEMPOTENT_OUTPUT (Built on 2025-11-10, Build ID: 1762793321, Profile: release)
[2026-04-02T16:03:06Z INFO  librespot_playback::mixer::softmixer] Mixing with softvol and volume control: Log(60.0)
[2026-04-02T16:03:06Z INFO  librespot_playback::convert] Converting with ditherer: tpdf
[2026-04-02T16:03:06Z INFO  librespot_playback::audio_backend::pipe] Using StdoutSink (pipe) with format: S16
[2026-04-02T16:03:07Z INFO  librespot_core::session] Connecting to AP "ap-gue1.spotify.com:4070"
[2026-04-02T16:03:07Z INFO  librespot_core::session] Authenticated as 'paulster23' !
[2026-04-02T16:03:07Z INFO  librespot_core::session] Country: "US"
[2026-04-02T16:03:08Z INFO  librespot_core::spclient] Resolved "gue1-spclient.spotify.com:443" as spclient access point
[2026-04-02T16:03:08Z INFO  librespot_connect::spirc] active device is <> with session <490609d981734e7793cfd412d28f0e7a>
[2026-04-02T16:08:06Z INFO  librespot] librespot 0.8.0 VERGEN_IDEMPOTENT_OUTPUT (Built on 2025-11-10, Build ID: 1762793321, Profile: release)
[2026-04-02T16:08:06Z INFO  librespot_playback::mixer::softmixer] Mixing with softvol and volume control: Log(60.0)
[2026-04-02T16:08:06Z INFO  librespot_playback::convert] Converting with ditherer: tpdf
[2026-04-02T16:08:06Z INFO  librespot_playback::audio_backend::pipe] Using StdoutSink (pipe) with format: S16
[2026-04-02T16:08:07Z INFO  librespot_core::session] Connecting to AP "ap-gue1.spotify.com:4070"
[2026-04-02T16:08:07Z INFO  librespot_core::session] Authenticated as 'paulster23' !
[2026-04-02T16:08:07Z INFO  librespot_core::session] Country: "US"
[2026-04-02T16:08:08Z INFO  librespot_core::spclient] Resolved "gue1-spclient.spotify.com:443" as spclient access point
[2026-04-02T16:08:08Z INFO  librespot_connect::spirc] active device is <> with session <490609d981734e7793cfd412d28f0e7a>
[2026-04-02T16:12:06Z WARN  librespot_core::dealer] Websocket connection failed: IO error: Connection reset by peer (os error 54)
[2026-04-02T16:12:06Z WARN  librespot_core::dealer] Error while closing websocket: IO error: Broken pipe (os error 32)
[2026-04-02T16:12:08Z INFO  librespot_connect::spirc] active device is <> with session <490609d981734e7793cfd412d28f0e7a>
[2026-04-02T16:13:06Z INFO  librespot] librespot 0.8.0 VERGEN_IDEMPOTENT_OUTPUT (Built on 2025-11-10, Build ID: 1762793321, Profile: release)
[2026-04-02T16:13:06Z INFO  librespot_playback::mixer::softmixer] Mixing with softvol and volume control: Log(60.0)
[2026-04-02T16:13:06Z INFO  librespot_playback::convert] Converting with ditherer: tpdf
[2026-04-02T16:13:06Z INFO  librespot_playback::audio_backend::pipe] Using StdoutSink (pipe) with format: S16
[2026-04-02T16:13:07Z INFO  librespot_core::session] Connecting to AP "ap-gue1.spotify.com:4070"
[2026-04-02T16:13:07Z INFO  librespot_core::session] Authenticated as 'paulster23' !
[2026-04-02T16:13:07Z INFO  librespot_core::session] Country: "US"
[2026-04-02T16:13:08Z INFO  librespot_core::spclient] Resolved "gue1-spclient.spotify.com:443" as spclient access point
[2026-04-02T16:13:08Z INFO  librespot_connect::spirc] active device is <> with session <490609d981734e7793cfd412d28f0e7a>
[2026-04-02T16:14:30Z WARN  librespot_core::dealer] Websocket connection failed: IO error: peer closed connection without sending TLS close_notify: https://docs.rs/rustls/latest/rustls/manual/_03_howto/index.html#unexpected-eof
[2026-04-02T16:14:31Z INFO  librespot_connect::spirc] active device is <> with session <490609d981734e7793cfd412d28f0e7a>
[2026-04-02T16:18:06Z INFO  librespot] librespot 0.8.0 VERGEN_IDEMPOTENT_OUTPUT (Built on 2025-11-10, Build ID: 1762793321, Profile: release)
[2026-04-02T16:18:06Z INFO  librespot_playback::mixer::softmixer] Mixing with softvol and volume control: Log(60.0)
[2026-04-02T16:18:06Z INFO  librespot_playback::convert] Converting with ditherer: tpdf
[2026-04-02T16:18:06Z INFO  librespot_playback::audio_backend::pipe] Using StdoutSink (pipe) with format: S16
[2026-04-02T16:18:07Z INFO  librespot_core::session] Connecting to AP "ap-gue1.spotify.com:4070"
[2026-04-02T16:18:07Z INFO  librespot_core::session] Authenticated as 'paulster23' !
[2026-04-02T16:18:07Z INFO  librespot_core::session] Country: "US"
[2026-04-02T16:18:08Z INFO  librespot_core::spclient] Resolved "gue1-spclient.spotify.com:443" as spclient access point
[2026-04-02T16:18:08Z INFO  librespot_connect::spirc] active device is <> with session <490609d981734e7793cfd412d28f0e7a>
[2026-04-02T16:21:35Z WARN  librespot_core::dealer] Websocket connection failed: IO error: peer closed connection without sending TLS close_notify: https://docs.rs/rustls/latest/rustls/manual/_03_howto/index.html#unexpected-eof
[2026-04-02T16:21:36Z INFO  librespot_connect::spirc] active device is <> with session <490609d981734e7793cfd412d28f0e7a>
[2026-04-02T16:23:06Z INFO  librespot] librespot 0.8.0 VERGEN_IDEMPOTENT_OUTPUT (Built on 2025-11-10, Build ID: 1762793321, Profile: release)
[2026-04-02T16:23:06Z INFO  librespot_playback::mixer::softmixer] Mixing with softvol and volume control: Log(60.0)
[2026-04-02T16:23:06Z INFO  librespot_playback::convert] Converting with ditherer: tpdf
[2026-04-02T16:23:06Z INFO  librespot_playback::audio_backend::pipe] Using StdoutSink (pipe) with format: S16
[2026-04-02T16:23:07Z INFO  librespot_core::session] Connecting to AP "ap-gue1.spotify.com:4070"
[2026-04-02T16:23:07Z INFO  librespot_core::session] Authenticated as 'paulster23' !
[2026-04-02T16:23:07Z INFO  librespot_core::session] Country: "US"
[2026-04-02T16:23:08Z INFO  librespot_core::spclient] Resolved "gue1-spclient.spotify.com:443" as spclient access point
[2026-04-02T16:23:08Z INFO  librespot_connect::spirc] active device is <> with session <490609d981734e7793cfd412d28f0e7a>
[2026-04-02T16:28:06Z INFO  librespot] librespot 0.8.0 VERGEN_IDEMPOTENT_OUTPUT (Built on 2025-11-10, Build ID: 1762793321, Profile: release)
[2026-04-02T16:28:06Z INFO  librespot_playback::mixer::softmixer] Mixing with softvol and volume control: Log(60.0)
[2026-04-02T16:28:06Z INFO  librespot_playback::convert] Converting with ditherer: tpdf
[2026-04-02T16:28:06Z INFO  librespot_playback::audio_backend::pipe] Using StdoutSink (pipe) with format: S16
[2026-04-02T16:28:07Z INFO  librespot_core::session] Connecting to AP "ap-gue1.spotify.com:4070"
[2026-04-02T16:28:07Z INFO  librespot_core::session] Authenticated as 'paulster23' !
[2026-04-02T16:28:07Z INFO  librespot_core::session] Country: "US"
[2026-04-02T16:28:08Z INFO  librespot_core::spclient] Resolved "gue1-spclient.spotify.com:443" as spclient access point
[2026-04-02T16:28:08Z INFO  librespot_connect::spirc] active device is <> with session <490609d981734e7793cfd412d28f0e7a>
[2026-04-02T16:33:06Z INFO  librespot] librespot 0.8.0 VERGEN_IDEMPOTENT_OUTPUT (Built on 2025-11-10, Build ID: 1762793321, Profile: release)
[2026-04-02T16:33:06Z INFO  librespot_playback::mixer::softmixer] Mixing with softvol and volume control: Log(60.0)
[2026-04-02T16:33:06Z INFO  librespot_playback::convert] Converting with ditherer: tpdf
[2026-04-02T16:33:06Z INFO  librespot_playback::audio_backend::pipe] Using StdoutSink (pipe) with format: S16
[2026-04-02T16:33:07Z INFO  librespot_core::session] Connecting to AP "ap-gue1.spotify.com:4070"
[2026-04-02T16:33:07Z INFO  librespot_core::session] Authenticated as 'paulster23' !
[2026-04-02T16:33:07Z INFO  librespot_core::session] Country: "US"
[2026-04-02T16:33:08Z INFO  librespot_core::spclient] Resolved "gue1-spclient.spotify.com:443" as spclient access point
[2026-04-02T16:33:08Z INFO  librespot_connect::spirc] active device is <> with session <490609d981734e7793cfd412d28f0e7a>
[2026-04-02T16:38:07Z INFO  librespot] librespot 0.8.0 VERGEN_IDEMPOTENT_OUTPUT (Built on 2025-11-10, Build ID: 1762793321, Profile: release)
[2026-04-02T16:38:07Z INFO  librespot_playback::mixer::softmixer] Mixing with softvol and volume control: Log(60.0)
[2026-04-02T16:38:07Z INFO  librespot_playback::convert] Converting with ditherer: tpdf
[2026-04-02T16:38:07Z INFO  librespot_playback::audio_backend::pipe] Using StdoutSink (pipe) with format: S16
[2026-04-02T16:38:07Z INFO  librespot_core::session] Connecting to AP "ap-gue1.spotify.com:4070"
[2026-04-02T16:38:08Z INFO  librespot_core::session] Authenticated as 'paulster23' !
[2026-04-02T16:38:08Z INFO  librespot_core::session] Country: "US"
[2026-04-02T16:38:08Z INFO  librespot_core::spclient] Resolved "gue1-spclient.spotify.com:443" as spclient access point
[2026-04-02T16:38:09Z INFO  librespot_connect::spirc] active device is <> with session <490609d981734e7793cfd412d28f0e7a>
[2026-04-02T16:43:07Z INFO  librespot] librespot 0.8.0 VERGEN_IDEMPOTENT_OUTPUT (Built on 2025-11-10, Build ID: 1762793321, Profile: release)
[2026-04-02T16:43:07Z INFO  librespot_playback::mixer::softmixer] Mixing with softvol and volume control: Log(60.0)
[2026-04-02T16:43:07Z INFO  librespot_playback::convert] Converting with ditherer: tpdf
[2026-04-02T16:43:07Z INFO  librespot_playback::audio_backend::pipe] Using StdoutSink (pipe) with format: S16
[2026-04-02T16:43:07Z INFO  librespot_core::session] Connecting to AP "ap-gue1.spotify.com:4070"
[2026-04-02T16:43:08Z INFO  librespot_core::session] Authenticated as 'paulster23' !
[2026-04-02T16:43:08Z INFO  librespot_core::session] Country: "US"
[2026-04-02T16:43:08Z INFO  librespot_core::spclient] Resolved "gue1-spclient.spotify.com:443" as spclient access point
[2026-04-02T16:43:09Z INFO  librespot_connect::spirc] active device is <> with session <490609d981734e7793cfd412d28f0e7a>
[2026-04-02T16:48:07Z INFO  librespot] librespot 0.8.0 VERGEN_IDEMPOTENT_OUTPUT (Built on 2025-11-10, Build ID: 1762793321, Profile: release)
[2026-04-02T16:48:07Z INFO  librespot_playback::mixer::softmixer] Mixing with softvol and volume control: Log(60.0)
[2026-04-02T16:48:07Z INFO  librespot_playback::convert] Converting with ditherer: tpdf
[2026-04-02T16:48:07Z INFO  librespot_playback::audio_backend::pipe] Using StdoutSink (pipe) with format: S16
[2026-04-02T16:48:08Z INFO  librespot_core::session] Connecting to AP "ap-gue1.spotify.com:4070"
[2026-04-02T16:48:08Z INFO  librespot_core::session] Authenticated as 'paulster23' !
[2026-04-02T16:48:08Z INFO  librespot_core::session] Country: "US"
[2026-04-02T16:48:08Z INFO  librespot_core::spclient] Resolved "gue1-spclient.spotify.com:443" as spclient access point
[2026-04-02T16:48:09Z INFO  librespot_connect::spirc] active device is <> with session <490609d981734e7793cfd412d28f0e7a>
[2026-04-02T16:53:07Z INFO  librespot] librespot 0.8.0 VERGEN_IDEMPOTENT_OUTPUT (Built on 2025-11-10, Build ID: 1762793321, Profile: release)
[2026-04-02T16:53:07Z INFO  librespot_playback::mixer::softmixer] Mixing with softvol and volume control: Log(60.0)
[2026-04-02T16:53:07Z INFO  librespot_playback::convert] Converting with ditherer: tpdf
[2026-04-02T16:53:07Z INFO  librespot_playback::audio_backend::pipe] Using StdoutSink (pipe) with format: S16
[2026-04-02T16:53:08Z INFO  librespot_core::session] Connecting to AP "ap-gue1.spotify.com:4070"
[2026-04-02T16:53:08Z INFO  librespot_core::session] Authenticated as 'paulster23' !
[2026-04-02T16:53:08Z INFO  librespot_core::session] Country: "US"
[2026-04-02T16:53:08Z INFO  librespot_core::spclient] Resolved "gue1-spclient.spotify.com:443" as spclient access point
[2026-04-02T16:53:09Z INFO  librespot_connect::spirc] active device is <> with session <490609d981734e7793cfd412d28f0e7a>
[2026-04-02T16:58:07Z INFO  librespot] librespot 0.8.0 VERGEN_IDEMPOTENT_OUTPUT (Built on 2025-11-10, Build ID: 1762793321, Profile: release)
[2026-04-02T16:58:07Z INFO  librespot_playback::mixer::softmixer] Mixing with softvol and volume control: Log(60.0)
[2026-04-02T16:58:07Z INFO  librespot_playback::convert] Converting with ditherer: tpdf
[2026-04-02T16:58:07Z INFO  librespot_playback::audio_backend::pipe] Using StdoutSink (pipe) with format: S16
[2026-04-02T16:58:08Z INFO  librespot_core::session] Connecting to AP "ap-gue1.spotify.com:4070"
[2026-04-02T16:58:08Z INFO  librespot_core::session] Authenticated as 'paulster23' !
[2026-04-02T16:58:08Z INFO  librespot_core::session] Country: "US"
[2026-04-02T16:58:09Z INFO  librespot_core::spclient] Resolved "gue1-spclient.spotify.com:443" as spclient access point
[2026-04-02T16:58:09Z INFO  librespot_connect::spirc] active device is <> with session <490609d981734e7793cfd412d28f0e7a>
[2026-04-02T17:03:07Z INFO  librespot] librespot 0.8.0 VERGEN_IDEMPOTENT_OUTPUT (Built on 2025-11-10, Build ID: 1762793321, Profile: release)
[2026-04-02T17:03:07Z INFO  librespot_playback::mixer::softmixer] Mixing with softvol and volume control: Log(60.0)
[2026-04-02T17:03:07Z INFO  librespot_playback::convert] Converting with ditherer: tpdf
[2026-04-02T17:03:07Z INFO  librespot_playback::audio_backend::pipe] Using StdoutSink (pipe) with format: S16
[2026-04-02T17:03:08Z INFO  librespot_core::session] Connecting to AP "ap-gue1.spotify.com:4070"
[2026-04-02T17:03:08Z INFO  librespot_core::session] Authenticated as 'paulster23' !
[2026-04-02T17:03:08Z INFO  librespot_core::session] Country: "US"
[2026-04-02T17:03:09Z INFO  librespot_core::spclient] Resolved "gue1-spclient.spotify.com:443" as spclient access point
[2026-04-02T17:03:09Z INFO  librespot_connect::spirc] active device is <> with session <490609d981734e7793cfd412d28f0e7a>
[2026-04-02T17:08:07Z INFO  librespot] librespot 0.8.0 VERGEN_IDEMPOTENT_OUTPUT (Built on 2025-11-10, Build ID: 1762793321, Profile: release)
[2026-04-02T17:08:07Z INFO  librespot_playback::mixer::softmixer] Mixing with softvol and volume control: Log(60.0)
[2026-04-02T17:08:07Z INFO  librespot_playback::convert] Converting with ditherer: tpdf
[2026-04-02T17:08:07Z INFO  librespot_playback::audio_backend::pipe] Using StdoutSink (pipe) with format: S16
[2026-04-02T17:08:08Z INFO  librespot_core::session] Connecting to AP "ap-gue1.spotify.com:4070"
[2026-04-02T17:08:08Z INFO  librespot_core::session] Authenticated as 'paulster23' !
[2026-04-02T17:08:08Z INFO  librespot_core::session] Country: "US"
[2026-04-02T17:08:09Z INFO  librespot_core::spclient] Resolved "gue1-spclient.spotify.com:443" as spclient access point
[2026-04-02T17:08:09Z INFO  librespot_connect::spirc] active device is <> with session <490609d981734e7793cfd412d28f0e7a>
[2026-04-02T17:13:07Z INFO  librespot] librespot 0.8.0 VERGEN_IDEMPOTENT_OUTPUT (Built on 2025-11-10, Build ID: 1762793321, Profile: release)
[2026-04-02T17:13:07Z INFO  librespot_playback::mixer::softmixer] Mixing with softvol and volume control: Log(60.0)
[2026-04-02T17:13:07Z INFO  librespot_playback::convert] Converting with ditherer: tpdf
[2026-04-02T17:13:07Z INFO  librespot_playback::audio_backend::pipe] Using StdoutSink (pipe) with format: S16
[2026-04-02T17:13:08Z INFO  librespot_core::session] Connecting to AP "ap-gue1.spotify.com:4070"
[2026-04-02T17:13:08Z INFO  librespot_core::session] Authenticated as 'paulster23' !
[2026-04-02T17:13:08Z INFO  librespot_core::session] Country: "US"
[2026-04-02T17:13:09Z INFO  librespot_core::spclient] Resolved "gue1-spclient.spotify.com:443" as spclient access point
[2026-04-02T17:13:09Z INFO  librespot_connect::spirc] active device is <> with session <490609d981734e7793cfd412d28f0e7a>
[2026-04-02T17:18:07Z INFO  librespot] librespot 0.8.0 VERGEN_IDEMPOTENT_OUTPUT (Built on 2025-11-10, Build ID: 1762793321, Profile: release)
[2026-04-02T17:18:07Z INFO  librespot_playback::mixer::softmixer] Mixing with softvol and volume control: Log(60.0)
[2026-04-02T17:18:07Z INFO  librespot_playback::convert] Converting with ditherer: tpdf
[2026-04-02T17:18:07Z INFO  librespot_playback::audio_backend::pipe] Using StdoutSink (pipe) with format: S16
[2026-04-02T17:18:08Z INFO  librespot_core::session] Connecting to AP "ap-gue1.spotify.com:4070"
[2026-04-02T17:18:08Z INFO  librespot_core::session] Authenticated as 'paulster23' !
[2026-04-02T17:18:08Z INFO  librespot_core::session] Country: "US"
[2026-04-02T17:18:09Z INFO  librespot_core::spclient] Resolved "gue1-spclient.spotify.com:443" as spclient access point
[2026-04-02T17:18:09Z INFO  librespot_connect::spirc] active device is <> with session <490609d981734e7793cfd412d28f0e7a>
[2026-04-02T17:23:08Z INFO  librespot] librespot 0.8.0 VERGEN_IDEMPOTENT_OUTPUT (Built on 2025-11-10, Build ID: 1762793321, Profile: release)
[2026-04-02T17:23:08Z INFO  librespot_playback::mixer::softmixer] Mixing with softvol and volume control: Log(60.0)
[2026-04-02T17:23:08Z INFO  librespot_playback::convert] Converting with ditherer: tpdf
[2026-04-02T17:23:08Z INFO  librespot_playback::audio_backend::pipe] Using StdoutSink (pipe) with format: S16
[2026-04-02T17:23:08Z INFO  librespot_core::session] Connecting to AP "ap-gue1.spotify.com:4070"
[2026-04-02T17:23:08Z INFO  librespot_core::session] Authenticated as 'paulster23' !
[2026-04-02T17:23:08Z INFO  librespot_core::session] Country: "US"
[2026-04-02T17:23:09Z INFO  librespot_core::spclient] Resolved "gue1-spclient.spotify.com:443" as spclient access point
[2026-04-02T17:23:09Z INFO  librespot_connect::spirc] active device is <> with session <490609d981734e7793cfd412d28f0e7a>
[2026-04-02T17:28:08Z INFO  librespot] librespot 0.8.0 VERGEN_IDEMPOTENT_OUTPUT (Built on 2025-11-10, Build ID: 1762793321, Profile: release)
[2026-04-02T17:28:08Z INFO  librespot_playback::mixer::softmixer] Mixing with softvol and volume control: Log(60.0)
[2026-04-02T17:28:08Z INFO  librespot_playback::convert] Converting with ditherer: tpdf
[2026-04-02T17:28:08Z INFO  librespot_playback::audio_backend::pipe] Using StdoutSink (pipe) with format: S16
[2026-04-02T17:28:08Z INFO  librespot_core::session] Connecting to AP "ap-gue1.spotify.com:4070"
[2026-04-02T17:28:09Z INFO  librespot_core::session] Authenticated as 'paulster23' !
[2026-04-02T17:28:09Z INFO  librespot_core::session] Country: "US"
[2026-04-02T17:28:09Z INFO  librespot_core::spclient] Resolved "gue1-spclient.spotify.com:443" as spclient access point
[2026-04-02T17:28:09Z INFO  librespot_connect::spirc] active device is <> with session <490609d981734e7793cfd412d28f0e7a>
[2026-04-02T17:33:08Z INFO  librespot] librespot 0.8.0 VERGEN_IDEMPOTENT_OUTPUT (Built on 2025-11-10, Build ID: 1762793321, Profile: release)
[2026-04-02T17:33:08Z INFO  librespot_playback::mixer::softmixer] Mixing with softvol and volume control: Log(60.0)
[2026-04-02T17:33:08Z INFO  librespot_playback::convert] Converting with ditherer: tpdf
[2026-04-02T17:33:08Z INFO  librespot_playback::audio_backend::pipe] Using StdoutSink (pipe) with format: S16
[2026-04-02T17:33:08Z INFO  librespot_core::session] Connecting to AP "ap-gue1.spotify.com:4070"
[2026-04-02T17:33:09Z INFO  librespot_core::session] Authenticated as 'paulster23' !
[2026-04-02T17:33:09Z INFO  librespot_core::session] Country: "US"
[2026-04-02T17:33:09Z INFO  librespot_core::spclient] Resolved "gue1-spclient.spotify.com:443" as spclient access point
[2026-04-02T17:33:10Z INFO  librespot_connect::spirc] active device is <> with session <490609d981734e7793cfd412d28f0e7a>
[2026-04-02T17:38:08Z INFO  librespot] librespot 0.8.0 VERGEN_IDEMPOTENT_OUTPUT (Built on 2025-11-10, Build ID: 1762793321, Profile: release)
[2026-04-02T17:38:08Z INFO  librespot_playback::mixer::softmixer] Mixing with softvol and volume control: Log(60.0)
[2026-04-02T17:38:08Z INFO  librespot_playback::convert] Converting with ditherer: tpdf
[2026-04-02T17:38:08Z INFO  librespot_playback::audio_backend::pipe] Using StdoutSink (pipe) with format: S16
[2026-04-02T17:38:09Z INFO  librespot_core::session] Connecting to AP "ap-gue1.spotify.com:4070"
[2026-04-02T17:38:09Z INFO  librespot_core::session] Authenticated as 'paulster23' !
[2026-04-02T17:38:09Z INFO  librespot_core::session] Country: "US"
[2026-04-02T17:38:10Z INFO  librespot_core::spclient] Resolved "gue1-spclient.spotify.com:443" as spclient access point
[2026-04-02T17:38:10Z INFO  librespot_connect::spirc] active device is <> with session <490609d981734e7793cfd412d28f0e7a>
[2026-04-02T17:43:08Z INFO  librespot] librespot 0.8.0 VERGEN_IDEMPOTENT_OUTPUT (Built on 2025-11-10, Build ID: 1762793321, Profile: release)
[2026-04-02T17:43:08Z INFO  librespot_playback::mixer::softmixer] Mixing with softvol and volume control: Log(60.0)
[2026-04-02T17:43:08Z INFO  librespot_playback::convert] Converting with ditherer: tpdf
[2026-04-02T17:43:08Z INFO  librespot_playback::audio_backend::pipe] Using StdoutSink (pipe) with format: S16
[2026-04-02T17:43:09Z INFO  librespot_core::session] Connecting to AP "ap-gue1.spotify.com:4070"
[2026-04-02T17:43:09Z INFO  librespot_core::session] Authenticated as 'paulster23' !
[2026-04-02T17:43:09Z INFO  librespot_core::session] Country: "US"
[2026-04-02T17:43:10Z INFO  librespot_core::spclient] Resolved "gue1-spclient.spotify.com:443" as spclient access point
[2026-04-02T17:43:10Z INFO  librespot_connect::spirc] active device is <> with session <490609d981734e7793cfd412d28f0e7a>
[2026-04-02T17:48:08Z INFO  librespot] librespot 0.8.0 VERGEN_IDEMPOTENT_OUTPUT (Built on 2025-11-10, Build ID: 1762793321, Profile: release)
[2026-04-02T17:48:08Z INFO  librespot_playback::mixer::softmixer] Mixing with softvol and volume control: Log(60.0)
[2026-04-02T17:48:08Z INFO  librespot_playback::convert] Converting with ditherer: tpdf
[2026-04-02T17:48:08Z INFO  librespot_playback::audio_backend::pipe] Using StdoutSink (pipe) with format: S16
[2026-04-02T17:48:09Z INFO  librespot_core::session] Connecting to AP "ap-gue1.spotify.com:4070"
[2026-04-02T17:48:09Z INFO  librespot_core::session] Authenticated as 'paulster23' !
[2026-04-02T17:48:09Z INFO  librespot_core::session] Country: "US"
[2026-04-02T17:48:10Z INFO  librespot_core::spclient] Resolved "gue1-spclient.spotify.com:443" as spclient access point
[2026-04-02T17:48:10Z INFO  librespot_connect::spirc] active device is <> with session <490609d981734e7793cfd412d28f0e7a>
[2026-04-02T17:53:08Z INFO  librespot] librespot 0.8.0 VERGEN_IDEMPOTENT_OUTPUT (Built on 2025-11-10, Build ID: 1762793321, Profile: release)
[2026-04-02T17:53:08Z INFO  librespot_playback::mixer::softmixer] Mixing with softvol and volume control: Log(60.0)
[2026-04-02T17:53:08Z INFO  librespot_playback::convert] Converting with ditherer: tpdf
[2026-04-02T17:53:08Z INFO  librespot_playback::audio_backend::pipe] Using StdoutSink (pipe) with format: S16
[2026-04-02T17:53:09Z INFO  librespot_core::session] Connecting to AP "ap-gue1.spotify.com:4070"
[2026-04-02T17:53:09Z INFO  librespot_core::session] Authenticated as 'paulster23' !
[2026-04-02T17:53:09Z INFO  librespot_core::session] Country: "US"
[2026-04-02T17:53:10Z INFO  librespot_core::spclient] Resolved "gue1-spclient.spotify.com:443" as spclient access point
[2026-04-02T17:53:10Z INFO  librespot_connect::spirc] active device is <> with session <490609d981734e7793cfd412d28f0e7a>
[2026-04-02T17:58:08Z INFO  librespot] librespot 0.8.0 VERGEN_IDEMPOTENT_OUTPUT (Built on 2025-11-10, Build ID: 1762793321, Profile: release)
[2026-04-02T17:58:08Z INFO  librespot_playback::mixer::softmixer] Mixing with softvol and volume control: Log(60.0)
[2026-04-02T17:58:08Z INFO  librespot_playback::convert] Converting with ditherer: tpdf
[2026-04-02T17:58:08Z INFO  librespot_playback::audio_backend::pipe] Using StdoutSink (pipe) with format: S16
[2026-04-02T17:58:09Z INFO  librespot_core::session] Connecting to AP "ap-gue1.spotify.com:4070"
[2026-04-02T17:58:11Z INFO  librespot_core::session] Authenticated as 'paulster23' !
[2026-04-02T17:58:11Z INFO  librespot_core::session] Country: "US"
[2026-04-02T17:58:12Z INFO  librespot_core::spclient] Resolved "gue1-spclient.spotify.com:443" as spclient access point
[2026-04-02T17:58:12Z INFO  librespot_connect::spirc] active device is <> with session <490609d981734e7793cfd412d28f0e7a>
[2026-04-02T18:03:08Z INFO  librespot] librespot 0.8.0 VERGEN_IDEMPOTENT_OUTPUT (Built on 2025-11-10, Build ID: 1762793321, Profile: release)
[2026-04-02T18:03:08Z INFO  librespot_playback::mixer::softmixer] Mixing with softvol and volume control: Log(60.0)
[2026-04-02T18:03:08Z INFO  librespot_playback::convert] Converting with ditherer: tpdf
[2026-04-02T18:03:08Z INFO  librespot_playback::audio_backend::pipe] Using StdoutSink (pipe) with format: S16
[2026-04-02T18:03:09Z INFO  librespot_core::session] Connecting to AP "ap-gue1.spotify.com:4070"
[2026-04-02T18:03:09Z INFO  librespot_core::session] Authenticated as 'paulster23' !
[2026-04-02T18:03:09Z INFO  librespot_core::session] Country: "US"
[2026-04-02T18:03:10Z INFO  librespot_core::spclient] Resolved "gue1-spclient.spotify.com:443" as spclient access point
[2026-04-02T18:03:10Z INFO  librespot_connect::spirc] active device is <> with session <490609d981734e7793cfd412d28f0e7a>
[2026-04-02T18:08:08Z INFO  librespot] librespot 0.8.0 VERGEN_IDEMPOTENT_OUTPUT (Built on 2025-11-10, Build ID: 1762793321, Profile: release)
[2026-04-02T18:08:08Z INFO  librespot_playback::mixer::softmixer] Mixing with softvol and volume control: Log(60.0)
[2026-04-02T18:08:08Z INFO  librespot_playback::convert] Converting with ditherer: tpdf
[2026-04-02T18:08:08Z INFO  librespot_playback::audio_backend::pipe] Using StdoutSink (pipe) with format: S16
[2026-04-02T18:08:09Z INFO  librespot_core::session] Connecting to AP "ap-gue1.spotify.com:4070"
[2026-04-02T18:08:09Z INFO  librespot_core::session] Authenticated as 'paulster23' !
[2026-04-02T18:08:09Z INFO  librespot_core::session] Country: "US"
[2026-04-02T18:08:10Z INFO  librespot_core::spclient] Resolved "gue1-spclient.spotify.com:443" as spclient access point
[2026-04-02T18:08:10Z INFO  librespot_connect::spirc] active device is <> with session <490609d981734e7793cfd412d28f0e7a>
[2026-04-02T18:13:09Z INFO  librespot] librespot 0.8.0 VERGEN_IDEMPOTENT_OUTPUT (Built on 2025-11-10, Build ID: 1762793321, Profile: release)
[2026-04-02T18:13:09Z INFO  librespot_playback::mixer::softmixer] Mixing with softvol and volume control: Log(60.0)
[2026-04-02T18:13:09Z INFO  librespot_playback::convert] Converting with ditherer: tpdf
[2026-04-02T18:13:09Z INFO  librespot_playback::audio_backend::pipe] Using StdoutSink (pipe) with format: S16
[2026-04-02T18:13:09Z INFO  librespot_core::session] Connecting to AP "ap-gue1.spotify.com:4070"
[2026-04-02T18:13:10Z INFO  librespot_core::session] Authenticated as 'paulster23' !
[2026-04-02T18:13:10Z INFO  librespot_core::session] Country: "US"
[2026-04-02T18:13:10Z INFO  librespot_core::spclient] Resolved "gue1-spclient.spotify.com:443" as spclient access point
[2026-04-02T18:13:10Z INFO  librespot_connect::spirc] active device is <> with session <490609d981734e7793cfd412d28f0e7a>
[2026-04-02T18:18:09Z INFO  librespot] librespot 0.8.0 VERGEN_IDEMPOTENT_OUTPUT (Built on 2025-11-10, Build ID: 1762793321, Profile: release)
[2026-04-02T18:18:09Z INFO  librespot_playback::mixer::softmixer] Mixing with softvol and volume control: Log(60.0)
[2026-04-02T18:18:09Z INFO  librespot_playback::convert] Converting with ditherer: tpdf
[2026-04-02T18:18:09Z INFO  librespot_playback::audio_backend::pipe] Using StdoutSink (pipe) with format: S16
[2026-04-02T18:18:09Z INFO  librespot_core::session] Connecting to AP "ap-gue1.spotify.com:4070"
[2026-04-02T18:18:10Z INFO  librespot_core::session] Authenticated as 'paulster23' !
[2026-04-02T18:18:10Z INFO  librespot_core::session] Country: "US"
[2026-04-02T18:18:10Z INFO  librespot_core::spclient] Resolved "gue1-spclient.spotify.com:443" as spclient access point
[2026-04-02T18:18:10Z INFO  librespot_connect::spirc] active device is <> with session <490609d981734e7793cfd412d28f0e7a>
[2026-04-02T18:23:09Z INFO  librespot] librespot 0.8.0 VERGEN_IDEMPOTENT_OUTPUT (Built on 2025-11-10, Build ID: 1762793321, Profile: release)
[2026-04-02T18:23:09Z INFO  librespot_playback::mixer::softmixer] Mixing with softvol and volume control: Log(60.0)
[2026-04-02T18:23:09Z INFO  librespot_playback::convert] Converting with ditherer: tpdf
[2026-04-02T18:23:09Z INFO  librespot_playback::audio_backend::pipe] Using StdoutSink (pipe) with format: S16
[2026-04-02T18:23:09Z INFO  librespot_core::session] Connecting to AP "ap-gue1.spotify.com:4070"
[2026-04-02T18:23:10Z INFO  librespot_core::session] Authenticated as 'paulster23' !
[2026-04-02T18:23:10Z INFO  librespot_core::session] Country: "US"
[2026-04-02T18:23:10Z INFO  librespot_core::spclient] Resolved "gue1-spclient.spotify.com:443" as spclient access point
[2026-04-02T18:23:11Z INFO  librespot_connect::spirc] active device is <> with session <490609d981734e7793cfd412d28f0e7a>
[2026-04-02T18:28:09Z INFO  librespot] librespot 0.8.0 VERGEN_IDEMPOTENT_OUTPUT (Built on 2025-11-10, Build ID: 1762793321, Profile: release)
[2026-04-02T18:28:09Z INFO  librespot_playback::mixer::softmixer] Mixing with softvol and volume control: Log(60.0)
[2026-04-02T18:28:09Z INFO  librespot_playback::convert] Converting with ditherer: tpdf
[2026-04-02T18:28:09Z INFO  librespot_playback::audio_backend::pipe] Using StdoutSink (pipe) with format: S16
[2026-04-02T18:28:10Z INFO  librespot_core::session] Connecting to AP "ap-gue1.spotify.com:4070"
[2026-04-02T18:28:11Z INFO  librespot_core::session] Authenticated as 'paulster23' !
[2026-04-02T18:28:11Z INFO  librespot_core::session] Country: "US"
[2026-04-02T18:28:11Z INFO  librespot_core::spclient] Resolved "gue1-spclient.spotify.com:443" as spclient access point
[2026-04-02T18:28:11Z INFO  librespot_connect::spirc] active device is <> with session <490609d981734e7793cfd412d28f0e7a>
[2026-04-02T18:33:09Z INFO  librespot] librespot 0.8.0 VERGEN_IDEMPOTENT_OUTPUT (Built on 2025-11-10, Build ID: 1762793321, Profile: release)
[2026-04-02T18:33:09Z INFO  librespot_playback::mixer::softmixer] Mixing with softvol and volume control: Log(60.0)
[2026-04-02T18:33:09Z INFO  librespot_playback::convert] Converting with ditherer: tpdf
[2026-04-02T18:33:09Z INFO  librespot_playback::audio_backend::pipe] Using StdoutSink (pipe) with format: S16
[2026-04-02T18:33:10Z INFO  librespot_core::session] Connecting to AP "ap-gue1.spotify.com:4070"
[2026-04-02T18:33:10Z INFO  librespot_core::session] Authenticated as 'paulster23' !
[2026-04-02T18:33:10Z INFO  librespot_core::session] Country: "US"
[2026-04-02T18:33:11Z INFO  librespot_core::spclient] Resolved "gue1-spclient.spotify.com:443" as spclient access point
[2026-04-02T18:33:11Z INFO  librespot_connect::spirc] active device is <> with session <490609d981734e7793cfd412d28f0e7a>
[2026-04-02T18:38:09Z INFO  librespot] librespot 0.8.0 VERGEN_IDEMPOTENT_OUTPUT (Built on 2025-11-10, Build ID: 1762793321, Profile: release)
[2026-04-02T18:38:09Z INFO  librespot_playback::mixer::softmixer] Mixing with softvol and volume control: Log(60.0)
[2026-04-02T18:38:09Z INFO  librespot_playback::convert] Converting with ditherer: tpdf
[2026-04-02T18:38:09Z INFO  librespot_playback::audio_backend::pipe] Using StdoutSink (pipe) with format: S16
[2026-04-02T18:38:10Z INFO  librespot_core::session] Connecting to AP "ap-gue1.spotify.com:4070"
[2026-04-02T18:38:10Z INFO  librespot_core::session] Authenticated as 'paulster23' !
[2026-04-02T18:38:10Z INFO  librespot_core::session] Country: "US"
[2026-04-02T18:38:11Z INFO  librespot_core::spclient] Resolved "gue1-spclient.spotify.com:443" as spclient access point
[2026-04-02T18:38:11Z INFO  librespot_connect::spirc] active device is <> with session <490609d981734e7793cfd412d28f0e7a>
[2026-04-02T18:43:09Z INFO  librespot] librespot 0.8.0 VERGEN_IDEMPOTENT_OUTPUT (Built on 2025-11-10, Build ID: 1762793321, Profile: release)
[2026-04-02T18:43:09Z INFO  librespot_playback::mixer::softmixer] Mixing with softvol and volume control: Log(60.0)
[2026-04-02T18:43:09Z INFO  librespot_playback::convert] Converting with ditherer: tpdf
[2026-04-02T18:43:09Z INFO  librespot_playback::audio_backend::pipe] Using StdoutSink (pipe) with format: S16
[2026-04-02T18:43:10Z INFO  librespot_core::session] Connecting to AP "ap-gue1.spotify.com:4070"
[2026-04-02T18:43:10Z INFO  librespot_core::session] Authenticated as 'paulster23' !
[2026-04-02T18:43:10Z INFO  librespot_core::session] Country: "US"
[2026-04-02T18:43:11Z INFO  librespot_core::spclient] Resolved "gue1-spclient.spotify.com:443" as spclient access point
[2026-04-02T18:43:11Z INFO  librespot_connect::spirc] active device is <> with session <490609d981734e7793cfd412d28f0e7a>
[2026-04-02T18:48:09Z INFO  librespot] librespot 0.8.0 VERGEN_IDEMPOTENT_OUTPUT (Built on 2025-11-10, Build ID: 1762793321, Profile: release)
[2026-04-02T18:48:09Z INFO  librespot_playback::mixer::softmixer] Mixing with softvol and volume control: Log(60.0)
[2026-04-02T18:48:09Z INFO  librespot_playback::convert] Converting with ditherer: tpdf
[2026-04-02T18:48:09Z INFO  librespot_playback::audio_backend::pipe] Using StdoutSink (pipe) with format: S16
[2026-04-02T18:48:10Z INFO  librespot_core::session] Connecting to AP "ap-gue1.spotify.com:4070"
[2026-04-02T18:48:10Z INFO  librespot_core::session] Authenticated as 'paulster23' !
[2026-04-02T18:48:10Z INFO  librespot_core::session] Country: "US"
[2026-04-02T18:48:11Z INFO  librespot_core::spclient] Resolved "gue1-spclient.spotify.com:443" as spclient access point
[2026-04-02T18:48:11Z INFO  librespot_connect::spirc] active device is <> with session <490609d981734e7793cfd412d28f0e7a>
[2026-04-02T18:53:09Z INFO  librespot] librespot 0.8.0 VERGEN_IDEMPOTENT_OUTPUT (Built on 2025-11-10, Build ID: 1762793321, Profile: release)
[2026-04-02T18:53:09Z INFO  librespot_playback::mixer::softmixer] Mixing with softvol and volume control: Log(60.0)
[2026-04-02T18:53:09Z INFO  librespot_playback::convert] Converting with ditherer: tpdf
[2026-04-02T18:53:09Z INFO  librespot_playback::audio_backend::pipe] Using StdoutSink (pipe) with format: S16
[2026-04-02T18:53:10Z INFO  librespot_core::session] Connecting to AP "ap-gue1.spotify.com:4070"
[2026-04-02T18:53:10Z INFO  librespot_core::session] Authenticated as 'paulster23' !
[2026-04-02T18:53:10Z INFO  librespot_core::session] Country: "US"
[2026-04-02T18:53:11Z INFO  librespot_core::spclient] Resolved "gue1-spclient.spotify.com:443" as spclient access point
[2026-04-02T18:53:11Z INFO  librespot_connect::spirc] active device is <> with session <490609d981734e7793cfd412d28f0e7a>
[2026-04-02T18:58:09Z INFO  librespot] librespot 0.8.0 VERGEN_IDEMPOTENT_OUTPUT (Built on 2025-11-10, Build ID: 1762793321, Profile: release)
[2026-04-02T18:58:09Z INFO  librespot_playback::mixer::softmixer] Mixing with softvol and volume control: Log(60.0)
[2026-04-02T18:58:09Z INFO  librespot_playback::convert] Converting with ditherer: tpdf
[2026-04-02T18:58:09Z INFO  librespot_playback::audio_backend::pipe] Using StdoutSink (pipe) with format: S16
[2026-04-02T18:58:10Z INFO  librespot_core::session] Connecting to AP "ap-gue1.spotify.com:4070"
[2026-04-02T18:58:10Z INFO  librespot_core::session] Authenticated as 'paulster23' !
[2026-04-02T18:58:10Z INFO  librespot_core::session] Country: "US"
[2026-04-02T18:58:11Z INFO  librespot_core::spclient] Resolved "gue1-spclient.spotify.com:443" as spclient access point
[2026-04-02T18:58:11Z INFO  librespot_connect::spirc] active device is <> with session <490609d981734e7793cfd412d28f0e7a>
[2026-04-02T19:03:10Z INFO  librespot] librespot 0.8.0 VERGEN_IDEMPOTENT_OUTPUT (Built on 2025-11-10, Build ID: 1762793321, Profile: release)
[2026-04-02T19:03:10Z INFO  librespot_playback::mixer::softmixer] Mixing with softvol and volume control: Log(60.0)
[2026-04-02T19:03:10Z INFO  librespot_playback::convert] Converting with ditherer: tpdf
[2026-04-02T19:03:10Z INFO  librespot_playback::audio_backend::pipe] Using StdoutSink (pipe) with format: S16
[2026-04-02T19:03:11Z INFO  librespot_core::session] Connecting to AP "ap-gue1.spotify.com:4070"
[2026-04-02T19:03:12Z INFO  librespot_core::session] Authenticated as 'paulster23' !
[2026-04-02T19:03:12Z INFO  librespot_core::session] Country: "US"
[2026-04-02T19:03:13Z INFO  librespot_core::spclient] Resolved "gue1-spclient.spotify.com:443" as spclient access point
[2026-04-02T19:03:14Z INFO  librespot_connect::spirc] active device is <> with session <490609d981734e7793cfd412d28f0e7a>
[2026-04-02T19:08:10Z INFO  librespot] librespot 0.8.0 VERGEN_IDEMPOTENT_OUTPUT (Built on 2025-11-10, Build ID: 1762793321, Profile: release)
[2026-04-02T19:08:10Z INFO  librespot_playback::mixer::softmixer] Mixing with softvol and volume control: Log(60.0)
[2026-04-02T19:08:10Z INFO  librespot_playback::convert] Converting with ditherer: tpdf
[2026-04-02T19:08:10Z INFO  librespot_playback::audio_backend::pipe] Using StdoutSink (pipe) with format: S16
[2026-04-02T19:08:11Z INFO  librespot_core::session] Connecting to AP "ap-gue1.spotify.com:4070"
[2026-04-02T19:08:11Z INFO  librespot_core::session] Authenticated as 'paulster23' !
[2026-04-02T19:08:11Z INFO  librespot_core::session] Country: "US"
[2026-04-02T19:08:12Z INFO  librespot_core::spclient] Resolved "gue1-spclient.spotify.com:443" as spclient access point
[2026-04-02T19:08:12Z INFO  librespot_connect::spirc] active device is <> with session <490609d981734e7793cfd412d28f0e7a>
[2026-04-02T19:13:10Z INFO  librespot] librespot 0.8.0 VERGEN_IDEMPOTENT_OUTPUT (Built on 2025-11-10, Build ID: 1762793321, Profile: release)
[2026-04-02T19:13:10Z INFO  librespot_playback::mixer::softmixer] Mixing with softvol and volume control: Log(60.0)
[2026-04-02T19:13:10Z INFO  librespot_playback::convert] Converting with ditherer: tpdf
[2026-04-02T19:13:10Z INFO  librespot_playback::audio_backend::pipe] Using StdoutSink (pipe) with format: S16
[2026-04-02T19:13:11Z INFO  librespot_core::session] Connecting to AP "ap-gue1.spotify.com:4070"
[2026-04-02T19:13:11Z INFO  librespot_core::session] Authenticated as 'paulster23' !
[2026-04-02T19:13:11Z INFO  librespot_core::session] Country: "US"
[2026-04-02T19:13:12Z INFO  librespot_core::spclient] Resolved "gue1-spclient.spotify.com:443" as spclient access point
[2026-04-02T19:13:12Z INFO  librespot_connect::spirc] active device is <> with session <490609d981734e7793cfd412d28f0e7a>
[2026-04-02T19:18:10Z INFO  librespot] librespot 0.8.0 VERGEN_IDEMPOTENT_OUTPUT (Built on 2025-11-10, Build ID: 1762793321, Profile: release)
[2026-04-02T19:18:10Z INFO  librespot_playback::mixer::softmixer] Mixing with softvol and volume control: Log(60.0)
[2026-04-02T19:18:10Z INFO  librespot_playback::convert] Converting with ditherer: tpdf
[2026-04-02T19:18:10Z INFO  librespot_playback::audio_backend::pipe] Using StdoutSink (pipe) with format: S16
[2026-04-02T19:18:11Z INFO  librespot_core::session] Connecting to AP "ap-gue1.spotify.com:4070"
[2026-04-02T19:18:11Z INFO  librespot_core::session] Authenticated as 'paulster23' !
[2026-04-02T19:18:11Z INFO  librespot_core::session] Country: "US"
[2026-04-02T19:18:12Z INFO  librespot_core::spclient] Resolved "gue1-spclient.spotify.com:443" as spclient access point
[2026-04-02T19:18:12Z INFO  librespot_connect::spirc] active device is <> with session <490609d981734e7793cfd412d28f0e7a>
[2026-04-02T19:23:10Z INFO  librespot] librespot 0.8.0 VERGEN_IDEMPOTENT_OUTPUT (Built on 2025-11-10, Build ID: 1762793321, Profile: release)
[2026-04-02T19:23:10Z INFO  librespot_playback::mixer::softmixer] Mixing with softvol and volume control: Log(60.0)
[2026-04-02T19:23:10Z INFO  librespot_playback::convert] Converting with ditherer: tpdf
[2026-04-02T19:23:10Z INFO  librespot_playback::audio_backend::pipe] Using StdoutSink (pipe) with format: S16
[2026-04-02T19:23:11Z INFO  librespot_core::session] Connecting to AP "ap-gue1.spotify.com:4070"
[2026-04-02T19:23:11Z INFO  librespot_core::session] Authenticated as 'paulster23' !
[2026-04-02T19:23:11Z INFO  librespot_core::session] Country: "US"
[2026-04-02T19:23:12Z INFO  librespot_core::spclient] Resolved "gue1-spclient.spotify.com:443" as spclient access point
[2026-04-02T19:23:12Z INFO  librespot_connect::spirc] active device is <> with session <490609d981734e7793cfd412d28f0e7a>
[2026-04-02T19:28:10Z INFO  librespot] librespot 0.8.0 VERGEN_IDEMPOTENT_OUTPUT (Built on 2025-11-10, Build ID: 1762793321, Profile: release)
[2026-04-02T19:28:10Z INFO  librespot_playback::mixer::softmixer] Mixing with softvol and volume control: Log(60.0)
[2026-04-02T19:28:10Z INFO  librespot_playback::convert] Converting with ditherer: tpdf
[2026-04-02T19:28:10Z INFO  librespot_playback::audio_backend::pipe] Using StdoutSink (pipe) with format: S16
[2026-04-02T19:28:11Z INFO  librespot_core::session] Connecting to AP "ap-gue1.spotify.com:4070"
[2026-04-02T19:28:11Z INFO  librespot_core::session] Authenticated as 'paulster23' !
[2026-04-02T19:28:11Z INFO  librespot_core::session] Country: "US"
[2026-04-02T19:28:12Z INFO  librespot_core::spclient] Resolved "gue1-spclient.spotify.com:443" as spclient access point
[2026-04-02T19:28:12Z INFO  librespot_connect::spirc] active device is <> with session <490609d981734e7793cfd412d28f0e7a>
[2026-04-02T19:33:10Z INFO  librespot] librespot 0.8.0 VERGEN_IDEMPOTENT_OUTPUT (Built on 2025-11-10, Build ID: 1762793321, Profile: release)
[2026-04-02T19:33:10Z INFO  librespot_playback::mixer::softmixer] Mixing with softvol and volume control: Log(60.0)
[2026-04-02T19:33:10Z INFO  librespot_playback::convert] Converting with ditherer: tpdf
[2026-04-02T19:33:10Z INFO  librespot_playback::audio_backend::pipe] Using StdoutSink (pipe) with format: S16
[2026-04-02T19:33:11Z INFO  librespot_core::session] Connecting to AP "ap-gue1.spotify.com:4070"
[2026-04-02T19:33:11Z INFO  librespot_core::session] Authenticated as 'paulster23' !
[2026-04-02T19:33:11Z INFO  librespot_core::session] Country: "US"
[2026-04-02T19:33:12Z INFO  librespot_core::spclient] Resolved "gue1-spclient.spotify.com:443" as spclient access point
[2026-04-02T19:33:12Z INFO  librespot_connect::spirc] active device is <> with session <490609d981734e7793cfd412d28f0e7a>
[2026-04-02T19:38:11Z INFO  librespot] librespot 0.8.0 VERGEN_IDEMPOTENT_OUTPUT (Built on 2025-11-10, Build ID: 1762793321, Profile: release)
[2026-04-02T19:38:11Z INFO  librespot_playback::mixer::softmixer] Mixing with softvol and volume control: Log(60.0)
[2026-04-02T19:38:11Z INFO  librespot_playback::convert] Converting with ditherer: tpdf
[2026-04-02T19:38:11Z INFO  librespot_playback::audio_backend::pipe] Using StdoutSink (pipe) with format: S16
[2026-04-02T19:38:13Z INFO  librespot_core::session] Connecting to AP "ap-gue1.spotify.com:4070"
[2026-04-02T19:38:13Z WARN  librespot_core::session] Try another access point...
[2026-04-02T19:38:13Z INFO  librespot_core::session] Connecting to AP "ap-gue1.spotify.com:443"
[2026-04-02T19:38:13Z INFO  librespot_core::session] Authenticated as 'paulster23' !
[2026-04-02T19:38:13Z INFO  librespot_core::session] Country: "US"
[2026-04-02T19:38:14Z INFO  librespot_core::spclient] Resolved "gue1-spclient.spotify.com:443" as spclient access point
[2026-04-02T19:38:14Z INFO  librespot_connect::spirc] active device is <> with session <490609d981734e7793cfd412d28f0e7a>
[2026-04-02T19:43:11Z INFO  librespot] librespot 0.8.0 VERGEN_IDEMPOTENT_OUTPUT (Built on 2025-11-10, Build ID: 1762793321, Profile: release)
[2026-04-02T19:43:11Z INFO  librespot_playback::mixer::softmixer] Mixing with softvol and volume control: Log(60.0)
[2026-04-02T19:43:11Z INFO  librespot_playback::convert] Converting with ditherer: tpdf
[2026-04-02T19:43:11Z INFO  librespot_playback::audio_backend::pipe] Using StdoutSink (pipe) with format: S16
[2026-04-02T19:43:12Z INFO  librespot_core::session] Connecting to AP "ap-gue1.spotify.com:4070"
[2026-04-02T19:43:12Z INFO  librespot_core::session] Authenticated as 'paulster23' !
[2026-04-02T19:43:12Z INFO  librespot_core::session] Country: "US"
[2026-04-02T19:43:13Z INFO  librespot_core::spclient] Resolved "gue1-spclient.spotify.com:443" as spclient access point
[2026-04-02T19:43:13Z INFO  librespot_connect::spirc] active device is <> with session <490609d981734e7793cfd412d28f0e7a>
[2026-04-02T19:48:11Z INFO  librespot] librespot 0.8.0 VERGEN_IDEMPOTENT_OUTPUT (Built on 2025-11-10, Build ID: 1762793321, Profile: release)
[2026-04-02T19:48:11Z INFO  librespot_playback::mixer::softmixer] Mixing with softvol and volume control: Log(60.0)
[2026-04-02T19:48:11Z INFO  librespot_playback::convert] Converting with ditherer: tpdf
[2026-04-02T19:48:11Z INFO  librespot_playback::audio_backend::pipe] Using StdoutSink (pipe) with format: S16
[2026-04-02T19:48:13Z INFO  librespot_core::session] Connecting to AP "ap-gue1.spotify.com:4070"
[2026-04-02T19:48:14Z INFO  librespot_core::session] Authenticated as 'paulster23' !
[2026-04-02T19:48:14Z INFO  librespot_core::session] Country: "US"
[2026-04-02T19:48:16Z INFO  librespot_core::spclient] Resolved "gue1-spclient.spotify.com:443" as spclient access point
[2026-04-02T19:48:16Z INFO  librespot_connect::spirc] active device is <> with session <490609d981734e7793cfd412d28f0e7a>
[2026-04-02T19:53:12Z INFO  librespot] librespot 0.8.0 VERGEN_IDEMPOTENT_OUTPUT (Built on 2025-11-10, Build ID: 1762793321, Profile: release)
[2026-04-02T19:53:12Z INFO  librespot_playback::mixer::softmixer] Mixing with softvol and volume control: Log(60.0)
[2026-04-02T19:53:12Z INFO  librespot_playback::convert] Converting with ditherer: tpdf
[2026-04-02T19:53:12Z INFO  librespot_playback::audio_backend::pipe] Using StdoutSink (pipe) with format: S16
[2026-04-02T19:53:12Z INFO  librespot_core::session] Connecting to AP "ap-gue1.spotify.com:4070"
[2026-04-02T19:53:13Z INFO  librespot_core::session] Authenticated as 'paulster23' !
[2026-04-02T19:53:13Z INFO  librespot_core::session] Country: "US"
[2026-04-02T19:53:13Z INFO  librespot_core::spclient] Resolved "gue1-spclient.spotify.com:443" as spclient access point
[2026-04-02T19:53:14Z INFO  librespot_connect::spirc] active device is <> with session <490609d981734e7793cfd412d28f0e7a>
[2026-04-02T19:58:12Z INFO  librespot] librespot 0.8.0 VERGEN_IDEMPOTENT_OUTPUT (Built on 2025-11-10, Build ID: 1762793321, Profile: release)
[2026-04-02T19:58:12Z INFO  librespot_playback::mixer::softmixer] Mixing with softvol and volume control: Log(60.0)
[2026-04-02T19:58:12Z INFO  librespot_playback::convert] Converting with ditherer: tpdf
[2026-04-02T19:58:12Z INFO  librespot_playback::audio_backend::pipe] Using StdoutSink (pipe) with format: S16
[2026-04-02T19:58:12Z INFO  librespot_core::session] Connecting to AP "ap-gue1.spotify.com:4070"
[2026-04-02T19:58:13Z INFO  librespot_core::session] Authenticated as 'paulster23' !
[2026-04-02T19:58:13Z INFO  librespot_core::session] Country: "US"
[2026-04-02T19:58:14Z INFO  librespot_core::spclient] Resolved "gue1-spclient.spotify.com:443" as spclient access point
[2026-04-02T19:58:14Z INFO  librespot_connect::spirc] active device is <> with session <490609d981734e7793cfd412d28f0e7a>
[2026-04-02T20:03:12Z INFO  librespot] librespot 0.8.0 VERGEN_IDEMPOTENT_OUTPUT (Built on 2025-11-10, Build ID: 1762793321, Profile: release)
[2026-04-02T20:03:12Z INFO  librespot_playback::mixer::softmixer] Mixing with softvol and volume control: Log(60.0)
[2026-04-02T20:03:12Z INFO  librespot_playback::convert] Converting with ditherer: tpdf
[2026-04-02T20:03:12Z INFO  librespot_playback::audio_backend::pipe] Using StdoutSink (pipe) with format: S16
[2026-04-02T20:03:12Z INFO  librespot_core::session] Connecting to AP "ap-gue1.spotify.com:4070"
[2026-04-02T20:03:13Z INFO  librespot_core::session] Authenticated as 'paulster23' !
[2026-04-02T20:03:13Z INFO  librespot_core::session] Country: "US"
[2026-04-02T20:03:14Z INFO  librespot_core::spclient] Resolved "gue1-spclient.spotify.com:443" as spclient access point
[2026-04-02T20:03:14Z INFO  librespot_connect::spirc] active device is <> with session <490609d981734e7793cfd412d28f0e7a>
[2026-04-02T20:08:12Z INFO  librespot] librespot 0.8.0 VERGEN_IDEMPOTENT_OUTPUT (Built on 2025-11-10, Build ID: 1762793321, Profile: release)
[2026-04-02T20:08:12Z INFO  librespot_playback::mixer::softmixer] Mixing with softvol and volume control: Log(60.0)
[2026-04-02T20:08:12Z INFO  librespot_playback::convert] Converting with ditherer: tpdf
[2026-04-02T20:08:12Z INFO  librespot_playback::audio_backend::pipe] Using StdoutSink (pipe) with format: S16
[2026-04-02T20:08:13Z INFO  librespot_core::session] Connecting to AP "ap-gue1.spotify.com:4070"
[2026-04-02T20:08:13Z INFO  librespot_core::session] Authenticated as 'paulster23' !
[2026-04-02T20:08:13Z INFO  librespot_core::session] Country: "US"
[2026-04-02T20:08:14Z INFO  librespot_core::spclient] Resolved "gue1-spclient.spotify.com:443" as spclient access point
[2026-04-02T20:08:14Z INFO  librespot_connect::spirc] active device is <> with session <490609d981734e7793cfd412d28f0e7a>
[2026-04-02T20:13:12Z INFO  librespot] librespot 0.8.0 VERGEN_IDEMPOTENT_OUTPUT (Built on 2025-11-10, Build ID: 1762793321, Profile: release)
[2026-04-02T20:13:12Z INFO  librespot_playback::mixer::softmixer] Mixing with softvol and volume control: Log(60.0)
[2026-04-02T20:13:12Z INFO  librespot_playback::convert] Converting with ditherer: tpdf
[2026-04-02T20:13:12Z INFO  librespot_playback::audio_backend::pipe] Using StdoutSink (pipe) with format: S16
[2026-04-02T20:13:13Z INFO  librespot_core::session] Connecting to AP "ap-gue1.spotify.com:4070"
[2026-04-02T20:13:13Z INFO  librespot_core::session] Authenticated as 'paulster23' !
[2026-04-02T20:13:13Z INFO  librespot_core::session] Country: "US"
[2026-04-02T20:13:14Z INFO  librespot_core::spclient] Resolved "gue1-spclient.spotify.com:443" as spclient access point
[2026-04-02T20:13:14Z INFO  librespot_connect::spirc] active device is <> with session <490609d981734e7793cfd412d28f0e7a>
[2026-04-02T20:18:12Z INFO  librespot] librespot 0.8.0 VERGEN_IDEMPOTENT_OUTPUT (Built on 2025-11-10, Build ID: 1762793321, Profile: release)
[2026-04-02T20:18:12Z INFO  librespot_playback::mixer::softmixer] Mixing with softvol and volume control: Log(60.0)
[2026-04-02T20:18:12Z INFO  librespot_playback::convert] Converting with ditherer: tpdf
[2026-04-02T20:18:12Z INFO  librespot_playback::audio_backend::pipe] Using StdoutSink (pipe) with format: S16
[2026-04-02T20:18:13Z INFO  librespot_core::session] Connecting to AP "ap-gue1.spotify.com:4070"
[2026-04-02T20:18:13Z INFO  librespot_core::session] Authenticated as 'paulster23' !
[2026-04-02T20:18:13Z INFO  librespot_core::session] Country: "US"
[2026-04-02T20:18:14Z INFO  librespot_core::spclient] Resolved "gue1-spclient.spotify.com:443" as spclient access point
[2026-04-02T20:18:14Z INFO  librespot_connect::spirc] active device is <> with session <490609d981734e7793cfd412d28f0e7a>
[2026-04-02T20:23:12Z INFO  librespot] librespot 0.8.0 VERGEN_IDEMPOTENT_OUTPUT (Built on 2025-11-10, Build ID: 1762793321, Profile: release)
[2026-04-02T20:23:12Z INFO  librespot_playback::mixer::softmixer] Mixing with softvol and volume control: Log(60.0)
[2026-04-02T20:23:12Z INFO  librespot_playback::convert] Converting with ditherer: tpdf
[2026-04-02T20:23:12Z INFO  librespot_playback::audio_backend::pipe] Using StdoutSink (pipe) with format: S16
[2026-04-02T20:23:13Z INFO  librespot_core::session] Connecting to AP "ap-gue1.spotify.com:4070"
[2026-04-02T20:23:13Z INFO  librespot_core::session] Authenticated as 'paulster23' !
[2026-04-02T20:23:13Z INFO  librespot_core::session] Country: "US"
[2026-04-02T20:23:14Z INFO  librespot_core::spclient] Resolved "gue1-spclient.spotify.com:443" as spclient access point
[2026-04-02T20:23:14Z INFO  librespot_connect::spirc] active device is <> with session <490609d981734e7793cfd412d28f0e7a>
[2026-04-02T20:28:12Z INFO  librespot] librespot 0.8.0 VERGEN_IDEMPOTENT_OUTPUT (Built on 2025-11-10, Build ID: 1762793321, Profile: release)
[2026-04-02T20:28:12Z INFO  librespot_playback::mixer::softmixer] Mixing with softvol and volume control: Log(60.0)
[2026-04-02T20:28:12Z INFO  librespot_playback::convert] Converting with ditherer: tpdf
[2026-04-02T20:28:12Z INFO  librespot_playback::audio_backend::pipe] Using StdoutSink (pipe) with format: S16
[2026-04-02T20:28:13Z INFO  librespot_core::session] Connecting to AP "ap-gue1.spotify.com:4070"
[2026-04-02T20:28:13Z INFO  librespot_core::session] Authenticated as 'paulster23' !
[2026-04-02T20:28:13Z INFO  librespot_core::session] Country: "US"
[2026-04-02T20:28:14Z INFO  librespot_core::spclient] Resolved "gue1-spclient.spotify.com:443" as spclient access point
[2026-04-02T20:28:14Z INFO  librespot_connect::spirc] active device is <> with session <490609d981734e7793cfd412d28f0e7a>
[2026-04-02T20:33:12Z INFO  librespot] librespot 0.8.0 VERGEN_IDEMPOTENT_OUTPUT (Built on 2025-11-10, Build ID: 1762793321, Profile: release)
[2026-04-02T20:33:12Z INFO  librespot_playback::mixer::softmixer] Mixing with softvol and volume control: Log(60.0)
[2026-04-02T20:33:12Z INFO  librespot_playback::convert] Converting with ditherer: tpdf
[2026-04-02T20:33:12Z INFO  librespot_playback::audio_backend::pipe] Using StdoutSink (pipe) with format: S16
[2026-04-02T20:33:13Z INFO  librespot_core::session] Connecting to AP "ap-gue1.spotify.com:4070"
[2026-04-02T20:33:14Z INFO  librespot_core::session] Authenticated as 'paulster23' !
[2026-04-02T20:33:14Z INFO  librespot_core::session] Country: "US"
[2026-04-02T20:33:14Z INFO  librespot_core::spclient] Resolved "gue1-spclient.spotify.com:443" as spclient access point
[2026-04-02T20:33:14Z INFO  librespot_connect::spirc] active device is <> with session <490609d981734e7793cfd412d28f0e7a>
[2026-04-02T20:38:13Z INFO  librespot] librespot 0.8.0 VERGEN_IDEMPOTENT_OUTPUT (Built on 2025-11-10, Build ID: 1762793321, Profile: release)
[2026-04-02T20:38:13Z INFO  librespot_playback::mixer::softmixer] Mixing with softvol and volume control: Log(60.0)
[2026-04-02T20:38:13Z INFO  librespot_playback::convert] Converting with ditherer: tpdf
[2026-04-02T20:38:13Z INFO  librespot_playback::audio_backend::pipe] Using StdoutSink (pipe) with format: S16
[2026-04-02T20:38:13Z INFO  librespot_core::session] Connecting to AP "ap-gue1.spotify.com:4070"
[2026-04-02T20:38:14Z INFO  librespot_core::session] Authenticated as 'paulster23' !
[2026-04-02T20:38:14Z INFO  librespot_core::session] Country: "US"
[2026-04-02T20:38:14Z INFO  librespot_core::spclient] Resolved "gue1-spclient.spotify.com:443" as spclient access point
[2026-04-02T20:38:15Z INFO  librespot_connect::spirc] active device is <> with session <490609d981734e7793cfd412d28f0e7a>
[2026-04-02T20:43:13Z INFO  librespot] librespot 0.8.0 VERGEN_IDEMPOTENT_OUTPUT (Built on 2025-11-10, Build ID: 1762793321, Profile: release)
[2026-04-02T20:43:13Z INFO  librespot_playback::mixer::softmixer] Mixing with softvol and volume control: Log(60.0)
[2026-04-02T20:43:13Z INFO  librespot_playback::convert] Converting with ditherer: tpdf
[2026-04-02T20:43:13Z INFO  librespot_playback::audio_backend::pipe] Using StdoutSink (pipe) with format: S16
[2026-04-02T20:43:13Z INFO  librespot_core::session] Connecting to AP "ap-gue1.spotify.com:4070"
[2026-04-02T20:43:14Z INFO  librespot_core::session] Authenticated as 'paulster23' !
[2026-04-02T20:43:14Z INFO  librespot_core::session] Country: "US"
[2026-04-02T20:43:14Z INFO  librespot_core::spclient] Resolved "gue1-spclient.spotify.com:443" as spclient access point
[2026-04-02T20:43:15Z INFO  librespot_connect::spirc] active device is <> with session <490609d981734e7793cfd412d28f0e7a>
[2026-04-02T20:48:13Z INFO  librespot] librespot 0.8.0 VERGEN_IDEMPOTENT_OUTPUT (Built on 2025-11-10, Build ID: 1762793321, Profile: release)
[2026-04-02T20:48:13Z INFO  librespot_playback::mixer::softmixer] Mixing with softvol and volume control: Log(60.0)
[2026-04-02T20:48:13Z INFO  librespot_playback::convert] Converting with ditherer: tpdf
[2026-04-02T20:48:13Z INFO  librespot_playback::audio_backend::pipe] Using StdoutSink (pipe) with format: S16
[2026-04-02T20:48:14Z INFO  librespot_core::session] Connecting to AP "ap-gue1.spotify.com:4070"
[2026-04-02T20:48:14Z INFO  librespot_core::session] Authenticated as 'paulster23' !
[2026-04-02T20:48:14Z INFO  librespot_core::session] Country: "US"
[2026-04-02T20:48:14Z INFO  librespot_core::spclient] Resolved "gue1-spclient.spotify.com:443" as spclient access point
[2026-04-02T20:48:15Z INFO  librespot_connect::spirc] active device is <> with session <490609d981734e7793cfd412d28f0e7a>
[2026-04-02T20:53:13Z INFO  librespot] librespot 0.8.0 VERGEN_IDEMPOTENT_OUTPUT (Built on 2025-11-10, Build ID: 1762793321, Profile: release)
[2026-04-02T20:53:13Z INFO  librespot_playback::mixer::softmixer] Mixing with softvol and volume control: Log(60.0)
[2026-04-02T20:53:13Z INFO  librespot_playback::convert] Converting with ditherer: tpdf
[2026-04-02T20:53:13Z INFO  librespot_playback::audio_backend::pipe] Using StdoutSink (pipe) with format: S16
[2026-04-02T20:53:14Z INFO  librespot_core::session] Connecting to AP "ap-gue1.spotify.com:4070"
[2026-04-02T20:53:14Z INFO  librespot_core::session] Authenticated as 'paulster23' !
[2026-04-02T20:53:14Z INFO  librespot_core::session] Country: "US"
[2026-04-02T20:53:15Z INFO  librespot_core::spclient] Resolved "gue1-spclient.spotify.com:443" as spclient access point
[2026-04-02T20:53:15Z INFO  librespot_connect::spirc] active device is <> with session <490609d981734e7793cfd412d28f0e7a>
[2026-04-02T20:58:13Z INFO  librespot] librespot 0.8.0 VERGEN_IDEMPOTENT_OUTPUT (Built on 2025-11-10, Build ID: 1762793321, Profile: release)
[2026-04-02T20:58:13Z INFO  librespot_playback::mixer::softmixer] Mixing with softvol and volume control: Log(60.0)
[2026-04-02T20:58:13Z INFO  librespot_playback::convert] Converting with ditherer: tpdf
[2026-04-02T20:58:13Z INFO  librespot_playback::audio_backend::pipe] Using StdoutSink (pipe) with format: S16
[2026-04-02T20:58:14Z INFO  librespot_core::session] Connecting to AP "ap-gue1.spotify.com:4070"
[2026-04-02T20:58:14Z INFO  librespot_core::session] Authenticated as 'paulster23' !
[2026-04-02T20:58:14Z INFO  librespot_core::session] Country: "US"
[2026-04-02T20:58:15Z INFO  librespot_core::spclient] Resolved "gue1-spclient.spotify.com:443" as spclient access point
[2026-04-02T20:58:15Z INFO  librespot_connect::spirc] active device is <> with session <490609d981734e7793cfd412d28f0e7a>
[2026-04-02T21:03:13Z INFO  librespot] librespot 0.8.0 VERGEN_IDEMPOTENT_OUTPUT (Built on 2025-11-10, Build ID: 1762793321, Profile: release)
[2026-04-02T21:03:13Z INFO  librespot_playback::mixer::softmixer] Mixing with softvol and volume control: Log(60.0)
[2026-04-02T21:03:13Z INFO  librespot_playback::convert] Converting with ditherer: tpdf
[2026-04-02T21:03:13Z INFO  librespot_playback::audio_backend::pipe] Using StdoutSink (pipe) with format: S16
[2026-04-02T21:03:14Z INFO  librespot_core::session] Connecting to AP "ap-gue1.spotify.com:4070"
[2026-04-02T21:03:14Z INFO  librespot_core::session] Authenticated as 'paulster23' !
[2026-04-02T21:03:14Z INFO  librespot_core::session] Country: "US"
[2026-04-02T21:03:15Z INFO  librespot_core::spclient] Resolved "gue1-spclient.spotify.com:443" as spclient access point
[2026-04-02T21:03:15Z INFO  librespot_connect::spirc] active device is <> with session <490609d981734e7793cfd412d28f0e7a>
[2026-04-02T21:04:09Z WARN  librespot_connect::state::context] couldn't load context info because: context is not available. type: Default
[2026-04-02T21:04:09Z WARN  librespot_connect::state::context] couldn't load context info because: context is not available. type: Default
[2026-04-02T21:04:09Z INFO  librespot_playback::player] Loading <Swingin Party - 2008 Remaster> with Spotify URI <spotify:track:14g6foD6sxO1qgkDKuPgWv>
[2026-04-02T21:04:09Z INFO  librespot_connect::spirc] session update: <Ok(NEW_SESSION)> for self, current session_id 3a97193cc1ad45dca8016dc387e95ba1, new session_id f0ad4d2fe542427e64e7917a16754e74
[2026-04-02T21:04:10Z INFO  librespot_playback::player] <Swingin Party - 2008 Remaster> (233573 ms) loaded
[2026-04-02T21:04:10Z ERROR librespot_playback::player] Audio Sink Error On Write: <StdoutSink> Broken pipe (os error 32)
[2026-04-02T21:08:13Z INFO  librespot] librespot 0.8.0 VERGEN_IDEMPOTENT_OUTPUT (Built on 2025-11-10, Build ID: 1762793321, Profile: release)
[2026-04-02T21:08:13Z INFO  librespot_playback::mixer::softmixer] Mixing with softvol and volume control: Log(60.0)
[2026-04-02T21:08:13Z INFO  librespot_playback::convert] Converting with ditherer: tpdf
[2026-04-02T21:08:13Z INFO  librespot_playback::audio_backend::pipe] Using StdoutSink (pipe) with format: S16
[2026-04-02T21:08:14Z INFO  librespot_core::session] Connecting to AP "ap-gue1.spotify.com:4070"
[2026-04-02T21:08:14Z INFO  librespot_core::session] Authenticated as 'paulster23' !
[2026-04-02T21:08:14Z INFO  librespot_core::session] Country: "US"
[2026-04-02T21:08:15Z INFO  librespot_core::spclient] Resolved "gue1-spclient.spotify.com:443" as spclient access point
[2026-04-02T21:08:16Z INFO  librespot_connect::spirc] active device is <> with session <f0ad4d2fe542427e64e7917a16754e74>
[2026-04-02T21:13:13Z INFO  librespot] librespot 0.8.0 VERGEN_IDEMPOTENT_OUTPUT (Built on 2025-11-10, Build ID: 1762793321, Profile: release)
[2026-04-02T21:13:13Z INFO  librespot_playback::mixer::softmixer] Mixing with softvol and volume control: Log(60.0)
[2026-04-02T21:13:13Z INFO  librespot_playback::convert] Converting with ditherer: tpdf
[2026-04-02T21:13:13Z INFO  librespot_playback::audio_backend::pipe] Using StdoutSink (pipe) with format: S16
[2026-04-02T21:13:14Z INFO  librespot_core::session] Connecting to AP "ap-gue1.spotify.com:4070"
[2026-04-02T21:13:15Z INFO  librespot_core::session] Authenticated as 'paulster23' !
[2026-04-02T21:13:15Z INFO  librespot_core::session] Country: "US"
[2026-04-02T21:13:16Z INFO  librespot_core::spclient] Resolved "gue1-spclient.spotify.com:443" as spclient access point
[2026-04-02T21:13:16Z INFO  librespot_connect::spirc] active device is <> with session <f0ad4d2fe542427e64e7917a16754e74>
[2026-04-02T21:18:13Z INFO  librespot] librespot 0.8.0 VERGEN_IDEMPOTENT_OUTPUT (Built on 2025-11-10, Build ID: 1762793321, Profile: release)
[2026-04-02T21:18:13Z INFO  librespot_playback::mixer::softmixer] Mixing with softvol and volume control: Log(60.0)
[2026-04-02T21:18:13Z INFO  librespot_playback::convert] Converting with ditherer: tpdf
[2026-04-02T21:18:13Z INFO  librespot_playback::audio_backend::pipe] Using StdoutSink (pipe) with format: S16
[2026-04-02T21:18:14Z INFO  librespot_core::session] Connecting to AP "ap-gue1.spotify.com:4070"
[2026-04-02T21:18:15Z INFO  librespot_core::session] Authenticated as 'paulster23' !
[2026-04-02T21:18:15Z INFO  librespot_core::session] Country: "US"
[2026-04-02T21:18:15Z INFO  librespot_core::spclient] Resolved "gue1-spclient.spotify.com:443" as spclient access point
[2026-04-02T21:18:16Z INFO  librespot_connect::spirc] active device is <> with session <f0ad4d2fe542427e64e7917a16754e74>
[2026-04-02T21:23:14Z INFO  librespot] librespot 0.8.0 VERGEN_IDEMPOTENT_OUTPUT (Built on 2025-11-10, Build ID: 1762793321, Profile: release)
[2026-04-02T21:23:14Z INFO  librespot_playback::mixer::softmixer] Mixing with softvol and volume control: Log(60.0)
[2026-04-02T21:23:14Z INFO  librespot_playback::convert] Converting with ditherer: tpdf
[2026-04-02T21:23:14Z INFO  librespot_playback::audio_backend::pipe] Using StdoutSink (pipe) with format: S16
[2026-04-02T21:23:15Z INFO  librespot_core::session] Connecting to AP "ap-gue1.spotify.com:4070"
[2026-04-02T21:23:15Z INFO  librespot_core::session] Authenticated as 'paulster23' !
[2026-04-02T21:23:15Z INFO  librespot_core::session] Country: "US"
[2026-04-02T21:23:16Z INFO  librespot_core::spclient] Resolved "gue1-spclient.spotify.com:443" as spclient access point
[2026-04-02T21:23:16Z INFO  librespot_connect::spirc] active device is <> with session <f0ad4d2fe542427e64e7917a16754e74>
[2026-04-02T21:28:14Z INFO  librespot] librespot 0.8.0 VERGEN_IDEMPOTENT_OUTPUT (Built on 2025-11-10, Build ID: 1762793321, Profile: release)
[2026-04-02T21:28:14Z INFO  librespot_playback::mixer::softmixer] Mixing with softvol and volume control: Log(60.0)
[2026-04-02T21:28:14Z INFO  librespot_playback::convert] Converting with ditherer: tpdf
[2026-04-02T21:28:14Z INFO  librespot_playback::audio_backend::pipe] Using StdoutSink (pipe) with format: S16
[2026-04-02T21:28:15Z INFO  librespot_core::session] Connecting to AP "ap-gue1.spotify.com:4070"
[2026-04-02T21:28:16Z INFO  librespot_core::session] Authenticated as 'paulster23' !
[2026-04-02T21:28:16Z INFO  librespot_core::session] Country: "US"
[2026-04-02T21:28:17Z INFO  librespot_core::spclient] Resolved "gue1-spclient.spotify.com:443" as spclient access point
[2026-04-02T21:28:17Z INFO  librespot_connect::spirc] active device is <> with session <f0ad4d2fe542427e64e7917a16754e74>
[2026-04-02T21:33:14Z INFO  librespot] librespot 0.8.0 VERGEN_IDEMPOTENT_OUTPUT (Built on 2025-11-10, Build ID: 1762793321, Profile: release)
[2026-04-02T21:33:14Z INFO  librespot_playback::mixer::softmixer] Mixing with softvol and volume control: Log(60.0)
[2026-04-02T21:33:14Z INFO  librespot_playback::convert] Converting with ditherer: tpdf
[2026-04-02T21:33:14Z INFO  librespot_playback::audio_backend::pipe] Using StdoutSink (pipe) with format: S16
[2026-04-02T21:33:15Z INFO  librespot_core::session] Connecting to AP "ap-gue1.spotify.com:4070"
[2026-04-02T21:33:15Z INFO  librespot_core::session] Authenticated as 'paulster23' !
[2026-04-02T21:33:15Z INFO  librespot_core::session] Country: "US"
[2026-04-02T21:33:16Z INFO  librespot_core::spclient] Resolved "gue1-spclient.spotify.com:443" as spclient access point
[2026-04-02T21:33:16Z INFO  librespot_connect::spirc] active device is <> with session <f0ad4d2fe542427e64e7917a16754e74>
[2026-04-02T21:38:14Z INFO  librespot] librespot 0.8.0 VERGEN_IDEMPOTENT_OUTPUT (Built on 2025-11-10, Build ID: 1762793321, Profile: release)
[2026-04-02T21:38:14Z INFO  librespot_playback::mixer::softmixer] Mixing with softvol and volume control: Log(60.0)
[2026-04-02T21:38:14Z INFO  librespot_playback::convert] Converting with ditherer: tpdf
[2026-04-02T21:38:14Z INFO  librespot_playback::audio_backend::pipe] Using StdoutSink (pipe) with format: S16
[2026-04-02T21:38:16Z INFO  librespot_core::session] Connecting to AP "ap-gue1.spotify.com:4070"
[2026-04-02T21:38:16Z INFO  librespot_core::session] Authenticated as 'paulster23' !
[2026-04-02T21:38:16Z INFO  librespot_core::session] Country: "US"
[2026-04-02T21:38:16Z INFO  librespot_core::spclient] Resolved "gue1-spclient.spotify.com:443" as spclient access point
[2026-04-02T21:38:17Z INFO  librespot_connect::spirc] active device is <> with session <f0ad4d2fe542427e64e7917a16754e74>
[2026-04-02T21:43:14Z INFO  librespot] librespot 0.8.0 VERGEN_IDEMPOTENT_OUTPUT (Built on 2025-11-10, Build ID: 1762793321, Profile: release)
[2026-04-02T21:43:14Z INFO  librespot_playback::mixer::softmixer] Mixing with softvol and volume control: Log(60.0)
[2026-04-02T21:43:14Z INFO  librespot_playback::convert] Converting with ditherer: tpdf
[2026-04-02T21:43:14Z INFO  librespot_playback::audio_backend::pipe] Using StdoutSink (pipe) with format: S16
[2026-04-02T21:43:15Z INFO  librespot_core::session] Connecting to AP "ap-gue1.spotify.com:4070"
[2026-04-02T21:43:15Z INFO  librespot_core::session] Authenticated as 'paulster23' !
[2026-04-02T21:43:15Z INFO  librespot_core::session] Country: "US"
[2026-04-02T21:43:16Z INFO  librespot_core::spclient] Resolved "gue1-spclient.spotify.com:443" as spclient access point
[2026-04-02T21:43:16Z INFO  librespot_connect::spirc] active device is <> with session <f0ad4d2fe542427e64e7917a16754e74>
[2026-04-02T21:48:14Z INFO  librespot] librespot 0.8.0 VERGEN_IDEMPOTENT_OUTPUT (Built on 2025-11-10, Build ID: 1762793321, Profile: release)
[2026-04-02T21:48:14Z INFO  librespot_playback::mixer::softmixer] Mixing with softvol and volume control: Log(60.0)
[2026-04-02T21:48:14Z INFO  librespot_playback::convert] Converting with ditherer: tpdf
[2026-04-02T21:48:14Z INFO  librespot_playback::audio_backend::pipe] Using StdoutSink (pipe) with format: S16
[2026-04-02T21:48:15Z INFO  librespot_core::session] Connecting to AP "ap-gue1.spotify.com:4070"
[2026-04-02T21:48:16Z INFO  librespot_core::session] Authenticated as 'paulster23' !
[2026-04-02T21:48:16Z INFO  librespot_core::session] Country: "US"
[2026-04-02T21:48:16Z INFO  librespot_core::spclient] Resolved "gue1-spclient.spotify.com:443" as spclient access point
[2026-04-02T21:48:17Z INFO  librespot_connect::spirc] active device is <> with session <f0ad4d2fe542427e64e7917a16754e74>
[2026-04-02T21:53:14Z INFO  librespot] librespot 0.8.0 VERGEN_IDEMPOTENT_OUTPUT (Built on 2025-11-10, Build ID: 1762793321, Profile: release)
[2026-04-02T21:53:14Z INFO  librespot_playback::mixer::softmixer] Mixing with softvol and volume control: Log(60.0)
[2026-04-02T21:53:14Z INFO  librespot_playback::convert] Converting with ditherer: tpdf
[2026-04-02T21:53:14Z INFO  librespot_playback::audio_backend::pipe] Using StdoutSink (pipe) with format: S16
[2026-04-02T21:53:15Z INFO  librespot_core::session] Connecting to AP "ap-gue1.spotify.com:4070"
[2026-04-02T21:53:15Z INFO  librespot_core::session] Authenticated as 'paulster23' !
[2026-04-02T21:53:15Z INFO  librespot_core::session] Country: "US"
[2026-04-02T21:53:16Z INFO  librespot_core::spclient] Resolved "gue1-spclient.spotify.com:443" as spclient access point
[2026-04-02T21:53:17Z INFO  librespot_connect::spirc] active device is <> with session <f0ad4d2fe542427e64e7917a16754e74>
[2026-04-02T21:58:15Z INFO  librespot] librespot 0.8.0 VERGEN_IDEMPOTENT_OUTPUT (Built on 2025-11-10, Build ID: 1762793321, Profile: release)
[2026-04-02T21:58:15Z INFO  librespot_playback::mixer::softmixer] Mixing with softvol and volume control: Log(60.0)
[2026-04-02T21:58:15Z INFO  librespot_playback::convert] Converting with ditherer: tpdf
[2026-04-02T21:58:15Z INFO  librespot_playback::audio_backend::pipe] Using StdoutSink (pipe) with format: S16
[2026-04-02T21:58:15Z INFO  librespot_core::session] Connecting to AP "ap-gue1.spotify.com:4070"
[2026-04-02T21:58:15Z INFO  librespot_core::session] Authenticated as 'paulster23' !
[2026-04-02T21:58:15Z INFO  librespot_core::session] Country: "US"
[2026-04-02T21:58:16Z INFO  librespot_core::spclient] Resolved "gue1-spclient.spotify.com:443" as spclient access point
[2026-04-02T21:58:16Z INFO  librespot_connect::spirc] active device is <> with session <f0ad4d2fe542427e64e7917a16754e74>
[2026-04-02T22:03:15Z INFO  librespot] librespot 0.8.0 VERGEN_IDEMPOTENT_OUTPUT (Built on 2025-11-10, Build ID: 1762793321, Profile: release)
[2026-04-02T22:03:15Z INFO  librespot_playback::mixer::softmixer] Mixing with softvol and volume control: Log(60.0)
[2026-04-02T22:03:15Z INFO  librespot_playback::convert] Converting with ditherer: tpdf
[2026-04-02T22:03:15Z INFO  librespot_playback::audio_backend::pipe] Using StdoutSink (pipe) with format: S16
[2026-04-02T22:03:16Z INFO  librespot_core::session] Connecting to AP "ap-gue1.spotify.com:4070"
[2026-04-02T22:03:16Z INFO  librespot_core::session] Authenticated as 'paulster23' !
[2026-04-02T22:03:16Z INFO  librespot_core::session] Country: "US"
[2026-04-02T22:03:17Z INFO  librespot_core::spclient] Resolved "gue1-spclient.spotify.com:443" as spclient access point
[2026-04-02T22:03:17Z INFO  librespot_connect::spirc] active device is <> with session <f0ad4d2fe542427e64e7917a16754e74>
[2026-04-02T22:05:34Z WARN  librespot_connect::state::context] couldn't load context info because: context is not available. type: Default
[2026-04-02T22:05:34Z INFO  librespot_playback::player] Loading <’Said Soul> with Spotify URI <spotify:track:3nereh8fbNjDflNF7f1CLK>
[2026-04-02T22:05:35Z INFO  librespot_playback::player] <’Said Soul> (164389 ms) loaded
[2026-04-02T22:05:35Z ERROR librespot_playback::player] Audio Sink Error On Write: <StdoutSink> Broken pipe (os error 32)
[2026-04-02T22:05:41Z ERROR librespot_playback::player] Audio Sink Error On Write: <StdoutSink> Broken pipe (os error 32)
[2026-04-02T22:05:42Z ERROR librespot_playback::player] Audio Sink Error On Write: <StdoutSink> Broken pipe (os error 32)
[2026-04-02T22:05:44Z ERROR librespot_playback::player] Audio Sink Error On Write: <StdoutSink> Broken pipe (os error 32)
[2026-04-02T22:05:45Z ERROR librespot_playback::player] Audio Sink Error On Write: <StdoutSink> Broken pipe (os error 32)
[2026-04-02T22:05:47Z ERROR librespot_playback::player] Audio Sink Error On Write: <StdoutSink> Broken pipe (os error 32)
[2026-04-02T22:05:50Z INFO  librespot_playback::player] Loading <Sick 8> with Spotify URI <spotify:track:3b5OzSpdY89VB1VJuIcBaC>
[2026-04-02T22:05:51Z INFO  librespot_playback::player] <Sick 8> (260522 ms) loaded
[2026-04-02T22:05:53Z ERROR librespot_playback::player] Audio Sink Error On Write: <StdoutSink> Broken pipe (os error 32)
[2026-04-02T22:05:53Z ERROR librespot_playback::player] Audio Sink Error On Write: <StdoutSink> Failed to Flush the Output Stream, Broken pipe (os error 32)
/Users/media/containers/home-automation/librespot/on_event.sh: line 51:  6784 Terminated: 15          sleep 3
[2026-04-02T22:05:53Z INFO  librespot] librespot 0.8.0 VERGEN_IDEMPOTENT_OUTPUT (Built on 2025-11-10, Build ID: 1762793321, Profile: release)
[2026-04-02T22:05:53Z INFO  librespot_playback::mixer::softmixer] Mixing with softvol and volume control: Log(60.0)
[2026-04-02T22:05:53Z INFO  librespot_playback::convert] Converting with ditherer: tpdf
[2026-04-02T22:05:53Z INFO  librespot_playback::audio_backend::pipe] Using StdoutSink (pipe) with format: S16
[2026-04-02T22:05:54Z INFO  librespot_core::session] Connecting to AP "ap-gue1.spotify.com:4070"
[2026-04-02T22:05:54Z INFO  librespot_core::session] Authenticated as 'paulster23' !
[2026-04-02T22:05:54Z INFO  librespot_core::session] Country: "US"
[2026-04-02T22:05:55Z INFO  librespot_core::spclient] Resolved "gue1-spclient.spotify.com:443" as spclient access point
[2026-04-02T22:05:55Z INFO  librespot_connect::spirc] active device is <> with session <0ed3092c605c484a8c61dafd0f78708c>
[2026-04-02T22:06:09Z WARN  librespot_connect::state::context] couldn't load context info because: context is not available. type: Default
[2026-04-02T22:06:09Z INFO  librespot_playback::player] Loading <Sick 8> with Spotify URI <spotify:track:3b5OzSpdY89VB1VJuIcBaC>
[2026-04-02T22:06:09Z INFO  librespot_playback::player] <Sick 8> (260522 ms) loaded
[2026-04-02T22:06:09Z ERROR librespot_playback::player] Audio Sink Error On Write: <StdoutSink> Broken pipe (os error 32)
[2026-04-02T22:06:13Z ERROR librespot_playback::player] Audio Sink Error On Write: <StdoutSink> Broken pipe (os error 32)
[2026-04-02T22:06:16Z ERROR librespot_playback::player] Audio Sink Error On Write: <StdoutSink> Broken pipe (os error 32)
[2026-04-02T22:08:15Z INFO  librespot] librespot 0.8.0 VERGEN_IDEMPOTENT_OUTPUT (Built on 2025-11-10, Build ID: 1762793321, Profile: release)
[2026-04-02T22:08:15Z INFO  librespot_playback::mixer::softmixer] Mixing with softvol and volume control: Log(60.0)
[2026-04-02T22:08:15Z INFO  librespot_playback::convert] Converting with ditherer: tpdf
[2026-04-02T22:08:15Z INFO  librespot_playback::audio_backend::pipe] Using StdoutSink (pipe) with format: S16
[2026-04-02T22:08:16Z INFO  librespot_core::session] Connecting to AP "ap-gue1.spotify.com:4070"
[2026-04-02T22:08:16Z INFO  librespot_core::session] Authenticated as 'paulster23' !
[2026-04-02T22:08:16Z INFO  librespot_core::session] Country: "US"
[2026-04-02T22:08:16Z INFO  librespot_core::spclient] Resolved "gue1-spclient.spotify.com:443" as spclient access point
[2026-04-02T22:08:17Z INFO  librespot_connect::spirc] active device is <> with session <5334c4fdc27d453e90727d3b257c67a4>
[2026-04-02T22:13:15Z INFO  librespot] librespot 0.8.0 VERGEN_IDEMPOTENT_OUTPUT (Built on 2025-11-10, Build ID: 1762793321, Profile: release)
[2026-04-02T22:13:15Z INFO  librespot_playback::mixer::softmixer] Mixing with softvol and volume control: Log(60.0)
[2026-04-02T22:13:15Z INFO  librespot_playback::convert] Converting with ditherer: tpdf
[2026-04-02T22:13:15Z INFO  librespot_playback::audio_backend::pipe] Using StdoutSink (pipe) with format: S16
[2026-04-02T22:13:16Z INFO  librespot_core::session] Connecting to AP "ap-gue1.spotify.com:4070"
[2026-04-02T22:13:16Z INFO  librespot_core::session] Authenticated as 'paulster23' !
[2026-04-02T22:13:16Z INFO  librespot_core::session] Country: "US"
[2026-04-02T22:13:17Z INFO  librespot_core::spclient] Resolved "gue1-spclient.spotify.com:443" as spclient access point
[2026-04-02T22:13:17Z INFO  librespot_connect::spirc] active device is <> with session <5334c4fdc27d453e90727d3b257c67a4>
[2026-04-02T22:18:15Z INFO  librespot] librespot 0.8.0 VERGEN_IDEMPOTENT_OUTPUT (Built on 2025-11-10, Build ID: 1762793321, Profile: release)
[2026-04-02T22:18:15Z INFO  librespot_playback::mixer::softmixer] Mixing with softvol and volume control: Log(60.0)
[2026-04-02T22:18:15Z INFO  librespot_playback::convert] Converting with ditherer: tpdf
[2026-04-02T22:18:15Z INFO  librespot_playback::audio_backend::pipe] Using StdoutSink (pipe) with format: S16
[2026-04-02T22:18:16Z INFO  librespot_core::session] Connecting to AP "ap-gue1.spotify.com:4070"
[2026-04-02T22:18:16Z INFO  librespot_core::session] Authenticated as 'paulster23' !
[2026-04-02T22:18:16Z INFO  librespot_core::session] Country: "US"
[2026-04-02T22:18:17Z INFO  librespot_core::spclient] Resolved "gue1-spclient.spotify.com:443" as spclient access point
[2026-04-02T22:18:17Z INFO  librespot_connect::spirc] active device is <> with session <5334c4fdc27d453e90727d3b257c67a4>
[2026-04-02T22:23:15Z INFO  librespot] librespot 0.8.0 VERGEN_IDEMPOTENT_OUTPUT (Built on 2025-11-10, Build ID: 1762793321, Profile: release)
[2026-04-02T22:23:15Z INFO  librespot_playback::mixer::softmixer] Mixing with softvol and volume control: Log(60.0)
[2026-04-02T22:23:15Z INFO  librespot_playback::convert] Converting with ditherer: tpdf
[2026-04-02T22:23:15Z INFO  librespot_playback::audio_backend::pipe] Using StdoutSink (pipe) with format: S16
[2026-04-02T22:23:16Z INFO  librespot_core::session] Connecting to AP "ap-gue1.spotify.com:4070"
[2026-04-02T22:23:16Z INFO  librespot_core::session] Authenticated as 'paulster23' !
[2026-04-02T22:23:16Z INFO  librespot_core::session] Country: "US"
[2026-04-02T22:23:17Z INFO  librespot_core::spclient] Resolved "gue1-spclient.spotify.com:443" as spclient access point
[2026-04-02T22:23:17Z INFO  librespot_connect::spirc] active device is <> with session <5334c4fdc27d453e90727d3b257c67a4>
[2026-04-02T22:28:15Z INFO  librespot] librespot 0.8.0 VERGEN_IDEMPOTENT_OUTPUT (Built on 2025-11-10, Build ID: 1762793321, Profile: release)
[2026-04-02T22:28:15Z INFO  librespot_playback::mixer::softmixer] Mixing with softvol and volume control: Log(60.0)
[2026-04-02T22:28:15Z INFO  librespot_playback::convert] Converting with ditherer: tpdf
[2026-04-02T22:28:15Z INFO  librespot_playback::audio_backend::pipe] Using StdoutSink (pipe) with format: S16
[2026-04-02T22:28:16Z INFO  librespot_core::session] Connecting to AP "ap-gue1.spotify.com:4070"
[2026-04-02T22:28:16Z INFO  librespot_core::session] Authenticated as 'paulster23' !
[2026-04-02T22:28:16Z INFO  librespot_core::session] Country: "US"
[2026-04-02T22:28:17Z INFO  librespot_core::spclient] Resolved "gue1-spclient.spotify.com:443" as spclient access point
[2026-04-02T22:28:17Z INFO  librespot_connect::spirc] active device is <> with session <5334c4fdc27d453e90727d3b257c67a4>
[2026-04-02T22:33:15Z INFO  librespot] librespot 0.8.0 VERGEN_IDEMPOTENT_OUTPUT (Built on 2025-11-10, Build ID: 1762793321, Profile: release)
[2026-04-02T22:33:15Z INFO  librespot_playback::mixer::softmixer] Mixing with softvol and volume control: Log(60.0)
[2026-04-02T22:33:15Z INFO  librespot_playback::convert] Converting with ditherer: tpdf
[2026-04-02T22:33:15Z INFO  librespot_playback::audio_backend::pipe] Using StdoutSink (pipe) with format: S16
[2026-04-02T22:33:17Z INFO  librespot_core::session] Connecting to AP "ap-gue1.spotify.com:4070"
[2026-04-02T22:33:18Z INFO  librespot_core::session] Authenticated as 'paulster23' !
[2026-04-02T22:33:18Z INFO  librespot_core::session] Country: "US"
[2026-04-02T22:33:19Z INFO  librespot_core::spclient] Resolved "gue1-spclient.spotify.com:443" as spclient access point
[2026-04-02T22:33:20Z INFO  librespot_connect::spirc] active device is <> with session <5334c4fdc27d453e90727d3b257c67a4>
[2026-04-02T22:38:15Z INFO  librespot] librespot 0.8.0 VERGEN_IDEMPOTENT_OUTPUT (Built on 2025-11-10, Build ID: 1762793321, Profile: release)
[2026-04-02T22:38:15Z INFO  librespot_playback::mixer::softmixer] Mixing with softvol and volume control: Log(60.0)
[2026-04-02T22:38:15Z INFO  librespot_playback::convert] Converting with ditherer: tpdf
[2026-04-02T22:38:15Z INFO  librespot_playback::audio_backend::pipe] Using StdoutSink (pipe) with format: S16
[2026-04-02T22:38:16Z INFO  librespot_core::session] Connecting to AP "ap-gue1.spotify.com:4070"
[2026-04-02T22:38:16Z INFO  librespot_core::session] Authenticated as 'paulster23' !
[2026-04-02T22:38:16Z INFO  librespot_core::session] Country: "US"
[2026-04-02T22:38:17Z INFO  librespot_core::spclient] Resolved "gue1-spclient.spotify.com:443" as spclient access point
[2026-04-02T22:38:17Z INFO  librespot_connect::spirc] active device is <> with session <5334c4fdc27d453e90727d3b257c67a4>
[2026-04-02T22:43:16Z INFO  librespot] librespot 0.8.0 VERGEN_IDEMPOTENT_OUTPUT (Built on 2025-11-10, Build ID: 1762793321, Profile: release)
[2026-04-02T22:43:16Z INFO  librespot_playback::mixer::softmixer] Mixing with softvol and volume control: Log(60.0)
[2026-04-02T22:43:16Z INFO  librespot_playback::convert] Converting with ditherer: tpdf
[2026-04-02T22:43:16Z INFO  librespot_playback::audio_backend::pipe] Using StdoutSink (pipe) with format: S16
[2026-04-02T22:43:16Z INFO  librespot_core::session] Connecting to AP "ap-gue1.spotify.com:4070"
[2026-04-02T22:43:17Z INFO  librespot_core::session] Authenticated as 'paulster23' !
[2026-04-02T22:43:17Z INFO  librespot_core::session] Country: "US"
[2026-04-02T22:43:17Z INFO  librespot_core::spclient] Resolved "gue1-spclient.spotify.com:443" as spclient access point
[2026-04-02T22:43:18Z INFO  librespot_connect::spirc] active device is <> with session <5334c4fdc27d453e90727d3b257c67a4>
[2026-04-02T22:48:16Z INFO  librespot] librespot 0.8.0 VERGEN_IDEMPOTENT_OUTPUT (Built on 2025-11-10, Build ID: 1762793321, Profile: release)
[2026-04-02T22:48:16Z INFO  librespot_playback::mixer::softmixer] Mixing with softvol and volume control: Log(60.0)
[2026-04-02T22:48:16Z INFO  librespot_playback::convert] Converting with ditherer: tpdf
[2026-04-02T22:48:16Z INFO  librespot_playback::audio_backend::pipe] Using StdoutSink (pipe) with format: S16
[2026-04-02T22:48:16Z INFO  librespot_core::session] Connecting to AP "ap-gue1.spotify.com:4070"
[2026-04-02T22:48:17Z INFO  librespot_core::session] Authenticated as 'paulster23' !
[2026-04-02T22:48:17Z INFO  librespot_core::session] Country: "US"
[2026-04-02T22:48:17Z INFO  librespot_core::spclient] Resolved "gue1-spclient.spotify.com:443" as spclient access point
[2026-04-02T22:48:17Z INFO  librespot_connect::spirc] active device is <> with session <5334c4fdc27d453e90727d3b257c67a4>
[2026-04-02T22:53:16Z INFO  librespot] librespot 0.8.0 VERGEN_IDEMPOTENT_OUTPUT (Built on 2025-11-10, Build ID: 1762793321, Profile: release)
[2026-04-02T22:53:16Z INFO  librespot_playback::mixer::softmixer] Mixing with softvol and volume control: Log(60.0)
[2026-04-02T22:53:16Z INFO  librespot_playback::convert] Converting with ditherer: tpdf
[2026-04-02T22:53:16Z INFO  librespot_playback::audio_backend::pipe] Using StdoutSink (pipe) with format: S16
[2026-04-02T22:53:16Z INFO  librespot_core::session] Connecting to AP "ap-gue1.spotify.com:4070"
[2026-04-02T22:53:17Z INFO  librespot_core::session] Authenticated as 'paulster23' !
[2026-04-02T22:53:17Z INFO  librespot_core::session] Country: "US"
[2026-04-02T22:53:17Z INFO  librespot_core::spclient] Resolved "gue1-spclient.spotify.com:443" as spclient access point
[2026-04-02T22:53:18Z INFO  librespot_connect::spirc] active device is <> with session <5334c4fdc27d453e90727d3b257c67a4>
[2026-04-02T22:58:16Z INFO  librespot] librespot 0.8.0 VERGEN_IDEMPOTENT_OUTPUT (Built on 2025-11-10, Build ID: 1762793321, Profile: release)
[2026-04-02T22:58:16Z INFO  librespot_playback::mixer::softmixer] Mixing with softvol and volume control: Log(60.0)
[2026-04-02T22:58:16Z INFO  librespot_playback::convert] Converting with ditherer: tpdf
[2026-04-02T22:58:16Z INFO  librespot_playback::audio_backend::pipe] Using StdoutSink (pipe) with format: S16
[2026-04-02T22:58:17Z INFO  librespot_core::session] Connecting to AP "ap-gue1.spotify.com:4070"
[2026-04-02T22:58:17Z INFO  librespot_core::session] Authenticated as 'paulster23' !
[2026-04-02T22:58:17Z INFO  librespot_core::session] Country: "US"
[2026-04-02T22:58:17Z INFO  librespot_core::spclient] Resolved "gue1-spclient.spotify.com:443" as spclient access point
[2026-04-02T22:58:18Z INFO  librespot_connect::spirc] active device is <> with session <5334c4fdc27d453e90727d3b257c67a4>
[2026-04-02T23:03:16Z INFO  librespot] librespot 0.8.0 VERGEN_IDEMPOTENT_OUTPUT (Built on 2025-11-10, Build ID: 1762793321, Profile: release)
[2026-04-02T23:03:16Z INFO  librespot_playback::mixer::softmixer] Mixing with softvol and volume control: Log(60.0)
[2026-04-02T23:03:16Z INFO  librespot_playback::convert] Converting with ditherer: tpdf
[2026-04-02T23:03:16Z INFO  librespot_playback::audio_backend::pipe] Using StdoutSink (pipe) with format: S16
[2026-04-02T23:03:17Z INFO  librespot_core::session] Connecting to AP "ap-gue1.spotify.com:4070"
[2026-04-02T23:03:18Z INFO  librespot_core::session] Authenticated as 'paulster23' !
[2026-04-02T23:03:18Z INFO  librespot_core::session] Country: "US"
[2026-04-02T23:03:20Z INFO  librespot_core::spclient] Resolved "gue1-spclient.spotify.com:443" as spclient access point
[2026-04-02T23:03:21Z INFO  librespot_connect::spirc] active device is <> with session <5334c4fdc27d453e90727d3b257c67a4>
[2026-04-02T23:08:16Z INFO  librespot] librespot 0.8.0 VERGEN_IDEMPOTENT_OUTPUT (Built on 2025-11-10, Build ID: 1762793321, Profile: release)
[2026-04-02T23:08:16Z INFO  librespot_playback::mixer::softmixer] Mixing with softvol and volume control: Log(60.0)
[2026-04-02T23:08:16Z INFO  librespot_playback::convert] Converting with ditherer: tpdf
[2026-04-02T23:08:16Z INFO  librespot_playback::audio_backend::pipe] Using StdoutSink (pipe) with format: S16
[2026-04-02T23:08:18Z INFO  librespot_core::session] Connecting to AP "ap-gue1.spotify.com:4070"
[2026-04-02T23:08:19Z INFO  librespot_core::session] Authenticated as 'paulster23' !
[2026-04-02T23:08:19Z INFO  librespot_core::session] Country: "US"
[2026-04-02T23:08:20Z INFO  librespot_core::spclient] Resolved "gue1-spclient.spotify.com:443" as spclient access point
[2026-04-02T23:08:21Z INFO  librespot_connect::spirc] active device is <> with session <5334c4fdc27d453e90727d3b257c67a4>
[2026-04-02T23:13:16Z INFO  librespot] librespot 0.8.0 VERGEN_IDEMPOTENT_OUTPUT (Built on 2025-11-10, Build ID: 1762793321, Profile: release)
[2026-04-02T23:13:16Z INFO  librespot_playback::mixer::softmixer] Mixing with softvol and volume control: Log(60.0)
[2026-04-02T23:13:16Z INFO  librespot_playback::convert] Converting with ditherer: tpdf
[2026-04-02T23:13:16Z INFO  librespot_playback::audio_backend::pipe] Using StdoutSink (pipe) with format: S16
[2026-04-02T23:13:17Z INFO  librespot_core::session] Connecting to AP "ap-gue1.spotify.com:4070"
[2026-04-02T23:13:17Z INFO  librespot_core::session] Authenticated as 'paulster23' !
[2026-04-02T23:13:17Z INFO  librespot_core::session] Country: "US"
[2026-04-02T23:13:18Z INFO  librespot_core::spclient] Resolved "gue1-spclient.spotify.com:443" as spclient access point
[2026-04-02T23:13:18Z INFO  librespot_connect::spirc] active device is <> with session <5334c4fdc27d453e90727d3b257c67a4>
[2026-04-02T23:18:16Z INFO  librespot] librespot 0.8.0 VERGEN_IDEMPOTENT_OUTPUT (Built on 2025-11-10, Build ID: 1762793321, Profile: release)
[2026-04-02T23:18:16Z INFO  librespot_playback::mixer::softmixer] Mixing with softvol and volume control: Log(60.0)
[2026-04-02T23:18:16Z INFO  librespot_playback::convert] Converting with ditherer: tpdf
[2026-04-02T23:18:16Z INFO  librespot_playback::audio_backend::pipe] Using StdoutSink (pipe) with format: S16
[2026-04-02T23:18:17Z INFO  librespot_core::session] Connecting to AP "ap-gue1.spotify.com:4070"
[2026-04-02T23:18:18Z INFO  librespot_core::session] Authenticated as 'paulster23' !
[2026-04-02T23:18:18Z INFO  librespot_core::session] Country: "US"
[2026-04-02T23:18:18Z INFO  librespot_core::spclient] Resolved "gue1-spclient.spotify.com:443" as spclient access point
[2026-04-02T23:18:18Z INFO  librespot_connect::spirc] active device is <> with session <5334c4fdc27d453e90727d3b257c67a4>
[2026-04-02T23:19:27Z INFO  librespot] librespot 0.8.0 VERGEN_IDEMPOTENT_OUTPUT (Built on 2025-11-10, Build ID: 1762793321, Profile: release)
[2026-04-02T23:19:27Z INFO  librespot_playback::mixer::softmixer] Mixing with softvol and volume control: Log(60.0)
[2026-04-02T23:19:27Z INFO  librespot_playback::convert] Converting with ditherer: tpdf
[2026-04-02T23:19:27Z INFO  librespot_playback::audio_backend::pipe] Using StdoutSink (pipe) with format: S16
[2026-04-02T23:19:28Z INFO  librespot_core::session] Connecting to AP "ap-gue1.spotify.com:4070"
[2026-04-02T23:19:28Z INFO  librespot_core::session] Authenticated as 'paulster23' !
[2026-04-02T23:19:28Z INFO  librespot_core::session] Country: "US"
[2026-04-02T23:19:29Z INFO  librespot_core::spclient] Resolved "gue1-spclient.spotify.com:443" as spclient access point
[2026-04-02T23:19:29Z INFO  librespot_connect::spirc] active device is <> with session <5334c4fdc27d453e90727d3b257c67a4>
[2026-04-02T23:22:26Z ERROR librespot_connect::spirc] failed to handle request: Invalid state { context is not available. type: Default }
[2026-04-02T23:22:35Z WARN  librespot_connect::state::context] couldn't load context info because: context is not available. type: Default
[2026-04-02T23:22:36Z INFO  librespot_playback::player] Loading <’Said Soul> with Spotify URI <spotify:track:3nereh8fbNjDflNF7f1CLK>
[2026-04-02T23:22:36Z INFO  librespot_playback::player] <’Said Soul> (164389 ms) loaded
[2026-04-02T23:22:36Z ERROR librespot_playback::player] Audio Sink Error On Write: <StdoutSink> Broken pipe (os error 32)
[2026-04-02T23:22:41Z ERROR librespot_playback::player] Audio Sink Error On Write: <StdoutSink> Broken pipe (os error 32)
[2026-04-02T23:22:44Z ERROR librespot_playback::player] Audio Sink Error On Write: <StdoutSink> Broken pipe (os error 32)
[2026-04-02T23:22:45Z ERROR librespot_playback::player] Audio Sink Error On Write: <StdoutSink> Broken pipe (os error 32)
[2026-04-02T23:23:26Z ERROR librespot_playback::player] Audio Sink Error On Write: <StdoutSink> Broken pipe (os error 32)
[2026-04-02T23:24:35Z INFO  librespot] librespot 0.8.0 VERGEN_IDEMPOTENT_OUTPUT (Built on 2025-11-10, Build ID: 1762793321, Profile: release)
[2026-04-02T23:24:35Z INFO  librespot_playback::mixer::softmixer] Mixing with softvol and volume control: Log(60.0)
[2026-04-02T23:24:35Z INFO  librespot_playback::convert] Converting with ditherer: tpdf
[2026-04-02T23:24:35Z INFO  librespot_playback::audio_backend::pipe] Using StdoutSink (pipe) with format: S16
[2026-04-02T23:24:36Z INFO  librespot_core::session] Connecting to AP "ap-gue1.spotify.com:4070"
[2026-04-02T23:24:36Z INFO  librespot_core::session] Authenticated as 'paulster23' !
[2026-04-02T23:24:36Z INFO  librespot_core::session] Country: "US"
[2026-04-02T23:24:37Z INFO  librespot_core::spclient] Resolved "gue1-spclient.spotify.com:443" as spclient access point
[2026-04-02T23:24:37Z INFO  librespot_connect::spirc] active device is <> with session <1f2476a48c49488ba101cc63edf58638>
[2026-04-02T23:25:10Z WARN  librespot_connect::state::context] couldn't load context info because: context is not available. type: Default
[2026-04-02T23:25:10Z INFO  librespot_playback::player] Loading <’Said Soul> with Spotify URI <spotify:track:3nereh8fbNjDflNF7f1CLK>
[2026-04-02T23:25:11Z INFO  librespot_playback::player] <’Said Soul> (164389 ms) loaded
[2026-04-02T23:25:12Z ERROR librespot_playback::player] Audio Sink Error On Write: <StdoutSink> Broken pipe (os error 32)
[2026-04-02T23:25:14Z ERROR librespot_playback::player] Audio Sink Error On Write: <StdoutSink> Broken pipe (os error 32)
[2026-04-02T23:25:16Z ERROR librespot_playback::player] Audio Sink Error On Write: <StdoutSink> Broken pipe (os error 32)
[2026-04-02T23:25:17Z ERROR librespot_playback::player] Audio Sink Error On Write: <StdoutSink> Broken pipe (os error 32)
[2026-04-02T23:25:35Z ERROR librespot_playback::player] Audio Sink Error On Write: <StdoutSink> Broken pipe (os error 32)
[2026-04-02T23:25:35Z ERROR librespot_playback::player] Audio Sink Error On Write: <StdoutSink> Broken pipe (os error 32)
[2026-04-02T23:28:25Z ERROR librespot_playback::player] Audio Sink Error On Write: <StdoutSink> Broken pipe (os error 32)
[2026-04-02T23:28:26Z ERROR librespot_playback::player] Audio Sink Error On Write: <StdoutSink> Broken pipe (os error 32)
[2026-04-02T23:28:38Z INFO  librespot_connect::spirc] device became inactive
[2026-04-02T23:28:38Z WARN  librespot_connect::state::context] couldn't load context info because: context is not available. type: Default
[2026-04-02T23:28:38Z WARN  librespot_connect::spirc] failed filling up next_track during stopping: Invalid state { context is not available. type: Default }
[2026-04-02T23:28:55Z WARN  librespot_connect::state::context] couldn't load context info because: context is not available. type: Default
[2026-04-02T23:28:56Z INFO  librespot_core::session] Connecting to AP "ap-gue1.spotify.com:4070"
[2026-04-02T23:28:57Z INFO  librespot_core::session] Authenticated as 'paulster23' !
[2026-04-02T23:28:57Z INFO  librespot_core::session] Country: "US"
[2026-04-02T23:28:59Z INFO  librespot_core::spclient] Resolved "gue1-spclient.spotify.com:443" as spclient access point
[2026-04-02T23:29:00Z INFO  librespot_connect::spirc] active device is <e9912ea7d306062891be9d4514485cfccfc5a2d7> with session <05hKQvULSPdPQ8xokes1N7>
[2026-04-02T23:29:02Z WARN  librespot_connect::state::context] couldn't load context info because: context is not available. type: Default
[2026-04-02T23:29:02Z INFO  librespot_playback::player] Loading <’Said Soul> with Spotify URI <spotify:track:3nereh8fbNjDflNF7f1CLK>
[2026-04-02T23:29:04Z INFO  librespot_playback::player] <’Said Soul> (164389 ms) loaded
[2026-04-02T23:29:04Z ERROR librespot_playback::player] Audio Sink Error On Write: <StdoutSink> Broken pipe (os error 32)
[2026-04-02T23:29:05Z ERROR librespot_playback::player] Audio Sink Error On Write: <StdoutSink> Broken pipe (os error 32)
[2026-04-02T23:29:06Z ERROR librespot_playback::player] Audio Sink Error On Write: <StdoutSink> Broken pipe (os error 32)
[2026-04-02T23:29:09Z INFO  librespot_connect::spirc] device became inactive
[2026-04-02T23:29:09Z WARN  librespot_connect::state::context] couldn't load context info because: context is not available. type: Default
[2026-04-02T23:29:09Z WARN  librespot_connect::spirc] failed filling up next_track during stopping: Invalid state { context is not available. type: Default }
[2026-04-02T23:29:11Z WARN  librespot_connect::state::context] couldn't load context info because: context is not available. type: Default
[2026-04-02T23:29:11Z INFO  librespot_playback::player] Loading <’Said Soul> with Spotify URI <spotify:track:3nereh8fbNjDflNF7f1CLK>
[2026-04-02T23:29:13Z INFO  librespot_playback::player] <’Said Soul> (164389 ms) loaded
[2026-04-02T23:29:13Z ERROR librespot_playback::player] Audio Sink Error On Write: <StdoutSink> Broken pipe (os error 32)
[2026-04-02T23:29:15Z ERROR librespot_playback::player] Audio Sink Error On Write: <StdoutSink> Broken pipe (os error 32)
[2026-04-02T23:39:27Z INFO  librespot_connect::spirc] device became inactive
[2026-04-02T23:39:27Z WARN  librespot_connect::state::context] couldn't load context info because: context is not available. type: Default
[2026-04-02T23:39:27Z WARN  librespot_connect::spirc] failed filling up next_track during stopping: Invalid state { context is not available. type: Default }
[2026-04-02T23:39:30Z INFO  librespot_connect::spirc] session update: <Ok(SESSION_DELETED)> for self, current session_id d87966194ea64d829b78cff85b1b1a11, new session_id f0ad4d2fe542427e64e7917a16754e74
[2026-04-02T23:45:45Z INFO  librespot] librespot 0.8.0 VERGEN_IDEMPOTENT_OUTPUT (Built on 2025-11-10, Build ID: 1762793321, Profile: release)
[2026-04-02T23:45:45Z INFO  librespot_playback::mixer::softmixer] Mixing with softvol and volume control: Log(60.0)
[2026-04-02T23:45:45Z INFO  librespot_playback::convert] Converting with ditherer: tpdf
[2026-04-02T23:45:45Z INFO  librespot_playback::audio_backend::pipe] Using StdoutSink (pipe) with format: S16
[2026-04-02T23:45:46Z INFO  librespot_core::session] Connecting to AP "ap-gue1.spotify.com:4070"
[2026-04-02T23:45:46Z INFO  librespot_core::session] Authenticated as 'paulster23' !
[2026-04-02T23:45:46Z INFO  librespot_core::session] Country: "US"
[2026-04-02T23:45:47Z INFO  librespot_core::spclient] Resolved "gue1-spclient.spotify.com:443" as spclient access point
[2026-04-02T23:45:47Z INFO  librespot_connect::spirc] active device is <> with session <6HfEsoVetyaW5E80pVaaZ4>
[2026-04-02T23:47:30Z INFO  librespot] librespot 0.8.0 VERGEN_IDEMPOTENT_OUTPUT (Built on 2025-11-10, Build ID: 1762793321, Profile: release)
[2026-04-02T23:47:30Z INFO  librespot_playback::mixer::softmixer] Mixing with softvol and volume control: Log(60.0)
[2026-04-02T23:47:30Z INFO  librespot_playback::convert] Converting with ditherer: tpdf
[2026-04-02T23:47:30Z INFO  librespot_playback::audio_backend::pipe] Using StdoutSink (pipe) with format: S16
[2026-04-02T23:47:32Z INFO  librespot_core::session] Connecting to AP "ap-gue1.spotify.com:4070"
[2026-04-02T23:47:33Z INFO  librespot_core::session] Authenticated as 'paulster23' !
[2026-04-02T23:47:33Z INFO  librespot_core::session] Country: "US"
[2026-04-02T23:47:34Z INFO  librespot_core::spclient] Resolved "gue1-spclient.spotify.com:443" as spclient access point
[2026-04-02T23:47:35Z INFO  librespot_connect::spirc] active device is <> with session <6HfEsoVetyaW5E80pVaaZ4>
[2026-04-02T23:48:24Z INFO  librespot] librespot 0.8.0 VERGEN_IDEMPOTENT_OUTPUT (Built on 2025-11-10, Build ID: 1762793321, Profile: release)
[2026-04-02T23:48:24Z INFO  librespot_playback::mixer::softmixer] Mixing with softvol and volume control: Log(60.0)
[2026-04-02T23:48:24Z INFO  librespot_playback::convert] Converting with ditherer: tpdf
[2026-04-02T23:48:24Z INFO  librespot_playback::audio_backend::pipe] Using StdoutSink (pipe) with format: S16
[2026-04-02T23:48:25Z INFO  librespot_core::session] Connecting to AP "ap-gue1.spotify.com:4070"
[2026-04-02T23:48:26Z INFO  librespot_core::session] Authenticated as 'paulster23' !
[2026-04-02T23:48:26Z INFO  librespot_core::session] Country: "US"
[2026-04-02T23:48:27Z INFO  librespot_core::spclient] Resolved "gue1-spclient.spotify.com:443" as spclient access point
[2026-04-02T23:48:27Z INFO  librespot_connect::spirc] active device is <> with session <6HfEsoVetyaW5E80pVaaZ4>
[2026-04-02T23:49:09Z WARN  librespot_connect::state::context] couldn't load context info because: context is not available. type: Default
[2026-04-02T23:49:09Z INFO  librespot_playback::player] Loading <’Said Soul> with Spotify URI <spotify:track:3nereh8fbNjDflNF7f1CLK>
[2026-04-02T23:49:10Z INFO  librespot_playback::player] <’Said Soul> (164389 ms) loaded
[2026-04-02T23:49:58Z WARN  librespot_connect::state::context] couldn't load context info because: context is not available. type: Default
[2026-04-02T23:49:58Z WARN  librespot_connect::state::context] couldn't load context info because: context is not available. type: Default
[2026-04-02T23:49:58Z INFO  librespot_playback::player] Loading <Swingin Party - 2008 Remaster> with Spotify URI <spotify:track:14g6foD6sxO1qgkDKuPgWv>
[2026-04-02T23:49:59Z INFO  librespot_playback::player] <Swingin Party - 2008 Remaster> (233573 ms) loaded
[2026-04-02T23:50:00Z ERROR librespot_playback::player] Audio Sink Error On Write: <StdoutSink> Broken pipe (os error 32)
[2026-04-02T23:50:44Z WARN  librespot_connect::state::context] couldn't load context info because: context is not available. type: Default
[2026-04-02T23:50:44Z WARN  librespot_connect::state::context] couldn't load context info because: context is not available. type: Default
[2026-04-02T23:50:44Z INFO  librespot_playback::player] Loading <To Meet Me> with Spotify URI <spotify:track:4Q29qsLrBakRW5tGSIT5Df>
[2026-04-02T23:50:45Z INFO  librespot_playback::player] <To Meet Me> (340506 ms) loaded
[2026-04-02T23:50:45Z ERROR librespot_playback::player] Audio Sink Error On Write: <StdoutSink> Broken pipe (os error 32)
[2026-04-02T23:53:29Z INFO  librespot] librespot 0.8.0 VERGEN_IDEMPOTENT_OUTPUT (Built on 2025-11-10, Build ID: 1762793321, Profile: release)
[2026-04-02T23:53:29Z INFO  librespot_playback::mixer::softmixer] Mixing with softvol and volume control: Log(60.0)
[2026-04-02T23:53:29Z INFO  librespot_playback::convert] Converting with ditherer: tpdf
[2026-04-02T23:53:29Z INFO  librespot_playback::audio_backend::pipe] Using StdoutSink (pipe) with format: S16
[2026-04-02T23:53:30Z INFO  librespot_core::session] Connecting to AP "ap-gue1.spotify.com:4070"
[2026-04-02T23:53:30Z INFO  librespot_core::session] Authenticated as 'paulster23' !
[2026-04-02T23:53:30Z INFO  librespot_core::session] Country: "US"
[2026-04-02T23:53:31Z INFO  librespot_core::spclient] Resolved "gue1-spclient.spotify.com:443" as spclient access point
[2026-04-02T23:53:31Z INFO  librespot_connect::spirc] active device is <> with session <9176ffc9cb324bf6b05ce40457152e31>
[2026-04-02T23:55:18Z INFO  librespot] librespot 0.8.0 VERGEN_IDEMPOTENT_OUTPUT (Built on 2025-11-10, Build ID: 1762793321, Profile: release)
[2026-04-02T23:55:18Z INFO  librespot_playback::mixer::softmixer] Mixing with softvol and volume control: Log(60.0)
[2026-04-02T23:55:18Z INFO  librespot_playback::convert] Converting with ditherer: tpdf
[2026-04-02T23:55:18Z INFO  librespot_playback::audio_backend::pipe] Using StdoutSink (pipe) with format: S16
[2026-04-02T23:55:20Z INFO  librespot_core::session] Connecting to AP "ap-gue1.spotify.com:4070"
[2026-04-02T23:55:21Z INFO  librespot_core::session] Authenticated as 'paulster23' !
[2026-04-02T23:55:21Z INFO  librespot_core::session] Country: "US"
[2026-04-02T23:55:22Z INFO  librespot_core::spclient] Resolved "gue1-spclient.spotify.com:443" as spclient access point
[2026-04-02T23:55:23Z INFO  librespot_connect::spirc] active device is <> with session <9176ffc9cb324bf6b05ce40457152e31>
[2026-04-02T23:56:11Z INFO  librespot] librespot 0.8.0 VERGEN_IDEMPOTENT_OUTPUT (Built on 2025-11-10, Build ID: 1762793321, Profile: release)
[2026-04-02T23:56:11Z INFO  librespot_playback::mixer::softmixer] Mixing with softvol and volume control: Log(60.0)
[2026-04-02T23:56:11Z INFO  librespot_playback::convert] Converting with ditherer: tpdf
[2026-04-02T23:56:11Z INFO  librespot_playback::audio_backend::pipe] Using StdoutSink (pipe) with format: S16
[2026-04-02T23:56:11Z INFO  librespot_core::session] Connecting to AP "ap-gue1.spotify.com:4070"
[2026-04-02T23:56:12Z INFO  librespot_core::session] Authenticated as 'paulster23' !
[2026-04-02T23:56:12Z INFO  librespot_core::session] Country: "US"
[2026-04-02T23:56:16Z INFO  librespot_core::spclient] Resolved "gue1-spclient.spotify.com:443" as spclient access point
[2026-04-02T23:56:17Z INFO  librespot_connect::spirc] active device is <> with session <9176ffc9cb324bf6b05ce40457152e31>
[2026-04-02T23:57:04Z WARN  librespot_connect::state::context] couldn't load context info because: context is not available. type: Default
[2026-04-02T23:57:04Z WARN  librespot_connect::state::context] couldn't load context info because: context is not available. type: Default
[2026-04-02T23:57:04Z INFO  librespot_playback::player] Loading <Swingin Party - 2008 Remaster> with Spotify URI <spotify:track:14g6foD6sxO1qgkDKuPgWv>
[2026-04-02T23:57:05Z INFO  librespot_playback::player] <Swingin Party - 2008 Remaster> (233573 ms) loaded
[2026-04-02T23:57:27Z WARN  librespot_connect::state::context] couldn't load context info because: context is not available. type: Default
[2026-04-02T23:57:27Z WARN  librespot_connect::state::context] couldn't load context info because: context is not available. type: Default
[2026-04-02T23:57:27Z INFO  librespot_playback::player] Loading <Where Is My Mind? - 2007 Remaster> with Spotify URI <spotify:track:7wCmS9TTVUcIhRalDYFgPy>
[2026-04-02T23:57:28Z INFO  librespot_playback::player] <Where Is My Mind? - 2007 Remaster> (234973 ms) loaded
[2026-04-03T00:00:03Z WARN  librespot_connect::state::context] couldn't load context info because: context is not available. type: Default
[2026-04-03T00:00:03Z WARN  librespot_connect::state::context] couldn't load context info because: context is not available. type: Default
[2026-04-03T00:00:03Z INFO  librespot_playback::player] Loading <Swingin Party - 2008 Remaster> with Spotify URI <spotify:track:14g6foD6sxO1qgkDKuPgWv>
[2026-04-03T00:00:05Z INFO  librespot_playback::player] <Swingin Party - 2008 Remaster> (233573 ms) loaded
[2026-04-03T00:03:17Z INFO  librespot_playback::player] Loading <Can't Hardly Wait - 2008 Remaster> with Spotify URI <spotify:track:0NX14YH2t16bwwlJSfXazr>
[2026-04-03T00:03:19Z INFO  librespot_playback::player] <Can't Hardly Wait - 2008 Remaster> (188146 ms) loaded
[2026-04-03T00:04:00Z WARN  librespot_audio::fetch::receive] Time to first byte 1571 ms exceeds maximum 1500, setting to maximum
[2026-04-03T00:06:17Z INFO  librespot_playback::player] Loading <I Will Dare> with Spotify URI <spotify:track:77EwrXeCpbMMlWHqhdeFxJ>
[2026-04-03T00:06:18Z INFO  librespot_playback::player] <I Will Dare> (198666 ms) loaded
[2026-04-03T00:07:21Z WARN  librespot_connect::state::context] couldn't load context info because: context is not available. type: Default
[2026-04-03T00:07:21Z WARN  librespot_connect::state::context] couldn't load context info because: context is not available. type: Default
[2026-04-03T00:07:22Z INFO  librespot_playback::player] Loading <Where Is My Mind? - 2007 Remaster> with Spotify URI <spotify:track:7wCmS9TTVUcIhRalDYFgPy>
[2026-04-03T00:07:22Z INFO  librespot_playback::player] <Where Is My Mind? - 2007 Remaster> (234973 ms) loaded
[2026-04-03T00:09:34Z WARN  librespot_connect::state::context] couldn't load context info because: context is not available. type: Default
[2026-04-03T00:09:34Z WARN  librespot_connect::state::context] couldn't load context info because: context is not available. type: Default
[2026-04-03T00:09:34Z INFO  librespot_playback::player] Loading <Electric War> with Spotify URI <spotify:track:14uYjLYDWo0rtCHKvWF1jc>
[2026-04-03T00:09:36Z INFO  librespot_playback::player] <Electric War> (315626 ms) loaded
[2026-04-03T00:10:00Z INFO  librespot_playback::player] Loading <’Said Soul> with Spotify URI <spotify:track:3nereh8fbNjDflNF7f1CLK>
[2026-04-03T00:10:00Z INFO  librespot_playback::player] <’Said Soul> (164389 ms) loaded
[2026-04-03T00:10:38Z WARN  librespot_connect::state::context] couldn't load context info because: context is not available. type: Default
[2026-04-03T00:10:38Z WARN  librespot_connect::state::context] couldn't load context info because: context is not available. type: Default
[2026-04-03T00:10:38Z INFO  librespot_playback::player] Loading <Swingin Party - 2008 Remaster> with Spotify URI <spotify:track:14g6foD6sxO1qgkDKuPgWv>
[2026-04-03T00:10:39Z INFO  librespot_playback::player] <Swingin Party - 2008 Remaster> (233573 ms) loaded
[2026-04-03T00:15:27Z INFO  librespot_playback::player] Loading <Can't Hardly Wait - 2008 Remaster> with Spotify URI <spotify:track:0NX14YH2t16bwwlJSfXazr>
[2026-04-03T00:15:29Z INFO  librespot_playback::player] <Can't Hardly Wait - 2008 Remaster> (188146 ms) loaded
[2026-04-03T00:15:56Z WARN  librespot_connect::state::context] couldn't load context info because: context is not available. type: Default
[2026-04-03T00:15:56Z WARN  librespot_connect::state::context] couldn't load context info because: context is not available. type: Default
[2026-04-03T00:15:57Z INFO  librespot_playback::player] Loading <Where Is My Mind? - 2007 Remaster> with Spotify URI <spotify:track:7wCmS9TTVUcIhRalDYFgPy>
[2026-04-03T00:15:58Z INFO  librespot_playback::player] <Where Is My Mind? - 2007 Remaster> (234973 ms) loaded
[2026-04-03T00:16:08Z WARN  librespot_connect::state::context] couldn't load context info because: context is not available. type: Default
[2026-04-03T00:16:08Z WARN  librespot_connect::state::context] couldn't load context info because: context is not available. type: Default
[2026-04-03T00:16:09Z INFO  librespot_playback::player] Loading <Swingin Party - 2008 Remaster> with Spotify URI <spotify:track:14g6foD6sxO1qgkDKuPgWv>
[2026-04-03T00:16:10Z INFO  librespot_playback::player] <Swingin Party - 2008 Remaster> (233573 ms) loaded
