2026-05-03T19:46:21.221Z CLIENT_CONNECT 127.0.0.1:54558
2026-05-03T19:46:21.459Z STALL_START idle=210ms
2026-05-03T19:49:12.716Z STALL_END 171489ms
2026-05-03T19:49:12.719Z CLIENT_DISCONNECT send_error
2026-05-03T19:49:12.720Z THROUGHPUT bytes=45 rate=0bps elapsed=171.5s
2026-05-03T19:49:13.154Z CLIENT_CONNECT 192.168.1.70:54641
2026-05-03T19:49:23.237Z THROUGHPUT bytes=254579 rate=25250bps elapsed=10.1s
2026-05-03T19:49:33.312Z THROUGHPUT bytes=508531 rate=25230bps elapsed=20.2s
2026-05-03T19:49:43.403Z THROUGHPUT bytes=762483 rate=25208bps elapsed=30.2s
2026-05-03T19:49:53.447Z THROUGHPUT bytes=1016435 rate=25227bps elapsed=40.3s
2026-05-03T19:50:03.480Z THROUGHPUT bytes=1268339 rate=25204bps elapsed=50.3s
2026-05-03T19:50:13.523Z THROUGHPUT bytes=1522291 rate=25217bps elapsed=60.4s
2026-05-03T19:50:23.525Z THROUGHPUT bytes=1774195 rate=25212bps elapsed=70.4s
2026-05-03T19:50:33.543Z THROUGHPUT bytes=2026099 rate=25204bps elapsed=80.4s
2026-05-03T19:50:43.558Z THROUGHPUT bytes=2280051 rate=25221bps elapsed=90.4s
2026-05-03T19:50:53.567Z THROUGHPUT bytes=2531955 rate=25216bps elapsed=100.4s
2026-05-03T19:51:03.589Z THROUGHPUT bytes=2783859 rate=25208bps elapsed=110.4s
2026-05-03T19:51:13.592Z THROUGHPUT bytes=3035763 rate=25206bps elapsed=120.4s
2026-05-03T19:51:21.341Z CLIENT_DISCONNECT replaced
2026-05-03T19:51:21.344Z CLIENT_CONNECT 127.0.0.1:54684
2026-05-03T19:51:21.499Z CLIENT_DISCONNECT send_error
2026-05-03T19:51:31.400Z THROUGHPUT bytes=253952 rate=25255bps elapsed=10.1s
2026-05-03T19:51:34.322Z CLIENT_CONNECT 192.168.1.70:54688
2026-05-03T19:51:44.390Z THROUGHPUT bytes=253952 rate=25227bps elapsed=10.1s
2026-05-03T19:51:54.465Z THROUGHPUT bytes=507904 rate=25216bps elapsed=20.1s
2026-05-03T19:52:04.530Z THROUGHPUT bytes=761856 rate=25221bps elapsed=30.2s
2026-05-03T19:52:14.542Z THROUGHPUT bytes=1013760 rate=25206bps elapsed=40.2s
2026-05-03T19:52:24.554Z THROUGHPUT bytes=1267712 rate=25237bps elapsed=50.2s
2026-05-03T19:52:34.575Z THROUGHPUT bytes=1519616 rate=25220bps elapsed=60.3s
2026-05-03T19:52:44.611Z THROUGHPUT bytes=1771520 rate=25203bps elapsed=70.3s
2026-05-03T19:52:54.650Z THROUGHPUT bytes=2025472 rate=25215bps elapsed=80.3s
2026-05-03T19:53:04.751Z THROUGHPUT bytes=2279424 rate=25206bps elapsed=90.4s
2026-05-03T19:53:14.830Z THROUGHPUT bytes=2533376 rate=25205bps elapsed=100.5s
2026-05-03T19:53:24.909Z THROUGHPUT bytes=2787328 rate=25204bps elapsed=110.6s
2026-05-03T19:53:34.912Z THROUGHPUT bytes=3039232 rate=25203bps elapsed=120.6s
2026-05-03T19:53:44.966Z THROUGHPUT bytes=3293184 rate=25207bps elapsed=130.6s
2026-05-03T19:53:55.069Z THROUGHPUT bytes=3547136 rate=25202bps elapsed=140.7s
2026-05-03T19:54:05.105Z THROUGHPUT bytes=3801088 rate=25208bps elapsed=150.8s
2026-05-03T19:54:15.111Z THROUGHPUT bytes=4052992 rate=25206bps elapsed=160.8s
2026-05-03T19:54:25.131Z THROUGHPUT bytes=4304896 rate=25202bps elapsed=170.8s
2026-05-03T19:54:35.202Z THROUGHPUT bytes=4558848 rate=25203bps elapsed=180.9s
2026-05-03T19:54:45.212Z THROUGHPUT bytes=4810752 rate=25201bps elapsed=190.9s
2026-05-03T19:54:55.214Z THROUGHPUT bytes=5062656 rate=25200bps elapsed=200.9s
2026-05-03T19:55:05.262Z THROUGHPUT bytes=5316608 rate=25204bps elapsed=210.9s
2026-05-03T19:55:15.280Z THROUGHPUT bytes=5568512 rate=25201bps elapsed=221.0s
2026-05-03T19:55:25.335Z THROUGHPUT bytes=5822464 rate=25203bps elapsed=231.0s
2026-05-03T19:55:35.354Z THROUGHPUT bytes=6074368 rate=25201bps elapsed=241.0s
2026-05-03T19:55:45.355Z THROUGHPUT bytes=6326272 rate=25200bps elapsed=251.0s
2026-05-03T19:55:55.399Z THROUGHPUT bytes=6580224 rate=25204bps elapsed=261.1s
2026-05-03T19:56:05.428Z THROUGHPUT bytes=6832128 rate=25200bps elapsed=271.1s
2026-05-03T19:56:15.470Z THROUGHPUT bytes=7086080 rate=25203bps elapsed=281.1s
2026-05-03T19:56:21.512Z CLIENT_DISCONNECT replaced
2026-05-03T19:56:21.513Z CLIENT_CONNECT 127.0.0.1:54794
2026-05-03T19:56:21.514Z CLIENT_DISCONNECT send_error
2026-05-03T19:56:31.580Z THROUGHPUT bytes=253952 rate=25227bps elapsed=10.1s
2026-05-03T19:56:41.582Z THROUGHPUT bytes=505856 rate=25207bps elapsed=20.1s
2026-05-03T19:56:46.687Z CLIENT_CONNECT 192.168.1.70:54802
2026-05-03T19:56:56.720Z THROUGHPUT bytes=253952 rate=25316bps elapsed=10.0s
2026-05-03T19:57:06.810Z THROUGHPUT bytes=507904 rate=25240bps elapsed=20.1s
2026-05-03T19:57:16.913Z THROUGHPUT bytes=761856 rate=25205bps elapsed=30.2s
2026-05-03T19:57:26.984Z THROUGHPUT bytes=1015808 rate=25208bps elapsed=40.3s
2026-05-03T19:57:37.067Z THROUGHPUT bytes=1269760 rate=25204bps elapsed=50.4s
2026-05-03T19:57:47.141Z THROUGHPUT bytes=1523712 rate=25205bps elapsed=60.5s
2026-05-03T19:57:57.157Z THROUGHPUT bytes=1777664 rate=25226bps elapsed=70.5s
2026-05-03T19:58:07.219Z THROUGHPUT bytes=2029568 rate=25202bps elapsed=80.5s
2026-05-03T19:58:17.274Z THROUGHPUT bytes=2283520 rate=25208bps elapsed=90.6s
2026-05-03T19:58:27.340Z THROUGHPUT bytes=2537472 rate=25210bps elapsed=100.7s
2026-05-03T19:58:37.426Z THROUGHPUT bytes=2791424 rate=25207bps elapsed=110.7s
2026-05-03T19:58:47.448Z THROUGHPUT bytes=3043328 rate=25201bps elapsed=120.8s
2026-05-03T19:58:57.512Z THROUGHPUT bytes=3297280 rate=25203bps elapsed=130.8s
2026-05-03T19:59:07.535Z THROUGHPUT bytes=3551232 rate=25213bps elapsed=140.8s
2026-05-03T19:59:17.595Z THROUGHPUT bytes=3803136 rate=25201bps elapsed=150.9s
2026-05-03T19:59:27.651Z THROUGHPUT bytes=4057088 rate=25204bps elapsed=161.0s
2026-05-03T19:59:37.670Z THROUGHPUT bytes=4308992 rate=25201bps elapsed=171.0s
2026-05-03T19:59:47.722Z THROUGHPUT bytes=4562944 rate=25204bps elapsed=181.0s
2026-05-03T19:59:57.803Z THROUGHPUT bytes=4816896 rate=25204bps elapsed=191.1s
2026-05-03T20:00:07.853Z THROUGHPUT bytes=5070555 rate=25205bps elapsed=201.2s
2026-05-03T20:00:08.243Z STALL_START idle=391ms
2026-05-03T20:02:51.407Z STALL_END 163555ms
2026-05-03T20:02:51.408Z THROUGHPUT bytes=5071809 rate=13905bps elapsed=364.7s
2026-05-03T20:02:51.412Z CLIENT_DISCONNECT send_error
2026-05-03T20:02:51.662Z CLIENT_CONNECT 192.168.1.70:54941
2026-05-03T20:03:01.694Z THROUGHPUT bytes=253617 rate=25280bps elapsed=10.0s
2026-05-03T20:03:11.794Z THROUGHPUT bytes=507569 rate=25212bps elapsed=20.1s
2026-05-03T20:03:21.867Z THROUGHPUT bytes=761521 rate=25211bps elapsed=30.2s
2026-05-03T20:03:31.951Z THROUGHPUT bytes=1015473 rate=25204bps elapsed=40.3s
2026-05-03T20:03:42.024Z THROUGHPUT bytes=1269425 rate=25205bps elapsed=50.4s
2026-05-03T20:03:52.057Z THROUGHPUT bytes=1523377 rate=25223bps elapsed=60.4s
2026-05-03T20:04:02.092Z THROUGHPUT bytes=1775281 rate=25206bps elapsed=70.4s
2026-05-03T20:04:12.149Z THROUGHPUT bytes=2029233 rate=25212bps elapsed=80.5s
2026-05-03T20:04:22.174Z THROUGHPUT bytes=2281137 rate=25202bps elapsed=90.5s
2026-05-03T20:04:32.247Z THROUGHPUT bytes=2535089 rate=25203bps elapsed=100.6s
2026-05-03T20:04:42.304Z THROUGHPUT bytes=2789041 rate=25207bps elapsed=110.6s
2026-05-03T20:04:52.321Z THROUGHPUT bytes=3040945 rate=25202bps elapsed=120.7s
2026-05-03T20:05:02.324Z THROUGHPUT bytes=3292849 rate=25201bps elapsed=130.7s
2026-05-03T20:05:12.373Z THROUGHPUT bytes=3546801 rate=25206bps elapsed=140.7s
2026-05-03T20:05:22.374Z THROUGHPUT bytes=3798705 rate=25204bps elapsed=150.7s
2026-05-03T20:05:32.390Z THROUGHPUT bytes=4050609 rate=25201bps elapsed=160.7s
2026-05-03T20:05:42.457Z THROUGHPUT bytes=4304561 rate=25202bps elapsed=170.8s
2026-05-03T20:05:52.466Z THROUGHPUT bytes=4556465 rate=25200bps elapsed=180.8s
2026-05-03T20:06:02.483Z THROUGHPUT bytes=4810417 rate=25208bps elapsed=190.8s
2026-05-03T20:06:12.618Z THROUGHPUT bytes=5064369 rate=25201bps elapsed=201.0s
2026-05-03T20:06:22.664Z THROUGHPUT bytes=5318321 rate=25204bps elapsed=211.0s
2026-05-03T20:06:32.765Z THROUGHPUT bytes=5572273 rate=25201bps elapsed=221.1s
2026-05-03T20:06:42.812Z THROUGHPUT bytes=5826225 rate=25205bps elapsed=231.2s
2026-05-03T20:06:52.813Z THROUGHPUT bytes=6078129 rate=25204bps elapsed=241.2s
2026-05-03T20:07:02.925Z THROUGHPUT bytes=6332081 rate=25201bps elapsed=251.3s
2026-05-03T20:07:12.989Z THROUGHPUT bytes=6586033 rate=25202bps elapsed=261.3s
2026-05-03T20:07:23.082Z THROUGHPUT bytes=6839985 rate=25200bps elapsed=271.4s
2026-05-03T20:07:33.150Z THROUGHPUT bytes=7093937 rate=25201bps elapsed=281.5s
2026-05-03T20:07:43.216Z THROUGHPUT bytes=7347889 rate=25202bps elapsed=291.6s
2026-05-03T20:07:53.272Z THROUGHPUT bytes=7601841 rate=25204bps elapsed=301.6s
2026-05-03T20:08:03.305Z THROUGHPUT bytes=7853745 rate=25200bps elapsed=311.6s
2026-05-03T20:08:13.329Z THROUGHPUT bytes=8107697 rate=25205bps elapsed=321.7s
2026-05-03T20:08:23.436Z THROUGHPUT bytes=8361649 rate=25202bps elapsed=331.8s
2026-05-03T20:08:33.457Z THROUGHPUT bytes=8613553 rate=25200bps elapsed=341.8s
2026-05-03T20:08:43.472Z THROUGHPUT bytes=8867505 rate=25205bps elapsed=351.8s
2026-05-03T20:08:53.490Z THROUGHPUT bytes=9119409 rate=25203bps elapsed=361.8s
2026-05-03T20:09:03.570Z THROUGHPUT bytes=9373361 rate=25203bps elapsed=371.9s
2026-05-03T20:09:13.605Z THROUGHPUT bytes=9625265 rate=25200bps elapsed=381.9s
2026-05-03T20:09:23.638Z THROUGHPUT bytes=9879217 rate=25203bps elapsed=392.0s
2026-05-03T20:09:33.679Z THROUGHPUT bytes=10131121 rate=25200bps elapsed=402.0s
2026-05-03T20:09:43.684Z THROUGHPUT bytes=10385073 rate=25204bps elapsed=412.0s
2026-05-03T20:09:53.695Z THROUGHPUT bytes=10636977 rate=25203bps elapsed=422.0s
2026-05-03T20:10:03.741Z THROUGHPUT bytes=10888881 rate=25200bps elapsed=432.1s
2026-05-03T20:10:13.756Z THROUGHPUT bytes=11142833 rate=25204bps elapsed=442.1s
2026-05-03T20:10:23.821Z THROUGHPUT bytes=11394737 rate=25200bps elapsed=452.2s
2026-05-03T20:10:33.867Z THROUGHPUT bytes=11648689 rate=25202bps elapsed=462.2s
2026-05-03T20:10:43.971Z THROUGHPUT bytes=11902641 rate=25200bps elapsed=472.3s
2026-05-03T20:10:54.014Z THROUGHPUT bytes=12156593 rate=25202bps elapsed=482.4s
2026-05-03T20:11:04.130Z THROUGHPUT bytes=12410545 rate=25200bps elapsed=492.5s
2026-05-03T20:11:14.155Z THROUGHPUT bytes=12664497 rate=25203bps elapsed=502.5s
2026-05-03T20:11:24.160Z THROUGHPUT bytes=12916401 rate=25202bps elapsed=512.5s
2026-05-03T20:11:34.201Z THROUGHPUT bytes=13168305 rate=25200bps elapsed=522.5s
2026-05-03T20:11:44.261Z THROUGHPUT bytes=13422257 rate=25201bps elapsed=532.6s
2026-05-03T20:11:54.310Z THROUGHPUT bytes=13674161 rate=25198bps elapsed=542.7s
2026-05-03T20:12:04.410Z THROUGHPUT bytes=13928113 rate=25197bps elapsed=552.8s
2026-05-03T20:12:14.412Z THROUGHPUT bytes=14180017 rate=25197bps elapsed=562.8s
2026-05-03T20:12:24.420Z THROUGHPUT bytes=14431921 rate=25197bps elapsed=572.8s
2026-05-03T20:12:34.469Z THROUGHPUT bytes=14685873 rate=25198bps elapsed=582.8s
2026-05-03T20:12:44.557Z THROUGHPUT bytes=14941873 rate=25201bps elapsed=592.9s
2026-05-03T20:12:54.723Z THROUGHPUT bytes=15195825 rate=25197bps elapsed=603.1s
2026-05-03T20:13:04.797Z THROUGHPUT bytes=15449777 rate=25197bps elapsed=613.1s
2026-05-03T20:13:14.862Z THROUGHPUT bytes=15703729 rate=25198bps elapsed=623.2s
2026-05-03T20:13:24.964Z THROUGHPUT bytes=15957681 rate=25197bps elapsed=633.3s
2026-05-03T20:13:34.986Z THROUGHPUT bytes=16211633 rate=25199bps elapsed=643.3s
2026-05-03T20:13:45.108Z THROUGHPUT bytes=16467633 rate=25201bps elapsed=653.5s
2026-05-03T20:13:55.120Z THROUGHPUT bytes=16719537 rate=25200bps elapsed=663.5s
2026-05-03T20:14:05.138Z THROUGHPUT bytes=16971441 rate=25199bps elapsed=673.5s
2026-05-03T20:14:15.187Z THROUGHPUT bytes=17223345 rate=25197bps elapsed=683.5s
2026-05-03T20:14:25.347Z THROUGHPUT bytes=17479345 rate=25197bps elapsed=693.7s
2026-05-03T20:14:35.396Z THROUGHPUT bytes=17733297 rate=25198bps elapsed=703.7s
2026-05-03T20:14:45.492Z THROUGHPUT bytes=17987249 rate=25198bps elapsed=713.8s
2026-05-03T20:14:55.648Z THROUGHPUT bytes=18243249 rate=25198bps elapsed=724.0s
2026-05-03T20:15:05.680Z THROUGHPUT bytes=18499249 rate=25202bps elapsed=734.0s
2026-05-03T20:15:15.696Z THROUGHPUT bytes=18749105 rate=25199bps elapsed=744.0s
2026-05-03T20:15:25.727Z THROUGHPUT bytes=19001009 rate=25197bps elapsed=754.1s
2026-05-03T20:15:35.792Z THROUGHPUT bytes=19254961 rate=25198bps elapsed=764.1s
2026-05-03T20:15:45.807Z THROUGHPUT bytes=19506865 rate=25197bps elapsed=774.2s
2026-05-03T20:15:55.924Z THROUGHPUT bytes=19762865 rate=25199bps elapsed=784.3s
2026-05-03T20:16:05.947Z THROUGHPUT bytes=20014769 rate=25198bps elapsed=794.3s
2026-05-03T20:16:16.103Z THROUGHPUT bytes=20270769 rate=25198bps elapsed=804.4s
2026-05-03T20:16:26.134Z THROUGHPUT bytes=20526769 rate=25202bps elapsed=814.5s
2026-05-03T20:16:36.184Z THROUGHPUT bytes=20776625 rate=25198bps elapsed=824.5s
2026-05-03T20:16:46.350Z THROUGHPUT bytes=21032625 rate=25197bps elapsed=834.7s
2026-05-03T20:16:56.426Z THROUGHPUT bytes=21286577 rate=25198bps elapsed=844.8s
2026-05-03T20:17:06.496Z THROUGHPUT bytes=21540529 rate=25198bps elapsed=854.8s
2026-05-03T20:17:16.579Z THROUGHPUT bytes=21794481 rate=25198bps elapsed=864.9s
2026-05-03T20:17:26.723Z THROUGHPUT bytes=22050481 rate=25198bps elapsed=875.1s
2026-05-03T20:17:36.817Z THROUGHPUT bytes=22304433 rate=25198bps elapsed=885.2s
2026-05-03T20:17:46.977Z THROUGHPUT bytes=22560433 rate=25198bps elapsed=895.3s
2026-05-03T20:17:57.000Z THROUGHPUT bytes=22814385 rate=25199bps elapsed=905.3s
2026-05-03T20:18:07.084Z THROUGHPUT bytes=23068337 rate=25199bps elapsed=915.4s
2026-05-03T20:18:17.116Z THROUGHPUT bytes=23320241 rate=25198bps elapsed=925.5s
2026-05-03T20:18:27.132Z THROUGHPUT bytes=23574193 rate=25200bps elapsed=935.5s
2026-05-03T20:18:37.221Z THROUGHPUT bytes=23828145 rate=25199bps elapsed=945.6s
2026-05-03T20:18:47.315Z THROUGHPUT bytes=24082097 rate=25199bps elapsed=955.7s
2026-05-03T20:18:57.331Z THROUGHPUT bytes=24334001 rate=25198bps elapsed=965.7s
2026-05-03T20:19:07.508Z THROUGHPUT bytes=24590001 rate=25198bps elapsed=975.9s
2026-05-03T20:19:17.568Z THROUGHPUT bytes=24843953 rate=25198bps elapsed=985.9s
2026-05-03T20:19:27.595Z THROUGHPUT bytes=25097905 rate=25200bps elapsed=995.9s
2026-05-03T20:19:37.617Z THROUGHPUT bytes=25349809 rate=25199bps elapsed=1006.0s
2026-05-03T20:19:47.820Z THROUGHPUT bytes=25605809 rate=25198bps elapsed=1016.2s
2026-05-03T20:19:57.834Z THROUGHPUT bytes=25859761 rate=25200bps elapsed=1026.2s
2026-05-03T20:20:07.900Z THROUGHPUT bytes=26111665 rate=25198bps elapsed=1036.2s
2026-05-03T20:20:18.058Z THROUGHPUT bytes=26367665 rate=25198bps elapsed=1046.4s
2026-05-03T20:20:28.145Z THROUGHPUT bytes=26623665 rate=25200bps elapsed=1056.5s
2026-05-03T20:20:38.287Z THROUGHPUT bytes=26877617 rate=25198bps elapsed=1066.6s
2026-05-03T20:20:48.398Z THROUGHPUT bytes=27133617 rate=25199bps elapsed=1076.7s
2026-05-03T20:20:58.399Z THROUGHPUT bytes=27385521 rate=25199bps elapsed=1086.7s
2026-05-03T20:21:08.433Z THROUGHPUT bytes=27637425 rate=25198bps elapsed=1096.8s
2026-05-03T20:21:18.437Z THROUGHPUT bytes=27889329 rate=25198bps elapsed=1106.8s
2026-05-03T20:21:28.598Z THROUGHPUT bytes=28145329 rate=25198bps elapsed=1116.9s
2026-05-03T20:21:38.666Z THROUGHPUT bytes=28399281 rate=25198bps elapsed=1127.0s
2026-05-03T20:21:48.783Z THROUGHPUT bytes=28655281 rate=25199bps elapsed=1137.1s
2026-05-03T20:21:58.900Z THROUGHPUT bytes=28909233 rate=25198bps elapsed=1147.2s
2026-05-03T20:22:08.951Z THROUGHPUT bytes=29165233 rate=25201bps elapsed=1157.3s
2026-05-03T20:22:19.053Z THROUGHPUT bytes=29417137 rate=25198bps elapsed=1167.4s
2026-05-03T20:22:29.059Z THROUGHPUT bytes=29669041 rate=25198bps elapsed=1177.4s
2026-05-03T20:22:39.189Z THROUGHPUT bytes=29925041 rate=25199bps elapsed=1187.5s
2026-05-03T20:22:49.220Z THROUGHPUT bytes=30176945 rate=25198bps elapsed=1197.6s
2026-05-03T20:22:59.283Z THROUGHPUT bytes=30432945 rate=25200bps elapsed=1207.6s
2026-05-03T20:23:09.447Z THROUGHPUT bytes=30686897 rate=25198bps elapsed=1217.8s
2026-05-03T20:23:19.595Z THROUGHPUT bytes=30942897 rate=25198bps elapsed=1227.9s
2026-05-03T20:23:29.634Z THROUGHPUT bytes=31196849 rate=25199bps elapsed=1238.0s
2026-05-03T20:23:39.763Z THROUGHPUT bytes=31450801 rate=25198bps elapsed=1248.1s
2026-05-03T20:23:49.820Z THROUGHPUT bytes=31704753 rate=25199bps elapsed=1258.2s
2026-05-03T20:23:59.898Z THROUGHPUT bytes=31958705 rate=25199bps elapsed=1268.2s
2026-05-03T20:24:09.953Z THROUGHPUT bytes=32212657 rate=25199bps elapsed=1278.3s
2026-05-03T20:24:19.976Z THROUGHPUT bytes=32464561 rate=25199bps elapsed=1288.3s
2026-05-03T20:24:30.042Z THROUGHPUT bytes=32718513 rate=25199bps elapsed=1298.4s
2026-05-03T20:24:40.137Z THROUGHPUT bytes=32972465 rate=25198bps elapsed=1308.5s
2026-05-03T20:24:50.182Z THROUGHPUT bytes=33226417 rate=25199bps elapsed=1318.5s
2026-05-03T20:25:00.307Z THROUGHPUT bytes=33480369 rate=25198bps elapsed=1328.7s
2026-05-03T20:25:10.361Z THROUGHPUT bytes=33734321 rate=25199bps elapsed=1338.7s
2026-05-03T20:25:20.368Z THROUGHPUT bytes=33986225 rate=25198bps elapsed=1348.7s
2026-05-03T20:25:30.467Z THROUGHPUT bytes=34242225 rate=25200bps elapsed=1358.8s
2026-05-03T20:25:40.598Z THROUGHPUT bytes=34496177 rate=25199bps elapsed=1368.9s
2026-05-03T20:25:50.772Z THROUGHPUT bytes=34752177 rate=25198bps elapsed=1379.1s
2026-05-03T20:26:00.806Z THROUGHPUT bytes=35006129 rate=25199bps elapsed=1389.2s
2026-05-03T20:26:10.835Z THROUGHPUT bytes=35258033 rate=25199bps elapsed=1399.2s
2026-05-03T20:26:20.964Z THROUGHPUT bytes=35514033 rate=25199bps elapsed=1409.3s
2026-05-03T20:26:31.014Z THROUGHPUT bytes=35767985 rate=25200bps elapsed=1419.4s
2026-05-03T20:26:41.081Z THROUGHPUT bytes=36019889 rate=25198bps elapsed=1429.4s
2026-05-03T20:26:51.134Z THROUGHPUT bytes=36273841 rate=25199bps elapsed=1439.5s
2026-05-03T20:27:01.313Z THROUGHPUT bytes=36529841 rate=25198bps elapsed=1449.7s
2026-05-03T20:27:11.380Z THROUGHPUT bytes=36783793 rate=25199bps elapsed=1459.7s
2026-05-03T20:27:21.538Z THROUGHPUT bytes=37039793 rate=25199bps elapsed=1469.9s
2026-05-03T20:27:31.593Z THROUGHPUT bytes=37295793 rate=25200bps elapsed=1479.9s
2026-05-03T20:27:41.772Z THROUGHPUT bytes=37549745 rate=25199bps elapsed=1490.1s
2026-05-03T20:27:51.901Z THROUGHPUT bytes=37805745 rate=25199bps elapsed=1500.2s
2026-05-03T20:28:01.932Z THROUGHPUT bytes=38057649 rate=25199bps elapsed=1510.3s
2026-05-03T20:28:12.013Z THROUGHPUT bytes=38311601 rate=25198bps elapsed=1520.4s
2026-05-03T20:28:22.063Z THROUGHPUT bytes=38565553 rate=25199bps elapsed=1530.4s
2026-05-03T20:28:32.123Z THROUGHPUT bytes=38819505 rate=25199bps elapsed=1540.5s
2026-05-03T20:28:42.329Z THROUGHPUT bytes=39075505 rate=25198bps elapsed=1550.7s
2026-05-03T20:28:52.475Z THROUGHPUT bytes=39331505 rate=25199bps elapsed=1560.8s
2026-05-03T20:29:02.647Z THROUGHPUT bytes=39587505 rate=25198bps elapsed=1571.0s
2026-05-03T20:29:12.759Z THROUGHPUT bytes=39843505 rate=25199bps elapsed=1581.1s
2026-05-03T20:29:22.767Z THROUGHPUT bytes=40095409 rate=25199bps elapsed=1591.1s
2026-05-03T20:29:32.812Z THROUGHPUT bytes=40349361 rate=25200bps elapsed=1601.2s
2026-05-03T20:29:42.864Z THROUGHPUT bytes=40601265 rate=25199bps elapsed=1611.2s
2026-05-03T20:29:53.013Z THROUGHPUT bytes=40857265 rate=25199bps elapsed=1621.4s
2026-05-03T20:30:03.045Z THROUGHPUT bytes=41111217 rate=25200bps elapsed=1631.4s
2026-05-03T20:30:13.175Z THROUGHPUT bytes=41365169 rate=25199bps elapsed=1641.5s
2026-05-03T20:30:23.346Z THROUGHPUT bytes=41621169 rate=25199bps elapsed=1651.7s
2026-05-03T20:30:33.423Z THROUGHPUT bytes=41875121 rate=25199bps elapsed=1661.8s
2026-05-03T20:30:43.460Z THROUGHPUT bytes=42131121 rate=25200bps elapsed=1671.8s
2026-05-03T20:30:53.567Z THROUGHPUT bytes=42383025 rate=25199bps elapsed=1681.9s
2026-05-03T20:31:03.659Z THROUGHPUT bytes=42636977 rate=25199bps elapsed=1692.0s
2026-05-03T20:31:13.807Z THROUGHPUT bytes=42892977 rate=25199bps elapsed=1702.2s
2026-05-03T20:31:23.978Z THROUGHPUT bytes=43148977 rate=25198bps elapsed=1712.3s
2026-05-03T20:31:34.113Z THROUGHPUT bytes=43404977 rate=25199bps elapsed=1722.5s
2026-05-03T20:31:44.198Z THROUGHPUT bytes=43660977 rate=25200bps elapsed=1732.5s
2026-05-03T20:31:54.244Z THROUGHPUT bytes=43914929 rate=25200bps elapsed=1742.6s
2026-05-03T20:32:04.361Z THROUGHPUT bytes=44166833 rate=25199bps elapsed=1752.7s
2026-05-03T20:32:14.403Z THROUGHPUT bytes=44420785 rate=25199bps elapsed=1762.8s
2026-05-03T20:32:24.462Z THROUGHPUT bytes=44674737 rate=25199bps elapsed=1772.8s
2026-05-03T20:32:34.494Z THROUGHPUT bytes=44926641 rate=25199bps elapsed=1782.8s
2026-05-03T20:32:44.634Z THROUGHPUT bytes=45182641 rate=25199bps elapsed=1793.0s
2026-05-03T20:32:54.636Z THROUGHPUT bytes=45434545 rate=25199bps elapsed=1803.0s
2026-05-03T20:33:04.711Z THROUGHPUT bytes=45688497 rate=25199bps elapsed=1813.1s
2026-05-03T20:33:14.744Z THROUGHPUT bytes=45940401 rate=25199bps elapsed=1823.1s
2026-05-03T20:33:24.806Z THROUGHPUT bytes=46196401 rate=25200bps elapsed=1833.2s
2026-05-03T20:33:34.899Z THROUGHPUT bytes=46448305 rate=25199bps elapsed=1843.3s
2026-05-03T20:33:44.907Z THROUGHPUT bytes=46702257 rate=25200bps elapsed=1853.3s
2026-05-03T20:33:54.944Z THROUGHPUT bytes=46954161 rate=25199bps elapsed=1863.3s
2026-05-03T20:34:04.969Z THROUGHPUT bytes=47206065 rate=25199bps elapsed=1873.3s
2026-05-03T20:34:14.982Z THROUGHPUT bytes=47462065 rate=25201bps elapsed=1883.3s
2026-05-03T20:34:24.994Z THROUGHPUT bytes=47711921 rate=25199bps elapsed=1893.3s
2026-05-03T20:34:35.110Z THROUGHPUT bytes=47965873 rate=25199bps elapsed=1903.5s
2026-05-03T20:34:45.241Z THROUGHPUT bytes=48221873 rate=25199bps elapsed=1913.6s
2026-05-03T20:34:55.333Z THROUGHPUT bytes=48475825 rate=25199bps elapsed=1923.7s
2026-05-03T20:35:05.334Z THROUGHPUT bytes=48729777 rate=25200bps elapsed=1933.7s
2026-05-03T20:35:15.343Z THROUGHPUT bytes=48979633 rate=25199bps elapsed=1943.7s
2026-05-03T20:35:25.427Z THROUGHPUT bytes=49233585 rate=25199bps elapsed=1953.8s
2026-05-03T20:35:35.460Z THROUGHPUT bytes=49489585 rate=25200bps elapsed=1963.8s
2026-05-03T20:35:45.486Z THROUGHPUT bytes=49739441 rate=25199bps elapsed=1973.8s
2026-05-03T20:35:55.630Z THROUGHPUT bytes=49995441 rate=25199bps elapsed=1984.0s
2026-05-03T20:36:05.816Z THROUGHPUT bytes=50251441 rate=25199bps elapsed=1994.2s
2026-05-03T20:36:15.959Z THROUGHPUT bytes=50507441 rate=25199bps elapsed=2004.3s
2026-05-03T20:36:26.014Z THROUGHPUT bytes=50763441 rate=25200bps elapsed=2014.4s
2026-05-03T20:36:36.109Z THROUGHPUT bytes=51015345 rate=25199bps elapsed=2024.5s
2026-05-03T20:36:46.202Z THROUGHPUT bytes=51269297 rate=25199bps elapsed=2034.6s
2026-05-03T20:36:56.347Z THROUGHPUT bytes=51525297 rate=25199bps elapsed=2044.7s
2026-05-03T20:37:06.425Z THROUGHPUT bytes=51781297 rate=25200bps elapsed=2054.8s
2026-05-03T20:37:16.462Z THROUGHPUT bytes=52033201 rate=25199bps elapsed=2064.8s
2026-05-03T20:37:26.485Z THROUGHPUT bytes=52285105 rate=25199bps elapsed=2074.8s
2026-05-03T20:37:36.634Z THROUGHPUT bytes=52541105 rate=25199bps elapsed=2085.0s
2026-05-03T20:37:46.675Z THROUGHPUT bytes=52793009 rate=25199bps elapsed=2095.0s
2026-05-03T20:37:56.695Z THROUGHPUT bytes=53046961 rate=25199bps elapsed=2105.0s
2026-05-03T20:38:06.701Z THROUGHPUT bytes=53300913 rate=25200bps elapsed=2115.1s
2026-05-03T20:38:16.798Z THROUGHPUT bytes=53554865 rate=25200bps elapsed=2125.2s
2026-05-03T20:38:26.983Z THROUGHPUT bytes=53808817 rate=25199bps elapsed=2135.3s
2026-05-03T20:38:37.034Z THROUGHPUT bytes=54062769 rate=25199bps elapsed=2145.4s
2026-05-03T20:38:47.069Z THROUGHPUT bytes=54316721 rate=25200bps elapsed=2155.4s
2026-05-03T20:38:57.128Z THROUGHPUT bytes=54570673 rate=25200bps elapsed=2165.5s
2026-05-03T20:39:07.132Z THROUGHPUT bytes=54820529 rate=25199bps elapsed=2175.5s
2026-05-03T20:39:17.287Z THROUGHPUT bytes=55076529 rate=25199bps elapsed=2185.6s
2026-05-03T20:39:27.328Z THROUGHPUT bytes=55330481 rate=25199bps elapsed=2195.7s
2026-05-03T20:39:37.341Z THROUGHPUT bytes=55582385 rate=25199bps elapsed=2205.7s
2026-05-03T20:39:47.415Z THROUGHPUT bytes=55836337 rate=25199bps elapsed=2215.8s
2026-05-03T20:39:57.474Z THROUGHPUT bytes=56090289 rate=25199bps elapsed=2225.8s
2026-05-03T20:40:07.496Z THROUGHPUT bytes=56342193 rate=25199bps elapsed=2235.9s
2026-05-03T20:40:17.657Z THROUGHPUT bytes=56598193 rate=25199bps elapsed=2246.0s
2026-05-03T20:40:27.746Z THROUGHPUT bytes=56852145 rate=25199bps elapsed=2256.1s
2026-05-03T20:40:37.764Z THROUGHPUT bytes=57108145 rate=25200bps elapsed=2266.1s
2026-05-03T20:40:47.818Z THROUGHPUT bytes=57358001 rate=25199bps elapsed=2276.2s
2026-05-03T20:40:57.899Z THROUGHPUT bytes=57611953 rate=25199bps elapsed=2286.3s
2026-05-03T20:41:07.969Z THROUGHPUT bytes=57865905 rate=25199bps elapsed=2296.3s
2026-05-03T20:41:18.090Z THROUGHPUT bytes=58121905 rate=25199bps elapsed=2306.4s
2026-05-03T20:41:28.169Z THROUGHPUT bytes=58375857 rate=25199bps elapsed=2316.5s
2026-05-03T20:41:38.225Z THROUGHPUT bytes=58631857 rate=25200bps elapsed=2326.6s
2026-05-03T20:41:48.278Z THROUGHPUT bytes=58881713 rate=25199bps elapsed=2336.6s
2026-05-03T20:41:58.342Z THROUGHPUT bytes=59135665 rate=25199bps elapsed=2346.7s
2026-05-03T20:42:08.504Z THROUGHPUT bytes=59391665 rate=25199bps elapsed=2356.9s
2026-05-03T20:42:18.520Z THROUGHPUT bytes=59643569 rate=25199bps elapsed=2366.9s
2026-05-03T20:42:28.676Z THROUGHPUT bytes=59899569 rate=25199bps elapsed=2377.0s
2026-05-03T20:42:38.701Z THROUGHPUT bytes=60155569 rate=25200bps elapsed=2387.1s
2026-05-03T20:42:48.823Z THROUGHPUT bytes=60407473 rate=25199bps elapsed=2397.2s
2026-05-03T20:42:58.860Z THROUGHPUT bytes=60661425 rate=25199bps elapsed=2407.2s
2026-05-03T20:43:08.978Z THROUGHPUT bytes=60917425 rate=25200bps elapsed=2417.3s
2026-05-03T20:43:19.043Z THROUGHPUT bytes=61169329 rate=25199bps elapsed=2427.4s
2026-05-03T20:43:29.131Z THROUGHPUT bytes=61423281 rate=25199bps elapsed=2437.5s
2026-05-03T20:43:39.239Z THROUGHPUT bytes=61679281 rate=25199bps elapsed=2447.6s
2026-05-03T20:43:49.295Z THROUGHPUT bytes=61933233 rate=25200bps elapsed=2457.7s
2026-05-03T20:43:59.453Z THROUGHPUT bytes=62187185 rate=25199bps elapsed=2467.8s
2026-05-03T20:44:09.522Z THROUGHPUT bytes=62441137 rate=25199bps elapsed=2477.9s
2026-05-03T20:44:19.636Z THROUGHPUT bytes=62697137 rate=25199bps elapsed=2488.0s
2026-05-03T20:44:29.667Z THROUGHPUT bytes=62951089 rate=25200bps elapsed=2498.0s
2026-05-03T20:44:39.707Z THROUGHPUT bytes=63205041 rate=25200bps elapsed=2508.1s
2026-05-03T20:44:49.763Z THROUGHPUT bytes=63454897 rate=25199bps elapsed=2518.1s
2026-05-03T20:44:59.842Z THROUGHPUT bytes=63710897 rate=25200bps elapsed=2528.2s
2026-05-03T20:45:09.988Z THROUGHPUT bytes=63964849 rate=25199bps elapsed=2538.3s
2026-05-03T20:45:20.154Z THROUGHPUT bytes=64220849 rate=25199bps elapsed=2548.5s
2026-05-03T20:45:30.314Z THROUGHPUT bytes=64476849 rate=25199bps elapsed=2558.7s
2026-05-03T20:45:40.475Z THROUGHPUT bytes=64732849 rate=25199bps elapsed=2568.8s
2026-05-03T20:45:50.545Z THROUGHPUT bytes=64988849 rate=25200bps elapsed=2578.9s
2026-05-03T20:46:00.586Z THROUGHPUT bytes=65240753 rate=25199bps elapsed=2588.9s
2026-05-03T20:46:10.676Z THROUGHPUT bytes=65494705 rate=25199bps elapsed=2599.0s
2026-05-03T20:46:20.814Z THROUGHPUT bytes=65750705 rate=25199bps elapsed=2609.2s
2026-05-03T20:46:30.923Z THROUGHPUT bytes=66004657 rate=25199bps elapsed=2619.3s
2026-05-03T20:46:41.038Z THROUGHPUT bytes=66260657 rate=25199bps elapsed=2629.4s
2026-05-03T20:46:51.073Z THROUGHPUT bytes=66512561 rate=25199bps elapsed=2639.4s
2026-05-03T20:47:01.101Z THROUGHPUT bytes=66766513 rate=25200bps elapsed=2649.5s
2026-05-03T20:47:11.159Z THROUGHPUT bytes=67018417 rate=25199bps elapsed=2659.5s
2026-05-03T20:47:21.165Z THROUGHPUT bytes=67270321 rate=25199bps elapsed=2669.5s
2026-05-03T20:47:31.318Z THROUGHPUT bytes=67526321 rate=25199bps elapsed=2679.7s
2026-05-03T20:47:41.448Z THROUGHPUT bytes=67782321 rate=25199bps elapsed=2689.8s
2026-05-03T20:47:51.557Z THROUGHPUT bytes=68036273 rate=25199bps elapsed=2699.9s
2026-05-03T20:48:01.638Z THROUGHPUT bytes=68290225 rate=25199bps elapsed=2710.0s
2026-05-03T20:48:11.792Z THROUGHPUT bytes=68546225 rate=25199bps elapsed=2720.2s
2026-05-03T20:48:21.843Z THROUGHPUT bytes=68800177 rate=25199bps elapsed=2730.2s
2026-05-03T20:48:31.921Z THROUGHPUT bytes=69054129 rate=25199bps elapsed=2740.3s
2026-05-03T20:48:42.021Z THROUGHPUT bytes=69308081 rate=25199bps elapsed=2750.4s
2026-05-03T20:48:52.104Z THROUGHPUT bytes=69562033 rate=25199bps elapsed=2760.5s
2026-05-03T20:49:02.238Z THROUGHPUT bytes=69818033 rate=25199bps elapsed=2770.6s
2026-05-03T20:49:12.383Z THROUGHPUT bytes=70074033 rate=25199bps elapsed=2780.7s
2026-05-03T20:49:22.458Z THROUGHPUT bytes=70327985 rate=25199bps elapsed=2790.8s
2026-05-03T20:49:32.584Z THROUGHPUT bytes=70581937 rate=25199bps elapsed=2800.9s
2026-05-03T20:49:42.646Z THROUGHPUT bytes=70835889 rate=25199bps elapsed=2811.0s
2026-05-03T20:49:52.653Z THROUGHPUT bytes=71087793 rate=25199bps elapsed=2821.0s
2026-05-03T20:50:02.796Z THROUGHPUT bytes=71343793 rate=25199bps elapsed=2831.2s
2026-05-03T20:50:12.823Z THROUGHPUT bytes=71599793 rate=25200bps elapsed=2841.2s
2026-05-03T20:50:22.829Z THROUGHPUT bytes=71851697 rate=25200bps elapsed=2851.2s
2026-05-03T20:50:32.935Z THROUGHPUT bytes=72103601 rate=25199bps elapsed=2861.3s
2026-05-03T20:50:43.107Z THROUGHPUT bytes=72359601 rate=25199bps elapsed=2871.5s
2026-05-03T20:50:53.114Z THROUGHPUT bytes=72613553 rate=25200bps elapsed=2881.5s
2026-05-03T20:51:03.119Z THROUGHPUT bytes=72865457 rate=25200bps elapsed=2891.5s
2026-05-03T20:51:13.166Z THROUGHPUT bytes=73117361 rate=25199bps elapsed=2901.5s
2026-05-03T20:51:23.299Z THROUGHPUT bytes=73373361 rate=25199bps elapsed=2911.7s
2026-05-03T20:51:33.418Z THROUGHPUT bytes=73627313 rate=25199bps elapsed=2921.8s
2026-05-03T20:51:43.487Z THROUGHPUT bytes=73881265 rate=25199bps elapsed=2931.9s
2026-05-03T20:51:53.612Z THROUGHPUT bytes=74137265 rate=25199bps elapsed=2942.0s
2026-05-03T20:52:03.789Z THROUGHPUT bytes=74393265 rate=25199bps elapsed=2952.2s
2026-05-03T20:52:13.889Z THROUGHPUT bytes=74647217 rate=25199bps elapsed=2962.3s
2026-05-03T20:52:24.032Z THROUGHPUT bytes=74903217 rate=25199bps elapsed=2972.4s
2026-05-03T20:52:34.185Z THROUGHPUT bytes=75159217 rate=25199bps elapsed=2982.5s
2026-05-03T20:52:44.207Z THROUGHPUT bytes=75411121 rate=25199bps elapsed=2992.6s
2026-05-03T20:52:54.277Z THROUGHPUT bytes=75665073 rate=25199bps elapsed=3002.6s
2026-05-03T20:53:04.282Z THROUGHPUT bytes=75916977 rate=25199bps elapsed=3012.6s
2026-05-03T20:53:14.349Z THROUGHPUT bytes=76172977 rate=25200bps elapsed=3022.7s
2026-05-03T20:53:24.492Z THROUGHPUT bytes=76426929 rate=25199bps elapsed=3032.9s
2026-05-03T20:53:34.648Z THROUGHPUT bytes=76682929 rate=25199bps elapsed=3043.0s
2026-05-03T20:53:44.673Z THROUGHPUT bytes=76934833 rate=25199bps elapsed=3053.0s
2026-05-03T20:53:54.683Z THROUGHPUT bytes=77188785 rate=25200bps elapsed=3063.0s
2026-05-03T20:54:04.766Z THROUGHPUT bytes=77442737 rate=25199bps elapsed=3073.1s
2026-05-03T20:54:14.804Z THROUGHPUT bytes=77694641 rate=25199bps elapsed=3083.2s
2026-05-03T20:54:24.967Z THROUGHPUT bytes=77950641 rate=25199bps elapsed=3093.3s
2026-05-03T20:54:35.131Z THROUGHPUT bytes=78206641 rate=25199bps elapsed=3103.5s
2026-05-03T20:54:45.220Z THROUGHPUT bytes=78462641 rate=25200bps elapsed=3113.6s
2026-05-03T20:54:55.267Z THROUGHPUT bytes=78714545 rate=25199bps elapsed=3123.6s
2026-05-03T20:55:05.293Z THROUGHPUT bytes=78968497 rate=25200bps elapsed=3133.7s
2026-05-03T20:55:15.447Z THROUGHPUT bytes=79222449 rate=25199bps elapsed=3143.8s
2026-05-03T20:55:25.489Z THROUGHPUT bytes=79476401 rate=25199bps elapsed=3153.9s
2026-05-03T20:55:35.663Z THROUGHPUT bytes=79732401 rate=25199bps elapsed=3164.0s
2026-05-03T20:55:45.719Z THROUGHPUT bytes=79986353 rate=25199bps elapsed=3174.1s
2026-05-03T20:55:55.730Z THROUGHPUT bytes=80238257 rate=25199bps elapsed=3184.1s
2026-05-03T20:56:05.749Z THROUGHPUT bytes=80490161 rate=25199bps elapsed=3194.1s
2026-05-03T20:56:15.830Z THROUGHPUT bytes=80744113 rate=25199bps elapsed=3204.2s
2026-05-03T20:56:25.887Z THROUGHPUT bytes=80998065 rate=25199bps elapsed=3214.3s
2026-05-03T20:56:35.962Z THROUGHPUT bytes=81254065 rate=25200bps elapsed=3224.3s
2026-05-03T20:56:46.018Z THROUGHPUT bytes=81505969 rate=25199bps elapsed=3234.4s
2026-05-03T20:56:56.077Z THROUGHPUT bytes=81759921 rate=25199bps elapsed=3244.4s
2026-05-03T20:57:06.085Z THROUGHPUT bytes=82011825 rate=25199bps elapsed=3254.5s
2026-05-03T20:57:16.262Z THROUGHPUT bytes=82267825 rate=25199bps elapsed=3264.6s
2026-05-03T20:57:26.451Z THROUGHPUT bytes=82523825 rate=25199bps elapsed=3274.8s
2026-05-03T20:57:36.470Z THROUGHPUT bytes=82777777 rate=25199bps elapsed=3284.8s
2026-05-03T20:57:46.496Z THROUGHPUT bytes=83029681 rate=25199bps elapsed=3294.9s
2026-05-03T20:57:56.522Z THROUGHPUT bytes=83281585 rate=25199bps elapsed=3304.9s
2026-05-03T20:58:06.578Z THROUGHPUT bytes=83535537 rate=25199bps elapsed=3314.9s
2026-05-03T20:58:16.651Z THROUGHPUT bytes=83789489 rate=25199bps elapsed=3325.0s
2026-05-03T20:58:26.790Z THROUGHPUT bytes=84045489 rate=25199bps elapsed=3335.2s
2026-05-03T20:58:36.870Z THROUGHPUT bytes=84299441 rate=25199bps elapsed=3345.2s
2026-05-03T20:58:47.024Z THROUGHPUT bytes=84555441 rate=25199bps elapsed=3355.4s
2026-05-03T20:58:57.027Z THROUGHPUT bytes=84807345 rate=25199bps elapsed=3365.4s
2026-05-03T20:59:07.063Z THROUGHPUT bytes=85059249 rate=25199bps elapsed=3375.4s
2026-05-03T20:59:17.063Z THROUGHPUT bytes=85311153 rate=25199bps elapsed=3385.4s
2026-05-03T20:59:27.222Z THROUGHPUT bytes=85567153 rate=25199bps elapsed=3395.6s
2026-05-03T20:59:37.279Z THROUGHPUT bytes=85821105 rate=25199bps elapsed=3405.6s
2026-05-03T20:59:47.450Z THROUGHPUT bytes=86077105 rate=25199bps elapsed=3415.8s
2026-05-03T20:59:57.522Z THROUGHPUT bytes=86331057 rate=25199bps elapsed=3425.9s
2026-05-03T21:00:07.601Z THROUGHPUT bytes=86585009 rate=25199bps elapsed=3436.0s
2026-05-03T21:00:17.661Z THROUGHPUT bytes=86838961 rate=25199bps elapsed=3446.0s
2026-05-03T21:00:27.769Z THROUGHPUT bytes=87092913 rate=25199bps elapsed=3456.1s
2026-05-03T21:00:37.805Z THROUGHPUT bytes=87346865 rate=25199bps elapsed=3466.2s
2026-05-03T21:00:48.003Z THROUGHPUT bytes=87602865 rate=25199bps elapsed=3476.4s
2026-05-03T21:00:58.163Z THROUGHPUT bytes=87858865 rate=25199bps elapsed=3486.5s
2026-05-03T21:01:08.211Z THROUGHPUT bytes=88112817 rate=25199bps elapsed=3496.6s
2026-05-03T21:01:18.234Z THROUGHPUT bytes=88364721 rate=25199bps elapsed=3506.6s
2026-05-03T21:01:28.261Z THROUGHPUT bytes=88618673 rate=25199bps elapsed=3516.6s
2026-05-03T21:01:38.269Z THROUGHPUT bytes=88872625 rate=25200bps elapsed=3526.6s
2026-05-03T21:01:48.338Z THROUGHPUT bytes=89124529 rate=25199bps elapsed=3536.7s
2026-05-03T21:01:58.339Z THROUGHPUT bytes=89376433 rate=25199bps elapsed=3546.7s
2026-05-03T21:02:08.413Z THROUGHPUT bytes=89630385 rate=25199bps elapsed=3556.8s
2026-05-03T21:02:18.608Z THROUGHPUT bytes=89886385 rate=25199bps elapsed=3567.0s
2026-05-03T21:02:28.644Z THROUGHPUT bytes=90140337 rate=25199bps elapsed=3577.0s
2026-05-03T21:02:38.691Z THROUGHPUT bytes=90392241 rate=25199bps elapsed=3587.1s
2026-05-03T21:02:48.748Z THROUGHPUT bytes=90646193 rate=25199bps elapsed=3597.1s
2026-05-03T21:02:58.843Z THROUGHPUT bytes=90900145 rate=25199bps elapsed=3607.2s
2026-05-03T21:03:08.936Z THROUGHPUT bytes=91156145 rate=25200bps elapsed=3617.3s
2026-05-03T21:03:19.057Z THROUGHPUT bytes=91410097 rate=25199bps elapsed=3627.4s
2026-05-03T21:03:29.145Z THROUGHPUT bytes=91664049 rate=25199bps elapsed=3637.5s
2026-05-03T21:03:39.266Z THROUGHPUT bytes=91920049 rate=25199bps elapsed=3647.6s
2026-05-03T21:03:49.435Z THROUGHPUT bytes=92176049 rate=25199bps elapsed=3657.8s
2026-05-03T21:03:59.489Z THROUGHPUT bytes=92432049 rate=25200bps elapsed=3667.9s
2026-05-03T21:04:09.543Z THROUGHPUT bytes=92681905 rate=25199bps elapsed=3677.9s
2026-05-03T21:04:19.567Z THROUGHPUT bytes=92937905 rate=25200bps elapsed=3687.9s
2026-05-03T21:04:29.658Z THROUGHPUT bytes=93189809 rate=25199bps elapsed=3698.0s
2026-05-03T21:04:39.782Z THROUGHPUT bytes=93443761 rate=25199bps elapsed=3708.2s
2026-05-03T21:04:49.942Z THROUGHPUT bytes=93699761 rate=25199bps elapsed=3718.3s
2026-05-03T21:05:00.018Z THROUGHPUT bytes=93953713 rate=25199bps elapsed=3728.4s
2026-05-03T21:05:10.081Z THROUGHPUT bytes=94207665 rate=25199bps elapsed=3738.5s
2026-05-03T21:05:20.180Z THROUGHPUT bytes=94463665 rate=25200bps elapsed=3748.5s
2026-05-03T21:05:30.186Z THROUGHPUT bytes=94717617 rate=25200bps elapsed=3758.6s
2026-05-03T21:05:40.242Z THROUGHPUT bytes=94967473 rate=25199bps elapsed=3768.6s
2026-05-03T21:05:50.402Z THROUGHPUT bytes=95223473 rate=25199bps elapsed=3778.8s
2026-05-03T21:06:00.558Z THROUGHPUT bytes=95479473 rate=25199bps elapsed=3788.9s
2026-05-03T21:06:10.653Z THROUGHPUT bytes=95735473 rate=25200bps elapsed=3799.0s
2026-05-03T21:06:20.653Z THROUGHPUT bytes=95989425 rate=25200bps elapsed=3809.0s
2026-05-03T21:06:30.705Z THROUGHPUT bytes=96239281 rate=25199bps elapsed=3819.1s
2026-05-03T21:06:40.790Z THROUGHPUT bytes=96493233 rate=25199bps elapsed=3829.2s
2026-05-03T21:06:50.867Z THROUGHPUT bytes=96747185 rate=25199bps elapsed=3839.2s
2026-05-03T21:07:00.926Z THROUGHPUT bytes=97001137 rate=25199bps elapsed=3849.3s
2026-05-03T21:07:10.960Z THROUGHPUT bytes=97255089 rate=25199bps elapsed=3859.3s
2026-05-03T21:07:20.977Z THROUGHPUT bytes=97509041 rate=25200bps elapsed=3869.3s
2026-05-03T21:07:30.995Z THROUGHPUT bytes=97758897 rate=25199bps elapsed=3879.4s
2026-05-03T21:07:41.162Z THROUGHPUT bytes=98014897 rate=25199bps elapsed=3889.5s
2026-05-03T21:07:51.173Z THROUGHPUT bytes=98268849 rate=25200bps elapsed=3899.5s
2026-05-03T21:08:01.247Z THROUGHPUT bytes=98520753 rate=25199bps elapsed=3909.6s
2026-05-03T21:08:11.409Z THROUGHPUT bytes=98776753 rate=25199bps elapsed=3919.8s
2026-05-03T21:08:21.544Z THROUGHPUT bytes=99032753 rate=25199bps elapsed=3929.9s
2026-05-03T21:08:31.624Z THROUGHPUT bytes=99288753 rate=25200bps elapsed=3940.0s
2026-05-03T21:08:41.642Z THROUGHPUT bytes=99540657 rate=25200bps elapsed=3950.0s
2026-05-03T21:08:51.785Z THROUGHPUT bytes=99794609 rate=25199bps elapsed=3960.2s
2026-05-03T21:09:01.924Z THROUGHPUT bytes=100050609 rate=25199bps elapsed=3970.3s
2026-05-03T21:09:12.004Z THROUGHPUT bytes=100304561 rate=25199bps elapsed=3980.4s
2026-05-03T21:09:22.107Z THROUGHPUT bytes=100558513 rate=25199bps elapsed=3990.5s
2026-05-03T21:09:32.271Z THROUGHPUT bytes=100814513 rate=25199bps elapsed=4000.6s
2026-05-03T21:09:42.317Z THROUGHPUT bytes=101068465 rate=25199bps elapsed=4010.7s
2026-05-03T21:09:52.389Z THROUGHPUT bytes=101324465 rate=25200bps elapsed=4020.8s
2026-05-03T21:10:02.408Z THROUGHPUT bytes=101574321 rate=25199bps elapsed=4030.8s
2026-05-03T21:10:12.469Z THROUGHPUT bytes=101828273 rate=25199bps elapsed=4040.8s
2026-05-03T21:10:22.482Z THROUGHPUT bytes=102080177 rate=25199bps elapsed=4050.9s
2026-05-03T21:10:32.494Z THROUGHPUT bytes=102334129 rate=25200bps elapsed=4060.9s
2026-05-03T21:10:42.540Z THROUGHPUT bytes=102588081 rate=25200bps elapsed=4070.9s
2026-05-03T21:10:52.563Z THROUGHPUT bytes=102837937 rate=25199bps elapsed=4080.9s
2026-05-03T21:11:02.694Z THROUGHPUT bytes=103093937 rate=25199bps elapsed=4091.1s
2026-05-03T21:11:12.714Z THROUGHPUT bytes=103347889 rate=25200bps elapsed=4101.1s
2026-05-03T21:11:22.747Z THROUGHPUT bytes=103599793 rate=25199bps elapsed=4111.1s
2026-05-03T21:11:32.856Z THROUGHPUT bytes=103853745 rate=25199bps elapsed=4121.2s
2026-05-03T21:11:42.934Z THROUGHPUT bytes=104107697 rate=25199bps elapsed=4131.3s
2026-05-03T21:11:52.949Z THROUGHPUT bytes=104359601 rate=25199bps elapsed=4141.3s
2026-05-03T21:12:03.022Z THROUGHPUT bytes=104613553 rate=25199bps elapsed=4151.4s
2026-05-03T21:12:13.112Z THROUGHPUT bytes=104869553 rate=25200bps elapsed=4161.5s
2026-05-03T21:12:23.135Z THROUGHPUT bytes=105121457 rate=25199bps elapsed=4171.5s
2026-05-03T21:12:33.256Z THROUGHPUT bytes=105375409 rate=25199bps elapsed=4181.6s
2026-05-03T21:12:43.336Z THROUGHPUT bytes=105629361 rate=25199bps elapsed=4191.7s
2026-05-03T21:12:53.371Z THROUGHPUT bytes=105883313 rate=25199bps elapsed=4201.7s
2026-05-03T21:13:03.465Z THROUGHPUT bytes=106139313 rate=25200bps elapsed=4211.8s
2026-05-03T21:13:13.473Z THROUGHPUT bytes=106389169 rate=25199bps elapsed=4221.8s
2026-05-03T21:13:23.523Z THROUGHPUT bytes=106643121 rate=25199bps elapsed=4231.9s
2026-05-03T21:13:33.546Z THROUGHPUT bytes=106897073 rate=25200bps elapsed=4241.9s
2026-05-03T21:13:43.643Z THROUGHPUT bytes=107151025 rate=25200bps elapsed=4252.0s
2026-05-03T21:13:53.773Z THROUGHPUT bytes=107404977 rate=25199bps elapsed=4262.1s
2026-05-03T21:14:03.932Z THROUGHPUT bytes=107660977 rate=25199bps elapsed=4272.3s
2026-05-03T21:14:14.002Z THROUGHPUT bytes=107916977 rate=25200bps elapsed=4282.4s
2026-05-03T21:14:24.007Z THROUGHPUT bytes=108166833 rate=25199bps elapsed=4292.4s
2026-05-03T21:14:34.168Z THROUGHPUT bytes=108422833 rate=25199bps elapsed=4302.5s
2026-05-03T21:14:44.250Z THROUGHPUT bytes=108676785 rate=25199bps elapsed=4312.6s
2026-05-03T21:14:54.314Z THROUGHPUT bytes=108930737 rate=25199bps elapsed=4322.7s
2026-05-03T21:15:04.495Z THROUGHPUT bytes=109186737 rate=25199bps elapsed=4332.9s
2026-05-03T21:15:14.512Z THROUGHPUT bytes=109440689 rate=25199bps elapsed=4342.9s
2026-05-03T21:15:24.585Z THROUGHPUT bytes=109694641 rate=25200bps elapsed=4353.0s
2026-05-03T21:15:34.721Z THROUGHPUT bytes=109948593 rate=25199bps elapsed=4363.1s
2026-05-03T21:15:44.786Z THROUGHPUT bytes=110204593 rate=25200bps elapsed=4373.2s
2026-05-03T21:15:54.828Z THROUGHPUT bytes=110458545 rate=25200bps elapsed=4383.2s
2026-05-03T21:16:04.844Z THROUGHPUT bytes=110708401 rate=25199bps elapsed=4393.2s
2026-05-03T21:16:14.870Z THROUGHPUT bytes=110960305 rate=25199bps elapsed=4403.2s
2026-05-03T21:16:24.904Z THROUGHPUT bytes=111214257 rate=25199bps elapsed=4413.3s
2026-05-03T21:16:35.012Z THROUGHPUT bytes=111468209 rate=25199bps elapsed=4423.4s
2026-05-03T21:16:45.106Z THROUGHPUT bytes=111722161 rate=25199bps elapsed=4433.5s
2026-05-03T21:16:55.241Z THROUGHPUT bytes=111978161 rate=25199bps elapsed=4443.6s
2026-05-03T21:17:05.266Z THROUGHPUT bytes=112230065 rate=25199bps elapsed=4453.6s
2026-05-03T21:17:15.405Z THROUGHPUT bytes=112486065 rate=25199bps elapsed=4463.8s
2026-05-03T21:17:25.453Z THROUGHPUT bytes=112740017 rate=25199bps elapsed=4473.8s
2026-05-03T21:17:35.473Z THROUGHPUT bytes=112993969 rate=25200bps elapsed=4483.8s
2026-05-03T21:17:45.485Z THROUGHPUT bytes=113245873 rate=25200bps elapsed=4493.9s
2026-05-03T21:17:55.505Z THROUGHPUT bytes=113499825 rate=25200bps elapsed=4503.9s
2026-05-03T21:18:05.520Z THROUGHPUT bytes=113751729 rate=25200bps elapsed=4513.9s
2026-05-03T21:18:15.619Z THROUGHPUT bytes=114005681 rate=25200bps elapsed=4524.0s
2026-05-03T21:18:25.665Z THROUGHPUT bytes=114259633 rate=25200bps elapsed=4534.0s
2026-05-03T21:18:35.688Z THROUGHPUT bytes=114511537 rate=25200bps elapsed=4544.1s
2026-05-03T21:18:45.712Z THROUGHPUT bytes=114763441 rate=25200bps elapsed=4554.1s
2026-05-03T21:18:55.722Z THROUGHPUT bytes=115015345 rate=25200bps elapsed=4564.1s
2026-05-03T21:19:05.761Z THROUGHPUT bytes=115269297 rate=25200bps elapsed=4574.1s
2026-05-03T21:19:15.788Z THROUGHPUT bytes=115521201 rate=25200bps elapsed=4584.2s
2026-05-03T21:19:25.844Z THROUGHPUT bytes=115775153 rate=25200bps elapsed=4594.2s
2026-05-03T21:19:35.894Z THROUGHPUT bytes=116029105 rate=25200bps elapsed=4604.3s
2026-05-03T21:19:45.927Z THROUGHPUT bytes=116281009 rate=25200bps elapsed=4614.3s
2026-05-03T21:19:56.018Z THROUGHPUT bytes=116534961 rate=25200bps elapsed=4624.4s
2026-05-03T21:20:06.062Z THROUGHPUT bytes=116788913 rate=25200bps elapsed=4634.4s
2026-05-03T21:20:16.132Z THROUGHPUT bytes=117042865 rate=25200bps elapsed=4644.5s
2026-05-03T21:20:26.241Z THROUGHPUT bytes=117296817 rate=25200bps elapsed=4654.6s
2026-05-03T21:20:36.291Z THROUGHPUT bytes=117550769 rate=25200bps elapsed=4664.7s
2026-05-03T21:20:46.318Z THROUGHPUT bytes=117802673 rate=25200bps elapsed=4674.7s
2026-05-03T21:20:56.342Z THROUGHPUT bytes=118056625 rate=25200bps elapsed=4684.7s
2026-05-03T21:21:06.425Z THROUGHPUT bytes=118310577 rate=25200bps elapsed=4694.8s
2026-05-03T21:21:16.481Z THROUGHPUT bytes=118564529 rate=25200bps elapsed=4704.9s
2026-05-03T21:21:26.523Z THROUGHPUT bytes=118816433 rate=25200bps elapsed=4714.9s
2026-05-03T21:21:36.555Z THROUGHPUT bytes=119070385 rate=25200bps elapsed=4724.9s
2026-05-03T21:21:46.609Z THROUGHPUT bytes=119322289 rate=25200bps elapsed=4735.0s
2026-05-03T21:21:56.678Z THROUGHPUT bytes=119576241 rate=25200bps elapsed=4745.1s
2026-05-03T21:22:06.772Z THROUGHPUT bytes=119830193 rate=25200bps elapsed=4755.2s
2026-05-03T21:22:16.846Z THROUGHPUT bytes=120084145 rate=25200bps elapsed=4765.2s
2026-05-03T21:22:26.847Z THROUGHPUT bytes=120336049 rate=25200bps elapsed=4775.2s
2026-05-03T21:22:36.889Z THROUGHPUT bytes=120590001 rate=25200bps elapsed=4785.3s
2026-05-03T21:22:46.889Z THROUGHPUT bytes=120841905 rate=25200bps elapsed=4795.3s
2026-05-03T21:22:56.907Z THROUGHPUT bytes=121091761 rate=25199bps elapsed=4805.3s
2026-05-03T21:23:07.046Z THROUGHPUT bytes=121347761 rate=25199bps elapsed=4815.4s
2026-05-03T21:23:17.229Z THROUGHPUT bytes=121603761 rate=25199bps elapsed=4825.6s
2026-05-03T21:23:27.365Z THROUGHPUT bytes=121859761 rate=25199bps elapsed=4835.7s
2026-05-03T21:23:37.540Z THROUGHPUT bytes=122115761 rate=25199bps elapsed=4845.9s
2026-05-03T21:23:47.567Z THROUGHPUT bytes=122371761 rate=25200bps elapsed=4856.0s
2026-05-03T21:23:57.584Z THROUGHPUT bytes=122623665 rate=25200bps elapsed=4866.0s
2026-05-03T21:24:07.682Z THROUGHPUT bytes=122875569 rate=25199bps elapsed=4876.1s
2026-05-03T21:24:17.720Z THROUGHPUT bytes=123129521 rate=25199bps elapsed=4886.1s
2026-05-03T21:24:27.739Z THROUGHPUT bytes=123383473 rate=25200bps elapsed=4896.1s
2026-05-03T21:24:37.789Z THROUGHPUT bytes=123635377 rate=25199bps elapsed=4906.2s
2026-05-03T21:24:47.845Z THROUGHPUT bytes=123887281 rate=25199bps elapsed=4916.2s
2026-05-03T21:24:57.872Z THROUGHPUT bytes=124141233 rate=25199bps elapsed=4926.3s
2026-05-03T21:25:07.980Z THROUGHPUT bytes=124395185 rate=25199bps elapsed=4936.4s
2026-05-03T21:25:18.072Z THROUGHPUT bytes=124649137 rate=25199bps elapsed=4946.5s
2026-05-03T21:25:28.138Z THROUGHPUT bytes=124903089 rate=25199bps elapsed=4956.5s
2026-05-03T21:25:38.304Z THROUGHPUT bytes=125159089 rate=25199bps elapsed=4966.7s
2026-05-03T21:25:48.355Z THROUGHPUT bytes=125413041 rate=25199bps elapsed=4976.7s
2026-05-03T21:25:58.453Z THROUGHPUT bytes=125666993 rate=25199bps elapsed=4986.8s
2026-05-03T21:26:08.461Z THROUGHPUT bytes=125918897 rate=25199bps elapsed=4996.8s
2026-05-03T21:26:18.593Z THROUGHPUT bytes=126174897 rate=25199bps elapsed=5007.0s
2026-05-03T21:26:28.689Z THROUGHPUT bytes=126428849 rate=25199bps elapsed=5017.1s
2026-05-03T21:26:38.745Z THROUGHPUT bytes=126682801 rate=25199bps elapsed=5027.1s
2026-05-03T21:26:48.938Z THROUGHPUT bytes=126938801 rate=25199bps elapsed=5037.3s
2026-05-03T21:26:59.020Z THROUGHPUT bytes=127194801 rate=25200bps elapsed=5047.4s
2026-05-03T21:27:09.138Z THROUGHPUT bytes=127448753 rate=25199bps elapsed=5057.5s
2026-05-03T21:27:19.249Z THROUGHPUT bytes=127702705 rate=25199bps elapsed=5067.6s
2026-05-03T21:27:29.260Z THROUGHPUT bytes=127958705 rate=25200bps elapsed=5077.6s
2026-05-03T21:27:39.263Z THROUGHPUT bytes=128210609 rate=25200bps elapsed=5087.6s
2026-05-03T21:27:49.466Z THROUGHPUT bytes=128464561 rate=25199bps elapsed=5097.9s
2026-05-03T21:27:59.537Z THROUGHPUT bytes=128718513 rate=25199bps elapsed=5107.9s
2026-05-03T21:28:09.552Z THROUGHPUT bytes=128970417 rate=25199bps elapsed=5117.9s
2026-05-03T21:28:19.611Z THROUGHPUT bytes=129224369 rate=25199bps elapsed=5128.0s
2026-05-03T21:28:29.710Z THROUGHPUT bytes=129478321 rate=25199bps elapsed=5138.1s
2026-05-03T21:28:39.776Z THROUGHPUT bytes=129732273 rate=25199bps elapsed=5148.2s
2026-05-03T21:28:49.851Z THROUGHPUT bytes=129986225 rate=25199bps elapsed=5158.2s
2026-05-03T21:28:59.853Z THROUGHPUT bytes=130238129 rate=25199bps elapsed=5168.2s
2026-05-03T21:29:10.002Z THROUGHPUT bytes=130494129 rate=25199bps elapsed=5178.4s
2026-05-03T21:29:20.066Z THROUGHPUT bytes=130750129 rate=25200bps elapsed=5188.5s
2026-05-03T21:29:30.081Z THROUGHPUT bytes=131002033 rate=25200bps elapsed=5198.5s
2026-05-03T21:29:40.243Z THROUGHPUT bytes=131255985 rate=25199bps elapsed=5208.6s
2026-05-03T21:29:50.409Z THROUGHPUT bytes=131511985 rate=25199bps elapsed=5218.8s
2026-05-03T21:30:00.442Z THROUGHPUT bytes=131765937 rate=25199bps elapsed=5228.8s
2026-05-03T21:30:10.535Z THROUGHPUT bytes=132019889 rate=25199bps elapsed=5238.9s
2026-05-03T21:30:20.570Z THROUGHPUT bytes=132273841 rate=25200bps elapsed=5249.0s
2026-05-03T21:30:30.719Z THROUGHPUT bytes=132527793 rate=25199bps elapsed=5259.1s
2026-05-03T21:30:40.868Z THROUGHPUT bytes=132783793 rate=25199bps elapsed=5269.3s
2026-05-03T21:30:50.938Z THROUGHPUT bytes=133037745 rate=25199bps elapsed=5279.3s
2026-05-03T21:31:01.112Z THROUGHPUT bytes=133293745 rate=25199bps elapsed=5289.5s
2026-05-03T21:31:11.146Z THROUGHPUT bytes=133547697 rate=25199bps elapsed=5299.5s
2026-05-03T21:31:21.269Z THROUGHPUT bytes=133801649 rate=25199bps elapsed=5309.7s
2026-05-03T21:31:31.385Z THROUGHPUT bytes=134057649 rate=25199bps elapsed=5319.8s
2026-05-03T21:31:41.414Z THROUGHPUT bytes=134311601 rate=25200bps elapsed=5329.8s
2026-05-03T21:31:51.416Z THROUGHPUT bytes=134561457 rate=25199bps elapsed=5339.8s
2026-05-03T21:32:01.499Z THROUGHPUT bytes=134815409 rate=25199bps elapsed=5349.9s
2026-05-03T21:32:11.538Z THROUGHPUT bytes=135071409 rate=25200bps elapsed=5359.9s
2026-05-03T21:32:21.557Z THROUGHPUT bytes=135321265 rate=25199bps elapsed=5369.9s
2026-05-03T21:32:31.558Z THROUGHPUT bytes=135573169 rate=25199bps elapsed=5379.9s
2026-05-03T21:32:41.715Z THROUGHPUT bytes=135829169 rate=25199bps elapsed=5390.1s
2026-05-03T21:32:51.757Z THROUGHPUT bytes=136083121 rate=25199bps elapsed=5400.1s
2026-05-03T21:33:46.437Z THROUGHPUT bytes=136300209 rate=24987bps elapsed=5454.8s
2026-05-03T21:34:31.725Z THROUGHPUT bytes=136831018 rate=24877bps elapsed=5500.1s
2026-05-03T21:35:02.047Z THROUGHPUT bytes=137363707 rate=24837bps elapsed=5530.4s
2026-05-03T21:35:12.121Z THROUGHPUT bytes=139620226 rate=25199bps elapsed=5540.5s
2026-05-03T21:35:22.211Z THROUGHPUT bytes=139874178 rate=25199bps elapsed=5550.6s
2026-05-03T21:35:32.245Z THROUGHPUT bytes=140128130 rate=25200bps elapsed=5560.6s
2026-05-03T21:35:42.291Z THROUGHPUT bytes=140382082 rate=25200bps elapsed=5570.7s
2026-05-03T21:35:52.302Z THROUGHPUT bytes=140631938 rate=25199bps elapsed=5580.7s
2026-05-03T21:36:02.397Z THROUGHPUT bytes=140887938 rate=25200bps elapsed=5590.8s
2026-05-03T21:36:12.521Z THROUGHPUT bytes=141141890 rate=25199bps elapsed=5600.9s
2026-05-03T21:36:22.560Z THROUGHPUT bytes=141395842 rate=25199bps elapsed=5611.0s
2026-05-03T21:36:32.646Z THROUGHPUT bytes=141649794 rate=25199bps elapsed=5621.0s
2026-05-03T21:36:42.771Z THROUGHPUT bytes=141903746 rate=25199bps elapsed=5631.2s
2026-05-03T21:36:52.774Z THROUGHPUT bytes=142155650 rate=25199bps elapsed=5641.2s
2026-05-03T21:37:02.847Z THROUGHPUT bytes=142409602 rate=25199bps elapsed=5651.2s
2026-05-03T21:37:12.987Z THROUGHPUT bytes=142665602 rate=25199bps elapsed=5661.4s
2026-05-03T21:37:23.086Z THROUGHPUT bytes=142919554 rate=25199bps elapsed=5671.5s
2026-05-03T21:37:33.121Z THROUGHPUT bytes=143173506 rate=25199bps elapsed=5681.5s
2026-05-03T21:37:43.221Z THROUGHPUT bytes=143427458 rate=25199bps elapsed=5691.6s
2026-05-03T21:37:53.287Z THROUGHPUT bytes=143681410 rate=25199bps elapsed=5701.7s
2026-05-03T21:38:03.307Z THROUGHPUT bytes=143935362 rate=25200bps elapsed=5711.7s
2026-05-03T21:38:13.389Z THROUGHPUT bytes=144187266 rate=25199bps elapsed=5721.8s
2026-05-03T21:38:23.473Z THROUGHPUT bytes=144443266 rate=25200bps elapsed=5731.9s
2026-05-03T21:38:33.563Z THROUGHPUT bytes=144697218 rate=25199bps elapsed=5742.0s
2026-05-03T21:38:43.612Z THROUGHPUT bytes=144949122 rate=25199bps elapsed=5752.0s
2026-05-03T21:38:53.781Z THROUGHPUT bytes=145205122 rate=25199bps elapsed=5762.2s
2026-05-03T21:39:03.921Z THROUGHPUT bytes=145461122 rate=25199bps elapsed=5772.3s
2026-05-03T21:39:14.086Z THROUGHPUT bytes=145717122 rate=25199bps elapsed=5782.5s
2026-05-03T21:39:24.247Z THROUGHPUT bytes=145973122 rate=25199bps elapsed=5792.6s
2026-05-03T21:39:34.279Z THROUGHPUT bytes=146227074 rate=25199bps elapsed=5802.7s
2026-05-03T21:39:44.397Z THROUGHPUT bytes=146481026 rate=25199bps elapsed=5812.8s
2026-05-03T21:39:54.474Z THROUGHPUT bytes=146734978 rate=25199bps elapsed=5822.9s
2026-05-03T21:40:04.506Z THROUGHPUT bytes=146990978 rate=25200bps elapsed=5832.9s
2026-05-03T21:40:14.518Z THROUGHPUT bytes=147242882 rate=25200bps elapsed=5842.9s
2026-05-03T21:40:24.605Z THROUGHPUT bytes=147494786 rate=25199bps elapsed=5853.0s
2026-05-03T21:40:34.703Z THROUGHPUT bytes=147748738 rate=25199bps elapsed=5863.1s
2026-05-03T21:40:44.795Z THROUGHPUT bytes=148002690 rate=25199bps elapsed=5873.2s
2026-05-03T21:40:54.863Z THROUGHPUT bytes=148256642 rate=25199bps elapsed=5883.3s
2026-05-03T21:41:04.919Z THROUGHPUT bytes=148510594 rate=25199bps elapsed=5893.3s
2026-05-03T21:41:14.938Z THROUGHPUT bytes=148764546 rate=25200bps elapsed=5903.3s
2026-05-03T21:41:24.994Z THROUGHPUT bytes=149016450 rate=25199bps elapsed=5913.4s
2026-05-03T21:41:35.011Z THROUGHPUT bytes=149268354 rate=25199bps elapsed=5923.4s
2026-05-03T21:41:45.018Z THROUGHPUT bytes=149520258 rate=25199bps elapsed=5933.4s
2026-05-03T21:41:55.035Z THROUGHPUT bytes=149774210 rate=25199bps elapsed=5943.4s
2026-05-03T21:42:05.085Z THROUGHPUT bytes=150026114 rate=25199bps elapsed=5953.5s
2026-05-03T21:42:15.090Z THROUGHPUT bytes=150280066 rate=25200bps elapsed=5963.5s
2026-05-03T21:42:25.151Z THROUGHPUT bytes=150531970 rate=25199bps elapsed=5973.5s
2026-05-03T21:42:35.212Z THROUGHPUT bytes=150787970 rate=25200bps elapsed=5983.6s
2026-05-03T21:42:45.243Z THROUGHPUT bytes=151039874 rate=25200bps elapsed=5993.6s
2026-05-03T21:42:55.278Z THROUGHPUT bytes=151293826 rate=25200bps elapsed=6003.7s
2026-05-03T21:43:05.295Z THROUGHPUT bytes=151545730 rate=25200bps elapsed=6013.7s
2026-05-03T21:43:15.423Z THROUGHPUT bytes=151799682 rate=25199bps elapsed=6023.8s
2026-05-03T21:43:25.626Z THROUGHPUT bytes=152055682 rate=25199bps elapsed=6034.0s
2026-05-03T21:43:35.701Z THROUGHPUT bytes=152309634 rate=25199bps elapsed=6044.1s
2026-05-03T21:43:45.821Z THROUGHPUT bytes=152565634 rate=25199bps elapsed=6054.2s
2026-05-03T21:43:55.938Z THROUGHPUT bytes=152819586 rate=25199bps elapsed=6064.3s
2026-05-03T21:44:05.994Z THROUGHPUT bytes=153073538 rate=25199bps elapsed=6074.4s
2026-05-03T21:44:16.086Z THROUGHPUT bytes=153327490 rate=25199bps elapsed=6084.5s
2026-05-03T21:44:26.121Z THROUGHPUT bytes=153581442 rate=25199bps elapsed=6094.5s
2026-05-03T21:44:36.252Z THROUGHPUT bytes=153835394 rate=25199bps elapsed=6104.6s
2026-05-03T21:44:46.267Z THROUGHPUT bytes=154089346 rate=25199bps elapsed=6114.7s
2026-05-03T21:44:56.282Z THROUGHPUT bytes=154341250 rate=25199bps elapsed=6124.7s
2026-05-03T21:45:06.308Z THROUGHPUT bytes=154595202 rate=25200bps elapsed=6134.7s
2026-05-03T21:45:16.392Z THROUGHPUT bytes=154847106 rate=25199bps elapsed=6144.8s
2026-05-03T21:45:26.451Z THROUGHPUT bytes=155103106 rate=25200bps elapsed=6154.8s
2026-05-03T21:45:36.622Z THROUGHPUT bytes=155357058 rate=25199bps elapsed=6165.0s
2026-05-03T21:45:46.694Z THROUGHPUT bytes=155611010 rate=25199bps elapsed=6175.1s
2026-05-03T21:45:56.699Z THROUGHPUT bytes=155862914 rate=25199bps elapsed=6185.1s
2026-05-03T21:46:06.699Z THROUGHPUT bytes=156114818 rate=25199bps elapsed=6195.1s
2026-05-03T21:46:16.735Z THROUGHPUT bytes=156370818 rate=25200bps elapsed=6205.1s
2026-05-03T21:46:26.833Z THROUGHPUT bytes=156622722 rate=25199bps elapsed=6215.2s
2026-05-03T21:46:36.891Z THROUGHPUT bytes=156876674 rate=25199bps elapsed=6225.3s
2026-05-03T21:46:46.916Z THROUGHPUT bytes=157128578 rate=25199bps elapsed=6235.3s
2026-05-03T21:46:57.007Z THROUGHPUT bytes=157382530 rate=25199bps elapsed=6245.4s
2026-05-03T21:47:07.032Z THROUGHPUT bytes=157636482 rate=25199bps elapsed=6255.4s
2026-05-03T21:47:17.100Z THROUGHPUT bytes=157890434 rate=25199bps elapsed=6265.5s
2026-05-03T21:47:27.106Z THROUGHPUT bytes=158142338 rate=25199bps elapsed=6275.5s
2026-05-03T21:47:37.236Z THROUGHPUT bytes=158396290 rate=25199bps elapsed=6285.6s
2026-05-03T21:47:47.390Z THROUGHPUT bytes=158652290 rate=25199bps elapsed=6295.8s
2026-05-03T21:47:57.540Z THROUGHPUT bytes=158908290 rate=25199bps elapsed=6305.9s
2026-05-03T21:48:19.628Z THROUGHPUT bytes=158986114 rate=25124bps elapsed=6328.0s
2026-05-03T21:48:29.777Z THROUGHPUT bytes=159720594 rate=25199bps elapsed=6338.2s
2026-05-03T21:48:39.841Z THROUGHPUT bytes=159974546 rate=25199bps elapsed=6348.2s
2026-05-03T21:48:49.908Z THROUGHPUT bytes=160230546 rate=25200bps elapsed=6358.3s
2026-05-03T21:48:59.988Z THROUGHPUT bytes=160482450 rate=25199bps elapsed=6368.4s
2026-05-03T21:49:10.077Z THROUGHPUT bytes=160736402 rate=25199bps elapsed=6378.5s
2026-05-03T21:49:20.135Z THROUGHPUT bytes=160992402 rate=25200bps elapsed=6388.5s
2026-05-03T21:50:04.326Z THROUGHPUT bytes=161098898 rate=25043bps elapsed=6432.7s
2026-05-03T21:51:26.877Z THROUGHPUT bytes=161632590 rate=24808bps elapsed=6515.3s
2026-05-03T21:52:01.060Z THROUGHPUT bytes=162167327 rate=24760bps elapsed=6549.5s
2026-05-03T21:52:13.065Z THROUGHPUT bytes=162701019 rate=24796bps elapsed=6561.5s
2026-05-03T21:53:06.831Z THROUGHPUT bytes=165558690 rate=25026bps elapsed=6615.2s
2026-05-03T21:54:06.171Z THROUGHPUT bytes=166155494 rate=24893bps elapsed=6674.6s
2026-05-03T21:54:22.668Z THROUGHPUT bytes=166718234 rate=24916bps elapsed=6691.1s
2026-05-03T21:54:23.934Z STALL_START idle=296ms
2026-05-03T21:54:24.157Z STALL_END 519ms
2026-05-03T21:54:39.736Z THROUGHPUT bytes=168644984 rate=25140bps elapsed=6708.1s
2026-05-03T21:55:52.391Z THROUGHPUT bytes=169208184 rate=24954bps elapsed=6780.8s
2026-05-03T21:56:40.732Z THROUGHPUT bytes=169771384 rate=24859bps elapsed=6829.1s
2026-05-03T21:56:42.520Z STALL_START idle=256ms
2026-05-03T21:56:42.757Z STALL_END 493ms
2026-05-03T21:56:50.789Z THROUGHPUT bytes=172347350 rate=25199bps elapsed=6839.2s
2026-05-03T21:57:45.305Z THROUGHPUT bytes=172535766 rate=25028bps elapsed=6893.7s
2026-05-03T21:58:48.852Z THROUGHPUT bytes=173098966 rate=24880bps elapsed=6957.3s
2026-05-03T21:59:05.006Z THROUGHPUT bytes=173629398 rate=24898bps elapsed=6973.4s
2026-05-03T21:59:36.714Z THROUGHPUT bytes=175632927 rate=25072bps elapsed=7005.1s
2026-05-03T22:00:36.213Z THROUGHPUT bytes=176163359 rate=24936bps elapsed=7064.6s
2026-05-03T22:00:51.645Z THROUGHPUT bytes=176693791 rate=24956bps elapsed=7080.0s
2026-05-03T22:01:04.879Z THROUGHPUT bytes=177767487 rate=25061bps elapsed=7093.3s
2026-05-03T22:01:32.646Z THROUGHPUT bytes=178367258 rate=25047bps elapsed=7121.1s
2026-05-03T22:02:00.911Z THROUGHPUT bytes=179486929 rate=25105bps elapsed=7149.3s
2026-05-03T22:02:30.427Z THROUGHPUT bytes=180017361 rate=25076bps elapsed=7178.8s
2026-05-03T22:03:45.573Z THROUGHPUT bytes=180580561 rate=24893bps elapsed=7254.0s
2026-05-03T22:04:23.667Z THROUGHPUT bytes=180912337 rate=24809bps elapsed=7292.1s
2026-05-03T22:05:44.141Z THROUGHPUT bytes=181447492 rate=24611bps elapsed=7372.5s
2026-05-03T22:06:08.206Z THROUGHPUT bytes=182048224 rate=24612bps elapsed=7396.6s
2026-05-03T22:07:10.770Z THROUGHPUT bytes=185468176 rate=24864bps elapsed=7459.2s
2026-05-03T22:07:47.956Z THROUGHPUT bytes=186031376 rate=24816bps elapsed=7496.4s
2026-05-03T22:07:59.645Z THROUGHPUT bytes=186561808 rate=24848bps elapsed=7508.1s
2026-05-03T22:09:17.369Z THROUGHPUT bytes=188775445 rate=24885bps elapsed=7585.8s
2026-05-03T22:10:21.736Z THROUGHPUT bytes=189307925 rate=24745bps elapsed=7650.1s
2026-05-03T22:10:34.277Z THROUGHPUT bytes=189838357 rate=24774bps elapsed=7662.7s
2026-05-03T22:10:35.200Z STALL_START idle=208ms
2026-05-03T22:10:35.430Z STALL_END 438ms
2026-05-03T22:11:15.309Z THROUGHPUT bytes=192045516 rate=24928bps elapsed=7703.7s
2026-05-03T22:11:40.914Z THROUGHPUT bytes=192608716 rate=24919bps elapsed=7729.3s
2026-05-03T22:12:06.368Z THROUGHPUT bytes=193741510 rate=24983bps elapsed=7754.8s
2026-05-03T22:13:07.991Z THROUGHPUT bytes=194340529 rate=24863bps elapsed=7816.4s
2026-05-03T22:13:57.859Z THROUGHPUT bytes=194901681 rate=24776bps elapsed=7866.3s
2026-05-03T22:15:10.075Z THROUGHPUT bytes=195432113 rate=24618bps elapsed=7938.5s
2026-05-03T22:15:39.384Z THROUGHPUT bytes=195964593 rate=24594bps elapsed=7967.8s
2026-05-03T22:16:05.977Z THROUGHPUT bytes=196495025 rate=24579bps elapsed=7994.4s
2026-05-03T22:16:32.712Z THROUGHPUT bytes=197025457 rate=24563bps elapsed=8021.1s
2026-05-03T22:16:46.429Z THROUGHPUT bytes=197555889 rate=24587bps elapsed=8034.8s
2026-05-03T22:17:11.787Z THROUGHPUT bytes=198086321 rate=24575bps elapsed=8060.2s
2026-05-03T22:18:13.341Z THROUGHPUT bytes=200603648 rate=24699bps elapsed=8121.8s
2026-05-03T22:18:14.364Z STALL_START idle=214ms
2026-05-03T22:18:14.768Z STALL_END 617ms
2026-05-03T22:18:52.852Z THROUGHPUT bytes=202588536 rate=24823bps elapsed=8161.3s
2026-05-03T22:20:04.900Z THROUGHPUT bytes=203155330 rate=24674bps elapsed=8233.3s
2026-05-03T22:20:20.083Z THROUGHPUT bytes=203685428 rate=24693bps elapsed=8248.5s
2026-05-03T22:21:32.598Z THROUGHPUT bytes=205986711 rate=24754bps elapsed=8321.0s
2026-05-03T22:22:14.333Z THROUGHPUT bytes=206580631 rate=24702bps elapsed=8362.8s
2026-05-03T22:22:27.847Z THROUGHPUT bytes=207111063 rate=24725bps elapsed=8376.3s
2026-05-03T22:23:30.795Z THROUGHPUT bytes=209326790 rate=24804bps elapsed=8439.2s
2026-05-03T22:24:35.309Z THROUGHPUT bytes=209857222 rate=24678bps elapsed=8503.7s
2026-05-03T22:24:51.415Z THROUGHPUT bytes=210387654 rate=24693bps elapsed=8519.8s
2026-05-03T22:26:02.910Z THROUGHPUT bytes=212608731 rate=24746bps elapsed=8591.3s
2026-05-03T22:26:58.370Z THROUGHPUT bytes=213172015 rate=24653bps elapsed=8646.8s
2026-05-03T22:27:27.936Z THROUGHPUT bytes=213763887 rate=24637bps elapsed=8676.4s
2026-05-03T22:28:42.187Z THROUGHPUT bytes=216249699 rate=24712bps elapsed=8750.6s
2026-05-03T22:29:52.105Z THROUGHPUT bytes=216550755 rate=24550bps elapsed=8820.5s
2026-05-03T22:30:04.226Z THROUGHPUT bytes=219034227 rate=24798bps elapsed=8832.6s
2026-05-03T22:30:48.537Z THROUGHPUT bytes=219834201 rate=24764bps elapsed=8877.0s
2026-05-03T22:31:21.357Z THROUGHPUT bytes=220168025 rate=24710bps elapsed=8909.8s
2026-05-03T22:32:32.463Z THROUGHPUT bytes=222178450 rate=24739bps elapsed=8980.9s
2026-05-03T22:33:26.003Z THROUGHPUT bytes=222770322 rate=24657bps elapsed=9034.4s
2026-05-03T22:34:07.647Z THROUGHPUT bytes=223104146 rate=24581bps elapsed=9076.1s
2026-05-03T22:34:08.519Z STALL_START idle=262ms
2026-05-03T22:34:08.547Z STALL_END 289ms
2026-05-03T22:34:21.642Z THROUGHPUT bytes=225370363 rate=24793bps elapsed=9090.1s
2026-05-03T22:34:46.860Z THROUGHPUT bytes=226845968 rate=24886bps elapsed=9115.3s
2026-05-03T22:35:54.900Z THROUGHPUT bytes=227407120 rate=24763bps elapsed=9183.3s
2026-05-03T22:36:28.727Z THROUGHPUT bytes=229327767 rate=24880bps elapsed=9217.2s
2026-05-03T22:37:02.188Z THROUGHPUT bytes=229858199 rate=24847bps elapsed=9250.6s
2026-05-03T22:37:18.272Z THROUGHPUT bytes=230421399 rate=24865bps elapsed=9266.7s
2026-05-03T22:37:50.974Z THROUGHPUT bytes=230984599 rate=24838bps elapsed=9299.4s
2026-05-03T22:38:07.897Z THROUGHPUT bytes=231545751 rate=24853bps elapsed=9316.3s
2026-05-03T22:38:49.319Z THROUGHPUT bytes=232108951 rate=24803bps elapsed=9357.7s
2026-05-03T22:39:12.536Z THROUGHPUT bytes=232440727 rate=24777bps elapsed=9381.0s
2026-05-03T22:39:34.496Z THROUGHPUT bytes=232974754 rate=24776bps elapsed=9402.9s
2026-05-03T22:39:56.126Z THROUGHPUT bytes=233508989 rate=24776bps elapsed=9424.6s
2026-05-03T22:40:17.991Z THROUGHPUT bytes=234077790 rate=24779bps elapsed=9446.4s
2026-05-03T22:40:40.244Z THROUGHPUT bytes=234915171 rate=24809bps elapsed=9468.7s
2026-05-03T22:41:12.089Z THROUGHPUT bytes=235478371 rate=24785bps elapsed=9500.5s
2026-05-03T22:41:35.407Z THROUGHPUT bytes=236039523 rate=24784bps elapsed=9523.8s
2026-05-03T22:41:45.733Z THROUGHPUT bytes=236371299 rate=24792bps elapsed=9534.2s
2026-05-03T22:42:05.540Z THROUGHPUT bytes=237204208 rate=24827bps elapsed=9554.0s
2026-05-03T22:42:16.453Z THROUGHPUT bytes=237535984 rate=24834bps elapsed=9564.9s
2026-05-03T22:42:38.493Z THROUGHPUT bytes=238348998 rate=24861bps elapsed=9586.9s
2026-05-03T22:43:02.877Z THROUGHPUT bytes=238912198 rate=24857bps elapsed=9611.3s
2026-05-03T22:43:22.470Z THROUGHPUT bytes=239442630 rate=24861bps elapsed=9630.9s
2026-05-03T22:43:58.501Z THROUGHPUT bytes=239972979 rate=24824bps elapsed=9666.9s
2026-05-03T22:44:16.364Z THROUGHPUT bytes=240567024 rate=24839bps elapsed=9684.8s
2026-05-03T22:44:34.567Z THROUGHPUT bytes=241128176 rate=24850bps elapsed=9703.0s
2026-05-03T22:44:51.856Z THROUGHPUT bytes=241660656 rate=24861bps elapsed=9720.3s
2026-05-03T22:45:09.108Z THROUGHPUT bytes=242191088 rate=24871bps elapsed=9737.5s
2026-05-03T22:45:42.807Z THROUGHPUT bytes=242721520 rate=24840bps elapsed=9771.2s
2026-05-03T22:46:44.458Z THROUGHPUT bytes=243251952 rate=24738bps elapsed=9832.9s
2026-05-03T22:47:10.559Z THROUGHPUT bytes=243785937 rate=24727bps elapsed=9859.0s
2026-05-03T22:47:49.023Z THROUGHPUT bytes=244930727 rate=24746bps elapsed=9897.5s
2026-05-03T22:48:02.261Z THROUGHPUT bytes=245526319 rate=24773bps elapsed=9910.7s
2026-05-03T22:48:32.390Z THROUGHPUT bytes=246087471 rate=24755bps elapsed=9940.8s
2026-05-03T22:48:59.516Z THROUGHPUT bytes=246617903 rate=24741bps elapsed=9967.9s
2026-05-03T22:49:12.364Z THROUGHPUT bytes=247150383 rate=24762bps elapsed=9980.8s
2026-05-03T22:49:38.489Z THROUGHPUT bytes=247680815 rate=24750bps elapsed=10006.9s
2026-05-03T22:49:51.016Z THROUGHPUT bytes=248211456 rate=24772bps elapsed=10019.5s
2026-05-03T22:50:15.878Z THROUGHPUT bytes=248742473 rate=24764bps elapsed=10044.3s
2026-05-03T22:50:40.613Z THROUGHPUT bytes=249337312 rate=24762bps elapsed=10069.0s
2026-05-03T22:50:42.084Z STALL_START idle=338ms
2026-05-03T22:50:42.383Z STALL_END 636ms
2026-05-03T22:51:08.374Z THROUGHPUT bytes=249900345 rate=24750bps elapsed=10096.8s
2026-05-03T22:51:43.217Z THROUGHPUT bytes=250430777 rate=24717bps elapsed=10131.7s
2026-05-03T22:51:54.005Z THROUGHPUT bytes=250963257 rate=24743bps elapsed=10142.4s
2026-05-03T22:52:16.250Z THROUGHPUT bytes=251493689 rate=24741bps elapsed=10164.7s
2026-05-03T22:52:37.824Z THROUGHPUT bytes=252024121 rate=24741bps elapsed=10186.3s
2026-05-03T22:52:51.865Z CLIENT_DISCONNECT send_error
2026-05-03T22:52:51.867Z THROUGHPUT bytes=252554553 rate=24759bps elapsed=10200.3s
2026-05-03T22:53:00.352Z CLIENT_CONNECT 192.168.1.70:58230
2026-05-03T22:53:00.692Z STALL_START idle=339ms
2026-05-06T01:03:36.148Z CLIENT_CONNECT 127.0.0.1:58872
2026-05-06T01:03:36.414Z STALL_START idle=259ms
2026-05-06T01:12:42.687Z CLIENT_DISCONNECT replaced
2026-05-06T01:12:42.694Z CLIENT_CONNECT 192.168.1.70:59324
2026-05-06T01:12:42.963Z STALL_START idle=268ms
2026-05-06T12:46:52.885Z CLIENT_DISCONNECT replaced
2026-05-06T12:46:52.891Z CLIENT_CONNECT 192.168.1.70:55386
2026-05-06T12:46:53.161Z STALL_START idle=270ms
2026-05-06T18:17:33.040Z CLIENT_DISCONNECT replaced
2026-05-06T18:17:33.044Z CLIENT_CONNECT 192.168.1.70:62717
2026-05-06T18:17:33.315Z STALL_START idle=271ms
2026-05-06T23:14:32.062Z STALL_END 17819140ms
2026-05-06T23:14:32.066Z THROUGHPUT bytes=45 rate=0bps elapsed=17819.1s
2026-05-06T23:14:32.070Z CLIENT_DISCONNECT send_error
2026-05-06T23:14:41.817Z CLIENT_CONNECT 192.168.1.70:50984
2026-05-06T23:14:51.940Z THROUGHPUT bytes=256000 rate=25298bps elapsed=10.1s
2026-05-06T23:14:57.491Z CLIENT_DISCONNECT send_error
2026-05-06T23:15:05.580Z CLIENT_CONNECT 192.168.1.70:50991
2026-05-06T23:15:05.849Z STALL_START idle=268ms
2026-05-09T04:30:57.702Z THROUGHPUT bytes=45 rate=0bps elapsed=202.8s
2026-05-09T04:30:58.085Z CLIENT_CONNECT 192.168.1.70:56447
2026-05-09T04:31:08.205Z THROUGHPUT bytes=255206 rate=25219bps elapsed=10.1s
2026-05-09T04:31:18.226Z THROUGHPUT bytes=509158 rate=25279bps elapsed=20.1s
2026-05-09T04:31:28.237Z THROUGHPUT bytes=761062 rate=25240bps elapsed=30.2s
2026-05-09T04:31:38.269Z THROUGHPUT bytes=1012966 rate=25208bps elapsed=40.2s
2026-05-09T04:31:48.359Z THROUGHPUT bytes=1266918 rate=25203bps elapsed=50.3s
2026-05-09T04:31:58.419Z THROUGHPUT bytes=1520870 rate=25207bps elapsed=60.3s
2026-05-09T04:32:08.427Z THROUGHPUT bytes=1772774 rate=25202bps elapsed=70.3s
2026-05-09T04:32:18.460Z THROUGHPUT bytes=2026726 rate=25216bps elapsed=80.4s
2026-05-09T04:32:28.461Z THROUGHPUT bytes=2278630 rate=25212bps elapsed=90.4s
2026-05-09T04:32:38.570Z THROUGHPUT bytes=2532582 rate=25203bps elapsed=100.5s
2026-05-09T04:32:48.649Z THROUGHPUT bytes=2786534 rate=25202bps elapsed=110.6s
2026-05-09T04:32:58.728Z THROUGHPUT bytes=3040486 rate=25202bps elapsed=120.6s
2026-05-09T04:33:08.806Z THROUGHPUT bytes=3294438 rate=25202bps elapsed=130.7s
2026-05-09T04:33:18.853Z THROUGHPUT bytes=3548390 rate=25207bps elapsed=140.8s
2026-05-09T04:33:28.860Z THROUGHPUT bytes=3800294 rate=25205bps elapsed=150.8s
2026-05-09T04:33:38.880Z THROUGHPUT bytes=4052198 rate=25201bps elapsed=160.8s
2026-05-09T04:33:48.903Z THROUGHPUT bytes=4306150 rate=25209bps elapsed=170.8s
2026-05-09T04:33:58.952Z THROUGHPUT bytes=4558054 rate=25201bps elapsed=180.9s
2026-05-09T04:34:09.005Z THROUGHPUT bytes=4812006 rate=25204bps elapsed=190.9s
2026-05-09T04:34:19.083Z THROUGHPUT bytes=5065958 rate=25204bps elapsed=201.0s
2026-05-09T04:34:29.104Z THROUGHPUT bytes=5317862 rate=25200bps elapsed=211.0s
2026-05-09T04:34:39.156Z THROUGHPUT bytes=5571814 rate=25203bps elapsed=221.1s
2026-05-09T04:34:49.254Z THROUGHPUT bytes=5825766 rate=25201bps elapsed=231.2s
2026-05-09T04:34:59.320Z THROUGHPUT bytes=6079718 rate=25202bps elapsed=241.2s
2026-05-09T04:35:09.408Z THROUGHPUT bytes=6333670 rate=25201bps elapsed=251.3s
2026-05-09T04:35:19.439Z THROUGHPUT bytes=6587622 rate=25205bps elapsed=261.4s
2026-05-09T04:35:29.528Z THROUGHPUT bytes=6841574 rate=25204bps elapsed=271.4s
2026-05-09T04:35:39.540Z THROUGHPUT bytes=7093478 rate=25202bps elapsed=281.5s
2026-05-09T04:35:49.598Z THROUGHPUT bytes=7347430 rate=25204bps elapsed=291.5s
2026-05-09T04:35:59.721Z THROUGHPUT bytes=7601382 rate=25200bps elapsed=301.6s
2026-05-09T04:36:09.737Z THROUGHPUT bytes=7855334 rate=25205bps elapsed=311.7s
2026-05-09T04:36:19.787Z THROUGHPUT bytes=8107238 rate=25201bps elapsed=321.7s
2026-05-09T04:36:29.871Z THROUGHPUT bytes=8361190 rate=25200bps elapsed=331.8s
2026-05-09T04:36:39.927Z THROUGHPUT bytes=8613094 rate=25196bps elapsed=341.8s
2026-05-09T04:36:49.971Z THROUGHPUT bytes=8869094 rate=25204bps elapsed=351.9s
2026-05-09T04:37:00.010Z THROUGHPUT bytes=9120998 rate=25201bps elapsed=361.9s
2026-05-09T04:37:10.141Z THROUGHPUT bytes=9374950 rate=25197bps elapsed=372.1s
2026-05-09T04:37:20.150Z THROUGHPUT bytes=9628902 rate=25202bps elapsed=382.1s
2026-05-09T04:37:30.264Z THROUGHPUT bytes=9882854 rate=25199bps elapsed=392.2s
2026-05-09T04:37:40.393Z THROUGHPUT bytes=10136806 rate=25196bps elapsed=402.3s
2026-05-09T04:37:50.455Z THROUGHPUT bytes=10390758 rate=25197bps elapsed=412.4s
2026-05-09T04:38:00.473Z THROUGHPUT bytes=10642662 rate=25196bps elapsed=422.4s
2026-05-09T04:38:10.640Z THROUGHPUT bytes=10898662 rate=25196bps elapsed=432.6s
2026-05-09T04:38:20.706Z THROUGHPUT bytes=11152614 rate=25196bps elapsed=442.6s
2026-05-09T04:38:30.805Z THROUGHPUT bytes=11408614 rate=25200bps elapsed=452.7s
2026-05-09T04:38:40.932Z THROUGHPUT bytes=11662566 rate=25197bps elapsed=462.8s
2026-05-09T04:38:50.940Z THROUGHPUT bytes=11914470 rate=25196bps elapsed=472.9s
2026-05-09T04:39:01.002Z THROUGHPUT bytes=12168422 rate=25197bps elapsed=482.9s
2026-05-09T04:39:11.013Z THROUGHPUT bytes=12422374 rate=25201bps elapsed=492.9s
2026-05-09T04:39:21.135Z THROUGHPUT bytes=12676326 rate=25199bps elapsed=503.0s
2026-05-09T04:39:31.230Z THROUGHPUT bytes=12930278 rate=25198bps elapsed=513.1s
2026-05-09T04:39:41.273Z THROUGHPUT bytes=13186278 rate=25203bps elapsed=523.2s
2026-05-09T04:39:51.331Z THROUGHPUT bytes=13436134 rate=25196bps elapsed=533.2s
2026-05-09T04:40:01.374Z THROUGHPUT bytes=13690086 rate=25198bps elapsed=543.3s
2026-05-09T04:40:11.483Z THROUGHPUT bytes=13944038 rate=25197bps elapsed=553.4s
2026-05-09T04:40:21.555Z THROUGHPUT bytes=14197990 rate=25197bps elapsed=563.5s
2026-05-09T04:40:31.556Z THROUGHPUT bytes=14449894 rate=25197bps elapsed=573.5s
2026-05-09T04:40:41.722Z THROUGHPUT bytes=14705894 rate=25197bps elapsed=583.6s
2026-05-09T04:40:51.740Z THROUGHPUT bytes=14959846 rate=25199bps elapsed=593.7s
2026-05-09T04:41:01.790Z THROUGHPUT bytes=15211750 rate=25197bps elapsed=603.7s
2026-05-09T04:41:11.854Z THROUGHPUT bytes=15465702 rate=25197bps elapsed=613.8s
2026-05-09T04:41:21.867Z THROUGHPUT bytes=15717606 rate=25197bps elapsed=623.8s
2026-05-09T04:41:31.935Z THROUGHPUT bytes=15971558 rate=25197bps elapsed=633.8s
2026-05-09T04:41:42.063Z THROUGHPUT bytes=16227558 rate=25199bps elapsed=644.0s
2026-05-09T04:41:52.097Z THROUGHPUT bytes=16479462 rate=25197bps elapsed=654.0s
2026-05-09T04:42:02.106Z THROUGHPUT bytes=16733414 rate=25200bps elapsed=664.0s
2026-05-09T04:42:12.164Z THROUGHPUT bytes=16985318 rate=25197bps elapsed=674.1s
2026-05-09T04:42:22.329Z THROUGHPUT bytes=17241318 rate=25197bps elapsed=684.2s
2026-05-09T04:42:32.374Z THROUGHPUT bytes=17495270 rate=25198bps elapsed=694.3s
2026-05-09T04:42:42.445Z THROUGHPUT bytes=17749222 rate=25199bps elapsed=704.4s
2026-05-09T04:42:52.521Z THROUGHPUT bytes=18003174 rate=25199bps elapsed=714.4s
2026-05-09T04:43:02.564Z THROUGHPUT bytes=18255078 rate=25197bps elapsed=724.5s
2026-05-09T04:43:12.620Z THROUGHPUT bytes=18509030 rate=25198bps elapsed=734.5s
2026-05-09T04:43:22.715Z THROUGHPUT bytes=18762982 rate=25197bps elapsed=744.6s
2026-05-09T04:43:32.825Z THROUGHPUT bytes=19018982 rate=25199bps elapsed=754.7s
2026-05-09T04:43:42.954Z THROUGHPUT bytes=19272934 rate=25197bps elapsed=764.9s
2026-05-09T04:43:52.995Z THROUGHPUT bytes=19528934 rate=25201bps elapsed=774.9s
2026-05-09T04:44:03.098Z THROUGHPUT bytes=19780838 rate=25198bps elapsed=785.0s
2026-05-09T04:44:13.176Z THROUGHPUT bytes=20034790 rate=25198bps elapsed=795.1s
2026-05-09T04:44:23.209Z THROUGHPUT bytes=20290790 rate=25202bps elapsed=805.1s
2026-05-09T04:44:33.216Z THROUGHPUT bytes=20542694 rate=25201bps elapsed=815.1s
2026-05-09T04:44:37.271Z CLIENT_DISCONNECT send_error
2026-05-09T04:44:42.314Z CLIENT_CONNECT 192.168.1.70:56670
2026-05-09T04:44:52.410Z THROUGHPUT bytes=253952 rate=25124bps elapsed=10.1s
2026-05-09T04:45:02.509Z THROUGHPUT bytes=507904 rate=25127bps elapsed=20.2s
2026-05-09T04:45:12.661Z THROUGHPUT bytes=763904 rate=25154bps elapsed=30.4s
2026-05-09T04:45:22.740Z THROUGHPUT bytes=1017856 rate=25163bps elapsed=40.4s
2026-05-09T04:45:32.882Z THROUGHPUT bytes=1273856 rate=25178bps elapsed=50.6s
2026-05-09T04:45:42.955Z THROUGHPUT bytes=1527808 rate=25183bps elapsed=60.7s
2026-05-09T04:45:52.974Z THROUGHPUT bytes=1781760 rate=25206bps elapsed=70.7s
2026-05-09T04:46:03.115Z THROUGHPUT bytes=2035712 rate=25185bps elapsed=80.8s
2026-05-09T04:46:13.203Z THROUGHPUT bytes=2289664 rate=25184bps elapsed=90.9s
2026-05-09T04:46:23.211Z THROUGHPUT bytes=2541568 rate=25183bps elapsed=100.9s
2026-05-09T04:46:33.333Z THROUGHPUT bytes=2797568 rate=25192bps elapsed=111.0s
2026-05-09T04:46:43.355Z THROUGHPUT bytes=3049472 rate=25188bps elapsed=121.1s
2026-05-09T04:46:53.470Z THROUGHPUT bytes=3305472 rate=25197bps elapsed=131.2s
2026-05-09T04:47:03.677Z THROUGHPUT bytes=3561472 rate=25189bps elapsed=141.4s
2026-05-09T04:47:13.687Z THROUGHPUT bytes=3815424 rate=25200bps elapsed=151.4s
2026-05-09T04:47:23.820Z THROUGHPUT bytes=4069376 rate=25192bps elapsed=161.5s
2026-05-09T04:47:33.915Z THROUGHPUT bytes=4323328 rate=25190bps elapsed=171.6s
2026-05-09T04:47:43.985Z THROUGHPUT bytes=4577280 rate=25191bps elapsed=181.7s
2026-05-09T04:47:54.149Z THROUGHPUT bytes=4833280 rate=25191bps elapsed=191.9s
2026-05-09T04:48:04.183Z THROUGHPUT bytes=5087232 rate=25197bps elapsed=201.9s
2026-05-09T04:48:14.189Z THROUGHPUT bytes=5339136 rate=25196bps elapsed=211.9s
2026-05-09T04:48:24.270Z THROUGHPUT bytes=5593088 rate=25195bps elapsed=222.0s
2026-05-09T04:48:34.337Z THROUGHPUT bytes=5847040 rate=25197bps elapsed=232.1s
2026-05-09T04:48:44.428Z THROUGHPUT bytes=6100992 rate=25195bps elapsed=242.1s
2026-05-09T04:48:54.452Z THROUGHPUT bytes=6352896 rate=25193bps elapsed=252.2s
2026-05-09T04:49:04.525Z THROUGHPUT bytes=6608896 rate=25201bps elapsed=262.2s
2026-05-09T04:49:14.594Z THROUGHPUT bytes=6860800 rate=25195bps elapsed=272.3s
2026-05-09T04:49:24.672Z THROUGHPUT bytes=7116800 rate=25202bps elapsed=282.4s
2026-05-09T04:49:34.704Z THROUGHPUT bytes=7368704 rate=25199bps elapsed=292.4s
2026-05-09T04:49:44.753Z THROUGHPUT bytes=7620608 rate=25194bps elapsed=302.5s
2026-05-09T04:49:54.787Z THROUGHPUT bytes=7874560 rate=25198bps elapsed=312.5s
2026-05-09T04:50:04.822Z THROUGHPUT bytes=8126464 rate=25195bps elapsed=322.5s
2026-05-09T04:50:14.822Z THROUGHPUT bytes=8378368 rate=25195bps elapsed=332.5s
2026-05-09T04:50:24.898Z THROUGHPUT bytes=8632320 rate=25195bps elapsed=342.6s
2026-05-09T04:50:34.903Z THROUGHPUT bytes=8884224 rate=25195bps elapsed=352.6s
2026-05-09T04:50:45.010Z THROUGHPUT bytes=9140224 rate=25198bps elapsed=362.7s
2026-05-09T04:50:55.058Z THROUGHPUT bytes=9392128 rate=25195bps elapsed=372.8s
2026-05-09T04:51:05.180Z THROUGHPUT bytes=9648128 rate=25197bps elapsed=382.9s
2026-05-09T04:51:15.270Z THROUGHPUT bytes=9902080 rate=25197bps elapsed=393.0s
2026-05-09T04:51:25.287Z THROUGHPUT bytes=10153984 rate=25195bps elapsed=403.0s
2026-05-09T04:51:35.336Z THROUGHPUT bytes=10407936 rate=25197bps elapsed=413.1s
2026-05-09T04:51:45.517Z THROUGHPUT bytes=10663936 rate=25196bps elapsed=423.2s
2026-05-09T04:51:55.670Z THROUGHPUT bytes=10919936 rate=25196bps elapsed=433.4s
2026-05-09T04:52:05.803Z THROUGHPUT bytes=11175936 rate=25198bps elapsed=443.5s
2026-05-09T04:52:15.914Z THROUGHPUT bytes=11429888 rate=25196bps elapsed=453.6s
2026-05-09T04:52:26.064Z THROUGHPUT bytes=11685888 rate=25197bps elapsed=463.8s
2026-05-09T04:52:36.073Z THROUGHPUT bytes=11937792 rate=25196bps elapsed=473.8s
2026-05-09T04:52:46.216Z THROUGHPUT bytes=12193792 rate=25197bps elapsed=483.9s
2026-05-09T04:52:56.334Z THROUGHPUT bytes=12449792 rate=25199bps elapsed=494.0s
2026-05-09T04:53:06.366Z THROUGHPUT bytes=12701696 rate=25197bps elapsed=504.1s
2026-05-09T04:53:16.397Z THROUGHPUT bytes=12955648 rate=25200bps elapsed=514.1s
2026-05-09T04:53:26.479Z THROUGHPUT bytes=13207552 rate=25195bps elapsed=524.2s
2026-05-09T04:53:28.134Z STALL_START idle=514ms
2026-05-09T04:53:33.871Z CLIENT_DISCONNECT replaced
2026-05-09T04:53:33.873Z CLIENT_CONNECT 192.168.1.70:56816
2026-05-09T04:53:34.186Z STALL_START idle=313ms
2026-05-10T01:00:21.328Z CLIENT_DISCONNECT replaced
2026-05-10T01:00:21.336Z CLIENT_CONNECT 192.168.1.70:56499
2026-05-10T01:00:21.597Z STALL_START idle=261ms
2026-05-14T18:08:48.996Z CLIENT_DISCONNECT replaced
2026-05-14T18:08:49.008Z CLIENT_CONNECT 192.168.1.70:51902
2026-05-14T18:08:49.270Z STALL_START idle=262ms
2026-05-14T22:44:15.818Z CLIENT_DISCONNECT replaced
2026-05-14T22:44:15.832Z CLIENT_CONNECT 192.168.1.70:56590
2026-05-14T22:44:16.071Z STALL_START idle=238ms
2026-05-15T02:22:11.617Z CLIENT_DISCONNECT replaced
2026-05-15T02:22:11.628Z CLIENT_CONNECT 192.168.1.70:60367
2026-05-15T02:22:11.891Z STALL_START idle=263ms
2026-05-15T02:22:27.465Z CLIENT_DISCONNECT replaced
2026-05-15T02:22:27.467Z CLIENT_CONNECT 192.168.1.70:60376
2026-05-15T02:22:27.712Z STALL_START idle=244ms
2026-05-15T02:23:39.538Z CLIENT_DISCONNECT replaced
2026-05-15T02:23:39.540Z CLIENT_CONNECT 192.168.1.70:60389
2026-05-15T02:23:39.814Z STALL_START idle=274ms
2026-05-15T02:25:42.542Z CLIENT_DISCONNECT replaced
2026-05-15T02:25:42.544Z CLIENT_CONNECT 192.168.1.70:60438
2026-05-15T02:25:42.754Z STALL_START idle=210ms
2026-05-15T02:26:57.274Z CLIENT_DISCONNECT replaced
2026-05-15T02:26:57.278Z CLIENT_CONNECT 192.168.1.70:60470
2026-05-15T02:26:57.520Z STALL_START idle=242ms
2026-05-15T02:30:07.256Z CLIENT_DISCONNECT replaced
2026-05-15T02:30:07.262Z CLIENT_CONNECT 192.168.1.70:60570
2026-05-15T02:30:07.524Z STALL_START idle=260ms
2026-05-15T02:30:49.222Z CLIENT_DISCONNECT replaced
2026-05-15T02:30:49.224Z CLIENT_CONNECT 192.168.1.70:60589
2026-05-15T02:30:49.490Z STALL_START idle=266ms
2026-05-15T02:33:31.176Z CLIENT_DISCONNECT replaced
2026-05-15T02:33:31.191Z CLIENT_CONNECT 192.168.1.70:60634
2026-05-15T02:33:31.459Z STALL_START idle=268ms
2026-05-15T02:34:56.577Z STALL_END 85386ms
2026-05-15T02:34:56.580Z THROUGHPUT bytes=1881 rate=22bps elapsed=85.4s
2026-05-15T02:34:56.583Z CLIENT_DISCONNECT send_error
2026-05-15T02:34:56.905Z CLIENT_CONNECT 192.168.1.70:60687
2026-05-15T02:35:06.873Z CLIENT_DISCONNECT send_error
2026-05-15T02:35:06.974Z THROUGHPUT bytes=255206 rate=25346bps elapsed=10.1s
2026-05-15T02:35:28.774Z CLIENT_CONNECT 192.168.1.70:60706
2026-05-15T02:35:29.046Z STALL_START idle=270ms
2026-05-15T02:35:29.268Z STALL_END 491ms
2026-05-15T02:35:30.739Z CLIENT_DISCONNECT replaced
2026-05-15T02:35:30.740Z CLIENT_CONNECT 192.168.1.70:60708
2026-05-15T02:35:40.808Z THROUGHPUT bytes=253952 rate=25223bps elapsed=10.1s
2026-05-15T02:35:50.874Z THROUGHPUT bytes=507904 rate=25225bps elapsed=20.1s
2026-05-15T02:36:00.951Z THROUGHPUT bytes=761856 rate=25217bps elapsed=30.2s
2026-05-15T02:36:11.036Z THROUGHPUT bytes=1015808 rate=25209bps elapsed=40.3s
2026-05-15T02:36:15.495Z CLIENT_DISCONNECT replaced
2026-05-15T02:36:15.497Z CLIENT_CONNECT 192.168.1.70:60717
2026-05-15T02:36:25.521Z THROUGHPUT bytes=253952 rate=25337bps elapsed=10.0s
2026-05-15T02:36:30.570Z CLIENT_DISCONNECT replaced
2026-05-15T02:36:30.571Z CLIENT_CONNECT 192.168.1.70:60733
2026-05-15T02:36:40.610Z THROUGHPUT bytes=253952 rate=25297bps elapsed=10.0s
2026-05-15T02:36:50.614Z THROUGHPUT bytes=505856 rate=25240bps elapsed=20.0s
2026-05-15T02:37:00.713Z THROUGHPUT bytes=759808 rate=25207bps elapsed=30.1s
2026-05-15T02:37:10.741Z THROUGHPUT bytes=1013760 rate=25237bps elapsed=40.2s
2026-05-15T02:37:20.789Z THROUGHPUT bytes=1265664 rate=25203bps elapsed=50.2s
2026-05-15T02:37:30.797Z THROUGHPUT bytes=1519616 rate=25232bps elapsed=60.2s
2026-05-15T02:37:40.803Z THROUGHPUT bytes=1771520 rate=25223bps elapsed=70.2s
2026-05-15T02:37:50.859Z THROUGHPUT bytes=2023424 rate=25202bps elapsed=80.3s
2026-05-15T02:38:00.869Z THROUGHPUT bytes=2277376 rate=25220bps elapsed=90.3s
2026-05-15T02:38:10.997Z THROUGHPUT bytes=2531328 rate=25205bps elapsed=100.4s
2026-05-15T02:38:21.084Z THROUGHPUT bytes=2785280 rate=25203bps elapsed=110.5s
2026-05-15T02:38:31.131Z THROUGHPUT bytes=3039232 rate=25209bps elapsed=120.6s
2026-05-15T02:38:41.158Z THROUGHPUT bytes=3291136 rate=25202bps elapsed=130.6s
2026-05-15T02:38:51.208Z THROUGHPUT bytes=3545088 rate=25207bps elapsed=140.6s
2026-05-15T02:39:01.249Z THROUGHPUT bytes=3799040 rate=25213bps elapsed=150.7s
2026-05-15T02:39:11.280Z THROUGHPUT bytes=4050944 rate=25206bps elapsed=160.7s
2026-05-15T02:39:21.375Z THROUGHPUT bytes=4304896 rate=25203bps elapsed=170.8s
2026-05-15T02:39:31.471Z THROUGHPUT bytes=4558848 rate=25200bps elapsed=180.9s
2026-05-15T02:39:41.542Z THROUGHPUT bytes=4812800 rate=25201bps elapsed=191.0s
2026-05-15T02:39:51.574Z THROUGHPUT bytes=5066752 rate=25207bps elapsed=201.0s
2026-05-15T02:40:01.701Z THROUGHPUT bytes=5320704 rate=25202bps elapsed=211.1s
2026-05-15T02:40:11.702Z THROUGHPUT bytes=5572608 rate=25200bps elapsed=221.1s
2026-05-15T02:40:21.738Z THROUGHPUT bytes=5826560 rate=25205bps elapsed=231.2s
2026-05-15T02:40:31.846Z THROUGHPUT bytes=6080512 rate=25201bps elapsed=241.3s
2026-05-15T02:40:41.927Z THROUGHPUT bytes=6334464 rate=25201bps elapsed=251.4s
2026-05-15T02:40:52.005Z THROUGHPUT bytes=6588416 rate=25201bps elapsed=261.4s
2026-05-15T02:41:02.033Z THROUGHPUT bytes=6842368 rate=25205bps elapsed=271.5s
2026-05-15T02:41:12.054Z THROUGHPUT bytes=7094272 rate=25203bps elapsed=281.5s
2026-05-15T02:41:22.075Z THROUGHPUT bytes=7346176 rate=25200bps elapsed=291.5s
2026-05-15T02:41:32.137Z THROUGHPUT bytes=7600128 rate=25202bps elapsed=301.6s
2026-05-15T02:41:42.144Z THROUGHPUT bytes=7852032 rate=25201bps elapsed=311.6s
2026-05-15T02:41:52.187Z THROUGHPUT bytes=8105984 rate=25203bps elapsed=321.6s
2026-05-15T02:42:02.215Z THROUGHPUT bytes=8357888 rate=25201bps elapsed=331.6s
2026-05-15T02:42:12.246Z THROUGHPUT bytes=8611840 rate=25204bps elapsed=341.7s
2026-05-15T02:42:22.372Z THROUGHPUT bytes=8865792 rate=25201bps elapsed=351.8s
2026-05-15T02:42:32.455Z THROUGHPUT bytes=9119744 rate=25200bps elapsed=361.9s
2026-05-15T02:42:42.496Z THROUGHPUT bytes=9373696 rate=25203bps elapsed=371.9s
2026-05-15T02:42:52.519Z THROUGHPUT bytes=9625600 rate=25201bps elapsed=381.9s
2026-05-15T02:43:02.604Z THROUGHPUT bytes=9879552 rate=25200bps elapsed=392.0s
2026-05-15T02:43:12.633Z THROUGHPUT bytes=10133504 rate=25203bps elapsed=402.1s
2026-05-15T02:43:22.743Z THROUGHPUT bytes=10387456 rate=25201bps elapsed=412.2s
2026-05-15T02:43:32.813Z THROUGHPUT bytes=10641408 rate=25202bps elapsed=422.2s
2026-05-15T02:43:37.266Z CLIENT_DISCONNECT send_error
2026-05-15T02:43:37.348Z CLIENT_CONNECT 192.168.1.70:60851
2026-05-15T02:43:47.411Z THROUGHPUT bytes=253952 rate=25239bps elapsed=10.1s
2026-05-15T02:43:57.496Z THROUGHPUT bytes=507904 rate=25209bps elapsed=20.1s
2026-05-15T02:43:58.654Z CLIENT_DISCONNECT send_error
2026-05-15T02:43:58.797Z CLIENT_CONNECT 192.168.1.70:60863
2026-05-15T02:44:03.423Z CLIENT_DISCONNECT replaced
2026-05-15T02:44:03.424Z CLIENT_CONNECT 192.168.1.70:60865
2026-05-15T02:44:13.556Z THROUGHPUT bytes=256000 rate=25266bps elapsed=10.1s
2026-05-15T02:44:23.557Z THROUGHPUT bytes=507904 rate=25228bps elapsed=20.1s
2026-05-15T02:44:25.438Z CLIENT_DISCONNECT send_error
2026-05-15T02:44:33.564Z THROUGHPUT bytes=759808 rate=25210bps elapsed=30.1s
2026-05-15T02:44:43.651Z THROUGHPUT bytes=1013760 rate=25202bps elapsed=40.2s
2026-05-15T02:44:53.722Z THROUGHPUT bytes=1267712 rate=25204bps elapsed=50.3s
2026-05-15T02:45:03.756Z THROUGHPUT bytes=1521664 rate=25221bps elapsed=60.3s
2026-05-15T02:45:13.866Z THROUGHPUT bytes=1775616 rate=25206bps elapsed=70.4s
2026-05-15T02:45:17.685Z CLIENT_CONNECT 192.168.1.70:60892
2026-05-15T02:45:27.750Z THROUGHPUT bytes=253952 rate=25236bps elapsed=10.1s
2026-05-15T02:45:33.748Z CLIENT_DISCONNECT send_error
2026-05-15T02:45:33.837Z CLIENT_CONNECT 192.168.1.70:60897
2026-05-15T02:45:43.892Z THROUGHPUT bytes=253952 rate=25258bps elapsed=10.1s
2026-05-15T02:45:44.197Z CLIENT_DISCONNECT send_error
2026-05-15T02:45:53.974Z THROUGHPUT bytes=507904 rate=25222bps elapsed=20.1s
2026-05-15T02:46:07.158Z CLIENT_CONNECT 192.168.1.70:60915
2026-05-15T02:46:07.390Z STALL_START idle=231ms
2026-05-15T02:46:43.747Z STALL_END 36588ms
2026-05-15T02:46:43.749Z THROUGHPUT bytes=627 rate=17bps elapsed=36.6s
2026-05-15T02:46:43.750Z CLIENT_DISCONNECT send_error
2026-05-15T02:46:44.241Z CLIENT_CONNECT 192.168.1.70:60933
2026-05-15T02:46:53.349Z CLIENT_DISCONNECT send_error
2026-05-15T02:46:53.563Z CLIENT_CONNECT 192.168.1.70:60935
2026-05-15T02:47:03.593Z THROUGHPUT bytes=253952 rate=25321bps elapsed=10.0s
2026-05-15T02:47:13.606Z THROUGHPUT bytes=505856 rate=25240bps elapsed=20.0s
2026-05-15T02:47:23.625Z THROUGHPUT bytes=757760 rate=25207bps elapsed=30.1s
2026-05-15T02:47:33.751Z THROUGHPUT bytes=1011712 rate=25210bps elapsed=40.1s
2026-05-15T02:47:43.699Z THROUGHPUT bytes=1263616 rate=25204bps elapsed=50.1s
2026-05-15T02:47:53.708Z THROUGHPUT bytes=1517568 rate=25232bps elapsed=60.1s
2026-05-15T02:48:03.763Z THROUGHPUT bytes=1769472 rate=25206bps elapsed=70.2s
2026-05-15T02:48:13.848Z THROUGHPUT bytes=2023424 rate=25203bps elapsed=80.3s
2026-05-15T02:48:23.881Z THROUGHPUT bytes=2277376 rate=25215bps elapsed=90.3s
2026-05-15T02:48:34.005Z THROUGHPUT bytes=2531328 rate=25202bps elapsed=100.4s
2026-05-15T02:48:44.045Z THROUGHPUT bytes=2785280 rate=25210bps elapsed=110.5s
2026-05-15T02:48:54.106Z THROUGHPUT bytes=3039232 rate=25213bps elapsed=120.5s
2026-05-15T02:49:04.115Z THROUGHPUT bytes=3291136 rate=25209bps elapsed=130.6s
2026-05-15T02:49:14.122Z THROUGHPUT bytes=3543040 rate=25206bps elapsed=140.6s
2026-05-15T02:49:24.220Z THROUGHPUT bytes=3796992 rate=25202bps elapsed=150.7s
2026-05-15T02:49:34.237Z THROUGHPUT bytes=4050944 rate=25212bps elapsed=160.7s
2026-05-15T02:49:44.344Z THROUGHPUT bytes=4304896 rate=25207bps elapsed=170.8s
2026-05-15T02:49:54.356Z THROUGHPUT bytes=4556800 rate=25204bps elapsed=180.8s
2026-05-15T02:50:04.454Z THROUGHPUT bytes=4810752 rate=25201bps elapsed=190.9s
2026-05-15T02:50:14.469Z THROUGHPUT bytes=5064704 rate=25209bps elapsed=200.9s
2026-05-15T02:50:24.485Z THROUGHPUT bytes=5316608 rate=25206bps elapsed=210.9s
2026-05-15T02:50:34.567Z THROUGHPUT bytes=5570560 rate=25205bps elapsed=221.0s
2026-05-15T02:50:44.589Z THROUGHPUT bytes=5822464 rate=25202bps elapsed=231.0s
2026-05-15T02:50:54.671Z THROUGHPUT bytes=6076416 rate=25202bps elapsed=241.1s
2026-05-15T02:51:04.673Z THROUGHPUT bytes=6328320 rate=25201bps elapsed=251.1s
2026-05-15T02:51:14.747Z THROUGHPUT bytes=6582272 rate=25201bps elapsed=261.2s
2026-05-15T02:51:24.752Z THROUGHPUT bytes=6834176 rate=25200bps elapsed=271.2s
2026-05-15T02:51:34.807Z THROUGHPUT bytes=7088128 rate=25203bps elapsed=281.2s
2026-05-15T02:51:44.825Z THROUGHPUT bytes=7340032 rate=25200bps elapsed=291.3s
2026-05-15T02:51:54.901Z THROUGHPUT bytes=7593984 rate=25200bps elapsed=301.3s
2026-05-15T02:52:04.980Z THROUGHPUT bytes=7847936 rate=25200bps elapsed=311.4s
2026-05-15T02:52:15.038Z THROUGHPUT bytes=8101888 rate=25202bps elapsed=321.5s
2026-05-15T02:52:25.137Z THROUGHPUT bytes=8355840 rate=25200bps elapsed=331.6s
2026-05-15T02:52:35.212Z THROUGHPUT bytes=8609792 rate=25200bps elapsed=341.6s
2026-05-15T02:52:45.271Z THROUGHPUT bytes=8863744 rate=25202bps elapsed=351.7s
2026-05-15T02:52:55.285Z THROUGHPUT bytes=9115648 rate=25200bps elapsed=361.7s
2026-05-15T02:53:05.311Z THROUGHPUT bytes=9369600 rate=25204bps elapsed=371.7s
2026-05-15T02:53:15.343Z THROUGHPUT bytes=9621504 rate=25201bps elapsed=381.8s
2026-05-15T02:53:25.349Z THROUGHPUT bytes=9873408 rate=25200bps elapsed=391.8s
2026-05-15T02:53:35.354Z THROUGHPUT bytes=10125312 rate=25200bps elapsed=401.8s
2026-05-15T02:53:45.377Z THROUGHPUT bytes=10379264 rate=25203bps elapsed=411.8s
2026-05-15T02:53:55.403Z THROUGHPUT bytes=10631168 rate=25201bps elapsed=421.8s
2026-05-15T02:54:05.506Z THROUGHPUT bytes=10885120 rate=25200bps elapsed=431.9s
2026-05-15T02:54:15.519Z THROUGHPUT bytes=11139072 rate=25203bps elapsed=442.0s
2026-05-15T02:54:25.578Z THROUGHPUT bytes=11390976 rate=25200bps elapsed=452.0s
2026-05-15T02:54:35.622Z THROUGHPUT bytes=11644928 rate=25202bps elapsed=462.1s
2026-05-15T02:54:45.720Z THROUGHPUT bytes=11898880 rate=25201bps elapsed=472.2s
2026-05-15T02:54:55.804Z THROUGHPUT bytes=12152832 rate=25200bps elapsed=482.2s
2026-05-15T02:55:05.855Z THROUGHPUT bytes=12406784 rate=25202bps elapsed=492.3s
2026-05-15T02:55:15.861Z THROUGHPUT bytes=12658688 rate=25201bps elapsed=502.3s
2026-05-15T02:55:25.874Z THROUGHPUT bytes=12910592 rate=25200bps elapsed=512.3s
2026-05-15T02:55:35.948Z THROUGHPUT bytes=13164544 rate=25200bps elapsed=522.4s
2026-05-15T02:55:46.000Z THROUGHPUT bytes=13418496 rate=25201bps elapsed=532.4s
2026-05-15T02:55:56.072Z THROUGHPUT bytes=13672448 rate=25202bps elapsed=542.5s
2026-05-15T02:56:06.097Z THROUGHPUT bytes=13924352 rate=25200bps elapsed=552.5s
2026-05-15T02:56:16.125Z THROUGHPUT bytes=14178304 rate=25202bps elapsed=562.6s
2026-05-15T02:56:26.161Z THROUGHPUT bytes=14430208 rate=25200bps elapsed=572.6s
2026-05-15T02:56:36.230Z THROUGHPUT bytes=14684160 rate=25200bps elapsed=582.7s
2026-05-15T02:56:46.322Z THROUGHPUT bytes=14938112 rate=25200bps elapsed=592.8s
2026-05-15T02:56:56.394Z THROUGHPUT bytes=15192064 rate=25200bps elapsed=602.8s
2026-05-15T02:57:06.478Z THROUGHPUT bytes=15446016 rate=25200bps elapsed=612.9s
2026-05-15T02:57:16.494Z THROUGHPUT bytes=15699968 rate=25202bps elapsed=622.9s
2026-05-15T02:57:26.524Z THROUGHPUT bytes=15951872 rate=25201bps elapsed=633.0s
2026-05-15T02:57:36.532Z THROUGHPUT bytes=16203776 rate=25200bps elapsed=643.0s
2026-05-15T02:57:46.624Z THROUGHPUT bytes=16457728 rate=25200bps elapsed=653.1s
2026-05-15T02:57:56.688Z THROUGHPUT bytes=16711680 rate=25200bps elapsed=663.1s
2026-05-15T02:58:06.775Z THROUGHPUT bytes=16965632 rate=25200bps elapsed=673.2s
2026-05-15T02:58:16.830Z THROUGHPUT bytes=17219584 rate=25201bps elapsed=683.3s
2026-05-15T02:58:26.830Z THROUGHPUT bytes=17471488 rate=25201bps elapsed=693.3s
2026-05-15T02:58:36.915Z THROUGHPUT bytes=17725440 rate=25200bps elapsed=703.4s
2026-05-15T02:58:46.919Z THROUGHPUT bytes=17977344 rate=25200bps elapsed=713.4s
2026-05-15T02:58:56.945Z THROUGHPUT bytes=18231296 rate=25202bps elapsed=723.4s
2026-05-15T02:59:07.000Z THROUGHPUT bytes=18483200 rate=25200bps elapsed=733.5s
2026-05-15T02:59:17.074Z THROUGHPUT bytes=18737152 rate=25200bps elapsed=743.5s
2026-05-15T02:59:27.145Z THROUGHPUT bytes=18991104 rate=25200bps elapsed=753.6s
2026-05-15T02:59:37.179Z THROUGHPUT bytes=19245056 rate=25201bps elapsed=763.6s
2026-05-15T02:59:47.217Z THROUGHPUT bytes=19496960 rate=25200bps elapsed=773.7s
2026-05-15T02:59:57.260Z THROUGHPUT bytes=19750912 rate=25201bps elapsed=783.7s
2026-05-15T03:00:07.281Z THROUGHPUT bytes=20002816 rate=25200bps elapsed=793.7s
2026-05-15T03:00:17.294Z THROUGHPUT bytes=20254720 rate=25200bps elapsed=803.7s
2026-05-15T03:00:27.344Z THROUGHPUT bytes=20508672 rate=25201bps elapsed=813.8s
2026-05-15T03:00:37.358Z THROUGHPUT bytes=20760576 rate=25200bps elapsed=823.8s
2026-05-15T03:00:47.436Z THROUGHPUT bytes=21014528 rate=25200bps elapsed=833.9s
2026-05-15T03:00:57.505Z THROUGHPUT bytes=21268480 rate=25200bps elapsed=844.0s
2026-05-15T03:01:07.536Z THROUGHPUT bytes=21522432 rate=25202bps elapsed=854.0s
2026-05-15T03:01:17.594Z THROUGHPUT bytes=21774336 rate=25200bps elapsed=864.0s
2026-05-15T03:01:27.639Z THROUGHPUT bytes=22028288 rate=25201bps elapsed=874.1s
2026-05-15T03:01:37.670Z THROUGHPUT bytes=22280192 rate=25200bps elapsed=884.1s
2026-05-15T03:01:47.727Z THROUGHPUT bytes=22534144 rate=25200bps elapsed=894.2s
2026-05-15T03:01:57.744Z THROUGHPUT bytes=22786048 rate=25200bps elapsed=904.2s
2026-05-15T03:02:07.770Z THROUGHPUT bytes=23040000 rate=25201bps elapsed=914.2s
2026-05-15T03:02:17.804Z THROUGHPUT bytes=23291904 rate=25200bps elapsed=924.3s
2026-05-15T03:02:27.870Z THROUGHPUT bytes=23545856 rate=25200bps elapsed=934.3s
2026-05-15T03:02:37.888Z THROUGHPUT bytes=23797760 rate=25200bps elapsed=944.3s
2026-05-15T03:02:47.960Z THROUGHPUT bytes=24051712 rate=25200bps elapsed=954.4s
2026-05-15T03:02:58.043Z THROUGHPUT bytes=24305664 rate=25200bps elapsed=964.5s
2026-05-15T03:03:08.068Z THROUGHPUT bytes=24559616 rate=25201bps elapsed=974.5s
2026-05-15T03:03:18.258Z THROUGHPUT bytes=24813568 rate=25198bps elapsed=984.7s
2026-05-15T03:03:28.285Z THROUGHPUT bytes=25067520 rate=25200bps elapsed=994.7s
2026-05-15T03:03:38.344Z THROUGHPUT bytes=25319424 rate=25198bps elapsed=1004.8s
2026-05-15T03:03:48.483Z THROUGHPUT bytes=25575424 rate=25198bps elapsed=1014.9s
2026-05-15T03:03:58.575Z THROUGHPUT bytes=25829376 rate=25198bps elapsed=1025.0s
2026-05-15T03:04:08.661Z THROUGHPUT bytes=26083328 rate=25198bps elapsed=1035.1s
2026-05-15T03:04:18.821Z THROUGHPUT bytes=26339328 rate=25198bps elapsed=1045.3s
2026-05-15T03:04:28.873Z THROUGHPUT bytes=26593280 rate=25199bps elapsed=1055.3s
2026-05-15T03:04:39.058Z THROUGHPUT bytes=26849280 rate=25198bps elapsed=1065.5s
2026-05-15T03:04:49.120Z THROUGHPUT bytes=27103232 rate=25198bps elapsed=1075.6s
2026-05-15T03:04:59.185Z THROUGHPUT bytes=27357184 rate=25199bps elapsed=1085.6s
2026-05-15T03:05:09.367Z THROUGHPUT bytes=27613184 rate=25198bps elapsed=1095.8s
2026-05-15T03:05:19.488Z THROUGHPUT bytes=27869184 rate=25199bps elapsed=1105.9s
2026-05-15T03:05:29.491Z THROUGHPUT bytes=28123136 rate=25201bps elapsed=1115.9s
2026-05-15T03:05:39.677Z THROUGHPUT bytes=28377088 rate=25198bps elapsed=1126.1s
2026-05-15T03:05:49.721Z THROUGHPUT bytes=28631040 rate=25199bps elapsed=1136.2s
2026-05-15T03:05:59.791Z THROUGHPUT bytes=28884992 rate=25199bps elapsed=1146.2s
2026-05-15T03:06:09.834Z THROUGHPUT bytes=29136896 rate=25198bps elapsed=1156.3s
2026-05-15T03:06:19.994Z THROUGHPUT bytes=29392896 rate=25198bps elapsed=1166.5s
2026-05-15T03:06:30.143Z THROUGHPUT bytes=29648896 rate=25198bps elapsed=1176.6s
2026-05-15T03:06:40.237Z THROUGHPUT bytes=29904896 rate=25200bps elapsed=1186.7s
2026-05-15T03:06:50.279Z THROUGHPUT bytes=30158848 rate=25200bps elapsed=1196.7s
2026-05-15T03:07:00.330Z THROUGHPUT bytes=30412800 rate=25201bps elapsed=1206.8s
2026-05-15T03:07:02.100Z CLIENT_DISCONNECT send_error
2026-05-15T03:07:10.389Z THROUGHPUT bytes=30664704 rate=25200bps elapsed=1216.8s
2026-05-15T03:07:20.456Z THROUGHPUT bytes=30918656 rate=25200bps elapsed=1226.9s
2026-05-15T03:07:30.475Z THROUGHPUT bytes=31172608 rate=25201bps elapsed=1236.9s
2026-05-15T03:07:40.511Z THROUGHPUT bytes=31424512 rate=25200bps elapsed=1247.0s
2026-05-15T03:07:50.513Z THROUGHPUT bytes=31676416 rate=25200bps elapsed=1257.0s
2026-05-15T03:08:00.513Z THROUGHPUT bytes=31928320 rate=25200bps elapsed=1267.0s
2026-05-15T03:08:10.547Z THROUGHPUT bytes=32182272 rate=25201bps elapsed=1277.0s
2026-05-15T03:08:20.572Z THROUGHPUT bytes=32434176 rate=25200bps elapsed=1287.0s
2026-05-15T03:08:30.615Z THROUGHPUT bytes=32688128 rate=25201bps elapsed=1297.1s
2026-05-15T03:08:40.624Z THROUGHPUT bytes=32940032 rate=25201bps elapsed=1307.1s
2026-05-15T03:08:50.693Z THROUGHPUT bytes=33193984 rate=25201bps elapsed=1317.2s
2026-05-15T03:09:00.707Z THROUGHPUT bytes=33445888 rate=25200bps elapsed=1327.2s
2026-05-15T03:09:10.722Z THROUGHPUT bytes=33697792 rate=25200bps elapsed=1337.2s
2026-05-15T03:09:20.795Z THROUGHPUT bytes=33951744 rate=25200bps elapsed=1347.3s
2026-05-15T03:09:30.810Z THROUGHPUT bytes=34203648 rate=25200bps elapsed=1357.3s
2026-05-15T03:09:40.898Z THROUGHPUT bytes=34457600 rate=25200bps elapsed=1367.4s
2026-05-15T03:09:50.930Z THROUGHPUT bytes=34711552 rate=25200bps elapsed=1377.4s
2026-05-15T03:10:01.023Z THROUGHPUT bytes=34965504 rate=25200bps elapsed=1387.5s
2026-05-15T03:10:11.125Z THROUGHPUT bytes=35219456 rate=25200bps elapsed=1397.6s
2026-05-15T03:10:21.201Z THROUGHPUT bytes=35473408 rate=25200bps elapsed=1407.7s
2026-05-15T03:10:31.217Z THROUGHPUT bytes=35727360 rate=25201bps elapsed=1417.7s
2026-05-15T03:10:41.253Z THROUGHPUT bytes=35979264 rate=25200bps elapsed=1427.7s
2026-05-15T03:10:51.262Z THROUGHPUT bytes=36231168 rate=25200bps elapsed=1437.7s
2026-05-15T03:11:01.265Z THROUGHPUT bytes=36483072 rate=25200bps elapsed=1447.7s
2026-05-15T03:11:11.309Z THROUGHPUT bytes=36737024 rate=25200bps elapsed=1457.8s
2026-05-15T03:11:21.418Z THROUGHPUT bytes=36990976 rate=25200bps elapsed=1467.9s
2026-05-15T03:11:31.474Z THROUGHPUT bytes=37244928 rate=25200bps elapsed=1477.9s
2026-05-15T03:11:41.579Z THROUGHPUT bytes=37498880 rate=25200bps elapsed=1488.0s
2026-05-15T03:11:51.705Z THROUGHPUT bytes=37752832 rate=25199bps elapsed=1498.2s
2026-05-15T03:12:01.718Z THROUGHPUT bytes=38006784 rate=25200bps elapsed=1508.2s
2026-05-15T03:12:11.728Z THROUGHPUT bytes=38256640 rate=25198bps elapsed=1518.2s
2026-05-15T03:12:21.872Z THROUGHPUT bytes=38512640 rate=25199bps elapsed=1528.3s
2026-05-15T03:12:31.942Z THROUGHPUT bytes=38766592 rate=25199bps elapsed=1538.4s
2026-05-15T03:12:42.003Z THROUGHPUT bytes=39022592 rate=25200bps elapsed=1548.5s
2026-05-15T03:12:52.141Z THROUGHPUT bytes=39276544 rate=25199bps elapsed=1558.6s
2026-05-15T03:13:02.266Z THROUGHPUT bytes=39530496 rate=25199bps elapsed=1568.7s
2026-05-15T03:13:12.396Z THROUGHPUT bytes=39786496 rate=25199bps elapsed=1578.9s
2026-05-15T03:13:22.511Z THROUGHPUT bytes=40040448 rate=25198bps elapsed=1589.0s
2026-05-15T03:13:32.636Z THROUGHPUT bytes=40296448 rate=25199bps elapsed=1599.1s
2026-05-15T03:13:33.720Z CLIENT_CONNECT 192.168.1.70:61387
2026-05-15T03:13:43.855Z THROUGHPUT bytes=253952 rate=25058bps elapsed=10.1s
2026-05-15T03:13:52.554Z CLIENT_DISCONNECT send_error
2026-05-15T03:13:54.005Z THROUGHPUT bytes=509952 rate=25139bps elapsed=20.3s
2026-05-15T03:14:04.070Z THROUGHPUT bytes=763904 rate=25169bps elapsed=30.3s
2026-05-15T03:14:14.110Z THROUGHPUT bytes=1017856 rate=25201bps elapsed=40.4s
2026-05-15T03:14:24.156Z THROUGHPUT bytes=1269760 rate=25175bps elapsed=50.4s
2026-05-15T03:14:34.322Z THROUGHPUT bytes=1525760 rate=25176bps elapsed=60.6s
2026-05-15T03:14:39.041Z CLIENT_CONNECT 192.168.1.70:61421
2026-05-15T03:14:49.077Z THROUGHPUT bytes=253952 rate=25305bps elapsed=10.0s
2026-05-15T03:14:59.102Z THROUGHPUT bytes=503808 rate=25114bps elapsed=20.1s
2026-05-15T03:15:02.423Z CLIENT_DISCONNECT send_error
2026-05-15T03:15:07.310Z CLIENT_CONNECT 192.168.1.70:61433
2026-05-15T03:15:07.607Z STALL_START idle=296ms
2026-05-15T23:32:48.839Z CLIENT_DISCONNECT replaced
2026-05-15T23:32:48.858Z CLIENT_CONNECT 192.168.1.70:58622
2026-05-15T23:32:49.100Z STALL_START idle=241ms
2026-05-15T23:32:49.309Z STALL_END 450ms
2026-05-15T23:32:50.452Z CLIENT_DISCONNECT replaced
2026-05-15T23:32:50.453Z CLIENT_CONNECT 192.168.1.70:58626
2026-05-15T23:33:00.516Z THROUGHPUT bytes=251904 rate=25032bps elapsed=10.1s
2026-05-15T23:33:00.560Z CLIENT_DISCONNECT send_error
2026-05-15T23:33:10.663Z THROUGHPUT bytes=507904 rate=25131bps elapsed=20.2s
2026-05-15T23:33:20.754Z THROUGHPUT bytes=763904 rate=25211bps elapsed=30.3s
2026-05-15T23:33:30.912Z THROUGHPUT bytes=1017856 rate=25157bps elapsed=40.5s
2026-05-15T23:33:41.050Z THROUGHPUT bytes=1273856 rate=25176bps elapsed=50.6s
2026-05-15T23:33:51.152Z THROUGHPUT bytes=1529856 rate=25203bps elapsed=60.7s
2026-05-15T23:34:01.193Z THROUGHPUT bytes=1783808 rate=25216bps elapsed=70.7s
2026-05-15T23:34:11.205Z THROUGHPUT bytes=2033664 rate=25183bps elapsed=80.8s
2026-05-15T23:34:21.376Z THROUGHPUT bytes=2289664 rate=25182bps elapsed=90.9s
2026-05-15T23:34:31.377Z THROUGHPUT bytes=2541568 rate=25182bps elapsed=100.9s
2026-05-15T23:34:41.441Z THROUGHPUT bytes=2795520 rate=25187bps elapsed=111.0s
2026-05-15T23:34:51.480Z THROUGHPUT bytes=3049472 rate=25196bps elapsed=121.0s
2026-05-15T23:35:01.482Z THROUGHPUT bytes=3303424 rate=25211bps elapsed=131.0s
2026-05-15T23:35:11.599Z THROUGHPUT bytes=3555328 rate=25188bps elapsed=141.1s
2026-05-15T23:35:21.749Z THROUGHPUT bytes=3811328 rate=25191bps elapsed=151.3s
2026-05-15T23:35:31.800Z THROUGHPUT bytes=4067328 rate=25208bps elapsed=161.3s
2026-05-15T23:35:41.926Z THROUGHPUT bytes=4321280 rate=25200bps elapsed=171.5s
2026-05-15T23:35:51.928Z THROUGHPUT bytes=4573184 rate=25199bps elapsed=181.5s
2026-05-15T23:36:01.948Z THROUGHPUT bytes=4825088 rate=25196bps elapsed=191.5s
2026-05-15T23:36:11.978Z THROUGHPUT bytes=5076992 rate=25192bps elapsed=201.5s
2026-05-15T23:36:22.008Z THROUGHPUT bytes=5330944 rate=25198bps elapsed=211.6s
2026-05-15T23:36:32.048Z THROUGHPUT bytes=5582848 rate=25193bps elapsed=221.6s
2026-05-15T23:36:42.054Z THROUGHPUT bytes=5834752 rate=25192bps elapsed=231.6s
2026-05-15T23:36:52.127Z THROUGHPUT bytes=6090752 rate=25202bps elapsed=241.7s
2026-05-15T23:37:02.197Z THROUGHPUT bytes=6342656 rate=25194bps elapsed=251.7s
2026-05-15T23:37:12.197Z THROUGHPUT bytes=6594560 rate=25194bps elapsed=261.7s
2026-05-15T23:37:22.248Z THROUGHPUT bytes=6848512 rate=25197bps elapsed=271.8s
2026-05-15T23:37:32.347Z THROUGHPUT bytes=7102464 rate=25195bps elapsed=281.9s
2026-05-15T23:37:42.382Z THROUGHPUT bytes=7356416 rate=25199bps elapsed=291.9s
2026-05-15T23:37:52.501Z THROUGHPUT bytes=7610368 rate=25195bps elapsed=302.1s
2026-05-15T23:38:02.591Z THROUGHPUT bytes=7866368 rate=25201bps elapsed=312.1s
2026-05-15T23:38:12.667Z THROUGHPUT bytes=8118272 rate=25195bps elapsed=322.2s
2026-05-15T23:38:22.798Z THROUGHPUT bytes=8374272 rate=25197bps elapsed=332.3s
2026-05-15T23:38:32.839Z THROUGHPUT bytes=8628224 rate=25200bps elapsed=342.4s
2026-05-15T23:38:42.944Z THROUGHPUT bytes=8882176 rate=25198bps elapsed=352.5s
2026-05-15T23:38:53.034Z THROUGHPUT bytes=9136128 rate=25197bps elapsed=362.6s
2026-05-15T23:39:03.043Z THROUGHPUT bytes=9388032 rate=25196bps elapsed=372.6s
2026-05-15T23:39:13.131Z THROUGHPUT bytes=9641984 rate=25195bps elapsed=382.7s
2026-05-15T23:39:23.179Z THROUGHPUT bytes=9897984 rate=25202bps elapsed=392.7s
2026-05-15T23:39:33.202Z THROUGHPUT bytes=10147840 rate=25196bps elapsed=402.8s
2026-05-15T23:39:43.277Z THROUGHPUT bytes=10401792 rate=25196bps elapsed=412.8s
2026-05-15T23:39:53.440Z THROUGHPUT bytes=10657792 rate=25196bps elapsed=423.0s
2026-05-15T23:40:03.577Z THROUGHPUT bytes=10913792 rate=25197bps elapsed=433.1s
2026-05-15T23:40:13.595Z THROUGHPUT bytes=11165696 rate=25196bps elapsed=443.1s
2026-05-15T23:40:23.711Z THROUGHPUT bytes=11421696 rate=25198bps elapsed=453.3s
2026-05-15T23:40:33.827Z THROUGHPUT bytes=11675648 rate=25196bps elapsed=463.4s
2026-05-15T23:40:43.905Z THROUGHPUT bytes=11929600 rate=25196bps elapsed=473.5s
2026-05-15T23:40:53.951Z THROUGHPUT bytes=12183552 rate=25198bps elapsed=483.5s
2026-05-15T23:41:03.985Z THROUGHPUT bytes=12435456 rate=25196bps elapsed=493.5s
2026-05-15T23:41:14.090Z THROUGHPUT bytes=12691456 rate=25199bps elapsed=503.6s
2026-05-15T23:41:24.121Z THROUGHPUT bytes=12943360 rate=25197bps elapsed=513.7s
2026-05-15T23:41:34.131Z THROUGHPUT bytes=13195264 rate=25196bps elapsed=523.7s
2026-05-15T23:41:44.176Z THROUGHPUT bytes=13449216 rate=25198bps elapsed=533.7s
2026-05-15T23:41:54.185Z THROUGHPUT bytes=13701120 rate=25197bps elapsed=543.7s
2026-05-15T23:42:04.200Z THROUGHPUT bytes=13955072 rate=25200bps elapsed=553.8s
2026-05-15T23:42:14.263Z THROUGHPUT bytes=14206976 rate=25197bps elapsed=563.8s
2026-05-15T23:42:24.332Z THROUGHPUT bytes=14460928 rate=25198bps elapsed=573.9s
2026-05-15T23:42:34.436Z THROUGHPUT bytes=14714880 rate=25197bps elapsed=584.0s
2026-05-15T23:42:44.515Z THROUGHPUT bytes=14968832 rate=25197bps elapsed=594.1s
2026-05-15T23:42:54.641Z THROUGHPUT bytes=15224832 rate=25198bps elapsed=604.2s
2026-05-15T23:43:04.666Z THROUGHPUT bytes=15476736 rate=25197bps elapsed=614.2s
2026-05-15T23:43:14.783Z THROUGHPUT bytes=15732736 rate=25199bps elapsed=624.3s
2026-05-15T23:43:24.821Z THROUGHPUT bytes=15984640 rate=25197bps elapsed=634.4s
2026-05-15T23:43:34.982Z THROUGHPUT bytes=16240640 rate=25197bps elapsed=644.5s
2026-05-15T23:43:45.118Z THROUGHPUT bytes=16496640 rate=25198bps elapsed=654.7s
2026-05-15T23:43:55.129Z THROUGHPUT bytes=16750592 rate=25200bps elapsed=664.7s
2026-05-15T23:44:05.293Z THROUGHPUT bytes=17004544 rate=25197bps elapsed=674.8s
2026-05-15T23:44:15.400Z THROUGHPUT bytes=17260544 rate=25199bps elapsed=685.0s
2026-05-15T23:44:25.440Z THROUGHPUT bytes=17512448 rate=25197bps elapsed=695.0s
2026-05-15T23:44:35.526Z THROUGHPUT bytes=17766400 rate=25197bps elapsed=705.1s
2026-05-15T23:44:45.585Z THROUGHPUT bytes=18022400 rate=25201bps elapsed=715.1s
2026-05-15T23:44:55.603Z THROUGHPUT bytes=18272256 rate=25197bps elapsed=725.2s
2026-05-15T23:45:05.758Z THROUGHPUT bytes=18528256 rate=25197bps elapsed=735.3s
2026-05-15T23:45:15.895Z THROUGHPUT bytes=18784256 rate=25198bps elapsed=745.5s
2026-05-15T23:45:26.075Z THROUGHPUT bytes=19040256 rate=25197bps elapsed=755.6s
2026-05-15T23:45:36.216Z THROUGHPUT bytes=19296256 rate=25198bps elapsed=765.8s
2026-05-15T23:45:46.388Z THROUGHPUT bytes=19552256 rate=25198bps elapsed=775.9s
2026-05-15T23:45:56.413Z THROUGHPUT bytes=19806208 rate=25199bps elapsed=786.0s
2026-05-15T23:46:06.541Z THROUGHPUT bytes=20060160 rate=25198bps elapsed=796.1s
2026-05-15T23:46:16.542Z THROUGHPUT bytes=20312064 rate=25197bps elapsed=806.1s
2026-05-15T23:46:26.645Z THROUGHPUT bytes=20568064 rate=25199bps elapsed=816.2s
2026-05-15T23:46:36.773Z THROUGHPUT bytes=20822016 rate=25198bps elapsed=826.3s
2026-05-15T23:46:46.940Z THROUGHPUT bytes=21078016 rate=25197bps elapsed=836.5s
2026-05-15T23:46:57.092Z THROUGHPUT bytes=21334016 rate=25198bps elapsed=846.6s
2026-05-15T23:47:07.124Z THROUGHPUT bytes=21587968 rate=25199bps elapsed=856.7s
2026-05-15T23:47:17.240Z THROUGHPUT bytes=21841920 rate=25198bps elapsed=866.8s
2026-05-15T23:47:27.363Z THROUGHPUT bytes=22097920 rate=25199bps elapsed=876.9s
2026-05-15T23:47:37.389Z THROUGHPUT bytes=22349824 rate=25198bps elapsed=886.9s
2026-05-15T23:47:47.519Z THROUGHPUT bytes=22605824 rate=25199bps elapsed=897.1s
2026-05-15T23:47:57.552Z THROUGHPUT bytes=22857728 rate=25198bps elapsed=907.1s
2026-05-15T23:48:07.679Z THROUGHPUT bytes=23113728 rate=25199bps elapsed=917.2s
2026-05-15T23:48:17.690Z THROUGHPUT bytes=23365632 rate=25198bps elapsed=927.2s
2026-05-15T23:48:27.872Z THROUGHPUT bytes=23621632 rate=25198bps elapsed=937.4s
2026-05-15T23:48:37.939Z THROUGHPUT bytes=23875584 rate=25198bps elapsed=947.5s
2026-05-15T23:48:48.078Z THROUGHPUT bytes=24131584 rate=25199bps elapsed=957.6s
2026-05-15T23:48:58.110Z THROUGHPUT bytes=24383488 rate=25198bps elapsed=967.7s
2026-05-15T23:49:08.226Z THROUGHPUT bytes=24639488 rate=25199bps elapsed=977.8s
2026-05-15T23:49:18.418Z THROUGHPUT bytes=24895488 rate=25198bps elapsed=988.0s
2026-05-15T23:49:28.423Z THROUGHPUT bytes=25147392 rate=25198bps elapsed=998.0s
2026-05-15T23:49:38.426Z THROUGHPUT bytes=25399296 rate=25198bps elapsed=1008.0s
2026-05-15T23:49:48.584Z THROUGHPUT bytes=25655296 rate=25198bps elapsed=1018.1s
2026-05-15T23:49:58.668Z THROUGHPUT bytes=25909248 rate=25198bps elapsed=1028.2s
2026-05-15T23:50:08.707Z THROUGHPUT bytes=26163200 rate=25199bps elapsed=1038.3s
2026-05-15T23:50:18.722Z THROUGHPUT bytes=26415104 rate=25198bps elapsed=1048.3s
2026-05-15T23:50:28.734Z THROUGHPUT bytes=26667008 rate=25198bps elapsed=1058.3s
2026-05-15T23:50:38.894Z THROUGHPUT bytes=26923008 rate=25198bps elapsed=1068.4s
2026-05-15T23:50:48.972Z THROUGHPUT bytes=27176960 rate=25198bps elapsed=1078.5s
2026-05-15T23:50:59.129Z THROUGHPUT bytes=27432960 rate=25198bps elapsed=1088.7s
2026-05-15T23:51:09.199Z THROUGHPUT bytes=27686912 rate=25198bps elapsed=1098.7s
2026-05-15T23:51:19.284Z THROUGHPUT bytes=27940864 rate=25198bps elapsed=1108.8s
2026-05-15T23:51:29.421Z THROUGHPUT bytes=28196864 rate=25199bps elapsed=1119.0s
2026-05-15T23:51:39.604Z THROUGHPUT bytes=28452864 rate=25198bps elapsed=1129.1s
2026-05-15T23:51:49.751Z THROUGHPUT bytes=28708864 rate=25198bps elapsed=1139.3s
2026-05-15T23:51:59.831Z THROUGHPUT bytes=28962816 rate=25198bps elapsed=1149.4s
2026-05-15T23:52:09.847Z THROUGHPUT bytes=29216768 rate=25200bps elapsed=1159.4s
2026-05-15T23:52:19.912Z THROUGHPUT bytes=29468672 rate=25198bps elapsed=1169.5s
2026-05-15T23:52:30.069Z THROUGHPUT bytes=29724672 rate=25198bps elapsed=1179.6s
2026-05-15T23:52:40.221Z THROUGHPUT bytes=29980672 rate=25198bps elapsed=1189.8s
2026-05-15T23:52:50.301Z THROUGHPUT bytes=30234624 rate=25198bps elapsed=1199.8s
2026-05-15T23:53:00.367Z THROUGHPUT bytes=30488576 rate=25198bps elapsed=1209.9s
2026-05-15T23:53:10.451Z THROUGHPUT bytes=30742528 rate=25198bps elapsed=1220.0s
2026-05-15T23:53:20.617Z THROUGHPUT bytes=30998528 rate=25198bps elapsed=1230.2s
2026-05-15T23:53:30.777Z THROUGHPUT bytes=31254528 rate=25198bps elapsed=1240.3s
2026-05-15T23:53:40.877Z THROUGHPUT bytes=31510528 rate=25199bps elapsed=1250.4s
2026-05-15T23:53:50.890Z THROUGHPUT bytes=31762432 rate=25199bps elapsed=1260.4s
2026-05-15T23:54:00.994Z THROUGHPUT bytes=32016384 rate=25199bps elapsed=1270.5s
2026-05-15T23:54:11.080Z THROUGHPUT bytes=32270336 rate=25198bps elapsed=1280.6s
2026-05-15T23:54:21.150Z THROUGHPUT bytes=32524288 rate=25199bps elapsed=1290.7s
2026-05-15T23:54:31.170Z THROUGHPUT bytes=32778240 rate=25200bps elapsed=1300.7s
2026-05-15T23:54:41.320Z THROUGHPUT bytes=33032192 rate=25198bps elapsed=1310.9s
2026-05-15T23:54:51.384Z THROUGHPUT bytes=33286144 rate=25198bps elapsed=1320.9s
2026-05-15T23:55:01.549Z THROUGHPUT bytes=33542144 rate=25198bps elapsed=1331.1s
2026-05-15T23:55:11.633Z THROUGHPUT bytes=33796096 rate=25198bps elapsed=1341.2s
2026-05-15T23:55:21.793Z THROUGHPUT bytes=34052096 rate=25198bps elapsed=1351.3s
2026-05-15T23:55:31.849Z THROUGHPUT bytes=34306048 rate=25199bps elapsed=1361.4s
2026-05-15T23:55:41.921Z THROUGHPUT bytes=34560000 rate=25199bps elapsed=1371.5s
2026-05-15T23:55:52.008Z THROUGHPUT bytes=34813952 rate=25199bps elapsed=1381.6s
2026-05-15T23:56:02.009Z THROUGHPUT bytes=35067904 rate=25200bps elapsed=1391.6s
2026-05-15T23:56:12.169Z THROUGHPUT bytes=35321856 rate=25198bps elapsed=1401.7s
2026-05-15T23:56:22.240Z THROUGHPUT bytes=35577856 rate=25200bps elapsed=1411.8s
2026-05-15T23:56:32.249Z THROUGHPUT bytes=35827712 rate=25198bps elapsed=1421.8s
2026-05-15T23:56:42.329Z THROUGHPUT bytes=36081664 rate=25198bps elapsed=1431.9s
2026-05-15T23:56:52.490Z THROUGHPUT bytes=36337664 rate=25198bps elapsed=1442.0s
2026-05-15T23:57:02.649Z THROUGHPUT bytes=36593664 rate=25198bps elapsed=1452.2s
2026-05-15T23:57:12.727Z THROUGHPUT bytes=36847616 rate=25198bps elapsed=1462.3s
2026-05-15T23:57:22.881Z THROUGHPUT bytes=37103616 rate=25198bps elapsed=1472.4s
2026-05-15T23:57:32.905Z THROUGHPUT bytes=37357568 rate=25199bps elapsed=1482.5s
2026-05-15T23:57:43.028Z THROUGHPUT bytes=37611520 rate=25199bps elapsed=1492.6s
2026-05-15T23:57:53.199Z THROUGHPUT bytes=37867520 rate=25198bps elapsed=1502.7s
2026-05-15T23:58:03.210Z THROUGHPUT bytes=38123520 rate=25201bps elapsed=1512.8s
2026-05-15T23:58:13.214Z THROUGHPUT bytes=38375424 rate=25201bps elapsed=1522.8s
2026-05-15T23:58:23.323Z THROUGHPUT bytes=38627328 rate=25199bps elapsed=1532.9s
2026-05-15T23:58:33.465Z THROUGHPUT bytes=38883328 rate=25199bps elapsed=1543.0s
2026-05-15T23:58:43.500Z THROUGHPUT bytes=39135232 rate=25198bps elapsed=1553.0s
2026-05-15T23:58:53.522Z THROUGHPUT bytes=39389184 rate=25199bps elapsed=1563.1s
2026-05-15T23:59:03.652Z THROUGHPUT bytes=39643136 rate=25199bps elapsed=1573.2s
2026-05-15T23:59:13.818Z THROUGHPUT bytes=39899136 rate=25198bps elapsed=1583.4s
2026-05-15T23:59:23.904Z THROUGHPUT bytes=40155136 rate=25200bps elapsed=1593.5s
2026-05-15T23:59:34.052Z THROUGHPUT bytes=40409088 rate=25198bps elapsed=1603.6s
2026-05-15T23:59:44.084Z THROUGHPUT bytes=40663040 rate=25199bps elapsed=1613.6s
2026-05-15T23:59:54.194Z THROUGHPUT bytes=40916992 rate=25199bps elapsed=1623.7s
2026-05-16T00:00:04.348Z THROUGHPUT bytes=41172992 rate=25199bps elapsed=1633.9s
2026-05-16T00:00:14.352Z THROUGHPUT bytes=41424896 rate=25199bps elapsed=1643.9s
2026-05-16T00:00:24.417Z THROUGHPUT bytes=41678848 rate=25199bps elapsed=1654.0s
2026-05-16T00:00:34.547Z THROUGHPUT bytes=41934848 rate=25199bps elapsed=1664.1s
2026-05-16T00:00:44.567Z THROUGHPUT bytes=42188800 rate=25200bps elapsed=1674.1s
2026-05-16T00:00:54.612Z THROUGHPUT bytes=42442752 rate=25201bps elapsed=1684.2s
2026-05-16T00:01:04.795Z THROUGHPUT bytes=42696704 rate=25199bps elapsed=1694.3s
2026-05-16T00:01:14.827Z THROUGHPUT bytes=42948608 rate=25199bps elapsed=1704.4s
2026-05-16T00:01:24.984Z THROUGHPUT bytes=43204608 rate=25199bps elapsed=1714.5s
2026-05-16T00:01:35.140Z THROUGHPUT bytes=43460608 rate=25199bps elapsed=1724.7s
2026-05-16T00:01:45.295Z THROUGHPUT bytes=43716608 rate=25199bps elapsed=1734.8s
2026-05-16T00:01:55.318Z THROUGHPUT bytes=43970560 rate=25199bps elapsed=1744.9s
2026-05-16T00:02:05.447Z THROUGHPUT bytes=44224512 rate=25199bps elapsed=1755.0s
2026-05-16T00:02:15.517Z THROUGHPUT bytes=44478464 rate=25199bps elapsed=1765.1s
2026-05-16T00:02:25.530Z THROUGHPUT bytes=44730368 rate=25199bps elapsed=1775.1s
2026-05-16T00:02:35.531Z THROUGHPUT bytes=44984320 rate=25200bps elapsed=1785.1s
2026-05-16T00:02:45.626Z THROUGHPUT bytes=45238272 rate=25199bps elapsed=1795.2s
2026-05-16T00:02:55.640Z THROUGHPUT bytes=45490176 rate=25199bps elapsed=1805.2s
2026-05-16T00:03:05.706Z THROUGHPUT bytes=45744128 rate=25199bps elapsed=1815.3s
2026-05-16T00:03:15.781Z THROUGHPUT bytes=45998080 rate=25199bps elapsed=1825.3s
2026-05-16T00:03:25.830Z THROUGHPUT bytes=46249984 rate=25199bps elapsed=1835.4s
2026-05-16T00:03:35.975Z THROUGHPUT bytes=46505984 rate=25199bps elapsed=1845.5s
2026-05-16T00:03:45.985Z THROUGHPUT bytes=46757888 rate=25199bps elapsed=1855.5s
2026-05-16T00:03:56.065Z THROUGHPUT bytes=47011840 rate=25199bps elapsed=1865.6s
2026-05-16T00:04:06.079Z THROUGHPUT bytes=47267840 rate=25201bps elapsed=1875.6s
2026-05-16T00:04:16.127Z THROUGHPUT bytes=47519744 rate=25200bps elapsed=1885.7s
2026-05-16T00:04:26.215Z THROUGHPUT bytes=47773696 rate=25200bps elapsed=1895.8s
2026-05-16T00:04:36.347Z THROUGHPUT bytes=48027648 rate=25199bps elapsed=1905.9s
2026-05-16T00:04:46.527Z THROUGHPUT bytes=48283648 rate=25199bps elapsed=1916.1s
2026-05-16T00:04:56.567Z THROUGHPUT bytes=48537600 rate=25199bps elapsed=1926.1s
2026-05-16T00:05:06.641Z THROUGHPUT bytes=48791552 rate=25199bps elapsed=1936.2s
2026-05-16T00:05:16.670Z THROUGHPUT bytes=49043456 rate=25199bps elapsed=1946.2s
2026-05-16T00:05:26.697Z THROUGHPUT bytes=49297408 rate=25199bps elapsed=1956.3s
2026-05-16T00:05:36.725Z THROUGHPUT bytes=49549312 rate=25199bps elapsed=1966.3s
2026-05-16T00:05:46.810Z THROUGHPUT bytes=49803264 rate=25199bps elapsed=1976.4s
2026-05-16T00:05:56.829Z THROUGHPUT bytes=50055168 rate=25199bps elapsed=1986.4s
2026-05-16T00:06:06.904Z THROUGHPUT bytes=50309120 rate=25199bps elapsed=1996.5s
2026-05-16T00:06:16.904Z THROUGHPUT bytes=50561024 rate=25199bps elapsed=2006.5s
2026-05-16T00:06:27.062Z THROUGHPUT bytes=50817024 rate=25199bps elapsed=2016.6s
2026-05-16T00:06:37.184Z THROUGHPUT bytes=51073024 rate=25199bps elapsed=2026.7s
2026-05-16T00:06:47.316Z THROUGHPUT bytes=51329024 rate=25199bps elapsed=2036.9s
2026-05-16T00:06:57.406Z THROUGHPUT bytes=51582976 rate=25199bps elapsed=2047.0s
2026-05-16T00:07:07.535Z THROUGHPUT bytes=51836928 rate=25199bps elapsed=2057.1s
2026-05-16T00:07:17.600Z THROUGHPUT bytes=52090880 rate=25199bps elapsed=2067.2s
2026-05-16T00:07:27.636Z THROUGHPUT bytes=52344832 rate=25199bps elapsed=2077.2s
2026-05-16T00:07:37.676Z THROUGHPUT bytes=52598784 rate=25200bps elapsed=2087.2s
2026-05-16T00:07:47.700Z THROUGHPUT bytes=52852736 rate=25200bps elapsed=2097.3s
2026-05-16T00:07:57.753Z THROUGHPUT bytes=53102592 rate=25199bps elapsed=2107.3s
2026-05-16T00:08:07.834Z THROUGHPUT bytes=53356544 rate=25199bps elapsed=2117.4s
2026-05-16T00:08:17.917Z THROUGHPUT bytes=53610496 rate=25199bps elapsed=2127.5s
2026-05-16T00:08:28.010Z THROUGHPUT bytes=53866496 rate=25199bps elapsed=2137.6s
2026-05-16T00:08:38.025Z THROUGHPUT bytes=54118400 rate=25199bps elapsed=2147.6s
2026-05-16T00:08:48.062Z THROUGHPUT bytes=54370304 rate=25199bps elapsed=2157.6s
2026-05-16T00:08:58.135Z THROUGHPUT bytes=54626304 rate=25200bps elapsed=2167.7s
2026-05-16T00:09:08.211Z THROUGHPUT bytes=54878208 rate=25199bps elapsed=2177.8s
2026-05-16T00:09:18.242Z THROUGHPUT bytes=55132160 rate=25199bps elapsed=2187.8s
2026-05-16T00:09:28.273Z THROUGHPUT bytes=55384064 rate=25199bps elapsed=2197.8s
2026-05-16T00:09:38.446Z THROUGHPUT bytes=55640064 rate=25199bps elapsed=2208.0s
2026-05-16T00:09:48.592Z THROUGHPUT bytes=55896064 rate=25199bps elapsed=2218.1s
2026-05-16T00:09:58.604Z THROUGHPUT bytes=56147968 rate=25199bps elapsed=2228.2s
2026-05-16T00:10:08.662Z THROUGHPUT bytes=56401920 rate=25199bps elapsed=2238.2s
2026-05-16T00:10:18.762Z THROUGHPUT bytes=56655872 rate=25199bps elapsed=2248.3s
2026-05-16T00:10:28.832Z THROUGHPUT bytes=56909824 rate=25199bps elapsed=2258.4s
2026-05-16T00:10:38.982Z THROUGHPUT bytes=57165824 rate=25199bps elapsed=2268.5s
2026-05-16T00:10:49.140Z THROUGHPUT bytes=57421824 rate=25199bps elapsed=2278.7s
2026-05-16T00:10:59.238Z THROUGHPUT bytes=57677824 rate=25200bps elapsed=2288.8s
2026-05-16T00:11:09.375Z THROUGHPUT bytes=57931776 rate=25199bps elapsed=2298.9s
2026-05-16T00:11:19.549Z THROUGHPUT bytes=58187776 rate=25199bps elapsed=2309.1s
2026-05-16T00:11:29.614Z THROUGHPUT bytes=58441728 rate=25199bps elapsed=2319.2s
2026-05-16T00:11:39.747Z THROUGHPUT bytes=58697728 rate=25199bps elapsed=2329.3s
2026-05-16T00:11:49.934Z THROUGHPUT bytes=58953728 rate=25199bps elapsed=2339.5s
2026-05-16T00:12:00.105Z THROUGHPUT bytes=59209728 rate=25199bps elapsed=2349.7s
2026-05-16T00:12:10.241Z THROUGHPUT bytes=59465728 rate=25199bps elapsed=2359.8s
2026-05-16T00:12:20.279Z THROUGHPUT bytes=59719680 rate=25199bps elapsed=2369.8s
2026-05-16T00:12:30.330Z THROUGHPUT bytes=59971584 rate=25199bps elapsed=2379.9s
2026-05-16T00:12:40.347Z THROUGHPUT bytes=60225536 rate=25199bps elapsed=2389.9s
2026-05-16T00:12:50.453Z THROUGHPUT bytes=60479488 rate=25199bps elapsed=2400.0s
2026-05-16T00:13:00.557Z THROUGHPUT bytes=60733440 rate=25199bps elapsed=2410.1s
2026-05-16T00:13:10.645Z THROUGHPUT bytes=60987392 rate=25199bps elapsed=2420.2s
2026-05-16T00:13:20.802Z THROUGHPUT bytes=61243392 rate=25199bps elapsed=2430.4s
2026-05-16T00:13:30.953Z THROUGHPUT bytes=61499392 rate=25199bps elapsed=2440.5s
2026-05-16T00:13:41.112Z THROUGHPUT bytes=61755392 rate=25199bps elapsed=2450.7s
2026-05-16T00:13:51.173Z THROUGHPUT bytes=62009344 rate=25199bps elapsed=2460.7s
2026-05-16T00:14:01.210Z THROUGHPUT bytes=62263296 rate=25199bps elapsed=2470.8s
2026-05-16T00:14:11.294Z THROUGHPUT bytes=62517248 rate=25199bps elapsed=2480.9s
2026-05-16T00:14:21.340Z THROUGHPUT bytes=62769152 rate=25199bps elapsed=2490.9s
2026-05-16T00:14:31.407Z THROUGHPUT bytes=63023104 rate=25199bps elapsed=2501.0s
2026-05-16T00:14:41.580Z THROUGHPUT bytes=63279104 rate=25199bps elapsed=2511.1s
2026-05-16T00:14:51.646Z THROUGHPUT bytes=63533056 rate=25199bps elapsed=2521.2s
2026-05-16T00:15:01.647Z THROUGHPUT bytes=63784960 rate=25199bps elapsed=2531.2s
2026-05-16T00:15:11.698Z THROUGHPUT bytes=64038912 rate=25199bps elapsed=2541.3s
2026-05-16T00:15:21.810Z THROUGHPUT bytes=64292864 rate=25199bps elapsed=2551.4s
2026-05-16T00:15:31.938Z THROUGHPUT bytes=64548864 rate=25199bps elapsed=2561.5s
2026-05-16T00:15:42.029Z THROUGHPUT bytes=64802816 rate=25199bps elapsed=2571.6s
2026-05-16T00:15:52.040Z THROUGHPUT bytes=65054720 rate=25199bps elapsed=2581.6s
2026-05-16T00:16:02.091Z THROUGHPUT bytes=65308672 rate=25199bps elapsed=2591.6s
2026-05-16T00:16:12.126Z THROUGHPUT bytes=65562624 rate=25200bps elapsed=2601.7s
2026-05-16T00:16:22.258Z THROUGHPUT bytes=65816576 rate=25199bps elapsed=2611.8s
2026-05-16T00:16:32.271Z THROUGHPUT bytes=66068480 rate=25199bps elapsed=2621.8s
2026-05-16T00:16:42.271Z THROUGHPUT bytes=66320384 rate=25199bps elapsed=2631.8s
2026-05-16T00:16:52.422Z THROUGHPUT bytes=66576384 rate=25199bps elapsed=2642.0s
2026-05-16T00:17:02.504Z THROUGHPUT bytes=66830336 rate=25199bps elapsed=2652.1s
2026-05-16T00:17:12.608Z THROUGHPUT bytes=67086336 rate=25199bps elapsed=2662.2s
2026-05-16T00:17:22.700Z THROUGHPUT bytes=67340288 rate=25199bps elapsed=2672.2s
2026-05-16T00:17:32.721Z THROUGHPUT bytes=67592192 rate=25199bps elapsed=2682.3s
2026-05-16T00:17:42.916Z THROUGHPUT bytes=67848192 rate=25199bps elapsed=2692.5s
2026-05-16T00:17:53.053Z THROUGHPUT bytes=68104192 rate=25199bps elapsed=2702.6s
2026-05-16T00:18:03.237Z THROUGHPUT bytes=68360192 rate=25199bps elapsed=2712.8s
2026-05-16T00:18:13.315Z THROUGHPUT bytes=68614144 rate=25199bps elapsed=2722.8s
2026-05-16T00:18:23.470Z THROUGHPUT bytes=68870144 rate=25199bps elapsed=2733.0s
2026-05-16T00:18:33.538Z THROUGHPUT bytes=69124096 rate=25199bps elapsed=2743.1s
2026-05-16T00:18:43.625Z THROUGHPUT bytes=69378048 rate=25199bps elapsed=2753.2s
2026-05-16T00:18:53.637Z THROUGHPUT bytes=69632000 rate=25200bps elapsed=2763.2s
2026-05-16T00:19:03.779Z THROUGHPUT bytes=69885952 rate=25199bps elapsed=2773.3s
2026-05-16T00:19:13.805Z THROUGHPUT bytes=70141952 rate=25200bps elapsed=2783.3s
2026-05-16T00:19:23.935Z THROUGHPUT bytes=70393856 rate=25199bps elapsed=2793.5s
2026-05-16T00:19:33.980Z THROUGHPUT bytes=70649856 rate=25200bps elapsed=2803.5s
2026-05-16T00:19:44.085Z THROUGHPUT bytes=70901760 rate=25199bps elapsed=2813.6s
2026-05-16T00:19:54.092Z THROUGHPUT bytes=71153664 rate=25199bps elapsed=2823.6s
2026-05-16T00:20:04.112Z THROUGHPUT bytes=71409664 rate=25200bps elapsed=2833.6s
2026-05-16T00:20:14.125Z THROUGHPUT bytes=71659520 rate=25199bps elapsed=2843.7s
2026-05-16T00:20:24.302Z THROUGHPUT bytes=71915520 rate=25199bps elapsed=2853.8s
2026-05-16T00:20:34.365Z THROUGHPUT bytes=72169472 rate=25199bps elapsed=2863.9s
2026-05-16T00:20:44.532Z THROUGHPUT bytes=72425472 rate=25199bps elapsed=2874.1s
2026-05-16T00:20:54.581Z THROUGHPUT bytes=72679424 rate=25199bps elapsed=2884.1s
2026-05-16T00:21:04.663Z THROUGHPUT bytes=72933376 rate=25199bps elapsed=2894.2s
2026-05-16T00:21:14.716Z THROUGHPUT bytes=73187328 rate=25200bps elapsed=2904.2s
2026-05-16T00:21:24.865Z THROUGHPUT bytes=73441280 rate=25199bps elapsed=2914.4s
2026-05-16T00:21:34.996Z THROUGHPUT bytes=73697280 rate=25199bps elapsed=2924.5s
2026-05-16T00:21:45.170Z THROUGHPUT bytes=73953280 rate=25199bps elapsed=2934.7s
2026-05-16T00:21:55.219Z THROUGHPUT bytes=74207232 rate=25199bps elapsed=2944.8s
2026-05-16T00:22:05.255Z THROUGHPUT bytes=74459136 rate=25199bps elapsed=2954.8s
2026-05-16T00:22:15.419Z THROUGHPUT bytes=74715136 rate=25199bps elapsed=2965.0s
2026-05-16T00:22:25.433Z THROUGHPUT bytes=74971136 rate=25200bps elapsed=2975.0s
2026-05-16T00:22:35.575Z THROUGHPUT bytes=75223040 rate=25199bps elapsed=2985.1s
2026-05-16T00:22:45.653Z THROUGHPUT bytes=75476992 rate=25199bps elapsed=2995.2s
2026-05-16T00:22:55.706Z THROUGHPUT bytes=75730944 rate=25199bps elapsed=3005.2s
2026-05-16T00:23:05.879Z THROUGHPUT bytes=75986944 rate=25199bps elapsed=3015.4s
2026-05-16T00:23:16.044Z THROUGHPUT bytes=76242944 rate=25199bps elapsed=3025.6s
2026-05-16T00:23:26.078Z THROUGHPUT bytes=76498944 rate=25200bps elapsed=3035.6s
2026-05-16T00:23:36.200Z THROUGHPUT bytes=76750848 rate=25199bps elapsed=3045.7s
2026-05-16T00:23:46.353Z THROUGHPUT bytes=77006848 rate=25199bps elapsed=3055.9s
2026-05-16T00:23:56.353Z THROUGHPUT bytes=77258752 rate=25199bps elapsed=3065.9s
2026-05-16T00:24:06.518Z THROUGHPUT bytes=77514752 rate=25199bps elapsed=3076.1s
2026-05-16T00:24:16.563Z THROUGHPUT bytes=77770752 rate=25200bps elapsed=3086.1s
2026-05-16T00:24:26.638Z THROUGHPUT bytes=78022656 rate=25199bps elapsed=3096.2s
2026-05-16T00:24:36.714Z THROUGHPUT bytes=78276608 rate=25199bps elapsed=3106.2s
2026-05-16T00:24:46.821Z THROUGHPUT bytes=78530560 rate=25199bps elapsed=3116.4s
2026-05-16T00:24:56.964Z THROUGHPUT bytes=78786560 rate=25199bps elapsed=3126.5s
2026-05-16T00:25:07.085Z THROUGHPUT bytes=79042560 rate=25199bps elapsed=3136.6s
2026-05-16T00:25:17.216Z THROUGHPUT bytes=79296512 rate=25199bps elapsed=3146.7s
2026-05-16T00:25:27.377Z THROUGHPUT bytes=79552512 rate=25199bps elapsed=3156.9s
2026-05-16T00:25:37.526Z THROUGHPUT bytes=79808512 rate=25199bps elapsed=3167.1s
2026-05-16T00:25:47.550Z THROUGHPUT bytes=80062464 rate=25199bps elapsed=3177.1s
2026-05-16T00:25:57.564Z THROUGHPUT bytes=80316416 rate=25200bps elapsed=3187.1s
2026-05-16T00:26:07.759Z THROUGHPUT bytes=80570368 rate=25199bps elapsed=3197.3s
2026-05-16T00:26:17.879Z THROUGHPUT bytes=80826368 rate=25199bps elapsed=3207.4s
2026-05-16T00:26:28.081Z THROUGHPUT bytes=81082368 rate=25199bps elapsed=3217.6s
2026-05-16T00:26:38.215Z THROUGHPUT bytes=81338368 rate=25199bps elapsed=3227.7s
2026-05-16T00:26:48.259Z THROUGHPUT bytes=81592320 rate=25199bps elapsed=3237.8s
2026-05-16T00:26:58.290Z THROUGHPUT bytes=81844224 rate=25199bps elapsed=3247.8s
2026-05-16T00:27:08.397Z THROUGHPUT bytes=82098176 rate=25199bps elapsed=3257.9s
2026-05-16T00:27:18.447Z THROUGHPUT bytes=82354176 rate=25200bps elapsed=3268.0s
2026-05-16T00:27:28.465Z THROUGHPUT bytes=82604032 rate=25199bps elapsed=3278.0s
2026-05-16T00:27:38.632Z THROUGHPUT bytes=82860032 rate=25199bps elapsed=3288.2s
2026-05-16T00:27:48.668Z THROUGHPUT bytes=83113984 rate=25199bps elapsed=3298.2s
2026-05-16T00:27:58.701Z THROUGHPUT bytes=83365888 rate=25199bps elapsed=3308.2s
2026-05-16T00:28:08.782Z THROUGHPUT bytes=83619840 rate=25199bps elapsed=3318.3s
2026-05-16T00:28:18.849Z THROUGHPUT bytes=83873792 rate=25199bps elapsed=3328.4s
2026-05-16T00:28:29.006Z THROUGHPUT bytes=84129792 rate=25199bps elapsed=3338.5s
2026-05-16T00:28:39.012Z THROUGHPUT bytes=84383744 rate=25200bps elapsed=3348.5s
2026-05-16T00:28:49.066Z THROUGHPUT bytes=84637696 rate=25200bps elapsed=3358.6s
2026-05-16T00:28:59.162Z THROUGHPUT bytes=84889600 rate=25199bps elapsed=3368.7s
2026-05-16T00:29:09.237Z THROUGHPUT bytes=85143552 rate=25199bps elapsed=3378.8s
2026-05-16T00:29:19.294Z THROUGHPUT bytes=85397504 rate=25199bps elapsed=3388.8s
2026-05-16T00:29:29.321Z THROUGHPUT bytes=85649408 rate=25199bps elapsed=3398.9s
2026-05-16T00:29:39.465Z THROUGHPUT bytes=85905408 rate=25199bps elapsed=3409.0s
2026-05-16T00:29:49.505Z THROUGHPUT bytes=86159360 rate=25199bps elapsed=3419.0s
2026-05-16T00:29:59.574Z THROUGHPUT bytes=86413312 rate=25199bps elapsed=3429.1s
2026-05-16T00:30:09.590Z THROUGHPUT bytes=86665216 rate=25199bps elapsed=3439.1s
2026-05-16T00:30:19.775Z THROUGHPUT bytes=86921216 rate=25199bps elapsed=3449.3s
2026-05-16T00:30:29.835Z THROUGHPUT bytes=87175168 rate=25199bps elapsed=3459.4s
2026-05-16T00:30:39.862Z THROUGHPUT bytes=87427072 rate=25199bps elapsed=3469.4s
2026-05-16T00:30:49.924Z THROUGHPUT bytes=87681024 rate=25199bps elapsed=3479.5s
2026-05-16T00:31:00.083Z THROUGHPUT bytes=87937024 rate=25199bps elapsed=3489.6s
2026-05-16T00:31:10.254Z THROUGHPUT bytes=88193024 rate=25199bps elapsed=3499.8s
2026-05-16T00:31:20.336Z THROUGHPUT bytes=88449024 rate=25200bps elapsed=3509.9s
2026-05-16T00:31:30.407Z THROUGHPUT bytes=88700928 rate=25199bps elapsed=3519.9s
2026-05-16T00:31:40.549Z THROUGHPUT bytes=88956928 rate=25199bps elapsed=3530.1s
2026-05-16T00:31:50.646Z THROUGHPUT bytes=89210880 rate=25199bps elapsed=3540.2s
2026-05-16T00:32:00.674Z THROUGHPUT bytes=89464832 rate=25199bps elapsed=3550.2s
2026-05-16T00:32:10.747Z THROUGHPUT bytes=89718784 rate=25199bps elapsed=3560.3s
2026-05-16T00:32:20.793Z THROUGHPUT bytes=89970688 rate=25199bps elapsed=3570.3s
2026-05-16T00:32:30.934Z THROUGHPUT bytes=90226688 rate=25199bps elapsed=3580.5s
2026-05-16T00:32:40.994Z THROUGHPUT bytes=90480640 rate=25199bps elapsed=3590.5s
2026-05-16T00:32:51.074Z THROUGHPUT bytes=90736640 rate=25200bps elapsed=3600.6s
2026-05-16T00:33:01.101Z THROUGHPUT bytes=90986496 rate=25199bps elapsed=3610.6s
2026-05-16T00:33:11.173Z THROUGHPUT bytes=91240448 rate=25199bps elapsed=3620.7s
2026-05-16T00:33:21.265Z THROUGHPUT bytes=91496448 rate=25200bps elapsed=3630.8s
2026-05-16T00:33:31.374Z THROUGHPUT bytes=91750400 rate=25199bps elapsed=3640.9s
2026-05-16T00:33:41.421Z THROUGHPUT bytes=92002304 rate=25199bps elapsed=3651.0s
2026-05-16T00:33:51.475Z THROUGHPUT bytes=92256256 rate=25199bps elapsed=3661.0s
2026-05-16T00:34:01.492Z THROUGHPUT bytes=92510208 rate=25200bps elapsed=3671.0s
2026-05-16T00:34:11.527Z THROUGHPUT bytes=92762112 rate=25199bps elapsed=3681.1s
2026-05-16T00:34:21.714Z THROUGHPUT bytes=93018112 rate=25199bps elapsed=3691.2s
2026-05-16T00:34:31.804Z THROUGHPUT bytes=93272064 rate=25199bps elapsed=3701.3s
2026-05-16T00:34:41.920Z THROUGHPUT bytes=93528064 rate=25199bps elapsed=3711.5s
2026-05-16T00:34:52.043Z THROUGHPUT bytes=93782016 rate=25199bps elapsed=3721.6s
2026-05-16T00:35:02.120Z THROUGHPUT bytes=94035968 rate=25199bps elapsed=3731.7s
2026-05-16T00:35:12.182Z THROUGHPUT bytes=94289920 rate=25199bps elapsed=3741.7s
2026-05-16T00:35:22.254Z THROUGHPUT bytes=94545920 rate=25200bps elapsed=3751.8s
2026-05-16T00:35:32.334Z THROUGHPUT bytes=94797824 rate=25199bps elapsed=3761.9s
2026-05-16T00:35:42.424Z THROUGHPUT bytes=95051776 rate=25199bps elapsed=3772.0s
2026-05-16T00:35:50.910Z CLIENT_CONNECT 192.168.1.70:59396
2026-05-16T00:35:51.230Z STALL_START idle=317ms
2026-05-16T00:36:13.111Z STALL_END 22198ms
2026-05-16T00:36:13.119Z THROUGHPUT bytes=626 rate=28bps elapsed=22.2s
2026-05-16T00:36:13.333Z CLIENT_DISCONNECT send_error
2026-05-16T00:36:13.403Z CLIENT_CONNECT 192.168.1.70:59401
2026-05-16T00:36:23.409Z THROUGHPUT bytes=250483 rate=25032bps elapsed=10.0s
2026-05-16T00:36:33.483Z THROUGHPUT bytes=504435 rate=25121bps elapsed=20.1s
2026-05-16T00:36:43.559Z THROUGHPUT bytes=760435 rate=25216bps elapsed=30.2s
2026-05-16T00:36:53.706Z THROUGHPUT bytes=1014387 rate=25220bps elapsed=40.2s
2026-05-16T00:37:03.634Z THROUGHPUT bytes=1266291 rate=25210bps elapsed=50.2s
2026-05-16T00:37:13.724Z THROUGHPUT bytes=1520243 rate=25202bps elapsed=60.3s
2026-05-16T00:37:23.799Z THROUGHPUT bytes=1774195 rate=25203bps elapsed=70.4s
2026-05-16T00:37:33.805Z THROUGHPUT bytes=2028147 rate=25225bps elapsed=80.4s
2026-05-16T00:37:43.855Z THROUGHPUT bytes=2280051 rate=25207bps elapsed=90.5s
2026-05-16T00:37:53.869Z THROUGHPUT bytes=2531955 rate=25202bps elapsed=100.5s
2026-05-16T00:38:03.929Z THROUGHPUT bytes=2785907 rate=25206bps elapsed=110.5s
2026-05-16T00:38:14.019Z THROUGHPUT bytes=3039859 rate=25202bps elapsed=120.6s
2026-05-16T00:38:24.097Z THROUGHPUT bytes=3293811 rate=25202bps elapsed=130.7s
2026-05-16T00:38:34.174Z THROUGHPUT bytes=3547763 rate=25202bps elapsed=140.8s
2026-05-16T00:38:44.211Z THROUGHPUT bytes=3801715 rate=25209bps elapsed=150.8s
2026-05-16T00:38:54.226Z THROUGHPUT bytes=4053619 rate=25205bps elapsed=160.8s
2026-05-16T00:39:04.251Z THROUGHPUT bytes=4305523 rate=25200bps elapsed=170.8s
2026-05-16T00:39:14.327Z THROUGHPUT bytes=4559475 rate=25201bps elapsed=180.9s
2026-05-16T00:39:24.376Z THROUGHPUT bytes=4813427 rate=25204bps elapsed=191.0s
2026-05-16T00:39:34.476Z THROUGHPUT bytes=5067379 rate=25201bps elapsed=201.1s
2026-05-16T00:39:44.555Z THROUGHPUT bytes=5321331 rate=25201bps elapsed=211.2s
2026-05-16T00:39:54.571Z THROUGHPUT bytes=5575283 rate=25208bps elapsed=221.2s
2026-05-16T00:40:04.633Z THROUGHPUT bytes=5827187 rate=25200bps elapsed=231.2s
2026-05-16T00:40:14.709Z THROUGHPUT bytes=6081139 rate=25200bps elapsed=241.3s
2026-05-16T00:40:24.735Z THROUGHPUT bytes=6335091 rate=25206bps elapsed=251.3s
2026-05-16T00:40:34.783Z THROUGHPUT bytes=6586995 rate=25200bps elapsed=261.4s
2026-05-16T00:40:44.851Z THROUGHPUT bytes=6840947 rate=25201bps elapsed=271.4s
2026-05-16T00:40:54.938Z THROUGHPUT bytes=7094899 rate=25200bps elapsed=281.5s
2026-05-16T00:41:04.959Z THROUGHPUT bytes=7348851 rate=25205bps elapsed=291.6s
2026-05-16T00:41:14.987Z THROUGHPUT bytes=7600755 rate=25203bps elapsed=301.6s
2026-05-16T00:41:25.042Z THROUGHPUT bytes=7854707 rate=25205bps elapsed=311.6s
2026-05-16T00:41:35.154Z THROUGHPUT bytes=8108659 rate=25202bps elapsed=321.7s
2026-05-16T00:41:45.162Z THROUGHPUT bytes=8360563 rate=25200bps elapsed=331.8s
2026-05-16T00:41:55.230Z THROUGHPUT bytes=8614515 rate=25201bps elapsed=341.8s
2026-05-16T00:42:05.274Z THROUGHPUT bytes=8868467 rate=25204bps elapsed=351.9s
2026-05-16T00:42:15.394Z THROUGHPUT bytes=9122419 rate=25200bps elapsed=362.0s
2026-05-16T00:42:25.459Z THROUGHPUT bytes=9376371 rate=25201bps elapsed=372.1s
2026-05-16T00:42:35.547Z THROUGHPUT bytes=9630323 rate=25200bps elapsed=382.1s
2026-05-16T00:42:45.620Z THROUGHPUT bytes=9884275 rate=25201bps elapsed=392.2s
2026-05-16T00:42:55.706Z THROUGHPUT bytes=10138227 rate=25200bps elapsed=402.3s
2026-05-16T00:43:05.716Z THROUGHPUT bytes=10392179 rate=25204bps elapsed=412.3s
2026-05-16T00:43:15.779Z THROUGHPUT bytes=10644083 rate=25200bps elapsed=422.4s
2026-05-16T00:43:25.815Z THROUGHPUT bytes=10898035 rate=25202bps elapsed=432.4s
2026-05-16T00:43:35.826Z THROUGHPUT bytes=11149939 rate=25201bps elapsed=442.4s
2026-05-16T00:43:45.832Z THROUGHPUT bytes=11401843 rate=25201bps elapsed=452.4s
2026-05-16T00:43:55.925Z THROUGHPUT bytes=11655795 rate=25200bps elapsed=462.5s
2026-05-16T00:44:06.004Z THROUGHPUT bytes=11909747 rate=25200bps elapsed=472.6s
2026-05-16T00:44:16.055Z THROUGHPUT bytes=12163699 rate=25201bps elapsed=482.7s
2026-05-16T00:44:26.159Z THROUGHPUT bytes=12417651 rate=25200bps elapsed=492.8s
2026-05-16T00:44:36.180Z THROUGHPUT bytes=12671603 rate=25203bps elapsed=502.8s
2026-05-16T00:44:46.207Z THROUGHPUT bytes=12923507 rate=25201bps elapsed=512.8s
2026-05-16T00:44:56.230Z THROUGHPUT bytes=13175411 rate=25200bps elapsed=522.8s
2026-05-16T00:45:06.293Z THROUGHPUT bytes=13429363 rate=25201bps elapsed=532.9s
2026-05-16T00:45:16.385Z THROUGHPUT bytes=13683315 rate=25200bps elapsed=543.0s
2026-05-16T00:45:26.422Z THROUGHPUT bytes=13937267 rate=25202bps elapsed=553.0s
2026-05-16T00:45:36.432Z THROUGHPUT bytes=14189171 rate=25201bps elapsed=563.0s
2026-05-16T00:45:46.550Z THROUGHPUT bytes=14443123 rate=25200bps elapsed=573.1s
2026-05-16T00:45:56.637Z THROUGHPUT bytes=14697075 rate=25200bps elapsed=583.2s
2026-05-16T00:46:06.717Z THROUGHPUT bytes=14951027 rate=25200bps elapsed=593.3s
2026-05-16T00:46:16.805Z THROUGHPUT bytes=15204979 rate=25200bps elapsed=603.4s
2026-05-16T00:46:26.899Z THROUGHPUT bytes=15458931 rate=25200bps elapsed=613.4s
2026-05-16T00:46:36.964Z THROUGHPUT bytes=15712883 rate=25200bps elapsed=623.5s
2026-05-16T00:46:47.039Z THROUGHPUT bytes=15966835 rate=25200bps elapsed=633.6s
2026-05-16T00:46:57.114Z THROUGHPUT bytes=16220787 rate=25200bps elapsed=643.7s
2026-05-16T00:47:07.154Z THROUGHPUT bytes=16474739 rate=25201bps elapsed=653.7s
2026-05-16T00:47:17.192Z THROUGHPUT bytes=16726643 rate=25200bps elapsed=663.7s
2026-05-16T00:47:27.229Z THROUGHPUT bytes=16980595 rate=25201bps elapsed=673.8s
2026-05-16T00:47:37.264Z THROUGHPUT bytes=17232499 rate=25200bps elapsed=683.8s
2026-05-16T00:47:47.301Z THROUGHPUT bytes=17486451 rate=25201bps elapsed=693.9s
2026-05-16T00:47:57.335Z THROUGHPUT bytes=17738355 rate=25200bps elapsed=703.9s
2026-05-16T00:48:07.419Z THROUGHPUT bytes=17992307 rate=25200bps elapsed=714.0s
2026-05-16T00:48:17.460Z THROUGHPUT bytes=18246259 rate=25201bps elapsed=724.0s
2026-05-16T00:48:27.543Z THROUGHPUT bytes=18500211 rate=25201bps elapsed=734.1s
2026-05-16T00:48:37.645Z THROUGHPUT bytes=18754163 rate=25200bps elapsed=744.2s
2026-05-16T00:48:47.727Z THROUGHPUT bytes=19008115 rate=25200bps elapsed=754.3s
2026-05-16T00:48:57.740Z THROUGHPUT bytes=19262067 rate=25202bps elapsed=764.3s
2026-05-16T00:49:07.793Z THROUGHPUT bytes=19511923 rate=25198bps elapsed=774.3s
2026-05-16T00:49:17.864Z THROUGHPUT bytes=19767923 rate=25201bps elapsed=784.4s
2026-05-16T00:49:27.855Z THROUGHPUT bytes=20019827 rate=25200bps elapsed=794.4s
2026-05-16T00:49:37.951Z THROUGHPUT bytes=20273779 rate=25200bps elapsed=804.5s
2026-05-16T00:49:47.980Z THROUGHPUT bytes=20527731 rate=25201bps elapsed=814.5s
2026-05-16T00:49:58.022Z THROUGHPUT bytes=20779635 rate=25200bps elapsed=824.6s
2026-05-16T00:50:08.096Z THROUGHPUT bytes=21033587 rate=25200bps elapsed=834.7s
2026-05-16T00:50:18.122Z THROUGHPUT bytes=21287539 rate=25201bps elapsed=844.7s
2026-05-16T00:50:28.158Z THROUGHPUT bytes=21539443 rate=25200bps elapsed=854.7s
2026-05-16T00:50:38.249Z THROUGHPUT bytes=21793395 rate=25200bps elapsed=864.8s
2026-05-16T00:50:48.276Z THROUGHPUT bytes=22047347 rate=25201bps elapsed=874.8s
2026-05-16T00:50:58.407Z THROUGHPUT bytes=22301299 rate=25200bps elapsed=885.0s
2026-05-16T00:51:08.420Z THROUGHPUT bytes=22555251 rate=25202bps elapsed=895.0s
2026-05-16T00:51:18.431Z THROUGHPUT bytes=22807155 rate=25201bps elapsed=905.0s
2026-05-16T00:51:28.457Z THROUGHPUT bytes=23059059 rate=25200bps elapsed=915.0s
2026-05-16T00:51:38.467Z THROUGHPUT bytes=23310963 rate=25200bps elapsed=925.0s
2026-05-16T00:51:48.553Z THROUGHPUT bytes=23564915 rate=25200bps elapsed=935.1s
2026-05-16T00:51:58.630Z THROUGHPUT bytes=23818867 rate=25200bps elapsed=945.2s
2026-05-16T00:52:08.637Z THROUGHPUT bytes=24072819 rate=25202bps elapsed=955.2s
2026-05-16T00:52:18.782Z THROUGHPUT bytes=24326771 rate=25200bps elapsed=965.3s
2026-05-16T00:52:28.832Z THROUGHPUT bytes=24580723 rate=25201bps elapsed=975.4s
2026-05-16T00:52:38.857Z THROUGHPUT bytes=24832627 rate=25200bps elapsed=985.4s
2026-05-16T00:52:48.914Z THROUGHPUT bytes=25086579 rate=25200bps elapsed=995.5s
2026-05-16T00:52:58.998Z THROUGHPUT bytes=25340531 rate=25200bps elapsed=1005.6s
2026-05-16T00:53:09.076Z THROUGHPUT bytes=25594483 rate=25200bps elapsed=1015.6s
2026-05-16T00:53:19.167Z THROUGHPUT bytes=25848435 rate=25200bps elapsed=1025.7s
2026-05-16T00:53:29.167Z THROUGHPUT bytes=26100339 rate=25200bps elapsed=1035.7s
2026-05-16T00:53:39.194Z THROUGHPUT bytes=26354291 rate=25201bps elapsed=1045.7s
2026-05-16T00:53:49.238Z THROUGHPUT bytes=26606195 rate=25200bps elapsed=1055.8s
2026-05-16T00:53:59.309Z THROUGHPUT bytes=26860147 rate=25200bps elapsed=1065.9s
2026-05-16T00:54:09.315Z THROUGHPUT bytes=27112051 rate=25200bps elapsed=1075.9s
2026-05-16T00:54:19.358Z THROUGHPUT bytes=27366003 rate=25200bps elapsed=1085.9s
2026-05-16T00:54:29.379Z THROUGHPUT bytes=27617907 rate=25200bps elapsed=1095.9s
2026-05-16T00:54:39.467Z THROUGHPUT bytes=27871859 rate=25200bps elapsed=1106.0s
2026-05-16T00:54:49.496Z THROUGHPUT bytes=28125811 rate=25201bps elapsed=1116.0s
2026-05-16T00:54:59.507Z THROUGHPUT bytes=28377715 rate=25200bps elapsed=1126.1s
2026-05-16T00:55:09.613Z THROUGHPUT bytes=28631667 rate=25200bps elapsed=1136.2s
2026-05-16T00:55:19.662Z THROUGHPUT bytes=28885619 rate=25200bps elapsed=1146.2s
2026-05-16T00:55:29.784Z THROUGHPUT bytes=29139571 rate=25200bps elapsed=1156.3s
2026-05-16T00:55:39.831Z THROUGHPUT bytes=29393523 rate=25200bps elapsed=1166.4s
2026-05-16T00:55:49.918Z THROUGHPUT bytes=29647475 rate=25200bps elapsed=1176.5s
2026-05-16T00:55:59.922Z THROUGHPUT bytes=29899379 rate=25200bps elapsed=1186.5s
2026-05-16T00:56:10.002Z THROUGHPUT bytes=30153331 rate=25200bps elapsed=1196.6s
2026-05-16T00:56:20.008Z THROUGHPUT bytes=30407283 rate=25201bps elapsed=1206.6s
2026-05-16T00:56:30.065Z THROUGHPUT bytes=30659187 rate=25200bps elapsed=1216.6s
2026-05-16T00:56:40.152Z THROUGHPUT bytes=30913139 rate=25200bps elapsed=1226.7s
2026-05-16T00:56:50.210Z THROUGHPUT bytes=31167091 rate=25200bps elapsed=1236.8s
2026-05-16T00:57:00.305Z THROUGHPUT bytes=31421043 rate=25200bps elapsed=1246.9s
2026-05-16T00:57:10.381Z THROUGHPUT bytes=31674995 rate=25200bps elapsed=1256.9s
2026-05-16T00:57:20.434Z THROUGHPUT bytes=31926899 rate=25200bps elapsed=1266.9s
2026-05-16T00:57:30.417Z THROUGHPUT bytes=32180851 rate=25200bps elapsed=1277.0s
2026-05-16T00:57:40.507Z THROUGHPUT bytes=32434803 rate=25200bps elapsed=1287.1s
2026-05-16T00:57:50.520Z THROUGHPUT bytes=32686707 rate=25200bps elapsed=1297.1s
2026-05-16T00:58:00.526Z THROUGHPUT bytes=32938611 rate=25200bps elapsed=1307.1s
2026-05-16T00:58:10.536Z THROUGHPUT bytes=33192563 rate=25201bps elapsed=1317.1s
2026-05-16T00:58:20.547Z THROUGHPUT bytes=33444467 rate=25201bps elapsed=1327.1s
2026-05-16T00:58:30.566Z THROUGHPUT bytes=33696371 rate=25200bps elapsed=1337.1s
2026-05-16T00:58:40.575Z THROUGHPUT bytes=33948275 rate=25200bps elapsed=1347.1s
2026-05-16T00:58:50.592Z THROUGHPUT bytes=34200179 rate=25200bps elapsed=1357.1s
2026-05-16T00:59:00.668Z THROUGHPUT bytes=34454131 rate=25200bps elapsed=1367.2s
2026-05-16T00:59:10.742Z THROUGHPUT bytes=34708083 rate=25200bps elapsed=1377.3s
2026-05-16T00:59:20.778Z THROUGHPUT bytes=34962035 rate=25200bps elapsed=1387.3s
2026-05-16T00:59:30.779Z THROUGHPUT bytes=35213939 rate=25200bps elapsed=1397.3s
2026-05-16T00:59:40.812Z THROUGHPUT bytes=35465843 rate=25200bps elapsed=1407.4s
2026-05-16T00:59:50.834Z THROUGHPUT bytes=35719795 rate=25201bps elapsed=1417.4s
2026-05-16T01:00:00.864Z THROUGHPUT bytes=35971699 rate=25200bps elapsed=1427.4s
2026-05-16T01:00:10.919Z THROUGHPUT bytes=36225651 rate=25201bps elapsed=1437.5s
2026-05-16T01:00:21.045Z THROUGHPUT bytes=36479603 rate=25200bps elapsed=1447.6s
2026-05-16T01:00:31.114Z THROUGHPUT bytes=36733555 rate=25200bps elapsed=1457.7s
2026-05-16T01:00:41.115Z THROUGHPUT bytes=36985459 rate=25200bps elapsed=1467.7s
2026-05-16T01:00:51.183Z THROUGHPUT bytes=37239411 rate=25200bps elapsed=1477.7s
2026-05-16T01:01:01.278Z THROUGHPUT bytes=37493363 rate=25200bps elapsed=1487.8s
2026-05-16T01:01:11.303Z THROUGHPUT bytes=37747315 rate=25200bps elapsed=1497.9s
2026-05-16T01:01:14.305Z CLIENT_DISCONNECT send_error
2026-05-16T01:01:21.323Z THROUGHPUT bytes=37999219 rate=25200bps elapsed=1507.9s
2026-05-16T01:01:31.346Z THROUGHPUT bytes=38251123 rate=25200bps elapsed=1517.9s
2026-05-16T01:01:41.418Z THROUGHPUT bytes=38505075 rate=25200bps elapsed=1528.0s
2026-05-16T01:01:51.474Z THROUGHPUT bytes=38759027 rate=25200bps elapsed=1538.0s
2026-05-16T01:02:01.572Z THROUGHPUT bytes=39012979 rate=25200bps elapsed=1548.1s
2026-05-16T01:02:11.649Z THROUGHPUT bytes=39266931 rate=25200bps elapsed=1558.2s
2026-05-16T01:02:21.724Z THROUGHPUT bytes=39520883 rate=25200bps elapsed=1568.3s
2026-05-16T01:02:31.730Z THROUGHPUT bytes=39772787 rate=25200bps elapsed=1578.3s
2026-05-16T01:02:41.799Z THROUGHPUT bytes=40026739 rate=25200bps elapsed=1588.3s
2026-05-16T01:02:51.859Z THROUGHPUT bytes=40280691 rate=25200bps elapsed=1598.4s
2026-05-16T01:03:01.864Z THROUGHPUT bytes=40532595 rate=25200bps elapsed=1608.4s
2026-05-16T01:03:11.950Z THROUGHPUT bytes=40786547 rate=25200bps elapsed=1618.5s
2026-05-16T01:03:21.954Z THROUGHPUT bytes=41038451 rate=25200bps elapsed=1628.5s
2026-05-16T01:03:32.021Z THROUGHPUT bytes=41292403 rate=25200bps elapsed=1638.6s
2026-05-16T01:03:42.087Z THROUGHPUT bytes=41546355 rate=25200bps elapsed=1648.6s
2026-05-16T01:03:52.172Z THROUGHPUT bytes=41800307 rate=25200bps elapsed=1658.7s
2026-05-16T01:04:02.235Z THROUGHPUT bytes=42054259 rate=25200bps elapsed=1668.8s
2026-05-16T01:04:12.335Z THROUGHPUT bytes=42308211 rate=25200bps elapsed=1678.9s
2026-05-16T01:04:22.371Z THROUGHPUT bytes=42562163 rate=25200bps elapsed=1688.9s
2026-05-16T01:04:32.414Z THROUGHPUT bytes=42814067 rate=25200bps elapsed=1699.0s
2026-05-16T01:04:42.455Z THROUGHPUT bytes=43068019 rate=25200bps elapsed=1709.0s
2026-05-16T01:04:52.491Z THROUGHPUT bytes=43319923 rate=25200bps elapsed=1719.0s
2026-05-16T01:05:02.569Z THROUGHPUT bytes=43573875 rate=25200bps elapsed=1729.1s
2026-05-16T01:05:12.646Z THROUGHPUT bytes=43827827 rate=25200bps elapsed=1739.2s
2026-05-16T01:05:22.663Z THROUGHPUT bytes=44081779 rate=25200bps elapsed=1749.2s
2026-05-16T01:05:32.677Z THROUGHPUT bytes=44333683 rate=25200bps elapsed=1759.2s
2026-05-16T01:05:42.683Z THROUGHPUT bytes=44585587 rate=25200bps elapsed=1769.2s
2026-05-16T01:05:52.712Z THROUGHPUT bytes=44837491 rate=25200bps elapsed=1779.3s
2026-05-16T01:06:02.755Z THROUGHPUT bytes=45091443 rate=25200bps elapsed=1789.3s
2026-05-16T01:06:12.776Z THROUGHPUT bytes=45343347 rate=25200bps elapsed=1799.3s
2026-05-16T01:06:22.868Z THROUGHPUT bytes=45597299 rate=25200bps elapsed=1809.4s
2026-05-16T01:06:32.876Z THROUGHPUT bytes=45851251 rate=25201bps elapsed=1819.4s
2026-05-16T01:06:42.884Z THROUGHPUT bytes=46103155 rate=25200bps elapsed=1829.4s
2026-05-16T01:06:52.915Z THROUGHPUT bytes=46355059 rate=25200bps elapsed=1839.5s
2026-05-16T01:07:03.007Z THROUGHPUT bytes=46609011 rate=25200bps elapsed=1849.6s
2026-05-16T01:07:13.008Z THROUGHPUT bytes=46860915 rate=25200bps elapsed=1859.6s
2026-05-16T01:07:23.016Z THROUGHPUT bytes=47114867 rate=25201bps elapsed=1869.6s
2026-05-16T01:07:33.057Z THROUGHPUT bytes=47366771 rate=25200bps elapsed=1879.6s
2026-05-16T01:07:43.078Z THROUGHPUT bytes=47618675 rate=25200bps elapsed=1889.6s
2026-05-16T01:07:53.103Z THROUGHPUT bytes=47872627 rate=25200bps elapsed=1899.6s
2026-05-16T01:08:03.128Z THROUGHPUT bytes=48124531 rate=25200bps elapsed=1909.7s
2026-05-16T01:08:13.229Z THROUGHPUT bytes=48378483 rate=25200bps elapsed=1919.8s
2026-05-16T01:08:23.243Z THROUGHPUT bytes=48632435 rate=25200bps elapsed=1929.8s
2026-05-16T01:08:33.270Z THROUGHPUT bytes=48884339 rate=25200bps elapsed=1939.8s
2026-05-16T01:08:43.381Z THROUGHPUT bytes=49138291 rate=25200bps elapsed=1949.9s
2026-05-16T01:08:53.410Z THROUGHPUT bytes=49392243 rate=25200bps elapsed=1960.0s
2026-05-16T01:09:03.532Z THROUGHPUT bytes=49646195 rate=25200bps elapsed=1970.1s
2026-05-16T01:09:13.580Z THROUGHPUT bytes=49900147 rate=25200bps elapsed=1980.1s
2026-05-16T01:09:23.687Z THROUGHPUT bytes=50154099 rate=25200bps elapsed=1990.2s
2026-05-16T01:09:33.770Z THROUGHPUT bytes=50408051 rate=25200bps elapsed=2000.3s
2026-05-16T01:09:43.840Z THROUGHPUT bytes=50662003 rate=25200bps elapsed=2010.4s
2026-05-16T01:09:53.923Z THROUGHPUT bytes=50915955 rate=25200bps elapsed=2020.5s
2026-05-16T01:10:03.979Z THROUGHPUT bytes=51169907 rate=25200bps elapsed=2030.5s
2026-05-16T01:10:13.994Z THROUGHPUT bytes=51421811 rate=25200bps elapsed=2040.5s
2026-05-16T01:10:24.291Z THROUGHPUT bytes=51675763 rate=25200bps elapsed=2050.6s
2026-05-16T01:10:34.117Z THROUGHPUT bytes=51929715 rate=25200bps elapsed=2060.6s
2026-05-16T01:10:44.230Z THROUGHPUT bytes=52181619 rate=25200bps elapsed=2070.7s
2026-05-16T01:10:54.327Z THROUGHPUT bytes=52435571 rate=25200bps elapsed=2080.8s
2026-05-16T01:11:04.308Z THROUGHPUT bytes=52689523 rate=25200bps elapsed=2090.8s
2026-05-16T01:11:14.352Z THROUGHPUT bytes=52943475 rate=25200bps elapsed=2100.9s
2026-05-16T01:11:24.382Z THROUGHPUT bytes=53195379 rate=25200bps elapsed=2110.9s
2026-05-16T01:11:34.419Z THROUGHPUT bytes=53449331 rate=25200bps elapsed=2120.9s
2026-05-16T01:11:44.420Z THROUGHPUT bytes=53701235 rate=25200bps elapsed=2131.0s
2026-05-16T01:11:54.430Z THROUGHPUT bytes=53953139 rate=25200bps elapsed=2141.0s
2026-05-16T01:12:04.444Z THROUGHPUT bytes=54205043 rate=25200bps elapsed=2151.0s
2026-05-16T01:12:14.495Z THROUGHPUT bytes=54458995 rate=25200bps elapsed=2161.0s
2026-05-16T01:12:24.530Z THROUGHPUT bytes=54712947 rate=25200bps elapsed=2171.1s
2026-05-16T01:12:34.560Z THROUGHPUT bytes=54964851 rate=25200bps elapsed=2181.1s
2026-05-16T01:12:44.586Z THROUGHPUT bytes=55216755 rate=25200bps elapsed=2191.1s
2026-05-16T01:12:54.671Z THROUGHPUT bytes=55470707 rate=25200bps elapsed=2201.2s
2026-05-16T01:13:04.718Z THROUGHPUT bytes=55724659 rate=25200bps elapsed=2211.3s
2026-05-16T01:13:14.731Z THROUGHPUT bytes=55976563 rate=25200bps elapsed=2221.3s
2026-05-16T01:13:24.796Z THROUGHPUT bytes=56230515 rate=25200bps elapsed=2231.3s
2026-05-16T01:13:34.797Z THROUGHPUT bytes=56482419 rate=25200bps elapsed=2241.3s
2026-05-16T01:13:44.804Z THROUGHPUT bytes=56734323 rate=25200bps elapsed=2251.3s
2026-05-16T01:13:54.888Z THROUGHPUT bytes=56988275 rate=25200bps elapsed=2261.4s
2026-05-16T01:14:04.945Z THROUGHPUT bytes=57242227 rate=25200bps elapsed=2271.5s
2026-05-16T01:14:14.966Z THROUGHPUT bytes=57494131 rate=25200bps elapsed=2281.5s
2026-05-16T01:14:25.019Z THROUGHPUT bytes=57748083 rate=25200bps elapsed=2291.5s
2026-05-16T01:14:35.038Z THROUGHPUT bytes=57999987 rate=25200bps elapsed=2301.6s
2026-05-16T01:14:45.102Z THROUGHPUT bytes=58253939 rate=25200bps elapsed=2311.6s
2026-05-16T01:14:55.190Z THROUGHPUT bytes=58507891 rate=25200bps elapsed=2321.7s
2026-05-16T01:15:05.261Z THROUGHPUT bytes=58761843 rate=25200bps elapsed=2331.8s
2026-05-16T01:15:15.268Z THROUGHPUT bytes=59013747 rate=25200bps elapsed=2341.8s
2026-05-16T01:15:25.293Z THROUGHPUT bytes=59267699 rate=25200bps elapsed=2351.8s
2026-05-16T01:15:35.424Z THROUGHPUT bytes=59521651 rate=25200bps elapsed=2362.0s
2026-05-16T01:15:45.454Z THROUGHPUT bytes=59775603 rate=25200bps elapsed=2372.0s
2026-05-16T01:15:55.455Z THROUGHPUT bytes=60027507 rate=25200bps elapsed=2382.0s
2026-05-16T01:16:05.493Z THROUGHPUT bytes=60279411 rate=25200bps elapsed=2392.0s
2026-05-16T01:16:15.584Z THROUGHPUT bytes=60533363 rate=25200bps elapsed=2402.1s
2026-05-16T01:16:25.537Z THROUGHPUT bytes=60785267 rate=25200bps elapsed=2412.1s
2026-05-16T01:16:35.645Z THROUGHPUT bytes=61039219 rate=25200bps elapsed=2422.2s
2026-05-16T01:16:45.730Z THROUGHPUT bytes=61293171 rate=25200bps elapsed=2432.3s
2026-05-16T01:16:55.779Z THROUGHPUT bytes=61547123 rate=25200bps elapsed=2442.3s
2026-05-16T01:17:05.803Z THROUGHPUT bytes=61799027 rate=25200bps elapsed=2452.3s
2026-05-16T01:17:15.926Z THROUGHPUT bytes=62052979 rate=25200bps elapsed=2462.4s
2026-05-16T01:17:25.901Z THROUGHPUT bytes=62306931 rate=25200bps elapsed=2472.4s
2026-05-16T01:17:35.901Z THROUGHPUT bytes=62558835 rate=25200bps elapsed=2482.4s
2026-05-16T01:17:46.042Z THROUGHPUT bytes=62812787 rate=25200bps elapsed=2492.6s
2026-05-16T01:17:56.111Z THROUGHPUT bytes=63066739 rate=25200bps elapsed=2502.6s
2026-05-16T01:18:06.182Z THROUGHPUT bytes=63320691 rate=25200bps elapsed=2512.7s
2026-05-16T01:18:16.263Z THROUGHPUT bytes=63574643 rate=25200bps elapsed=2522.8s
2026-05-16T01:18:26.290Z THROUGHPUT bytes=63828595 rate=25200bps elapsed=2532.8s
2026-05-16T01:18:36.419Z THROUGHPUT bytes=64082547 rate=25200bps elapsed=2543.0s
2026-05-16T01:18:46.486Z THROUGHPUT bytes=64336499 rate=25200bps elapsed=2553.0s
2026-05-16T01:18:56.575Z THROUGHPUT bytes=64590451 rate=25200bps elapsed=2563.1s
2026-05-16T01:19:06.589Z THROUGHPUT bytes=64844403 rate=25200bps elapsed=2573.1s
2026-05-16T01:19:16.648Z THROUGHPUT bytes=65096307 rate=25200bps elapsed=2583.2s
2026-05-16T01:19:26.704Z THROUGHPUT bytes=65350259 rate=25200bps elapsed=2593.2s
2026-05-16T01:19:36.702Z THROUGHPUT bytes=65602163 rate=25200bps elapsed=2603.2s
2026-05-16T01:19:46.798Z THROUGHPUT bytes=65856115 rate=25200bps elapsed=2613.3s
2026-05-16T01:19:56.863Z THROUGHPUT bytes=66110067 rate=25200bps elapsed=2623.4s
2026-05-16T01:20:06.923Z THROUGHPUT bytes=66364019 rate=25200bps elapsed=2633.5s
2026-05-16T01:20:16.947Z THROUGHPUT bytes=66615923 rate=25200bps elapsed=2643.5s
2026-05-16T01:20:26.949Z THROUGHPUT bytes=66867827 rate=25200bps elapsed=2653.5s
2026-05-16T01:20:36.990Z THROUGHPUT bytes=67121779 rate=25200bps elapsed=2663.5s
2026-05-16T01:20:47.007Z THROUGHPUT bytes=67373683 rate=25200bps elapsed=2673.5s
2026-05-16T01:20:57.014Z THROUGHPUT bytes=67625587 rate=25200bps elapsed=2683.5s
2026-05-16T01:21:07.016Z THROUGHPUT bytes=67877491 rate=25200bps elapsed=2693.5s
2026-05-16T01:21:17.024Z THROUGHPUT bytes=68131443 rate=25200bps elapsed=2703.6s
2026-05-16T01:21:27.081Z THROUGHPUT bytes=68383347 rate=25200bps elapsed=2713.6s
2026-05-16T01:21:37.082Z THROUGHPUT bytes=68635251 rate=25200bps elapsed=2723.6s
2026-05-16T01:21:47.163Z THROUGHPUT bytes=68889203 rate=25200bps elapsed=2733.7s
2026-05-16T01:21:57.178Z THROUGHPUT bytes=69143155 rate=25200bps elapsed=2743.7s
2026-05-16T01:22:07.193Z THROUGHPUT bytes=69395059 rate=25200bps elapsed=2753.7s
2026-05-16T01:22:17.224Z THROUGHPUT bytes=69646963 rate=25200bps elapsed=2763.8s
2026-05-16T01:22:27.225Z THROUGHPUT bytes=69898867 rate=25200bps elapsed=2773.8s
2026-05-16T01:22:37.263Z THROUGHPUT bytes=70152819 rate=25200bps elapsed=2783.8s
2026-05-16T01:22:47.344Z THROUGHPUT bytes=70406771 rate=25200bps elapsed=2793.9s
2026-05-16T01:22:57.349Z THROUGHPUT bytes=70658675 rate=25200bps elapsed=2803.9s
2026-05-16T01:23:07.449Z THROUGHPUT bytes=70912627 rate=25200bps elapsed=2814.0s
2026-05-16T01:23:17.494Z THROUGHPUT bytes=71166579 rate=25200bps elapsed=2824.0s
2026-05-16T01:23:27.532Z THROUGHPUT bytes=71418483 rate=25200bps elapsed=2834.1s
2026-05-16T01:23:37.606Z THROUGHPUT bytes=71672435 rate=25200bps elapsed=2844.1s
2026-05-16T01:23:47.656Z THROUGHPUT bytes=71926387 rate=25200bps elapsed=2854.2s
2026-05-16T01:23:57.739Z THROUGHPUT bytes=72180339 rate=25200bps elapsed=2864.3s
2026-05-16T01:24:07.763Z THROUGHPUT bytes=72432243 rate=25200bps elapsed=2874.3s
2026-05-16T01:24:17.795Z THROUGHPUT bytes=72686195 rate=25200bps elapsed=2884.3s
2026-05-16T01:24:27.808Z THROUGHPUT bytes=72938099 rate=25200bps elapsed=2894.3s
2026-05-16T01:24:37.820Z THROUGHPUT bytes=73190003 rate=25200bps elapsed=2904.3s
2026-05-16T01:24:44.239Z CLIENT_CONNECT 192.168.1.70:60866
2026-05-16T01:24:54.309Z THROUGHPUT bytes=253952 rate=25222bps elapsed=10.1s
2026-05-16T01:24:59.248Z CLIENT_DISCONNECT send_error
2026-05-16T01:25:04.375Z THROUGHPUT bytes=507904 rate=25224bps elapsed=20.1s
2026-05-16T01:25:14.435Z THROUGHPUT bytes=761856 rate=25231bps elapsed=30.2s
2026-05-16T01:25:24.452Z THROUGHPUT bytes=1013760 rate=25210bps elapsed=40.2s
2026-05-16T01:25:34.465Z THROUGHPUT bytes=1267712 rate=25240bps elapsed=50.2s
2026-05-16T01:25:44.492Z THROUGHPUT bytes=1519616 rate=25221bps elapsed=60.3s
2026-05-16T01:25:54.612Z THROUGHPUT bytes=1773568 rate=25202bps elapsed=70.4s
2026-05-16T01:26:04.686Z THROUGHPUT bytes=2027520 rate=25203bps elapsed=80.4s
2026-05-16T01:26:14.765Z THROUGHPUT bytes=2281472 rate=25203bps elapsed=90.5s
2026-05-16T01:26:24.802Z THROUGHPUT bytes=2535424 rate=25212bps elapsed=100.6s
2026-05-16T01:26:34.825Z THROUGHPUT bytes=2787328 rate=25205bps elapsed=110.6s
2026-05-16T01:26:44.892Z THROUGHPUT bytes=3041280 rate=25207bps elapsed=120.7s
2026-05-16T01:26:54.896Z THROUGHPUT bytes=3293184 rate=25205bps elapsed=130.7s
2026-05-16T01:27:04.927Z THROUGHPUT bytes=3547136 rate=25213bps elapsed=140.7s
2026-05-16T01:27:14.943Z THROUGHPUT bytes=3799040 rate=25209bps elapsed=150.7s
2026-05-16T01:27:24.969Z THROUGHPUT bytes=4050944 rate=25203bps elapsed=160.7s
2026-05-16T01:27:35.043Z THROUGHPUT bytes=4304896 rate=25204bps elapsed=170.8s
2026-05-16T01:27:45.104Z THROUGHPUT bytes=4558848 rate=25206bps elapsed=180.9s
2026-05-16T01:27:55.138Z THROUGHPUT bytes=4810752 rate=25201bps elapsed=190.9s
2026-05-16T01:28:05.207Z THROUGHPUT bytes=5064704 rate=25201bps elapsed=201.0s
2026-05-16T01:28:15.283Z THROUGHPUT bytes=5318656 rate=25202bps elapsed=211.0s
2026-05-16T01:28:25.306Z THROUGHPUT bytes=5572608 rate=25208bps elapsed=221.1s
2026-05-16T01:28:35.342Z THROUGHPUT bytes=5824512 rate=25203bps elapsed=231.1s
2026-05-16T01:28:45.359Z THROUGHPUT bytes=6076416 rate=25201bps elapsed=241.1s
2026-05-16T01:28:55.376Z THROUGHPUT bytes=6330368 rate=25207bps elapsed=251.1s
2026-05-16T01:29:05.435Z THROUGHPUT bytes=6582272 rate=25200bps elapsed=261.2s
2026-05-16T01:29:15.502Z THROUGHPUT bytes=6836224 rate=25201bps elapsed=271.3s
2026-05-16T01:29:25.508Z THROUGHPUT bytes=7088128 rate=25200bps elapsed=281.3s
2026-05-16T01:29:35.588Z THROUGHPUT bytes=7342080 rate=25200bps elapsed=291.3s
2026-05-16T01:29:45.605Z THROUGHPUT bytes=7596032 rate=25205bps elapsed=301.4s
2026-05-16T01:29:55.639Z THROUGHPUT bytes=7847936 rate=25202bps elapsed=311.4s
2026-05-16T01:30:05.741Z THROUGHPUT bytes=8101888 rate=25200bps elapsed=321.5s
2026-05-16T01:30:15.812Z THROUGHPUT bytes=8355840 rate=25200bps elapsed=331.6s
2026-05-16T01:30:25.872Z THROUGHPUT bytes=8609792 rate=25202bps elapsed=341.6s
2026-05-16T01:30:35.962Z THROUGHPUT bytes=8863744 rate=25201bps elapsed=351.7s
2026-05-16T01:30:46.051Z THROUGHPUT bytes=9117696 rate=25200bps elapsed=361.8s
2026-05-16T01:30:56.122Z THROUGHPUT bytes=9371648 rate=25200bps elapsed=371.9s
2026-05-16T01:31:06.189Z THROUGHPUT bytes=9625600 rate=25201bps elapsed=381.9s
2026-05-16T01:31:16.240Z THROUGHPUT bytes=9879552 rate=25203bps elapsed=392.0s
2026-05-16T01:31:26.273Z THROUGHPUT bytes=10131456 rate=25200bps elapsed=402.0s
2026-05-16T01:31:36.328Z THROUGHPUT bytes=10385408 rate=25202bps elapsed=412.1s
2026-05-16T01:31:46.330Z THROUGHPUT bytes=10637312 rate=25201bps elapsed=422.1s
2026-05-16T01:31:56.435Z THROUGHPUT bytes=10891264 rate=25200bps elapsed=432.2s
2026-05-16T01:32:06.462Z THROUGHPUT bytes=11145216 rate=25203bps elapsed=442.2s
2026-05-16T01:32:16.490Z THROUGHPUT bytes=11397120 rate=25201bps elapsed=452.2s
2026-05-16T01:32:26.573Z THROUGHPUT bytes=11651072 rate=25200bps elapsed=462.3s
2026-05-16T01:32:36.658Z THROUGHPUT bytes=11905024 rate=25200bps elapsed=472.4s
2026-05-16T01:32:46.718Z THROUGHPUT bytes=12158976 rate=25201bps elapsed=482.5s
2026-05-16T01:32:56.811Z THROUGHPUT bytes=12412928 rate=25200bps elapsed=492.6s
2026-05-16T01:33:06.891Z THROUGHPUT bytes=12666880 rate=25200bps elapsed=502.6s
2026-05-16T01:33:16.950Z THROUGHPUT bytes=12920832 rate=25201bps elapsed=512.7s
2026-05-16T01:33:27.041Z THROUGHPUT bytes=13174784 rate=25200bps elapsed=522.8s
2026-05-16T01:33:37.097Z THROUGHPUT bytes=13428736 rate=25201bps elapsed=532.9s
2026-05-16T01:33:47.191Z THROUGHPUT bytes=13682688 rate=25200bps elapsed=542.9s
2026-05-16T01:33:57.197Z THROUGHPUT bytes=13934592 rate=25200bps elapsed=552.9s
2026-05-16T01:34:02.292Z CLIENT_CONNECT 192.168.1.70:61026
2026-05-16T01:34:12.340Z THROUGHPUT bytes=253952 rate=25278bps elapsed=10.0s
2026-05-16T01:34:17.882Z CLIENT_DISCONNECT send_error
2026-05-16T02:09:17.842Z THROUGHPUT bytes=412943 rate=195bps elapsed=2115.5s
2026-05-16T02:09:18.546Z CLIENT_CONNECT 192.168.1.70:61735
2026-05-16T02:09:28.579Z THROUGHPUT bytes=253952 rate=25322bps elapsed=10.0s
2026-05-16T02:09:38.694Z THROUGHPUT bytes=507904 rate=25209bps elapsed=20.1s
2026-05-16T02:09:45.716Z CLIENT_DISCONNECT send_error
2026-05-16T02:09:50.808Z CLIENT_CONNECT 192.168.1.70:61743
2026-05-16T02:09:51.068Z STALL_START idle=259ms
2026-05-16T02:09:54.681Z STALL_END 3871ms
2026-05-16T02:09:54.743Z CLIENT_DISCONNECT send_error
2026-05-16T02:09:54.875Z CLIENT_CONNECT 192.168.1.70:61751
2026-05-16T02:10:04.926Z THROUGHPUT bytes=253952 rate=25268bps elapsed=10.1s
2026-05-16T02:10:05.779Z CLIENT_DISCONNECT replaced
2026-05-16T02:10:05.780Z CLIENT_CONNECT 192.168.1.70:61765
2026-05-16T02:10:15.916Z THROUGHPUT bytes=256000 rate=25257bps elapsed=10.1s
2026-05-16T02:10:25.918Z THROUGHPUT bytes=507904 rate=25222bps elapsed=20.1s
2026-05-16T02:10:35.921Z THROUGHPUT bytes=759808 rate=25209bps elapsed=30.1s
2026-05-16T02:10:45.994Z THROUGHPUT bytes=1013760 rate=25210bps elapsed=40.2s
2026-05-16T02:10:56.080Z THROUGHPUT bytes=1267712 rate=25203bps elapsed=50.3s
2026-05-16T02:11:06.129Z THROUGHPUT bytes=1521664 rate=25215bps elapsed=60.3s
2026-05-16T02:11:16.152Z THROUGHPUT bytes=1773568 rate=25203bps elapsed=70.4s
2026-05-16T02:11:26.205Z THROUGHPUT bytes=2027520 rate=25210bps elapsed=80.4s
2026-05-16T02:11:36.307Z THROUGHPUT bytes=2281472 rate=25203bps elapsed=90.5s
2026-05-16T02:11:46.344Z THROUGHPUT bytes=2535424 rate=25212bps elapsed=100.6s
2026-05-16T02:11:56.353Z THROUGHPUT bytes=2787328 rate=25208bps elapsed=110.6s
2026-05-16T02:12:06.378Z THROUGHPUT bytes=3039232 rate=25202bps elapsed=120.6s
2026-05-16T02:12:16.408Z THROUGHPUT bytes=3293184 rate=25210bps elapsed=130.6s
2026-05-16T02:12:26.429Z THROUGHPUT bytes=3545088 rate=25205bps elapsed=140.6s
2026-05-16T02:12:36.527Z THROUGHPUT bytes=3799040 rate=25201bps elapsed=150.7s
2026-05-16T02:12:46.586Z THROUGHPUT bytes=4052992 rate=25204bps elapsed=160.8s
2026-05-16T02:12:56.567Z CLIENT_DISCONNECT send_error
2026-05-16T02:12:56.621Z CLIENT_CONNECT 192.168.1.70:61837
2026-05-16T02:13:06.688Z THROUGHPUT bytes=253952 rate=25230bps elapsed=10.1s
2026-05-16T02:13:08.057Z CLIENT_DISCONNECT replaced
2026-05-16T02:13:08.058Z CLIENT_CONNECT 192.168.1.70:61845
2026-05-16T02:13:18.118Z THROUGHPUT bytes=253952 rate=25243bps elapsed=10.1s
2026-05-16T02:13:28.126Z THROUGHPUT bytes=505856 rate=25207bps elapsed=20.1s
2026-05-16T02:13:38.190Z THROUGHPUT bytes=759808 rate=25222bps elapsed=30.1s
2026-05-16T02:13:48.369Z THROUGHPUT bytes=1013760 rate=25184bps elapsed=40.3s
2026-05-16T02:13:58.316Z THROUGHPUT bytes=1267712 rate=25224bps elapsed=50.3s
2026-05-16T02:14:08.349Z THROUGHPUT bytes=1519616 rate=25205bps elapsed=60.3s
2026-05-16T02:14:18.432Z THROUGHPUT bytes=1773568 rate=25202bps elapsed=70.4s
2026-05-16T02:14:28.510Z THROUGHPUT bytes=2027520 rate=25201bps elapsed=80.5s
2026-05-16T02:14:38.567Z THROUGHPUT bytes=2281472 rate=25207bps elapsed=90.5s
2026-05-16T02:14:48.572Z THROUGHPUT bytes=2533376 rate=25204bps elapsed=100.5s
2026-05-16T02:14:58.579Z THROUGHPUT bytes=2785280 rate=25201bps elapsed=110.5s
2026-05-16T02:15:08.637Z THROUGHPUT bytes=3039232 rate=25205bps elapsed=120.6s
2026-05-16T02:15:18.654Z THROUGHPUT bytes=3291136 rate=25201bps elapsed=130.6s
2026-05-16T02:15:28.730Z THROUGHPUT bytes=3545088 rate=25201bps elapsed=140.7s
2026-05-16T02:15:38.796Z THROUGHPUT bytes=3799040 rate=25203bps elapsed=150.7s
2026-05-16T02:15:48.881Z THROUGHPUT bytes=4052992 rate=25202bps elapsed=160.8s
2026-05-16T02:15:58.889Z THROUGHPUT bytes=4304896 rate=25201bps elapsed=170.8s
2026-05-16T02:16:08.920Z THROUGHPUT bytes=4558848 rate=25206bps elapsed=180.9s
2026-05-16T02:16:18.956Z THROUGHPUT bytes=4810752 rate=25201bps elapsed=190.9s
2026-05-16T02:16:29.030Z THROUGHPUT bytes=5064704 rate=25202bps elapsed=201.0s
2026-05-16T02:16:39.054Z THROUGHPUT bytes=5318656 rate=25207bps elapsed=211.0s
2026-05-16T02:16:41.193Z CLIENT_DISCONNECT send_error
2026-05-16T02:16:41.246Z CLIENT_CONNECT 192.168.1.70:61982
2026-05-16T02:16:51.281Z THROUGHPUT bytes=253952 rate=25313bps elapsed=10.0s
2026-05-16T02:17:01.376Z THROUGHPUT bytes=507904 rate=25232bps elapsed=20.1s
2026-05-16T02:17:11.427Z THROUGHPUT bytes=761856 rate=25244bps elapsed=30.2s
2026-05-16T02:17:12.495Z CLIENT_DISCONNECT send_error
2026-05-16T02:17:12.579Z CLIENT_CONNECT 192.168.1.70:62015
2026-05-16T02:17:22.735Z THROUGHPUT bytes=253952 rate=25012bps elapsed=10.2s
2026-05-16T02:17:32.772Z THROUGHPUT bytes=509952 rate=25255bps elapsed=20.2s
2026-05-16T02:17:42.865Z THROUGHPUT bytes=763904 rate=25223bps elapsed=30.3s
2026-05-16T02:17:52.873Z THROUGHPUT bytes=1015808 rate=25210bps elapsed=40.3s
2026-05-16T02:18:02.956Z THROUGHPUT bytes=1269760 rate=25205bps elapsed=50.4s
2026-05-16T02:18:13.009Z THROUGHPUT bytes=1523712 rate=25215bps elapsed=60.4s
2026-05-16T02:18:23.031Z THROUGHPUT bytes=1775616 rate=25203bps elapsed=70.5s
2026-05-16T02:18:33.111Z THROUGHPUT bytes=2029568 rate=25202bps elapsed=80.5s
2026-05-16T02:18:39.576Z CLIENT_DISCONNECT send_error
2026-05-16T02:18:39.685Z CLIENT_CONNECT 192.168.1.70:62062
2026-05-16T02:18:49.754Z THROUGHPUT bytes=253952 rate=25222bps elapsed=10.1s
2026-05-16T02:18:59.787Z THROUGHPUT bytes=507904 rate=25267bps elapsed=20.1s
2026-05-16T02:19:09.906Z THROUGHPUT bytes=761856 rate=25210bps elapsed=30.2s
2026-05-16T02:19:19.969Z THROUGHPUT bytes=1015808 rate=25217bps elapsed=40.3s
2026-05-16T02:19:30.040Z THROUGHPUT bytes=1269760 rate=25218bps elapsed=50.4s
2026-05-16T02:19:40.057Z THROUGHPUT bytes=1521664 rate=25205bps elapsed=60.4s
2026-05-16T02:19:50.127Z THROUGHPUT bytes=1775616 rate=25209bps elapsed=70.4s
2026-05-16T02:20:00.235Z THROUGHPUT bytes=2029568 rate=25202bps elapsed=80.5s
2026-05-16T02:20:10.313Z THROUGHPUT bytes=2283520 rate=25204bps elapsed=90.6s
2026-05-16T02:20:20.403Z THROUGHPUT bytes=2537472 rate=25202bps elapsed=100.7s
2026-05-16T02:20:30.438Z THROUGHPUT bytes=2791424 rate=25211bps elapsed=110.7s
2026-05-16T02:20:40.506Z THROUGHPUT bytes=3045376 rate=25212bps elapsed=120.8s
2026-05-16T02:20:50.555Z THROUGHPUT bytes=3297280 rate=25201bps elapsed=130.8s
2026-05-16T02:21:00.594Z THROUGHPUT bytes=3551232 rate=25208bps elapsed=140.9s
2026-05-16T02:21:10.602Z THROUGHPUT bytes=3803136 rate=25205bps elapsed=150.9s
2026-05-16T02:21:20.655Z THROUGHPUT bytes=4057088 rate=25209bps elapsed=160.9s
2026-05-16T02:21:30.704Z THROUGHPUT bytes=4308992 rate=25201bps elapsed=171.0s
2026-05-16T02:21:40.762Z THROUGHPUT bytes=4562944 rate=25203bps elapsed=181.0s
2026-05-16T02:21:50.785Z THROUGHPUT bytes=4814848 rate=25200bps elapsed=191.1s
2026-05-16T02:22:00.906Z THROUGHPUT bytes=5070848 rate=25204bps elapsed=201.2s
2026-05-16T02:22:09.896Z STALL_START idle=274ms
2026-05-16T02:22:15.799Z CLIENT_DISCONNECT replaced
2026-05-16T02:22:15.804Z CLIENT_CONNECT 192.168.1.70:62135
2026-05-16T02:22:16.016Z STALL_START idle=212ms
2026-05-16T02:23:18.228Z CLIENT_DISCONNECT replaced
2026-05-16T02:23:18.230Z CLIENT_CONNECT 192.168.1.70:62213
2026-05-16T02:23:18.512Z STALL_START idle=281ms
2026-05-16T02:23:18.617Z STALL_END 386ms
2026-05-16T02:23:20.150Z CLIENT_DISCONNECT send_error
2026-05-16T02:23:20.650Z CLIENT_CONNECT 192.168.1.70:62217
2026-05-16T02:23:30.702Z THROUGHPUT bytes=253952 rate=25267bps elapsed=10.1s
2026-05-16T02:23:40.794Z THROUGHPUT bytes=507904 rate=25215bps elapsed=20.1s
2026-05-16T02:23:50.878Z THROUGHPUT bytes=761856 rate=25207bps elapsed=30.2s
2026-05-16T02:24:00.925Z THROUGHPUT bytes=1015808 rate=25223bps elapsed=40.3s
2026-05-16T02:24:08.944Z CLIENT_DISCONNECT send_error
2026-05-16T02:24:09.515Z CLIENT_CONNECT 192.168.1.70:62253
2026-05-16T02:24:19.587Z THROUGHPUT bytes=253952 rate=25220bps elapsed=10.1s
2026-05-16T02:24:29.662Z THROUGHPUT bytes=507904 rate=25215bps elapsed=20.1s
2026-05-16T02:24:39.671Z THROUGHPUT bytes=761856 rate=25265bps elapsed=30.2s
2026-05-16T02:24:49.686Z THROUGHPUT bytes=1013760 rate=25237bps elapsed=40.2s
2026-05-16T02:24:59.708Z THROUGHPUT bytes=1265664 rate=25216bps elapsed=50.2s
2026-05-16T02:25:09.716Z THROUGHPUT bytes=1517568 rate=25209bps elapsed=60.2s
2026-05-16T02:25:19.782Z THROUGHPUT bytes=1771520 rate=25212bps elapsed=70.3s
2026-05-16T02:25:29.867Z THROUGHPUT bytes=2025472 rate=25208bps elapsed=80.3s
2026-05-16T02:25:39.958Z THROUGHPUT bytes=2279424 rate=25203bps elapsed=90.4s
2026-05-16T02:25:50.007Z THROUGHPUT bytes=2533376 rate=25211bps elapsed=100.5s
2026-05-16T02:25:55.070Z CLIENT_DISCONNECT send_error
2026-05-16T02:25:55.138Z CLIENT_CONNECT 192.168.1.70:62290
2026-05-16T02:26:05.206Z THROUGHPUT bytes=253952 rate=25228bps elapsed=10.1s
2026-05-16T02:26:15.208Z THROUGHPUT bytes=505856 rate=25208bps elapsed=20.1s
2026-05-16T02:26:25.216Z THROUGHPUT bytes=759808 rate=25263bps elapsed=30.1s
2026-05-16T02:26:35.235Z THROUGHPUT bytes=1011712 rate=25233bps elapsed=40.1s
2026-05-16T02:26:45.252Z THROUGHPUT bytes=1263616 rate=25216bps elapsed=50.1s
2026-05-16T02:26:55.259Z THROUGHPUT bytes=1515520 rate=25209bps elapsed=60.1s
2026-05-16T02:26:56.501Z CLIENT_DISCONNECT send_error
2026-05-16T02:26:56.588Z CLIENT_CONNECT 192.168.1.70:62309
2026-05-16T02:27:06.721Z THROUGHPUT bytes=256000 rate=25267bps elapsed=10.1s
2026-05-16T02:27:11.769Z CLIENT_DISCONNECT replaced
2026-05-16T02:27:11.772Z CLIENT_CONNECT 192.168.1.70:62322
2026-05-16T02:27:21.824Z THROUGHPUT bytes=253952 rate=25267bps elapsed=10.1s
2026-05-16T02:27:31.842Z THROUGHPUT bytes=505856 rate=25212bps elapsed=20.1s
2026-05-16T02:27:41.890Z THROUGHPUT bytes=759808 rate=25229bps elapsed=30.1s
2026-05-16T02:27:51.995Z THROUGHPUT bytes=1013760 rate=25204bps elapsed=40.2s
2026-05-16T02:28:02.046Z THROUGHPUT bytes=1267712 rate=25216bps elapsed=50.3s
2026-05-16T02:28:12.070Z THROUGHPUT bytes=1519616 rate=25202bps elapsed=60.3s
2026-05-16T02:28:22.121Z THROUGHPUT bytes=1773568 rate=25211bps elapsed=70.3s
2026-05-16T02:28:32.211Z THROUGHPUT bytes=2027520 rate=25206bps elapsed=80.4s
2026-05-16T02:28:42.265Z THROUGHPUT bytes=2281472 rate=25212bps elapsed=90.5s
2026-05-16T02:28:52.368Z THROUGHPUT bytes=2535424 rate=25204bps elapsed=100.6s
2026-05-16T02:29:02.454Z THROUGHPUT bytes=2789376 rate=25202bps elapsed=110.7s
2026-05-16T02:29:12.499Z THROUGHPUT bytes=3043328 rate=25209bps elapsed=120.7s
2026-05-16T02:29:22.514Z THROUGHPUT bytes=3295232 rate=25204bps elapsed=130.7s
2026-05-16T02:29:32.600Z THROUGHPUT bytes=3549184 rate=25203bps elapsed=140.8s
2026-05-16T02:29:37.444Z CLIENT_DISCONNECT send_error
2026-05-16T02:29:37.538Z CLIENT_CONNECT 192.168.1.70:62389
2026-05-16T02:29:47.604Z THROUGHPUT bytes=253952 rate=25230bps elapsed=10.1s
2026-05-16T02:29:57.633Z THROUGHPUT bytes=507904 rate=25288bps elapsed=20.1s
2026-05-16T02:30:07.639Z THROUGHPUT bytes=759808 rate=25243bps elapsed=30.1s
2026-05-16T02:30:17.680Z THROUGHPUT bytes=1011712 rate=25204bps elapsed=40.1s
2026-05-16T02:30:23.274Z CLIENT_DISCONNECT send_error
2026-05-16T02:30:23.339Z CLIENT_CONNECT 192.168.1.70:62424
2026-05-16T02:30:33.409Z THROUGHPUT bytes=253952 rate=25220bps elapsed=10.1s
2026-05-16T02:30:43.461Z THROUGHPUT bytes=507904 rate=25243bps elapsed=20.1s
2026-05-16T02:30:53.484Z THROUGHPUT bytes=759808 rate=25206bps elapsed=30.1s
2026-05-16T02:31:03.505Z THROUGHPUT bytes=1013760 rate=25240bps elapsed=40.2s
2026-05-16T02:31:13.517Z THROUGHPUT bytes=1265664 rate=25224bps elapsed=50.2s
2026-05-16T02:31:23.626Z THROUGHPUT bytes=1519616 rate=25207bps elapsed=60.3s
2026-05-16T02:31:33.699Z THROUGHPUT bytes=1773568 rate=25207bps elapsed=70.4s
2026-05-16T02:31:43.787Z THROUGHPUT bytes=2027520 rate=25203bps elapsed=80.4s
2026-05-16T02:31:53.870Z THROUGHPUT bytes=2281472 rate=25201bps elapsed=90.5s
2026-05-16T02:32:03.877Z THROUGHPUT bytes=2535424 rate=25220bps elapsed=100.5s
2026-05-16T02:32:12.506Z CLIENT_DISCONNECT send_error
2026-05-16T02:32:12.702Z CLIENT_CONNECT 192.168.1.70:62536
2026-05-16T02:32:22.784Z THROUGHPUT bytes=253952 rate=25278bps elapsed=10.0s
2026-05-16T02:32:32.843Z THROUGHPUT bytes=507904 rate=25220bps elapsed=20.1s
2026-05-16T02:32:42.927Z THROUGHPUT bytes=761856 rate=25207bps elapsed=30.2s
2026-05-16T02:32:53.007Z THROUGHPUT bytes=1015808 rate=25204bps elapsed=40.3s
2026-05-16T02:33:02.671Z CLIENT_DISCONNECT send_error
2026-05-16T02:33:02.690Z CLIENT_CONNECT 192.168.1.70:62574
2026-05-16T02:33:07.424Z CLIENT_DISCONNECT send_error
2026-05-16T02:33:07.510Z CLIENT_CONNECT 192.168.1.70:62582
2026-05-16T02:33:17.560Z THROUGHPUT bytes=253952 rate=25280bps elapsed=10.0s
2026-05-16T02:33:27.576Z THROUGHPUT bytes=505856 rate=25210bps elapsed=20.1s
2026-05-16T02:33:37.602Z THROUGHPUT bytes=759808 rate=25250bps elapsed=30.1s
2026-05-16T02:33:47.653Z THROUGHPUT bytes=1011712 rate=25203bps elapsed=40.1s
2026-05-16T02:33:57.694Z THROUGHPUT bytes=1265664 rate=25221bps elapsed=50.2s
2026-05-16T02:34:00.484Z CLIENT_DISCONNECT send_error
2026-05-16T02:34:00.561Z CLIENT_CONNECT 192.168.1.70:62598
2026-05-16T02:34:10.576Z THROUGHPUT bytes=253952 rate=25358bps elapsed=10.0s
2026-05-16T02:34:20.627Z THROUGHPUT bytes=505856 rate=25210bps elapsed=20.1s
2026-05-16T02:34:30.677Z THROUGHPUT bytes=759808 rate=25230bps elapsed=30.1s
2026-05-16T02:34:40.688Z THROUGHPUT bytes=1011712 rate=25213bps elapsed=40.1s
2026-05-16T02:34:50.778Z THROUGHPUT bytes=1265664 rate=25204bps elapsed=50.2s
2026-05-16T02:35:00.849Z THROUGHPUT bytes=1519616 rate=25206bps elapsed=60.3s
2026-05-16T02:35:10.921Z THROUGHPUT bytes=1773568 rate=25207bps elapsed=70.4s
2026-05-16T02:35:20.927Z THROUGHPUT bytes=2025472 rate=25203bps elapsed=80.4s
2026-05-16T02:35:30.984Z THROUGHPUT bytes=2279424 rate=25209bps elapsed=90.4s
2026-05-16T02:35:41.072Z THROUGHPUT bytes=2533376 rate=25205bps elapsed=100.5s
2026-05-16T02:35:51.150Z THROUGHPUT bytes=2787328 rate=25204bps elapsed=110.6s
2026-05-16T02:36:01.201Z THROUGHPUT bytes=3041280 rate=25210bps elapsed=120.6s
2026-05-16T02:36:11.234Z THROUGHPUT bytes=3293184 rate=25202bps elapsed=130.7s
2026-05-16T02:36:21.316Z THROUGHPUT bytes=3547136 rate=25201bps elapsed=140.8s
2026-05-16T02:36:31.342Z THROUGHPUT bytes=3801088 rate=25210bps elapsed=150.8s
2026-05-16T02:36:41.379Z THROUGHPUT bytes=4052992 rate=25203bps elapsed=160.8s
2026-05-16T02:36:51.387Z THROUGHPUT bytes=4304896 rate=25201bps elapsed=170.8s
2026-05-16T02:37:00.338Z STALL_START idle=300ms
2026-05-16T02:37:06.161Z CLIENT_DISCONNECT replaced
2026-05-16T02:37:06.164Z CLIENT_CONNECT 192.168.1.70:62676
2026-05-16T02:37:06.416Z STALL_START idle=252ms
2026-05-16T02:37:27.888Z STALL_END 21723ms
2026-05-16T02:37:27.890Z THROUGHPUT bytes=1881 rate=86bps elapsed=21.7s
2026-05-16T02:37:28.001Z CLIENT_DISCONNECT send_error
2026-05-16T02:37:28.231Z CLIENT_CONNECT 192.168.1.70:62699
2026-05-16T02:37:38.323Z THROUGHPUT bytes=254579 rate=25228bps elapsed=10.1s
2026-05-16T02:37:48.402Z THROUGHPUT bytes=508531 rate=25211bps elapsed=20.2s
2026-05-16T02:37:58.417Z THROUGHPUT bytes=762483 rate=25260bps elapsed=30.2s
2026-05-16T02:38:08.434Z THROUGHPUT bytes=1014387 rate=25232bps elapsed=40.2s
2026-05-16T02:38:18.531Z THROUGHPUT bytes=1268339 rate=25219bps elapsed=50.3s
2026-05-16T02:38:28.537Z THROUGHPUT bytes=1520243 rate=25209bps elapsed=60.3s
2026-05-16T02:38:38.595Z THROUGHPUT bytes=1772147 rate=25186bps elapsed=70.4s
2026-05-16T02:38:44.134Z STALL_START idle=260ms
2026-05-16T02:38:53.682Z CLIENT_DISCONNECT replaced
2026-05-16T02:38:53.684Z CLIENT_CONNECT 192.168.1.70:62728
2026-05-16T02:38:53.889Z STALL_START idle=204ms
2026-05-16T02:39:37.667Z CLIENT_DISCONNECT replaced
2026-05-16T02:39:37.678Z CLIENT_CONNECT 192.168.1.70:62758
2026-05-16T02:39:37.951Z STALL_START idle=273ms
2026-05-16T02:39:38.067Z STALL_END 388ms
2026-05-16T02:39:39.255Z CLIENT_DISCONNECT replaced
2026-05-16T02:39:39.256Z CLIENT_CONNECT 192.168.1.70:62762
2026-05-16T02:39:46.677Z CLIENT_DISCONNECT replaced
2026-05-16T02:39:46.678Z CLIENT_CONNECT 192.168.1.70:62769
2026-05-16T02:39:56.731Z THROUGHPUT bytes=253952 rate=25265bps elapsed=10.1s
2026-05-16T02:40:03.652Z STALL_START idle=274ms
2026-05-16T02:40:51.722Z CLIENT_DISCONNECT replaced
2026-05-16T02:40:51.856Z CLIENT_CONNECT 192.168.1.70:62810
2026-05-16T02:40:52.099Z STALL_START idle=242ms
2026-05-16T02:40:52.635Z STALL_END 778ms
2026-05-16T02:40:53.639Z CLIENT_DISCONNECT replaced
2026-05-16T02:40:53.640Z CLIENT_CONNECT 192.168.1.70:62813
2026-05-16T02:41:03.657Z THROUGHPUT bytes=253952 rate=25356bps elapsed=10.0s
2026-05-16T02:41:13.683Z THROUGHPUT bytes=505856 rate=25243bps elapsed=20.0s
2026-05-16T02:41:23.768Z THROUGHPUT bytes=759808 rate=25220bps elapsed=30.1s
2026-05-16T02:41:33.021Z STALL_START idle=349ms
2026-05-16T02:42:08.199Z STALL_END 35527ms
2026-05-16T02:42:08.264Z THROUGHPUT bytes=986592 rate=13221bps elapsed=74.6s
2026-05-16T02:42:08.327Z CLIENT_DISCONNECT send_error
2026-05-16T02:42:08.942Z CLIENT_CONNECT 192.168.1.70:62857
2026-05-16T02:42:18.999Z THROUGHPUT bytes=253785 rate=25238bps elapsed=10.1s
2026-05-16T02:42:29.051Z THROUGHPUT bytes=507737 rate=25256bps elapsed=20.1s
2026-05-16T02:42:39.115Z THROUGHPUT bytes=761689 rate=25245bps elapsed=30.2s
2026-05-16T02:42:49.150Z THROUGHPUT bytes=1013593 rate=25210bps elapsed=40.2s
2026-05-16T02:42:59.231Z THROUGHPUT bytes=1267545 rate=25206bps elapsed=50.3s
2026-05-16T02:43:01.947Z STALL_START idle=308ms
2026-05-16T02:43:55.397Z STALL_END 53757ms
2026-05-16T02:43:55.402Z THROUGHPUT bytes=1329110 rate=12484bps elapsed=106.5s
2026-05-16T02:43:55.404Z CLIENT_DISCONNECT send_error
2026-05-16T02:43:55.674Z CLIENT_CONNECT 192.168.1.70:62927
2026-05-16T02:44:05.712Z THROUGHPUT bytes=253158 rate=25219bps elapsed=10.0s
2026-05-16T02:44:15.721Z THROUGHPUT bytes=507110 rate=25296bps elapsed=20.0s
2026-05-16T02:44:25.729Z THROUGHPUT bytes=759014 rate=25255bps elapsed=30.1s
2026-05-16T02:44:35.782Z THROUGHPUT bytes=1010918 rate=25205bps elapsed=40.1s
2026-05-16T02:44:45.852Z THROUGHPUT bytes=1264870 rate=25208bps elapsed=50.2s
2026-05-16T02:44:55.909Z THROUGHPUT bytes=1518822 rate=25215bps elapsed=60.2s
2026-05-16T02:45:05.999Z THROUGHPUT bytes=1772774 rate=25210bps elapsed=70.3s
2026-05-16T02:45:16.008Z THROUGHPUT bytes=2024678 rate=25203bps elapsed=80.3s
2026-05-16T02:45:26.080Z THROUGHPUT bytes=2278630 rate=25205bps elapsed=90.4s
2026-05-16T02:45:30.363Z CLIENT_DISCONNECT send_error
2026-05-16T02:45:30.494Z CLIENT_CONNECT 192.168.1.70:62976
2026-05-16T02:45:40.541Z THROUGHPUT bytes=253952 rate=25277bps elapsed=10.0s
2026-05-16T02:45:50.560Z THROUGHPUT bytes=505856 rate=25210bps elapsed=20.1s
2026-05-16T02:46:00.613Z THROUGHPUT bytes=759808 rate=25227bps elapsed=30.1s
2026-05-16T02:46:10.698Z THROUGHPUT bytes=1013760 rate=25215bps elapsed=40.2s
2026-05-16T02:46:20.877Z THROUGHPUT bytes=1265664 rate=25204bps elapsed=50.2s
2026-05-16T02:46:30.778Z THROUGHPUT bytes=1519616 rate=25208bps elapsed=60.3s
2026-05-16T02:46:40.868Z THROUGHPUT bytes=1773568 rate=25202bps elapsed=70.4s
2026-05-16T02:46:50.944Z THROUGHPUT bytes=2027520 rate=25202bps elapsed=80.4s
2026-05-16T02:47:00.980Z THROUGHPUT bytes=2281472 rate=25214bps elapsed=90.5s
2026-05-16T02:47:11.002Z THROUGHPUT bytes=2533376 rate=25206bps elapsed=100.5s
2026-05-16T02:47:19.247Z CLIENT_DISCONNECT send_error
2026-05-16T02:47:19.369Z CLIENT_CONNECT 192.168.1.70:63021
2026-05-16T02:47:29.426Z THROUGHPUT bytes=253952 rate=25254bps elapsed=10.1s
2026-05-16T02:47:39.508Z THROUGHPUT bytes=507904 rate=25223bps elapsed=20.1s
2026-05-16T02:47:49.513Z THROUGHPUT bytes=759808 rate=25207bps elapsed=30.1s
2026-05-16T02:47:59.583Z THROUGHPUT bytes=1013760 rate=25210bps elapsed=40.2s
2026-05-16T02:48:09.634Z THROUGHPUT bytes=1267712 rate=25221bps elapsed=50.3s
2026-05-16T02:48:19.648Z THROUGHPUT bytes=1519616 rate=25211bps elapsed=60.3s
2026-05-16T02:48:29.738Z THROUGHPUT bytes=1773568 rate=25204bps elapsed=70.4s
2026-05-16T02:48:39.780Z THROUGHPUT bytes=2027520 rate=25215bps elapsed=80.4s
2026-05-16T02:48:49.901Z THROUGHPUT bytes=2281472 rate=25201bps elapsed=90.5s
2026-05-16T02:48:59.974Z THROUGHPUT bytes=2535424 rate=25202bps elapsed=100.6s
2026-05-16T02:49:10.034Z THROUGHPUT bytes=2789376 rate=25206bps elapsed=110.7s
2026-05-16T02:49:20.129Z THROUGHPUT bytes=3043328 rate=25202bps elapsed=120.8s
2026-05-16T02:49:30.210Z THROUGHPUT bytes=3297280 rate=25202bps elapsed=130.8s
2026-05-16T02:49:40.212Z THROUGHPUT bytes=3549184 rate=25201bps elapsed=140.8s
2026-05-16T02:49:50.247Z THROUGHPUT bytes=3803136 rate=25208bps elapsed=150.9s
2026-05-16T02:50:00.289Z THROUGHPUT bytes=4055040 rate=25201bps elapsed=160.9s
2026-05-16T02:50:10.301Z THROUGHPUT bytes=4308992 rate=25211bps elapsed=170.9s
2026-05-16T02:50:20.326Z THROUGHPUT bytes=4560896 rate=25206bps elapsed=180.9s
2026-05-16T02:50:30.443Z THROUGHPUT bytes=4814848 rate=25200bps elapsed=191.1s
2026-05-16T02:50:40.521Z THROUGHPUT bytes=5068800 rate=25200bps elapsed=201.1s
2026-05-16T02:50:50.570Z THROUGHPUT bytes=5322752 rate=25204bps elapsed=211.2s
2026-05-16T02:51:00.667Z THROUGHPUT bytes=5576704 rate=25201bps elapsed=221.3s
2026-05-16T02:51:10.723Z THROUGHPUT bytes=5830656 rate=25204bps elapsed=231.3s
2026-05-16T02:51:20.727Z THROUGHPUT bytes=6082560 rate=25203bps elapsed=241.3s
2026-05-16T02:51:30.817Z THROUGHPUT bytes=6336512 rate=25201bps elapsed=251.4s
2026-05-16T02:51:40.822Z THROUGHPUT bytes=6588416 rate=25200bps elapsed=261.4s
2026-05-16T02:51:50.896Z THROUGHPUT bytes=6842368 rate=25201bps elapsed=271.5s
2026-05-16T02:52:00.963Z THROUGHPUT bytes=7096320 rate=25202bps elapsed=281.6s
2026-05-16T02:52:10.982Z THROUGHPUT bytes=7348224 rate=25200bps elapsed=291.6s
2026-05-16T02:52:21.036Z THROUGHPUT bytes=7602176 rate=25202bps elapsed=301.6s
2026-05-16T02:52:31.045Z THROUGHPUT bytes=7854080 rate=25201bps elapsed=311.7s
2026-05-16T02:52:41.120Z THROUGHPUT bytes=8108032 rate=25201bps elapsed=321.7s
2026-05-16T02:52:51.192Z THROUGHPUT bytes=8361984 rate=25201bps elapsed=331.8s
2026-05-16T02:53:01.274Z THROUGHPUT bytes=8615936 rate=25201bps elapsed=341.9s
2026-05-16T02:53:11.278Z THROUGHPUT bytes=8867840 rate=25200bps elapsed=351.9s
2026-05-16T02:53:21.318Z THROUGHPUT bytes=9121792 rate=25203bps elapsed=361.9s
2026-05-16T02:53:29.414Z STALL_START idle=274ms
2026-05-16T02:55:10.828Z CLIENT_DISCONNECT replaced
2026-05-16T02:55:10.830Z CLIENT_CONNECT 192.168.1.70:63162
2026-05-16T02:55:11.078Z STALL_START idle=247ms
2026-05-16T02:55:12.302Z STALL_END 1470ms
2026-05-16T02:55:12.848Z CLIENT_DISCONNECT replaced
2026-05-16T02:55:12.848Z CLIENT_CONNECT 192.168.1.70:63165
2026-05-16T02:55:22.871Z THROUGHPUT bytes=253952 rate=25347bps elapsed=10.0s
2026-05-16T02:55:32.927Z THROUGHPUT bytes=507904 rate=25297bps elapsed=20.1s
2026-05-16T02:55:42.948Z THROUGHPUT bytes=759808 rate=25244bps elapsed=30.1s
2026-05-16T02:55:52.979Z THROUGHPUT bytes=1011712 rate=25211bps elapsed=40.1s
2026-05-16T02:56:02.979Z THROUGHPUT bytes=1263616 rate=25207bps elapsed=50.1s
2026-05-16T02:56:13.040Z THROUGHPUT bytes=1517568 rate=25213bps elapsed=60.2s
2026-05-16T02:56:16.219Z CLIENT_DISCONNECT send_error
2026-05-16T02:56:16.477Z CLIENT_CONNECT 192.168.1.70:63185
2026-05-16T02:56:26.508Z THROUGHPUT bytes=253952 rate=25318bps elapsed=10.0s
2026-05-16T02:56:36.610Z THROUGHPUT bytes=507904 rate=25229bps elapsed=20.1s
2026-05-16T02:56:46.700Z THROUGHPUT bytes=761856 rate=25209bps elapsed=30.2s
2026-05-16T02:56:56.725Z THROUGHPUT bytes=1015808 rate=25240bps elapsed=40.2s
2026-05-16T02:57:06.727Z THROUGHPUT bytes=1267712 rate=25229bps elapsed=50.2s
2026-05-16T02:57:16.771Z CLIENT_DISCONNECT replaced
2026-05-16T02:57:16.773Z CLIENT_CONNECT 192.168.1.70:63211
2026-05-16T02:57:26.787Z THROUGHPUT bytes=253952 rate=25362bps elapsed=10.0s
2026-05-16T02:57:36.818Z THROUGHPUT bytes=505856 rate=25238bps elapsed=20.0s
2026-05-16T02:57:46.841Z THROUGHPUT bytes=757760 rate=25205bps elapsed=30.1s
2026-05-16T02:57:56.912Z THROUGHPUT bytes=1011712 rate=25206bps elapsed=40.1s
2026-05-16T02:58:06.952Z THROUGHPUT bytes=1265664 rate=25224bps elapsed=50.2s
2026-05-16T02:58:17.034Z THROUGHPUT bytes=1519616 rate=25220bps elapsed=60.3s
2026-05-16T02:58:27.135Z THROUGHPUT bytes=1773568 rate=25207bps elapsed=70.4s
2026-05-16T02:58:37.217Z THROUGHPUT bytes=2027520 rate=25205bps elapsed=80.4s
2026-05-16T02:58:47.302Z THROUGHPUT bytes=2281472 rate=25202bps elapsed=90.5s
2026-05-16T02:58:57.336Z THROUGHPUT bytes=2535424 rate=25213bps elapsed=100.6s
2026-05-16T02:59:07.430Z THROUGHPUT bytes=2789376 rate=25208bps elapsed=110.7s
2026-05-16T02:59:17.530Z THROUGHPUT bytes=3043328 rate=25202bps elapsed=120.8s
2026-05-16T02:59:27.025Z CLIENT_DISCONNECT replaced
2026-05-16T02:59:27.026Z CLIENT_CONNECT 192.168.1.70:63265
2026-05-16T02:59:37.095Z THROUGHPUT bytes=253952 rate=25223bps elapsed=10.1s
2026-05-16T02:59:47.134Z THROUGHPUT bytes=507904 rate=25260bps elapsed=20.1s
2026-05-16T02:59:57.165Z THROUGHPUT bytes=759808 rate=25211bps elapsed=30.1s
2026-05-16T03:00:07.230Z THROUGHPUT bytes=1013760 rate=25216bps elapsed=40.2s
2026-05-16T03:00:17.234Z THROUGHPUT bytes=1265664 rate=25209bps elapsed=50.2s
2026-05-16T03:00:27.243Z THROUGHPUT bytes=1517568 rate=25202bps elapsed=60.2s
2026-05-16T03:00:37.315Z THROUGHPUT bytes=1771520 rate=25205bps elapsed=70.3s
2026-05-16T03:00:47.326Z THROUGHPUT bytes=2025472 rate=25224bps elapsed=80.3s
2026-05-16T03:00:57.404Z THROUGHPUT bytes=2277376 rate=25202bps elapsed=90.4s
2026-05-16T03:01:07.430Z THROUGHPUT bytes=2531328 rate=25212bps elapsed=100.4s
2026-05-16T03:01:17.460Z THROUGHPUT bytes=2783232 rate=25203bps elapsed=110.4s
2026-05-16T03:01:27.513Z THROUGHPUT bytes=3037184 rate=25208bps elapsed=120.5s
2026-05-16T03:01:37.605Z THROUGHPUT bytes=3291136 rate=25205bps elapsed=130.6s
2026-05-16T03:01:47.706Z THROUGHPUT bytes=3545088 rate=25201bps elapsed=140.7s
2026-05-16T03:01:57.726Z THROUGHPUT bytes=3799040 rate=25209bps elapsed=150.7s
2026-05-16T03:02:07.759Z THROUGHPUT bytes=4050944 rate=25203bps elapsed=160.7s
2026-05-16T03:02:17.853Z THROUGHPUT bytes=4304896 rate=25201bps elapsed=170.8s
2026-05-16T03:02:27.929Z THROUGHPUT bytes=4558848 rate=25201bps elapsed=180.9s
2026-05-16T03:02:37.978Z THROUGHPUT bytes=4812800 rate=25205bps elapsed=190.9s
2026-05-16T03:02:48.049Z THROUGHPUT bytes=5066752 rate=25205bps elapsed=201.0s
2026-05-16T03:02:58.072Z THROUGHPUT bytes=5318656 rate=25202bps elapsed=211.0s
2026-05-16T03:03:08.185Z THROUGHPUT bytes=5572608 rate=25200bps elapsed=221.1s
2026-05-16T03:03:18.182Z THROUGHPUT bytes=5826560 rate=25207bps elapsed=231.1s
2026-05-16T03:03:28.233Z THROUGHPUT bytes=6078464 rate=25201bps elapsed=241.2s
2026-05-16T03:03:38.244Z THROUGHPUT bytes=6332416 rate=25207bps elapsed=251.2s
2026-05-16T03:03:48.277Z THROUGHPUT bytes=6584320 rate=25203bps elapsed=261.2s
2026-05-16T03:03:58.384Z THROUGHPUT bytes=6838272 rate=25200bps elapsed=271.4s
2026-05-16T03:04:08.465Z THROUGHPUT bytes=7092224 rate=25200bps elapsed=281.4s
2026-05-16T03:04:18.542Z THROUGHPUT bytes=7346176 rate=25200bps elapsed=291.5s
2026-05-16T03:04:28.561Z THROUGHPUT bytes=7600128 rate=25205bps elapsed=301.5s
2026-05-16T03:04:38.602Z THROUGHPUT bytes=7852032 rate=25201bps elapsed=311.6s
2026-05-16T03:04:48.602Z THROUGHPUT bytes=8103936 rate=25201bps elapsed=321.6s
2026-05-16T03:04:58.672Z THROUGHPUT bytes=8357888 rate=25201bps elapsed=331.6s
2026-05-16T03:05:08.753Z THROUGHPUT bytes=8611840 rate=25201bps elapsed=341.7s
2026-05-16T03:05:18.985Z THROUGHPUT bytes=8865792 rate=25200bps elapsed=351.8s
2026-05-16T03:05:28.876Z THROUGHPUT bytes=9119744 rate=25203bps elapsed=361.8s
2026-05-16T03:05:38.886Z THROUGHPUT bytes=9371648 rate=25203bps elapsed=371.8s
2026-05-16T03:05:49.006Z THROUGHPUT bytes=9623552 rate=25194bps elapsed=382.0s
2026-05-16T03:05:59.100Z THROUGHPUT bytes=9881600 rate=25204bps elapsed=392.1s
2026-05-16T03:06:09.150Z THROUGHPUT bytes=10133504 rate=25200bps elapsed=402.1s
2026-05-16T03:06:19.185Z THROUGHPUT bytes=10387456 rate=25203bps elapsed=412.1s
2026-05-16T03:06:29.185Z THROUGHPUT bytes=10639360 rate=25202bps elapsed=422.1s
2026-05-16T03:06:39.212Z THROUGHPUT bytes=10891264 rate=25201bps elapsed=432.2s
2026-05-16T03:06:49.217Z THROUGHPUT bytes=11143168 rate=25200bps elapsed=442.2s
2026-05-16T03:06:59.297Z THROUGHPUT bytes=11397120 rate=25200bps elapsed=452.3s
2026-05-16T03:07:09.294Z THROUGHPUT bytes=11649024 rate=25200bps elapsed=462.3s
2026-05-16T03:07:19.328Z THROUGHPUT bytes=11902976 rate=25202bps elapsed=472.3s
2026-05-16T03:07:27.779Z CLIENT_DISCONNECT send_error
2026-05-16T03:07:27.828Z CLIENT_CONNECT 192.168.1.70:63555
2026-05-16T03:07:37.968Z THROUGHPUT bytes=256000 rate=25247bps elapsed=10.1s
2026-05-16T03:07:48.050Z THROUGHPUT bytes=509952 rate=25218bps elapsed=20.2s
2026-05-16T03:07:58.127Z THROUGHPUT bytes=763904 rate=25213bps elapsed=30.3s
2026-05-16T03:08:08.205Z THROUGHPUT bytes=1017856 rate=25209bps elapsed=40.4s
2026-05-16T03:08:18.255Z THROUGHPUT bytes=1271808 rate=25221bps elapsed=50.4s
2026-05-16T03:08:28.270Z THROUGHPUT bytes=1523712 rate=25209bps elapsed=60.4s
2026-05-16T03:08:38.278Z THROUGHPUT bytes=1775616 rate=25204bps elapsed=70.4s
2026-05-16T03:08:48.344Z THROUGHPUT bytes=2029568 rate=25207bps elapsed=80.5s
2026-05-16T03:08:58.400Z THROUGHPUT bytes=2283520 rate=25213bps elapsed=90.6s
2026-05-16T03:09:08.417Z THROUGHPUT bytes=2535424 rate=25206bps elapsed=100.6s
2026-05-16T03:09:18.421Z THROUGHPUT bytes=2787328 rate=25204bps elapsed=110.6s
2026-05-16T03:09:28.510Z THROUGHPUT bytes=3041280 rate=25201bps elapsed=120.7s
2026-05-16T03:09:38.580Z THROUGHPUT bytes=3295232 rate=25202bps elapsed=130.7s
2026-05-16T03:09:48.580Z THROUGHPUT bytes=3547136 rate=25201bps elapsed=140.7s
2026-05-16T03:09:58.636Z THROUGHPUT bytes=3801088 rate=25205bps elapsed=150.8s
2026-05-16T03:10:08.727Z THROUGHPUT bytes=4055040 rate=25203bps elapsed=160.9s
2026-05-16T03:10:18.815Z THROUGHPUT bytes=4308992 rate=25201bps elapsed=171.0s
2026-05-16T03:10:28.871Z THROUGHPUT bytes=4562944 rate=25204bps elapsed=181.0s
2026-05-16T03:10:38.968Z THROUGHPUT bytes=4816896 rate=25201bps elapsed=191.1s
2026-05-16T03:10:49.007Z THROUGHPUT bytes=5070848 rate=25206bps elapsed=201.2s
2026-05-16T03:10:56.537Z STALL_START idle=273ms
2026-05-16T03:11:02.207Z CLIENT_DISCONNECT replaced
2026-05-16T03:11:02.209Z CLIENT_CONNECT 192.168.1.70:63609
2026-05-16T03:11:02.481Z STALL_START idle=272ms
2026-05-16T03:14:44.251Z CLIENT_DISCONNECT replaced
2026-05-16T03:14:44.259Z CLIENT_CONNECT 192.168.1.70:63813
2026-05-16T03:14:44.530Z STALL_START idle=271ms
2026-05-16T03:14:44.670Z STALL_END 410ms
2026-05-16T03:14:45.813Z CLIENT_DISCONNECT replaced
2026-05-16T03:14:45.814Z CLIENT_CONNECT 192.168.1.70:63817
2026-05-16T03:14:55.832Z THROUGHPUT bytes=253952 rate=25360bps elapsed=10.0s
2026-05-16T03:15:05.950Z THROUGHPUT bytes=507904 rate=25226bps elapsed=20.1s
2026-05-16T03:15:15.970Z THROUGHPUT bytes=759808 rate=25206bps elapsed=30.1s
2026-05-16T03:15:25.968Z THROUGHPUT bytes=1013760 rate=25247bps elapsed=40.2s
2026-05-16T03:15:36.031Z THROUGHPUT bytes=1265664 rate=25204bps elapsed=50.2s
2026-05-16T03:15:46.046Z THROUGHPUT bytes=1519616 rate=25230bps elapsed=60.2s
2026-05-16T03:15:56.107Z THROUGHPUT bytes=1771520 rate=25202bps elapsed=70.3s
2026-05-16T03:16:06.168Z THROUGHPUT bytes=2025472 rate=25207bps elapsed=80.4s
2026-05-16T03:16:16.182Z THROUGHPUT bytes=2277376 rate=25201bps elapsed=90.4s
2026-05-16T03:16:25.200Z CLIENT_DISCONNECT replaced
2026-05-16T03:16:25.201Z CLIENT_CONNECT 192.168.1.70:63921
2026-05-16T03:16:35.219Z THROUGHPUT bytes=253952 rate=25353bps elapsed=10.0s
2026-05-16T03:16:45.248Z THROUGHPUT bytes=505856 rate=25235bps elapsed=20.0s
2026-05-16T03:16:55.332Z THROUGHPUT bytes=759808 rate=25218bps elapsed=30.1s
2026-05-16T03:17:03.311Z CLIENT_DISCONNECT replaced
2026-05-16T03:17:03.311Z CLIENT_CONNECT 192.168.1.70:63928
2026-05-16T03:17:12.485Z CLIENT_DISCONNECT replaced
2026-05-16T03:17:12.486Z CLIENT_CONNECT 192.168.1.70:63942
2026-05-16T03:17:18.819Z CLIENT_DISCONNECT replaced
2026-05-16T03:17:18.819Z CLIENT_CONNECT 192.168.1.70:63944
2026-05-16T03:17:24.329Z CLIENT_DISCONNECT replaced
2026-05-16T03:17:24.330Z CLIENT_CONNECT 192.168.1.70:63950
2026-05-16T03:17:31.459Z CLIENT_DISCONNECT replaced
2026-05-16T03:17:31.461Z CLIENT_CONNECT 192.168.1.70:63955
2026-05-16T03:17:41.499Z THROUGHPUT bytes=253952 rate=25299bps elapsed=10.0s
2026-05-16T03:17:51.578Z THROUGHPUT bytes=507904 rate=25248bps elapsed=20.1s
2026-05-16T03:18:01.607Z THROUGHPUT bytes=759808 rate=25205bps elapsed=30.1s
2026-05-16T03:18:11.677Z THROUGHPUT bytes=1013760 rate=25208bps elapsed=40.2s
2026-05-16T03:18:21.679Z THROUGHPUT bytes=1265664 rate=25203bps elapsed=50.2s
2026-05-16T03:18:31.703Z THROUGHPUT bytes=1519616 rate=25225bps elapsed=60.2s
2026-05-16T03:18:41.732Z THROUGHPUT bytes=1771520 rate=25210bps elapsed=70.3s
2026-05-16T03:18:51.803Z THROUGHPUT bytes=2025472 rate=25211bps elapsed=80.3s
2026-05-16T03:19:01.865Z THROUGHPUT bytes=2279424 rate=25214bps elapsed=90.4s
2026-05-16T03:19:11.977Z THROUGHPUT bytes=2533376 rate=25204bps elapsed=100.5s
2026-05-16T03:19:22.026Z THROUGHPUT bytes=2787328 rate=25210bps elapsed=110.6s
2026-05-16T03:19:32.028Z THROUGHPUT bytes=3039232 rate=25208bps elapsed=120.6s
2026-05-16T03:19:42.123Z THROUGHPUT bytes=3293184 rate=25204bps elapsed=130.7s
2026-05-16T03:19:52.208Z THROUGHPUT bytes=3547136 rate=25202bps elapsed=140.7s
2026-05-16T03:20:02.257Z THROUGHPUT bytes=3801088 rate=25207bps elapsed=150.8s
2026-05-16T03:20:12.355Z THROUGHPUT bytes=4055040 rate=25203bps elapsed=160.9s
2026-05-16T03:20:22.368Z THROUGHPUT bytes=4306944 rate=25201bps elapsed=170.9s
2026-05-16T03:20:32.424Z THROUGHPUT bytes=4560896 rate=25204bps elapsed=181.0s
2026-05-16T03:20:42.498Z THROUGHPUT bytes=4814848 rate=25204bps elapsed=191.0s
2026-05-16T03:20:52.509Z THROUGHPUT bytes=5066752 rate=25202bps elapsed=201.0s
2026-05-16T03:21:02.513Z THROUGHPUT bytes=5318656 rate=25201bps elapsed=211.0s
2026-05-16T03:21:12.551Z THROUGHPUT bytes=5572608 rate=25205bps elapsed=221.1s
2026-05-16T03:21:22.580Z THROUGHPUT bytes=5822464 rate=25193bps elapsed=231.1s
2026-05-16T03:21:32.609Z THROUGHPUT bytes=6076416 rate=25198bps elapsed=241.1s
2026-05-16T03:21:42.655Z THROUGHPUT bytes=6328320 rate=25193bps elapsed=251.2s
2026-05-16T03:21:52.814Z THROUGHPUT bytes=6584320 rate=25193bps elapsed=261.3s
2026-05-16T03:22:02.894Z THROUGHPUT bytes=6838272 rate=25193bps elapsed=271.4s
2026-05-16T03:22:12.971Z THROUGHPUT bytes=7092224 rate=25194bps elapsed=281.5s
2026-05-16T03:22:23.121Z THROUGHPUT bytes=7348224 rate=25195bps elapsed=291.7s
2026-05-16T03:22:33.194Z THROUGHPUT bytes=7602176 rate=25195bps elapsed=301.7s
2026-05-16T03:22:43.371Z THROUGHPUT bytes=7858176 rate=25194bps elapsed=311.9s
2026-05-16T03:22:53.457Z THROUGHPUT bytes=8114176 rate=25200bps elapsed=322.0s
2026-05-16T03:23:00.613Z CLIENT_DISCONNECT send_error
2026-05-16T03:23:03.523Z THROUGHPUT bytes=8368128 rate=25201bps elapsed=332.1s
2026-05-16T03:23:13.661Z THROUGHPUT bytes=8622080 rate=25196bps elapsed=342.2s
2026-05-16T03:23:23.843Z THROUGHPUT bytes=8878080 rate=25195bps elapsed=352.4s
2026-05-16T03:23:33.977Z THROUGHPUT bytes=9134080 rate=25196bps elapsed=362.5s
2026-05-16T03:23:36.358Z CLIENT_CONNECT 192.168.1.70:64025
2026-05-16T03:23:46.473Z THROUGHPUT bytes=253952 rate=25108bps elapsed=10.1s
2026-05-16T03:23:56.580Z THROUGHPUT bytes=507904 rate=25118bps elapsed=20.2s
2026-05-16T03:24:06.589Z THROUGHPUT bytes=761856 rate=25202bps elapsed=30.2s
2026-05-16T03:24:16.630Z THROUGHPUT bytes=1013760 rate=25173bps elapsed=40.3s
2026-05-16T03:24:26.697Z THROUGHPUT bytes=1267712 rate=25184bps elapsed=50.3s
2026-05-16T03:24:36.721Z THROUGHPUT bytes=1519616 rate=25175bps elapsed=60.4s
2026-05-16T03:24:46.886Z THROUGHPUT bytes=1775616 rate=25177bps elapsed=70.5s
2026-05-16T03:24:56.959Z THROUGHPUT bytes=2031616 rate=25206bps elapsed=80.6s
2026-05-16T03:25:07.059Z THROUGHPUT bytes=2285568 rate=25199bps elapsed=90.7s
2026-05-16T03:25:17.225Z THROUGHPUT bytes=2541568 rate=25197bps elapsed=100.9s
2026-05-16T03:25:27.243Z THROUGHPUT bytes=2793472 rate=25193bps elapsed=110.9s
2026-05-16T03:25:37.278Z THROUGHPUT bytes=3045376 rate=25185bps elapsed=120.9s
2026-05-16T03:25:47.297Z THROUGHPUT bytes=3301376 rate=25213bps elapsed=130.9s
2026-05-16T03:25:57.429Z THROUGHPUT bytes=3553280 rate=25188bps elapsed=141.1s
2026-05-16T03:26:07.429Z THROUGHPUT bytes=3807232 rate=25202bps elapsed=151.1s
2026-05-16T03:26:17.581Z THROUGHPUT bytes=4061184 rate=25190bps elapsed=161.2s
2026-05-16T03:26:27.747Z THROUGHPUT bytes=4317184 rate=25190bps elapsed=171.4s
2026-05-16T03:26:37.795Z THROUGHPUT bytes=4571136 rate=25194bps elapsed=181.4s
2026-05-16T03:26:47.818Z THROUGHPUT bytes=4825088 rate=25202bps elapsed=191.5s
2026-05-16T03:26:57.974Z THROUGHPUT bytes=5079040 rate=25192bps elapsed=201.6s
2026-05-16T03:27:08.059Z THROUGHPUT bytes=5332992 rate=25191bps elapsed=211.7s
2026-05-16T03:27:18.116Z THROUGHPUT bytes=5588992 rate=25203bps elapsed=221.8s
2026-05-16T03:27:28.288Z THROUGHPUT bytes=5842944 rate=25193bps elapsed=231.9s
2026-05-16T03:27:38.438Z THROUGHPUT bytes=6098944 rate=25194bps elapsed=242.1s
2026-05-16T03:27:48.578Z THROUGHPUT bytes=6354944 rate=25196bps elapsed=252.2s
2026-05-16T03:27:58.610Z THROUGHPUT bytes=6606848 rate=25193bps elapsed=262.2s
2026-05-16T03:28:08.770Z THROUGHPUT bytes=6862848 rate=25193bps elapsed=272.4s
2026-05-16T03:28:18.910Z THROUGHPUT bytes=7118848 rate=25195bps elapsed=282.5s
2026-05-16T03:28:28.960Z THROUGHPUT bytes=7372800 rate=25198bps elapsed=292.6s
2026-05-16T03:28:39.082Z THROUGHPUT bytes=7626752 rate=25194bps elapsed=302.7s
2026-05-16T03:28:49.154Z THROUGHPUT bytes=7880704 rate=25195bps elapsed=312.8s
2026-05-16T03:28:59.309Z THROUGHPUT bytes=8136704 rate=25195bps elapsed=322.9s
2026-05-16T03:29:09.377Z THROUGHPUT bytes=8390656 rate=25196bps elapsed=333.0s
2026-05-16T03:29:19.547Z THROUGHPUT bytes=8646656 rate=25195bps elapsed=343.2s
2026-05-16T03:29:29.553Z THROUGHPUT bytes=8898560 rate=25195bps elapsed=353.2s
2026-05-16T03:29:39.591Z THROUGHPUT bytes=9152512 rate=25198bps elapsed=363.2s
2026-05-16T03:29:49.685Z THROUGHPUT bytes=9406464 rate=25196bps elapsed=373.3s
2026-05-16T03:29:59.848Z THROUGHPUT bytes=9662464 rate=25196bps elapsed=383.5s
2026-05-16T03:30:09.860Z THROUGHPUT bytes=9914368 rate=25195bps elapsed=393.5s
2026-05-16T03:30:19.936Z THROUGHPUT bytes=10168320 rate=25196bps elapsed=403.6s
2026-05-16T03:30:30.080Z THROUGHPUT bytes=10424320 rate=25197bps elapsed=413.7s
2026-05-16T03:30:40.095Z THROUGHPUT bytes=10676224 rate=25196bps elapsed=423.7s
2026-05-16T03:30:50.156Z THROUGHPUT bytes=10930176 rate=25197bps elapsed=433.8s
2026-05-16T03:31:00.334Z THROUGHPUT bytes=11186176 rate=25196bps elapsed=444.0s
2026-05-16T03:31:10.391Z THROUGHPUT bytes=11440128 rate=25197bps elapsed=454.0s
2026-05-16T03:31:20.461Z THROUGHPUT bytes=11694080 rate=25197bps elapsed=464.1s
2026-05-16T03:31:30.567Z THROUGHPUT bytes=11948032 rate=25196bps elapsed=474.2s
2026-05-16T03:31:40.616Z THROUGHPUT bytes=12201984 rate=25197bps elapsed=484.2s
2026-05-16T03:31:50.717Z THROUGHPUT bytes=12455936 rate=25196bps elapsed=494.3s
2026-05-16T03:32:00.877Z THROUGHPUT bytes=12711936 rate=25196bps elapsed=504.5s
2026-05-16T03:32:10.946Z THROUGHPUT bytes=12965888 rate=25197bps elapsed=514.6s
2026-05-16T03:32:21.036Z THROUGHPUT bytes=13219840 rate=25196bps elapsed=524.7s
2026-05-16T03:32:31.183Z THROUGHPUT bytes=13475840 rate=25197bps elapsed=534.8s
2026-05-16T03:32:41.274Z THROUGHPUT bytes=13729792 rate=25196bps elapsed=544.9s
2026-05-16T03:32:51.298Z THROUGHPUT bytes=13983744 rate=25199bps elapsed=554.9s
2026-05-16T03:33:01.400Z THROUGHPUT bytes=14237696 rate=25198bps elapsed=565.0s
2026-05-16T03:33:11.508Z THROUGHPUT bytes=14491648 rate=25196bps elapsed=575.1s
2026-05-16T03:33:21.533Z THROUGHPUT bytes=14747648 rate=25202bps elapsed=585.2s
2026-05-16T03:33:31.582Z THROUGHPUT bytes=14997504 rate=25197bps elapsed=595.2s
2026-05-16T03:33:41.653Z THROUGHPUT bytes=15251456 rate=25197bps elapsed=605.3s
2026-05-16T03:33:51.819Z THROUGHPUT bytes=15507456 rate=25197bps elapsed=615.4s
2026-05-16T03:34:01.927Z THROUGHPUT bytes=15763456 rate=25199bps elapsed=625.6s
2026-05-16T03:34:11.947Z THROUGHPUT bytes=16015360 rate=25198bps elapsed=635.6s
2026-05-16T03:34:21.964Z THROUGHPUT bytes=16267264 rate=25197bps elapsed=645.6s
2026-05-16T03:34:32.048Z THROUGHPUT bytes=16521216 rate=25197bps elapsed=655.7s
2026-05-16T03:34:42.202Z THROUGHPUT bytes=16777216 rate=25197bps elapsed=665.8s
2026-05-16T03:34:52.263Z THROUGHPUT bytes=17033216 rate=25201bps elapsed=675.9s
2026-05-16T03:35:02.312Z THROUGHPUT bytes=17285120 rate=25199bps elapsed=685.9s
2026-05-16T03:35:12.353Z THROUGHPUT bytes=17537024 rate=25197bps elapsed=696.0s
2026-05-16T03:35:22.487Z THROUGHPUT bytes=17793024 rate=25198bps elapsed=706.1s
2026-05-16T03:35:32.671Z THROUGHPUT bytes=18049024 rate=25197bps elapsed=716.3s
2026-05-16T03:35:42.695Z THROUGHPUT bytes=18305024 rate=25202bps elapsed=726.3s
2026-05-16T03:35:52.746Z THROUGHPUT bytes=18554880 rate=25197bps elapsed=736.4s
2026-05-16T03:36:02.828Z THROUGHPUT bytes=18808832 rate=25197bps elapsed=746.4s
2026-05-16T03:36:12.899Z THROUGHPUT bytes=19062784 rate=25197bps elapsed=756.5s
2026-05-16T03:36:22.933Z THROUGHPUT bytes=19316736 rate=25199bps elapsed=766.6s
2026-05-16T03:36:32.979Z THROUGHPUT bytes=19568640 rate=25197bps elapsed=776.6s
2026-05-16T03:36:42.990Z THROUGHPUT bytes=19822592 rate=25200bps elapsed=786.6s
2026-05-16T03:36:53.133Z THROUGHPUT bytes=20076544 rate=25197bps elapsed=796.8s
2026-05-16T03:37:03.234Z THROUGHPUT bytes=20332544 rate=25199bps elapsed=806.9s
2026-05-16T03:37:13.340Z THROUGHPUT bytes=20586496 rate=25198bps elapsed=817.0s
2026-05-16T03:37:23.372Z THROUGHPUT bytes=20840448 rate=25200bps elapsed=827.0s
2026-05-16T03:37:33.385Z THROUGHPUT bytes=21092352 rate=25199bps elapsed=837.0s
2026-05-16T03:37:43.518Z THROUGHPUT bytes=21346304 rate=25198bps elapsed=847.1s
2026-05-16T03:37:53.601Z THROUGHPUT bytes=21600256 rate=25198bps elapsed=857.2s
2026-05-16T03:38:03.742Z THROUGHPUT bytes=21856256 rate=25198bps elapsed=867.4s
2026-05-16T03:38:13.798Z THROUGHPUT bytes=22110208 rate=25199bps elapsed=877.4s
2026-05-16T03:38:23.852Z THROUGHPUT bytes=22364160 rate=25199bps elapsed=887.5s
2026-05-16T03:38:33.992Z THROUGHPUT bytes=22618112 rate=25198bps elapsed=897.6s
2026-05-16T03:38:44.129Z THROUGHPUT bytes=22874112 rate=25198bps elapsed=907.7s
2026-05-16T03:38:54.207Z THROUGHPUT bytes=23128064 rate=25198bps elapsed=917.8s
2026-05-16T03:39:04.208Z THROUGHPUT bytes=23379968 rate=25198bps elapsed=927.8s
2026-05-16T03:39:14.220Z THROUGHPUT bytes=23631872 rate=25198bps elapsed=937.8s
2026-05-16T03:39:24.298Z THROUGHPUT bytes=23885824 rate=25198bps elapsed=947.9s
2026-05-16T03:39:34.393Z THROUGHPUT bytes=24141824 rate=25199bps elapsed=958.0s
2026-05-16T03:39:44.521Z THROUGHPUT bytes=24395776 rate=25198bps elapsed=968.1s
2026-05-16T03:39:54.576Z THROUGHPUT bytes=24649728 rate=25199bps elapsed=978.2s
2026-05-16T03:40:04.670Z THROUGHPUT bytes=24903680 rate=25198bps elapsed=988.3s
2026-05-16T03:40:14.688Z THROUGHPUT bytes=25157632 rate=25200bps elapsed=998.3s
2026-05-16T03:40:24.691Z THROUGHPUT bytes=25409536 rate=25200bps elapsed=1008.3s
2026-05-16T03:40:34.802Z THROUGHPUT bytes=25663488 rate=25199bps elapsed=1018.4s
2026-05-16T03:40:44.840Z THROUGHPUT bytes=25915392 rate=25198bps elapsed=1028.5s
2026-05-16T03:40:54.988Z THROUGHPUT bytes=26171392 rate=25198bps elapsed=1038.6s
2026-05-16T03:41:05.032Z THROUGHPUT bytes=26425344 rate=25199bps elapsed=1048.6s
2026-05-16T03:41:15.149Z THROUGHPUT bytes=26679296 rate=25198bps elapsed=1058.8s
2026-05-16T03:41:25.276Z THROUGHPUT bytes=26935296 rate=25199bps elapsed=1068.9s
2026-05-16T03:41:35.392Z THROUGHPUT bytes=27189248 rate=25198bps elapsed=1079.0s
2026-05-16T03:41:45.471Z THROUGHPUT bytes=27443200 rate=25198bps elapsed=1089.1s
2026-05-16T03:41:55.630Z THROUGHPUT bytes=27699200 rate=25198bps elapsed=1099.2s
2026-05-16T03:42:05.692Z THROUGHPUT bytes=27953152 rate=25198bps elapsed=1109.3s
2026-05-16T03:42:15.695Z THROUGHPUT bytes=28205056 rate=25198bps elapsed=1119.3s
2026-05-16T03:42:25.705Z THROUGHPUT bytes=28459008 rate=25200bps elapsed=1129.3s
2026-05-16T03:42:35.733Z THROUGHPUT bytes=28710912 rate=25199bps elapsed=1139.3s
2026-05-16T03:42:45.823Z THROUGHPUT bytes=28964864 rate=25199bps elapsed=1149.4s
2026-05-16T03:42:55.918Z THROUGHPUT bytes=29218816 rate=25198bps elapsed=1159.5s
2026-05-16T03:43:05.994Z THROUGHPUT bytes=29472768 rate=25198bps elapsed=1169.6s
2026-05-16T03:43:16.075Z THROUGHPUT bytes=29726720 rate=25198bps elapsed=1179.7s
2026-05-16T03:43:26.076Z THROUGHPUT bytes=29978624 rate=25198bps elapsed=1189.7s
2026-05-16T03:43:36.111Z THROUGHPUT bytes=30232576 rate=25199bps elapsed=1199.7s
2026-05-16T03:43:46.148Z THROUGHPUT bytes=30484480 rate=25198bps elapsed=1209.8s
2026-05-16T03:43:56.311Z THROUGHPUT bytes=30740480 rate=25198bps elapsed=1219.9s
2026-05-16T03:44:06.311Z THROUGHPUT bytes=30994432 rate=25200bps elapsed=1229.9s
2026-05-16T03:44:16.388Z THROUGHPUT bytes=31246336 rate=25198bps elapsed=1240.0s
2026-05-16T03:44:26.443Z THROUGHPUT bytes=31500288 rate=25199bps elapsed=1250.1s
2026-05-16T03:44:36.529Z THROUGHPUT bytes=31754240 rate=25199bps elapsed=1260.1s
2026-05-16T03:44:46.617Z THROUGHPUT bytes=32008192 rate=25198bps elapsed=1270.2s
2026-05-16T03:44:56.750Z THROUGHPUT bytes=32264192 rate=25199bps elapsed=1280.4s
2026-05-16T03:45:06.767Z THROUGHPUT bytes=32516096 rate=25198bps elapsed=1290.4s
2026-05-16T03:45:16.941Z THROUGHPUT bytes=32772096 rate=25198bps elapsed=1300.5s
2026-05-16T03:45:27.007Z THROUGHPUT bytes=33026048 rate=25198bps elapsed=1310.6s
2026-05-16T03:45:37.083Z THROUGHPUT bytes=33280000 rate=25198bps elapsed=1320.7s
2026-05-16T03:45:47.227Z THROUGHPUT bytes=33536000 rate=25199bps elapsed=1330.8s
2026-05-16T03:45:57.247Z THROUGHPUT bytes=33787904 rate=25198bps elapsed=1340.9s
2026-05-16T03:46:07.320Z THROUGHPUT bytes=34041856 rate=25198bps elapsed=1350.9s
2026-05-16T03:46:17.395Z THROUGHPUT bytes=34295808 rate=25198bps elapsed=1361.0s
2026-05-16T03:46:27.481Z THROUGHPUT bytes=34549760 rate=25198bps elapsed=1371.1s
2026-05-16T03:46:37.638Z THROUGHPUT bytes=34805760 rate=25198bps elapsed=1381.2s
2026-05-16T03:46:47.649Z THROUGHPUT bytes=35059712 rate=25200bps elapsed=1391.3s
2026-05-16T03:46:57.717Z THROUGHPUT bytes=35311616 rate=25198bps elapsed=1401.3s
2026-05-16T03:47:07.770Z THROUGHPUT bytes=35565568 rate=25199bps elapsed=1411.4s
2026-05-16T03:47:17.950Z THROUGHPUT bytes=35821568 rate=25198bps elapsed=1421.6s
2026-05-16T03:47:28.100Z THROUGHPUT bytes=36077568 rate=25199bps elapsed=1431.7s
2026-05-16T03:47:38.270Z THROUGHPUT bytes=36333568 rate=25198bps elapsed=1441.9s
2026-05-16T03:47:48.332Z THROUGHPUT bytes=36587520 rate=25199bps elapsed=1451.9s
2026-05-16T03:47:58.372Z THROUGHPUT bytes=36843520 rate=25201bps elapsed=1462.0s
2026-05-16T03:48:08.352Z THROUGHPUT bytes=37093376 rate=25198bps elapsed=1472.0s
2026-05-16T03:48:18.397Z THROUGHPUT bytes=37349376 rate=25200bps elapsed=1482.1s
2026-05-16T03:48:28.449Z THROUGHPUT bytes=37601280 rate=25199bps elapsed=1492.1s
2026-05-16T03:48:38.471Z THROUGHPUT bytes=37853184 rate=25199bps elapsed=1502.1s
2026-05-16T03:48:48.582Z THROUGHPUT bytes=38107136 rate=25198bps elapsed=1512.3s
2026-05-16T03:48:58.693Z THROUGHPUT bytes=38363136 rate=25199bps elapsed=1522.4s
2026-05-16T03:49:08.724Z THROUGHPUT bytes=38615040 rate=25199bps elapsed=1532.4s
2026-05-16T03:49:18.782Z THROUGHPUT bytes=38868992 rate=25199bps elapsed=1542.5s
2026-05-16T03:49:28.885Z THROUGHPUT bytes=39122944 rate=25199bps elapsed=1552.6s
2026-05-16T03:49:38.946Z THROUGHPUT bytes=39376896 rate=25199bps elapsed=1562.6s
2026-05-16T03:49:49.131Z THROUGHPUT bytes=39632896 rate=25198bps elapsed=1572.8s
2026-05-16T03:49:59.269Z THROUGHPUT bytes=39888896 rate=25199bps elapsed=1582.9s
2026-05-16T03:50:09.368Z THROUGHPUT bytes=40142848 rate=25198bps elapsed=1593.0s
2026-05-16T03:50:19.497Z THROUGHPUT bytes=40398848 rate=25199bps elapsed=1603.2s
2026-05-16T03:50:29.595Z THROUGHPUT bytes=40652800 rate=25199bps elapsed=1613.3s
2026-05-16T03:50:39.673Z THROUGHPUT bytes=40906752 rate=25199bps elapsed=1623.3s
2026-05-16T03:50:49.821Z THROUGHPUT bytes=41162752 rate=25199bps elapsed=1633.5s
2026-05-16T03:50:59.835Z THROUGHPUT bytes=41414656 rate=25198bps elapsed=1643.5s
2026-05-16T03:51:09.870Z THROUGHPUT bytes=41668608 rate=25199bps elapsed=1653.5s
2026-05-16T03:51:19.895Z THROUGHPUT bytes=41920512 rate=25199bps elapsed=1663.6s
2026-05-16T03:51:29.983Z THROUGHPUT bytes=42174464 rate=25199bps elapsed=1673.7s
2026-05-16T03:51:39.999Z THROUGHPUT bytes=42428416 rate=25199bps elapsed=1683.7s
2026-05-16T03:51:50.037Z THROUGHPUT bytes=42680320 rate=25199bps elapsed=1693.7s
2026-05-16T03:52:00.094Z THROUGHPUT bytes=42934272 rate=25199bps elapsed=1703.8s
2026-05-16T03:52:10.164Z THROUGHPUT bytes=43188224 rate=25199bps elapsed=1713.8s
2026-05-16T03:52:20.276Z THROUGHPUT bytes=43442176 rate=25199bps elapsed=1723.9s
2026-05-16T03:52:30.367Z THROUGHPUT bytes=43696128 rate=25199bps elapsed=1734.0s
2026-05-16T03:52:40.529Z THROUGHPUT bytes=43952128 rate=25199bps elapsed=1744.2s
2026-05-16T03:52:50.536Z THROUGHPUT bytes=44206080 rate=25200bps elapsed=1754.2s
2026-05-16T03:53:00.590Z THROUGHPUT bytes=44460032 rate=25200bps elapsed=1764.3s
2026-05-16T03:53:10.636Z THROUGHPUT bytes=44711936 rate=25199bps elapsed=1774.3s
2026-05-16T03:53:20.694Z THROUGHPUT bytes=44965888 rate=25199bps elapsed=1784.4s
2026-05-16T03:53:30.749Z THROUGHPUT bytes=45217792 rate=25199bps elapsed=1794.4s
2026-05-16T03:53:40.775Z THROUGHPUT bytes=45471744 rate=25199bps elapsed=1804.4s
2026-05-16T03:53:50.904Z THROUGHPUT bytes=45725696 rate=25199bps elapsed=1814.6s
2026-05-16T03:54:00.970Z THROUGHPUT bytes=45979648 rate=25199bps elapsed=1824.6s
2026-05-16T03:54:11.135Z THROUGHPUT bytes=46235648 rate=25199bps elapsed=1834.8s
2026-05-16T03:54:21.283Z THROUGHPUT bytes=46491648 rate=25199bps elapsed=1845.0s
2026-05-16T03:54:31.375Z THROUGHPUT bytes=46745600 rate=25199bps elapsed=1855.0s
2026-05-16T03:54:41.433Z THROUGHPUT bytes=46999552 rate=25199bps elapsed=1865.1s
2026-05-16T03:54:51.515Z THROUGHPUT bytes=47253504 rate=25199bps elapsed=1875.2s
2026-05-16T03:55:01.615Z THROUGHPUT bytes=47507456 rate=25199bps elapsed=1885.3s
2026-05-16T03:55:11.725Z THROUGHPUT bytes=47763456 rate=25199bps elapsed=1895.4s
2026-05-16T03:55:21.885Z THROUGHPUT bytes=48019456 rate=25199bps elapsed=1905.6s
2026-05-16T03:55:31.905Z THROUGHPUT bytes=48271360 rate=25199bps elapsed=1915.6s
2026-05-16T03:55:41.941Z THROUGHPUT bytes=48525312 rate=25199bps elapsed=1925.6s
2026-05-16T03:55:52.071Z THROUGHPUT bytes=48779264 rate=25199bps elapsed=1935.7s
2026-05-16T03:56:02.111Z THROUGHPUT bytes=49033216 rate=25199bps elapsed=1945.8s
2026-05-16T03:56:12.149Z THROUGHPUT bytes=49287168 rate=25200bps elapsed=1955.8s
2026-05-16T03:56:22.227Z THROUGHPUT bytes=49539072 rate=25199bps elapsed=1965.9s
2026-05-16T03:56:32.250Z THROUGHPUT bytes=49793024 rate=25199bps elapsed=1975.9s
2026-05-16T03:56:42.340Z THROUGHPUT bytes=50046976 rate=25199bps elapsed=1986.0s
2026-05-16T03:56:52.435Z THROUGHPUT bytes=50300928 rate=25199bps elapsed=1996.1s
2026-05-16T03:57:02.466Z THROUGHPUT bytes=50554880 rate=25200bps elapsed=2006.1s
2026-05-16T03:57:12.536Z THROUGHPUT bytes=50808832 rate=25200bps elapsed=2016.2s
2026-05-16T03:57:22.615Z THROUGHPUT bytes=51062784 rate=25200bps elapsed=2026.3s
2026-05-16T03:57:32.774Z THROUGHPUT bytes=51316736 rate=25199bps elapsed=2036.4s
2026-05-16T03:57:42.835Z THROUGHPUT bytes=51570688 rate=25199bps elapsed=2046.5s
2026-05-16T03:57:52.901Z THROUGHPUT bytes=51824640 rate=25199bps elapsed=2056.6s
2026-05-16T03:58:02.950Z THROUGHPUT bytes=52080640 rate=25200bps elapsed=2066.6s
2026-05-16T03:58:13.067Z THROUGHPUT bytes=52332544 rate=25199bps elapsed=2076.7s
2026-05-16T03:58:23.081Z THROUGHPUT bytes=52584448 rate=25199bps elapsed=2086.8s
2026-05-16T03:58:33.132Z THROUGHPUT bytes=52838400 rate=25199bps elapsed=2096.8s
2026-05-16T03:58:43.148Z THROUGHPUT bytes=53090304 rate=25199bps elapsed=2106.8s
2026-05-16T03:58:53.312Z THROUGHPUT bytes=53346304 rate=25199bps elapsed=2117.0s
2026-05-16T03:59:03.385Z THROUGHPUT bytes=53600256 rate=25199bps elapsed=2127.1s
2026-05-16T03:59:13.468Z THROUGHPUT bytes=53854208 rate=25199bps elapsed=2137.1s
2026-05-16T03:59:23.528Z THROUGHPUT bytes=54108160 rate=25199bps elapsed=2147.2s
2026-05-16T03:59:33.626Z THROUGHPUT bytes=54362112 rate=25199bps elapsed=2157.3s
2026-05-16T03:59:43.758Z THROUGHPUT bytes=54618112 rate=25199bps elapsed=2167.4s
2026-05-16T03:59:53.829Z THROUGHPUT bytes=54872064 rate=25199bps elapsed=2177.5s
2026-05-16T04:00:03.928Z THROUGHPUT bytes=55128064 rate=25200bps elapsed=2187.6s
2026-05-16T04:00:13.979Z THROUGHPUT bytes=55379968 rate=25199bps elapsed=2197.6s
2026-05-16T04:00:14.827Z STALL_START idle=350ms
2026-05-16T16:26:21.112Z CLIENT_DISCONNECT replaced
2026-05-16T16:26:21.121Z CLIENT_CONNECT 192.168.1.70:57584
2026-05-16T16:26:21.363Z STALL_START idle=240ms
2026-05-16T16:26:21.433Z STALL_END 310ms
2026-05-16T16:26:22.687Z CLIENT_DISCONNECT replaced
2026-05-16T16:26:22.687Z CLIENT_CONNECT 192.168.1.70:57588
2026-05-16T16:26:32.746Z THROUGHPUT bytes=253952 rate=25249bps elapsed=10.1s
2026-05-16T16:26:42.837Z THROUGHPUT bytes=507904 rate=25207bps elapsed=20.1s
2026-05-16T16:26:52.913Z THROUGHPUT bytes=761856 rate=25206bps elapsed=30.2s
2026-05-16T16:27:02.931Z THROUGHPUT bytes=1015808 rate=25242bps elapsed=40.2s
2026-05-16T16:27:11.465Z CLIENT_DISCONNECT replaced
2026-05-16T16:27:11.466Z CLIENT_CONNECT 192.168.1.70:57597
2026-05-16T16:27:21.496Z THROUGHPUT bytes=253952 rate=25320bps elapsed=10.0s
2026-05-16T16:27:31.515Z THROUGHPUT bytes=505856 rate=25231bps elapsed=20.0s
2026-05-16T16:27:33.233Z CLIENT_DISCONNECT send_error
2026-05-16T16:27:41.607Z THROUGHPUT bytes=759808 rate=25208bps elapsed=30.1s
2026-05-16T16:27:51.686Z THROUGHPUT bytes=1013760 rate=25205bps elapsed=40.2s
2026-05-16T16:28:01.693Z THROUGHPUT bytes=1267712 rate=25239bps elapsed=50.2s
2026-05-16T16:28:11.709Z THROUGHPUT bytes=1519616 rate=25225bps elapsed=60.2s
2026-05-16T16:28:21.714Z THROUGHPUT bytes=1771520 rate=25218bps elapsed=70.2s
2026-05-16T16:28:31.742Z THROUGHPUT bytes=2023424 rate=25206bps elapsed=80.3s
2026-05-16T16:28:41.829Z THROUGHPUT bytes=2277376 rate=25202bps elapsed=90.4s
2026-05-16T16:28:51.872Z THROUGHPUT bytes=2531328 rate=25211bps elapsed=100.4s
2026-05-16T16:29:01.981Z THROUGHPUT bytes=2785280 rate=25202bps elapsed=110.5s
2026-05-16T16:29:12.021Z THROUGHPUT bytes=3039232 rate=25210bps elapsed=120.6s
2026-05-16T16:29:22.141Z THROUGHPUT bytes=3293184 rate=25201bps elapsed=130.7s
2026-05-16T16:29:32.219Z THROUGHPUT bytes=3547136 rate=25201bps elapsed=140.8s
2026-05-16T16:29:42.230Z THROUGHPUT bytes=3801088 rate=25212bps elapsed=150.8s
2026-05-16T16:29:52.243Z THROUGHPUT bytes=4052992 rate=25208bps elapsed=160.8s
2026-05-16T16:30:02.311Z THROUGHPUT bytes=4304896 rate=25201bps elapsed=170.8s
2026-05-16T16:30:12.359Z THROUGHPUT bytes=4558848 rate=25202bps elapsed=180.9s
2026-05-16T16:30:22.355Z THROUGHPUT bytes=4810752 rate=25201bps elapsed=190.9s
2026-05-16T16:30:32.437Z THROUGHPUT bytes=5064704 rate=25201bps elapsed=201.0s
2026-05-16T16:30:42.515Z THROUGHPUT bytes=5318656 rate=25201bps elapsed=211.0s
2026-05-16T16:30:52.596Z THROUGHPUT bytes=5572608 rate=25200bps elapsed=221.1s
2026-05-16T16:31:02.666Z THROUGHPUT bytes=5826560 rate=25201bps elapsed=231.2s
2026-05-16T16:31:12.669Z THROUGHPUT bytes=6078464 rate=25200bps elapsed=241.2s
2026-05-16T16:31:22.698Z THROUGHPUT bytes=6332416 rate=25205bps elapsed=251.2s
2026-05-16T16:31:32.806Z THROUGHPUT bytes=6586368 rate=25202bps elapsed=261.3s
2026-05-16T16:31:42.896Z THROUGHPUT bytes=6840320 rate=25201bps elapsed=271.4s
2026-05-16T16:31:52.918Z THROUGHPUT bytes=7094272 rate=25206bps elapsed=281.5s
2026-05-16T16:32:02.979Z THROUGHPUT bytes=7346176 rate=25200bps elapsed=291.5s
2026-05-16T16:32:13.040Z THROUGHPUT bytes=7600128 rate=25201bps elapsed=301.6s
2026-05-16T16:32:23.081Z THROUGHPUT bytes=7854080 rate=25204bps elapsed=311.6s
2026-05-16T16:32:33.197Z THROUGHPUT bytes=8108032 rate=25201bps elapsed=321.7s
2026-05-16T16:32:43.283Z THROUGHPUT bytes=8361984 rate=25200bps elapsed=331.8s
2026-05-16T16:32:53.353Z THROUGHPUT bytes=8615936 rate=25201bps elapsed=341.9s
2026-05-16T16:33:03.426Z THROUGHPUT bytes=8869888 rate=25201bps elapsed=352.0s
2026-05-16T16:33:13.486Z THROUGHPUT bytes=9123840 rate=25202bps elapsed=362.0s
2026-05-16T16:33:23.507Z THROUGHPUT bytes=9375744 rate=25201bps elapsed=372.0s
2026-05-16T16:33:33.512Z THROUGHPUT bytes=9627648 rate=25200bps elapsed=382.0s
2026-05-16T16:33:43.587Z THROUGHPUT bytes=9881600 rate=25200bps elapsed=392.1s
2026-05-16T16:33:53.665Z THROUGHPUT bytes=10135552 rate=25200bps elapsed=402.2s
2026-05-16T16:34:03.732Z THROUGHPUT bytes=10389504 rate=25201bps elapsed=412.3s
2026-05-16T16:34:13.821Z THROUGHPUT bytes=10643456 rate=25200bps elapsed=422.4s
2026-05-16T16:34:23.895Z THROUGHPUT bytes=10897408 rate=25200bps elapsed=432.4s
2026-05-16T16:34:33.947Z THROUGHPUT bytes=11151360 rate=25202bps elapsed=442.5s
2026-05-16T16:34:43.957Z THROUGHPUT bytes=11403264 rate=25201bps elapsed=452.5s
2026-05-16T16:34:53.958Z THROUGHPUT bytes=11655168 rate=25200bps elapsed=462.5s
2026-05-16T16:35:03.959Z THROUGHPUT bytes=11907072 rate=25200bps elapsed=472.5s
2026-05-16T16:35:14.035Z THROUGHPUT bytes=12161024 rate=25200bps elapsed=482.6s
2026-05-16T16:35:24.112Z THROUGHPUT bytes=12414976 rate=25200bps elapsed=492.6s
2026-05-16T16:35:34.149Z THROUGHPUT bytes=12666880 rate=25198bps elapsed=502.7s
2026-05-16T16:35:44.251Z THROUGHPUT bytes=12920832 rate=25197bps elapsed=512.8s
2026-05-16T16:35:54.345Z THROUGHPUT bytes=13174784 rate=25196bps elapsed=522.9s
2026-05-16T16:36:04.491Z THROUGHPUT bytes=13430784 rate=25197bps elapsed=533.0s
2026-05-16T16:36:14.579Z THROUGHPUT bytes=13684736 rate=25197bps elapsed=543.1s
2026-05-16T16:36:24.742Z THROUGHPUT bytes=13940736 rate=25196bps elapsed=553.3s
2026-05-16T16:36:34.861Z THROUGHPUT bytes=14196736 rate=25198bps elapsed=563.4s
2026-05-16T16:36:44.969Z THROUGHPUT bytes=14450688 rate=25197bps elapsed=573.5s
2026-05-16T16:36:55.030Z THROUGHPUT bytes=14704640 rate=25198bps elapsed=583.6s
2026-05-16T16:37:05.113Z THROUGHPUT bytes=14958592 rate=25198bps elapsed=593.6s
2026-05-16T16:37:15.212Z THROUGHPUT bytes=15212544 rate=25197bps elapsed=603.7s
2026-05-16T16:37:25.289Z THROUGHPUT bytes=15466496 rate=25197bps elapsed=613.8s
2026-05-16T16:37:35.304Z THROUGHPUT bytes=15720448 rate=25199bps elapsed=623.8s
2026-05-16T16:37:45.323Z THROUGHPUT bytes=15972352 rate=25198bps elapsed=633.9s
2026-05-16T16:37:55.329Z THROUGHPUT bytes=16224256 rate=25198bps elapsed=643.9s
2026-05-16T16:38:05.430Z THROUGHPUT bytes=16478208 rate=25197bps elapsed=654.0s
2026-05-16T16:38:15.511Z THROUGHPUT bytes=16732160 rate=25197bps elapsed=664.0s
2026-05-16T16:38:25.573Z THROUGHPUT bytes=16986112 rate=25198bps elapsed=674.1s
2026-05-16T16:38:35.669Z THROUGHPUT bytes=17240064 rate=25197bps elapsed=684.2s
2026-05-16T16:38:45.746Z THROUGHPUT bytes=17494016 rate=25197bps elapsed=694.3s
2026-05-16T16:38:55.896Z THROUGHPUT bytes=17750016 rate=25197bps elapsed=704.4s
2026-05-16T16:39:05.958Z THROUGHPUT bytes=18003968 rate=25198bps elapsed=714.5s
2026-05-16T16:39:16.142Z THROUGHPUT bytes=18259968 rate=25197bps elapsed=724.7s
2026-05-16T16:39:26.299Z THROUGHPUT bytes=18515968 rate=25197bps elapsed=734.8s
2026-05-16T16:39:36.369Z THROUGHPUT bytes=18769920 rate=25197bps elapsed=744.9s
2026-05-16T16:39:46.531Z THROUGHPUT bytes=19025920 rate=25197bps elapsed=755.1s
2026-05-16T16:39:56.599Z THROUGHPUT bytes=19279872 rate=25198bps elapsed=765.1s
2026-05-16T16:40:06.702Z THROUGHPUT bytes=19535872 rate=25200bps elapsed=775.2s
2026-05-16T16:40:16.752Z THROUGHPUT bytes=19787776 rate=25198bps elapsed=785.3s
2026-05-16T16:40:26.908Z THROUGHPUT bytes=20043776 rate=25198bps elapsed=795.4s
2026-05-16T16:40:36.991Z THROUGHPUT bytes=20297728 rate=25198bps elapsed=805.5s
2026-05-16T16:40:47.064Z THROUGHPUT bytes=20551680 rate=25198bps elapsed=815.6s
2026-05-16T16:40:57.153Z THROUGHPUT bytes=20805632 rate=25198bps elapsed=825.7s
2026-05-16T16:41:07.319Z THROUGHPUT bytes=21061632 rate=25197bps elapsed=835.8s
2026-05-16T16:41:17.380Z THROUGHPUT bytes=21315584 rate=25198bps elapsed=845.9s
2026-05-16T16:41:27.472Z THROUGHPUT bytes=21569536 rate=25198bps elapsed=856.0s
2026-05-16T16:41:37.530Z THROUGHPUT bytes=21823488 rate=25198bps elapsed=866.1s
2026-05-16T16:41:47.588Z THROUGHPUT bytes=22079488 rate=25201bps elapsed=876.1s
2026-05-16T16:41:57.615Z THROUGHPUT bytes=22329344 rate=25198bps elapsed=886.1s
2026-05-16T16:42:07.697Z THROUGHPUT bytes=22583296 rate=25198bps elapsed=896.2s
2026-05-16T16:42:17.845Z THROUGHPUT bytes=22839296 rate=25198bps elapsed=906.4s
2026-05-16T16:42:28.016Z THROUGHPUT bytes=23095296 rate=25198bps elapsed=916.5s
2026-05-16T16:42:38.103Z THROUGHPUT bytes=23349248 rate=25198bps elapsed=926.6s
2026-05-16T16:42:48.159Z THROUGHPUT bytes=23603200 rate=25198bps elapsed=936.7s
2026-05-16T16:42:58.215Z THROUGHPUT bytes=23857152 rate=25199bps elapsed=946.7s
2026-05-16T16:43:08.334Z THROUGHPUT bytes=24113152 rate=25200bps elapsed=956.9s
2026-05-16T16:43:18.403Z THROUGHPUT bytes=24365056 rate=25198bps elapsed=966.9s
2026-05-16T16:43:28.463Z THROUGHPUT bytes=24619008 rate=25199bps elapsed=977.0s
2026-05-16T16:43:38.487Z THROUGHPUT bytes=24870912 rate=25198bps elapsed=987.0s
2026-05-16T16:43:48.559Z THROUGHPUT bytes=25124864 rate=25198bps elapsed=997.1s
2026-05-16T16:43:58.718Z THROUGHPUT bytes=25380864 rate=25198bps elapsed=1007.2s
2026-05-16T16:44:08.848Z THROUGHPUT bytes=25636864 rate=25199bps elapsed=1017.4s
2026-05-16T16:44:18.949Z THROUGHPUT bytes=25890816 rate=25198bps elapsed=1027.5s
2026-05-16T16:44:28.984Z THROUGHPUT bytes=26144768 rate=25199bps elapsed=1037.5s
2026-05-16T16:44:39.013Z THROUGHPUT bytes=26396672 rate=25198bps elapsed=1047.5s
2026-05-16T16:44:49.028Z THROUGHPUT bytes=26648576 rate=25198bps elapsed=1057.5s
2026-05-16T16:44:59.187Z THROUGHPUT bytes=26904576 rate=25198bps elapsed=1067.7s
2026-05-16T16:45:09.335Z THROUGHPUT bytes=27160576 rate=25198bps elapsed=1077.9s
2026-05-16T16:45:19.499Z THROUGHPUT bytes=27416576 rate=25198bps elapsed=1088.0s
2026-05-16T16:45:29.658Z THROUGHPUT bytes=27672576 rate=25198bps elapsed=1098.2s
2026-05-16T16:45:39.742Z THROUGHPUT bytes=27926528 rate=25198bps elapsed=1108.3s
2026-05-16T16:45:49.898Z THROUGHPUT bytes=28182528 rate=25198bps elapsed=1118.4s
2026-05-16T16:45:59.967Z THROUGHPUT bytes=28436480 rate=25198bps elapsed=1128.5s
2026-05-16T16:46:10.017Z THROUGHPUT bytes=28692480 rate=25201bps elapsed=1138.5s
2026-05-16T16:46:20.125Z THROUGHPUT bytes=28944384 rate=25198bps elapsed=1148.6s
2026-05-16T16:46:30.267Z THROUGHPUT bytes=29200384 rate=25199bps elapsed=1158.8s
2026-05-16T16:46:40.309Z THROUGHPUT bytes=29454336 rate=25199bps elapsed=1168.8s
2026-05-16T16:46:50.417Z THROUGHPUT bytes=29708288 rate=25199bps elapsed=1178.9s
2026-05-16T16:47:00.530Z THROUGHPUT bytes=29964288 rate=25200bps elapsed=1189.1s
2026-05-16T16:47:10.653Z THROUGHPUT bytes=30218240 rate=25199bps elapsed=1199.2s
2026-05-16T16:47:20.677Z THROUGHPUT bytes=30470144 rate=25198bps elapsed=1209.2s
2026-05-16T16:47:30.721Z THROUGHPUT bytes=30724096 rate=25199bps elapsed=1219.2s
2026-05-16T16:47:40.817Z THROUGHPUT bytes=30978048 rate=25198bps elapsed=1229.3s
2026-05-16T16:47:50.900Z THROUGHPUT bytes=31232000 rate=25198bps elapsed=1239.4s
2026-05-16T16:48:01.061Z THROUGHPUT bytes=31488000 rate=25198bps elapsed=1249.6s
2026-05-16T16:48:11.142Z THROUGHPUT bytes=31741952 rate=25198bps elapsed=1259.7s
2026-05-16T16:48:21.300Z THROUGHPUT bytes=31997952 rate=25198bps elapsed=1269.8s
2026-05-16T16:48:31.379Z THROUGHPUT bytes=32251904 rate=25198bps elapsed=1279.9s
2026-05-16T16:48:41.519Z THROUGHPUT bytes=32507904 rate=25199bps elapsed=1290.0s
2026-05-16T16:48:51.583Z THROUGHPUT bytes=32761856 rate=25199bps elapsed=1300.1s
2026-05-16T16:49:01.700Z THROUGHPUT bytes=33015808 rate=25198bps elapsed=1310.2s
2026-05-16T16:49:11.851Z THROUGHPUT bytes=33271808 rate=25198bps elapsed=1320.4s
2026-05-16T16:49:21.851Z THROUGHPUT bytes=33523712 rate=25198bps elapsed=1330.4s
2026-05-16T16:49:32.011Z THROUGHPUT bytes=33779712 rate=25198bps elapsed=1340.5s
2026-05-16T16:49:42.076Z THROUGHPUT bytes=34035712 rate=25200bps elapsed=1350.6s
2026-05-16T16:49:52.084Z THROUGHPUT bytes=34285568 rate=25198bps elapsed=1360.6s
2026-05-16T16:50:02.119Z THROUGHPUT bytes=34539520 rate=25199bps elapsed=1370.6s
2026-05-16T16:50:12.194Z THROUGHPUT bytes=34793472 rate=25199bps elapsed=1380.7s
2026-05-16T16:50:22.233Z THROUGHPUT bytes=35045376 rate=25198bps elapsed=1390.8s
2026-05-16T16:50:32.306Z THROUGHPUT bytes=35299328 rate=25198bps elapsed=1400.8s
2026-05-16T16:50:42.390Z THROUGHPUT bytes=35553280 rate=25198bps elapsed=1410.9s
2026-05-16T16:50:52.545Z THROUGHPUT bytes=35809280 rate=25198bps elapsed=1421.1s
2026-05-16T16:51:02.705Z THROUGHPUT bytes=36065280 rate=25198bps elapsed=1431.2s
2026-05-16T16:51:12.739Z THROUGHPUT bytes=36319232 rate=25199bps elapsed=1441.3s
2026-05-16T16:51:22.769Z THROUGHPUT bytes=36573184 rate=25200bps elapsed=1451.3s
2026-05-16T16:51:32.779Z THROUGHPUT bytes=36823040 rate=25198bps elapsed=1461.3s
2026-05-16T16:51:42.859Z THROUGHPUT bytes=37076992 rate=25198bps elapsed=1471.4s
2026-05-16T16:51:52.875Z THROUGHPUT bytes=37330944 rate=25199bps elapsed=1481.4s
2026-05-16T16:52:02.895Z THROUGHPUT bytes=37582848 rate=25199bps elapsed=1491.4s
2026-05-16T16:52:12.920Z THROUGHPUT bytes=37836800 rate=25200bps elapsed=1501.4s
2026-05-16T16:52:22.921Z THROUGHPUT bytes=38086656 rate=25198bps elapsed=1511.4s
2026-05-16T16:52:32.921Z THROUGHPUT bytes=38338560 rate=25198bps elapsed=1521.4s
2026-05-16T16:52:42.985Z THROUGHPUT bytes=38592512 rate=25199bps elapsed=1531.5s
2026-05-16T16:52:53.071Z THROUGHPUT bytes=38846464 rate=25198bps elapsed=1541.6s
2026-05-16T16:53:03.162Z THROUGHPUT bytes=39102464 rate=25200bps elapsed=1551.7s
2026-05-16T16:53:13.299Z THROUGHPUT bytes=39356416 rate=25199bps elapsed=1561.8s
2026-05-16T16:53:23.304Z THROUGHPUT bytes=39608320 rate=25198bps elapsed=1571.8s
2026-05-16T16:53:33.469Z THROUGHPUT bytes=39864320 rate=25198bps elapsed=1582.0s
2026-05-16T16:53:43.481Z THROUGHPUT bytes=40118272 rate=25199bps elapsed=1592.0s
2026-05-16T16:53:53.520Z THROUGHPUT bytes=40370176 rate=25199bps elapsed=1602.0s
2026-05-16T16:54:03.536Z THROUGHPUT bytes=40622080 rate=25198bps elapsed=1612.1s
2026-05-16T16:54:13.564Z THROUGHPUT bytes=40878080 rate=25201bps elapsed=1622.1s
2026-05-16T16:54:23.687Z THROUGHPUT bytes=41129984 rate=25199bps elapsed=1632.2s
2026-05-16T16:54:33.731Z THROUGHPUT bytes=41385984 rate=25200bps elapsed=1642.2s
2026-05-16T16:54:43.805Z THROUGHPUT bytes=41637888 rate=25199bps elapsed=1652.3s
2026-05-16T16:54:53.921Z THROUGHPUT bytes=41891840 rate=25199bps elapsed=1662.4s
2026-05-16T16:55:03.993Z THROUGHPUT bytes=42145792 rate=25199bps elapsed=1672.5s
2026-05-16T16:55:14.021Z THROUGHPUT bytes=42399744 rate=25199bps elapsed=1682.5s
2026-05-16T16:55:24.148Z THROUGHPUT bytes=42653696 rate=25199bps elapsed=1692.7s
2026-05-16T16:55:34.316Z THROUGHPUT bytes=42909696 rate=25199bps elapsed=1702.8s
2026-05-16T16:55:44.388Z THROUGHPUT bytes=43163648 rate=25199bps elapsed=1712.9s
2026-05-16T16:55:54.508Z THROUGHPUT bytes=43419648 rate=25199bps elapsed=1723.0s
2026-05-16T16:56:04.546Z THROUGHPUT bytes=43671552 rate=25199bps elapsed=1733.1s
2026-05-16T16:56:14.706Z THROUGHPUT bytes=43927552 rate=25199bps elapsed=1743.2s
2026-05-16T16:56:24.782Z THROUGHPUT bytes=44181504 rate=25199bps elapsed=1753.3s
2026-05-16T16:56:34.864Z THROUGHPUT bytes=44435456 rate=25199bps elapsed=1763.4s
2026-05-16T16:56:44.988Z THROUGHPUT bytes=44691456 rate=25199bps elapsed=1773.5s
2026-05-16T16:56:55.098Z THROUGHPUT bytes=44945408 rate=25199bps elapsed=1783.6s
2026-05-16T16:57:05.172Z THROUGHPUT bytes=45199360 rate=25199bps elapsed=1793.7s
2026-05-16T16:57:15.330Z THROUGHPUT bytes=45455360 rate=25199bps elapsed=1803.8s
2026-05-16T16:57:25.392Z THROUGHPUT bytes=45709312 rate=25199bps elapsed=1813.9s
2026-05-16T16:57:35.478Z THROUGHPUT bytes=45963264 rate=25199bps elapsed=1824.0s
2026-05-16T16:57:45.482Z THROUGHPUT bytes=46215168 rate=25199bps elapsed=1834.0s
2026-05-16T16:57:55.562Z THROUGHPUT bytes=46469120 rate=25199bps elapsed=1844.1s
2026-05-16T16:58:05.623Z THROUGHPUT bytes=46725120 rate=25200bps elapsed=1854.1s
2026-05-16T16:58:15.800Z THROUGHPUT bytes=46979072 rate=25199bps elapsed=1864.3s
2026-05-16T16:58:25.832Z THROUGHPUT bytes=47235072 rate=25200bps elapsed=1874.3s
2026-05-16T16:58:35.954Z THROUGHPUT bytes=47486976 rate=25199bps elapsed=1884.5s
2026-05-16T16:58:46.034Z THROUGHPUT bytes=47740928 rate=25199bps elapsed=1894.5s
2026-05-16T16:58:56.166Z THROUGHPUT bytes=47996928 rate=25199bps elapsed=1904.7s
2026-05-16T16:59:06.185Z THROUGHPUT bytes=48248832 rate=25199bps elapsed=1914.7s
2026-05-16T16:59:16.247Z THROUGHPUT bytes=48502784 rate=25199bps elapsed=1924.8s
2026-05-16T16:59:26.263Z THROUGHPUT bytes=48754688 rate=25199bps elapsed=1934.8s
2026-05-16T16:59:36.328Z THROUGHPUT bytes=49008640 rate=25199bps elapsed=1944.8s
2026-05-16T16:59:46.372Z THROUGHPUT bytes=49264640 rate=25200bps elapsed=1954.9s
2026-05-16T16:59:56.401Z THROUGHPUT bytes=49516544 rate=25200bps elapsed=1964.9s
2026-05-16T17:00:06.456Z THROUGHPUT bytes=49768448 rate=25199bps elapsed=1975.0s
2026-05-16T17:00:16.522Z THROUGHPUT bytes=50022400 rate=25199bps elapsed=1985.0s
2026-05-16T17:00:26.556Z THROUGHPUT bytes=50274304 rate=25199bps elapsed=1995.1s
2026-05-16T17:00:36.716Z THROUGHPUT bytes=50530304 rate=25199bps elapsed=2005.2s
2026-05-16T17:00:46.867Z THROUGHPUT bytes=50786304 rate=25199bps elapsed=2015.4s
2026-05-16T17:00:56.880Z THROUGHPUT bytes=51038208 rate=25199bps elapsed=2025.4s
2026-05-16T17:01:06.927Z THROUGHPUT bytes=51292160 rate=25199bps elapsed=2035.4s
2026-05-16T17:01:17.099Z THROUGHPUT bytes=51548160 rate=25199bps elapsed=2045.6s
2026-05-16T17:01:27.183Z THROUGHPUT bytes=51802112 rate=25199bps elapsed=2055.7s
2026-05-16T17:01:37.224Z THROUGHPUT bytes=52056064 rate=25199bps elapsed=2065.7s
2026-05-16T17:01:47.315Z THROUGHPUT bytes=52310016 rate=25199bps elapsed=2075.8s
2026-05-16T17:01:57.333Z THROUGHPUT bytes=52561920 rate=25199bps elapsed=2085.8s
2026-05-16T17:02:07.505Z THROUGHPUT bytes=52817920 rate=25199bps elapsed=2096.0s
2026-05-16T17:02:17.540Z THROUGHPUT bytes=53071872 rate=25199bps elapsed=2106.0s
2026-05-16T17:02:27.653Z THROUGHPUT bytes=53325824 rate=25199bps elapsed=2116.2s
2026-05-16T17:02:37.730Z THROUGHPUT bytes=53579776 rate=25199bps elapsed=2126.2s
2026-05-16T17:02:47.867Z THROUGHPUT bytes=53835776 rate=25199bps elapsed=2136.4s
2026-05-16T17:02:57.928Z THROUGHPUT bytes=54089728 rate=25199bps elapsed=2146.4s
2026-05-16T17:03:07.965Z THROUGHPUT bytes=54341632 rate=25199bps elapsed=2156.5s
2026-05-16T17:03:18.101Z THROUGHPUT bytes=54597632 rate=25199bps elapsed=2166.6s
2026-05-16T17:03:28.201Z THROUGHPUT bytes=54851584 rate=25199bps elapsed=2176.7s
2026-05-16T17:03:38.276Z THROUGHPUT bytes=55105536 rate=25199bps elapsed=2186.8s
2026-05-16T17:03:48.335Z THROUGHPUT bytes=55359488 rate=25199bps elapsed=2196.8s
2026-05-16T17:03:58.426Z THROUGHPUT bytes=55613440 rate=25199bps elapsed=2206.9s
2026-05-16T17:04:08.524Z THROUGHPUT bytes=55869440 rate=25200bps elapsed=2217.0s
2026-05-16T17:04:18.588Z THROUGHPUT bytes=56123392 rate=25200bps elapsed=2227.1s
2026-05-16T17:04:28.668Z THROUGHPUT bytes=56375296 rate=25199bps elapsed=2237.2s
2026-05-16T17:04:38.742Z THROUGHPUT bytes=56629248 rate=25199bps elapsed=2247.3s
2026-05-16T17:04:48.775Z THROUGHPUT bytes=56885248 rate=25200bps elapsed=2257.3s
2026-05-16T17:04:58.802Z THROUGHPUT bytes=57135104 rate=25199bps elapsed=2267.3s
2026-05-16T17:05:08.897Z THROUGHPUT bytes=57391104 rate=25200bps elapsed=2277.4s
2026-05-16T17:05:18.966Z THROUGHPUT bytes=57643008 rate=25199bps elapsed=2287.5s
2026-05-16T17:05:29.046Z THROUGHPUT bytes=57896960 rate=25199bps elapsed=2297.6s
2026-05-16T17:05:39.046Z THROUGHPUT bytes=58150912 rate=25200bps elapsed=2307.6s
2026-05-16T17:05:49.047Z THROUGHPUT bytes=58400768 rate=25199bps elapsed=2317.6s
2026-05-16T17:05:59.081Z THROUGHPUT bytes=58654720 rate=25199bps elapsed=2327.6s
2026-05-16T17:06:09.195Z THROUGHPUT bytes=58908672 rate=25199bps elapsed=2337.7s
2026-05-16T17:06:19.200Z THROUGHPUT bytes=59160576 rate=25199bps elapsed=2347.7s
2026-05-16T17:06:29.318Z THROUGHPUT bytes=59416576 rate=25199bps elapsed=2357.8s
2026-05-16T17:06:39.335Z THROUGHPUT bytes=59668480 rate=25199bps elapsed=2367.8s
2026-05-16T17:06:49.348Z THROUGHPUT bytes=59920384 rate=25199bps elapsed=2377.9s
2026-05-16T17:06:59.427Z THROUGHPUT bytes=60174336 rate=25199bps elapsed=2387.9s
2026-05-16T17:07:09.586Z THROUGHPUT bytes=60430336 rate=25199bps elapsed=2398.1s
2026-05-16T17:07:19.646Z THROUGHPUT bytes=60684288 rate=25199bps elapsed=2408.2s
2026-05-16T17:07:29.737Z THROUGHPUT bytes=60938240 rate=25199bps elapsed=2418.2s
2026-05-16T17:07:39.895Z THROUGHPUT bytes=61194240 rate=25199bps elapsed=2428.4s
2026-05-16T17:07:49.899Z THROUGHPUT bytes=61446144 rate=25199bps elapsed=2438.4s
2026-05-16T17:07:59.964Z THROUGHPUT bytes=61700096 rate=25199bps elapsed=2448.5s
2026-05-16T17:08:10.041Z THROUGHPUT bytes=61954048 rate=25199bps elapsed=2458.5s
2026-05-16T17:08:20.128Z THROUGHPUT bytes=62208000 rate=25199bps elapsed=2468.6s
2026-05-16T17:08:30.160Z THROUGHPUT bytes=62461952 rate=25199bps elapsed=2478.7s
2026-05-16T17:08:40.191Z THROUGHPUT bytes=62713856 rate=25199bps elapsed=2488.7s
2026-05-16T17:08:50.363Z THROUGHPUT bytes=62969856 rate=25199bps elapsed=2498.9s
2026-05-16T17:09:00.437Z THROUGHPUT bytes=63223808 rate=25199bps elapsed=2508.9s
2026-05-16T17:09:10.462Z THROUGHPUT bytes=63477760 rate=25199bps elapsed=2519.0s
2026-05-16T17:09:20.515Z THROUGHPUT bytes=63729664 rate=25199bps elapsed=2529.0s
2026-05-16T17:09:30.532Z THROUGHPUT bytes=63985664 rate=25200bps elapsed=2539.0s
2026-05-16T17:09:40.577Z THROUGHPUT bytes=64235520 rate=25199bps elapsed=2549.1s
2026-05-16T17:09:50.666Z THROUGHPUT bytes=64489472 rate=25199bps elapsed=2559.2s
2026-05-16T17:10:00.708Z THROUGHPUT bytes=64743424 rate=25199bps elapsed=2569.2s
2026-05-16T17:10:10.719Z THROUGHPUT bytes=64995328 rate=25199bps elapsed=2579.2s
2026-05-16T17:10:20.788Z THROUGHPUT bytes=65249280 rate=25199bps elapsed=2589.3s
2026-05-16T17:10:30.896Z THROUGHPUT bytes=65503232 rate=25199bps elapsed=2599.4s
2026-05-16T17:10:40.911Z THROUGHPUT bytes=65757184 rate=25199bps elapsed=2609.4s
2026-05-16T17:10:50.968Z THROUGHPUT bytes=66009088 rate=25199bps elapsed=2619.5s
2026-05-16T17:11:01.047Z THROUGHPUT bytes=66263040 rate=25199bps elapsed=2629.6s
2026-05-16T17:11:11.194Z THROUGHPUT bytes=66519040 rate=25199bps elapsed=2639.7s
2026-05-16T17:11:21.286Z THROUGHPUT bytes=66772992 rate=25199bps elapsed=2649.8s
2026-05-16T17:11:31.388Z THROUGHPUT bytes=67028992 rate=25199bps elapsed=2659.9s
2026-05-16T17:11:41.439Z THROUGHPUT bytes=67280896 rate=25199bps elapsed=2669.9s
2026-05-16T17:11:51.509Z THROUGHPUT bytes=67534848 rate=25199bps elapsed=2680.0s
2026-05-16T17:12:01.593Z THROUGHPUT bytes=67788800 rate=25199bps elapsed=2690.1s
2026-05-16T17:12:11.664Z THROUGHPUT bytes=68042752 rate=25199bps elapsed=2700.2s
2026-05-16T17:12:21.829Z THROUGHPUT bytes=68298752 rate=25199bps elapsed=2710.3s
2026-05-16T17:12:31.900Z THROUGHPUT bytes=68552704 rate=25199bps elapsed=2720.4s
2026-05-16T17:12:41.973Z THROUGHPUT bytes=68806656 rate=25199bps elapsed=2730.5s
2026-05-16T17:12:52.137Z THROUGHPUT bytes=69062656 rate=25199bps elapsed=2740.6s
2026-05-16T17:13:02.221Z THROUGHPUT bytes=69316608 rate=25199bps elapsed=2750.7s
2026-05-16T17:13:12.337Z THROUGHPUT bytes=69572608 rate=25199bps elapsed=2760.8s
2026-05-16T17:13:22.438Z THROUGHPUT bytes=69826560 rate=25199bps elapsed=2770.9s
2026-05-16T17:13:32.587Z THROUGHPUT bytes=70082560 rate=25199bps elapsed=2781.1s
2026-05-16T17:13:42.692Z THROUGHPUT bytes=70336512 rate=25199bps elapsed=2791.2s
2026-05-16T17:13:52.733Z THROUGHPUT bytes=70590464 rate=25199bps elapsed=2801.2s
2026-05-16T17:14:02.817Z THROUGHPUT bytes=70844416 rate=25199bps elapsed=2811.3s
2026-05-16T17:14:12.843Z THROUGHPUT bytes=71096320 rate=25199bps elapsed=2821.3s
2026-05-16T17:14:22.964Z THROUGHPUT bytes=71352320 rate=25199bps elapsed=2831.5s
2026-05-16T17:14:32.984Z THROUGHPUT bytes=71604224 rate=25199bps elapsed=2841.5s
2026-05-16T17:14:43.068Z THROUGHPUT bytes=71858176 rate=25199bps elapsed=2851.6s
2026-05-16T17:14:53.235Z THROUGHPUT bytes=72114176 rate=25199bps elapsed=2861.7s
2026-05-16T17:15:03.335Z THROUGHPUT bytes=72370176 rate=25199bps elapsed=2871.8s
2026-05-16T17:15:13.384Z THROUGHPUT bytes=72622080 rate=25199bps elapsed=2881.9s
2026-05-16T17:15:23.552Z THROUGHPUT bytes=72878080 rate=25199bps elapsed=2892.1s
2026-05-16T17:15:33.621Z THROUGHPUT bytes=73132032 rate=25199bps elapsed=2902.1s
2026-05-16T17:15:43.755Z THROUGHPUT bytes=73388032 rate=25199bps elapsed=2912.3s
2026-05-16T17:15:53.786Z THROUGHPUT bytes=73639936 rate=25199bps elapsed=2922.3s
2026-05-16T17:16:03.896Z THROUGHPUT bytes=73895936 rate=25199bps elapsed=2932.4s
2026-05-16T17:16:14.007Z THROUGHPUT bytes=74149888 rate=25199bps elapsed=2942.5s
2026-05-16T17:16:24.064Z THROUGHPUT bytes=74403840 rate=25199bps elapsed=2952.6s
2026-05-16T17:16:34.084Z THROUGHPUT bytes=74655744 rate=25199bps elapsed=2962.6s
2026-05-16T17:16:44.246Z THROUGHPUT bytes=74911744 rate=25199bps elapsed=2972.7s
2026-05-16T17:16:54.396Z THROUGHPUT bytes=75167744 rate=25199bps elapsed=2982.9s
2026-05-16T17:17:04.572Z THROUGHPUT bytes=75423744 rate=25199bps elapsed=2993.1s
2026-05-16T17:17:14.599Z THROUGHPUT bytes=75677696 rate=25199bps elapsed=3003.1s
2026-05-16T17:17:24.701Z THROUGHPUT bytes=75931648 rate=25199bps elapsed=3013.2s
2026-05-16T17:17:34.804Z THROUGHPUT bytes=76185600 rate=25199bps elapsed=3023.3s
2026-05-16T17:17:44.879Z THROUGHPUT bytes=76439552 rate=25199bps elapsed=3033.4s
2026-05-16T17:17:54.964Z THROUGHPUT bytes=76695552 rate=25200bps elapsed=3043.5s
2026-05-16T17:18:04.967Z THROUGHPUT bytes=76947456 rate=25200bps elapsed=3053.5s
2026-05-16T17:18:14.999Z THROUGHPUT bytes=77199360 rate=25199bps elapsed=3063.5s
2026-05-16T17:18:25.009Z THROUGHPUT bytes=77451264 rate=25199bps elapsed=3073.5s
2026-05-16T17:18:35.099Z THROUGHPUT bytes=77705216 rate=25199bps elapsed=3083.6s
2026-05-16T17:18:45.263Z THROUGHPUT bytes=77961216 rate=25199bps elapsed=3093.8s
2026-05-16T17:18:55.419Z THROUGHPUT bytes=78217216 rate=25199bps elapsed=3103.9s
2026-05-16T17:19:05.538Z THROUGHPUT bytes=78473216 rate=25199bps elapsed=3114.0s
2026-05-16T17:19:15.576Z THROUGHPUT bytes=78725120 rate=25199bps elapsed=3124.1s
2026-05-16T17:19:25.737Z THROUGHPUT bytes=78981120 rate=25199bps elapsed=3134.2s
2026-05-16T17:19:35.832Z THROUGHPUT bytes=79237120 rate=25200bps elapsed=3144.3s
2026-05-16T17:19:45.860Z THROUGHPUT bytes=79491072 rate=25200bps elapsed=3154.4s
2026-05-16T17:19:55.905Z THROUGHPUT bytes=79742976 rate=25199bps elapsed=3164.4s
2026-05-16T17:20:05.941Z THROUGHPUT bytes=79994880 rate=25199bps elapsed=3174.4s
2026-05-16T17:20:16.121Z THROUGHPUT bytes=80250880 rate=25199bps elapsed=3184.6s
2026-05-16T17:20:26.168Z THROUGHPUT bytes=80504832 rate=25199bps elapsed=3194.7s
2026-05-16T17:20:36.200Z THROUGHPUT bytes=80756736 rate=25199bps elapsed=3204.7s
2026-05-16T17:20:46.339Z THROUGHPUT bytes=81012736 rate=25199bps elapsed=3214.8s
2026-05-16T17:20:56.418Z THROUGHPUT bytes=81266688 rate=25199bps elapsed=3224.9s
2026-05-16T17:21:06.488Z THROUGHPUT bytes=81520640 rate=25199bps elapsed=3235.0s
2026-05-16T17:21:16.594Z THROUGHPUT bytes=81774592 rate=25199bps elapsed=3245.1s
2026-05-16T17:21:26.607Z THROUGHPUT bytes=82028544 rate=25199bps elapsed=3255.1s
2026-05-16T17:21:36.724Z THROUGHPUT bytes=82282496 rate=25199bps elapsed=3265.2s
2026-05-16T17:21:46.740Z THROUGHPUT bytes=82534400 rate=25199bps elapsed=3275.2s
2026-05-16T17:21:56.764Z THROUGHPUT bytes=82790400 rate=25200bps elapsed=3285.3s
2026-05-16T17:22:06.893Z THROUGHPUT bytes=83042304 rate=25199bps elapsed=3295.4s
2026-05-16T17:22:16.890Z THROUGHPUT bytes=83294208 rate=25199bps elapsed=3305.4s
2026-05-16T17:22:27.043Z THROUGHPUT bytes=83550208 rate=25199bps elapsed=3315.5s
2026-05-16T17:22:37.063Z THROUGHPUT bytes=83804160 rate=25200bps elapsed=3325.6s
2026-05-16T17:22:47.205Z THROUGHPUT bytes=84058112 rate=25199bps elapsed=3335.7s
2026-05-16T17:22:57.339Z THROUGHPUT bytes=84314112 rate=25199bps elapsed=3345.8s
2026-05-16T17:23:07.492Z THROUGHPUT bytes=84570112 rate=25199bps elapsed=3356.0s
2026-05-16T17:23:17.565Z THROUGHPUT bytes=84824064 rate=25199bps elapsed=3366.1s
2026-05-16T17:23:27.598Z THROUGHPUT bytes=85075968 rate=25199bps elapsed=3376.1s
2026-05-16T17:23:37.675Z THROUGHPUT bytes=85329920 rate=25199bps elapsed=3386.2s
2026-05-16T17:23:47.753Z THROUGHPUT bytes=85583872 rate=25199bps elapsed=3396.3s
2026-05-16T17:23:57.783Z THROUGHPUT bytes=85839872 rate=25200bps elapsed=3406.3s
2026-05-16T17:24:07.820Z THROUGHPUT bytes=86089728 rate=25199bps elapsed=3416.3s
2026-05-16T17:24:17.824Z THROUGHPUT bytes=86341632 rate=25199bps elapsed=3426.3s
2026-05-16T17:24:27.958Z THROUGHPUT bytes=86597632 rate=25199bps elapsed=3436.5s
2026-05-16T17:24:38.061Z THROUGHPUT bytes=86851584 rate=25199bps elapsed=3446.6s
2026-05-16T17:24:48.190Z THROUGHPUT bytes=87107584 rate=25199bps elapsed=3456.7s
2026-05-16T17:24:58.193Z THROUGHPUT bytes=87359488 rate=25199bps elapsed=3466.7s
2026-05-16T17:25:08.267Z THROUGHPUT bytes=87613440 rate=25199bps elapsed=3476.8s
2026-05-16T17:25:18.291Z THROUGHPUT bytes=87865344 rate=25199bps elapsed=3486.8s
2026-05-16T17:25:28.446Z THROUGHPUT bytes=88121344 rate=25199bps elapsed=3496.9s
2026-05-16T17:25:38.601Z THROUGHPUT bytes=88377344 rate=25199bps elapsed=3507.1s
2026-05-16T17:25:48.744Z THROUGHPUT bytes=88633344 rate=25199bps elapsed=3517.2s
2026-05-16T17:25:58.801Z THROUGHPUT bytes=88887296 rate=25199bps elapsed=3527.3s
2026-05-16T17:26:08.829Z THROUGHPUT bytes=89139200 rate=25199bps elapsed=3537.3s
2026-05-16T17:26:18.910Z THROUGHPUT bytes=89395200 rate=25200bps elapsed=3547.4s
2026-05-16T17:26:28.984Z THROUGHPUT bytes=89647104 rate=25199bps elapsed=3557.5s
2026-05-16T17:26:38.986Z THROUGHPUT bytes=89899008 rate=25199bps elapsed=3567.5s
2026-05-16T17:26:49.136Z THROUGHPUT bytes=90155008 rate=25199bps elapsed=3577.6s
2026-05-16T17:26:59.222Z THROUGHPUT bytes=90408960 rate=25199bps elapsed=3587.7s
2026-05-16T17:27:09.345Z THROUGHPUT bytes=90664960 rate=25199bps elapsed=3597.8s
2026-05-16T17:27:19.362Z THROUGHPUT bytes=90916864 rate=25199bps elapsed=3607.9s
2026-05-16T17:27:29.402Z THROUGHPUT bytes=91170816 rate=25199bps elapsed=3617.9s
2026-05-16T17:27:39.474Z THROUGHPUT bytes=91424768 rate=25199bps elapsed=3628.0s
2026-05-16T17:27:49.522Z THROUGHPUT bytes=91676672 rate=25199bps elapsed=3638.0s
2026-05-16T17:27:59.682Z THROUGHPUT bytes=91932672 rate=25199bps elapsed=3648.2s
2026-05-16T17:28:09.691Z THROUGHPUT bytes=92186624 rate=25200bps elapsed=3658.2s
2026-05-16T17:28:19.737Z THROUGHPUT bytes=92438528 rate=25199bps elapsed=3668.2s
2026-05-16T17:28:29.823Z THROUGHPUT bytes=92692480 rate=25199bps elapsed=3678.3s
2026-05-16T17:28:40.003Z THROUGHPUT bytes=92948480 rate=25199bps elapsed=3688.5s
2026-05-16T17:28:50.163Z THROUGHPUT bytes=93204480 rate=25199bps elapsed=3698.7s
2026-05-16T17:29:00.310Z THROUGHPUT bytes=93460480 rate=25199bps elapsed=3708.8s
2026-05-16T17:29:10.463Z THROUGHPUT bytes=93716480 rate=25199bps elapsed=3719.0s
2026-05-16T17:29:20.559Z THROUGHPUT bytes=93970432 rate=25199bps elapsed=3729.1s
2026-05-16T17:29:30.713Z THROUGHPUT bytes=94226432 rate=25199bps elapsed=3739.2s
2026-05-16T17:29:40.793Z THROUGHPUT bytes=94480384 rate=25199bps elapsed=3749.3s
2026-05-16T17:29:50.922Z THROUGHPUT bytes=94736384 rate=25199bps elapsed=3759.4s
2026-05-16T17:30:01.103Z THROUGHPUT bytes=94992384 rate=25199bps elapsed=3769.6s
2026-05-16T17:30:11.104Z THROUGHPUT bytes=95244288 rate=25199bps elapsed=3779.6s
2026-05-16T17:30:21.187Z THROUGHPUT bytes=95498240 rate=25199bps elapsed=3789.7s
2026-05-16T17:30:31.252Z THROUGHPUT bytes=95752192 rate=25199bps elapsed=3799.7s
2026-05-16T17:30:41.310Z THROUGHPUT bytes=96006144 rate=25199bps elapsed=3809.8s
2026-05-16T17:30:51.371Z THROUGHPUT bytes=96260096 rate=25199bps elapsed=3819.9s
2026-05-16T17:31:01.493Z THROUGHPUT bytes=96514048 rate=25199bps elapsed=3830.0s
2026-05-16T17:31:11.567Z THROUGHPUT bytes=96768000 rate=25199bps elapsed=3840.1s
2026-05-16T17:31:21.650Z THROUGHPUT bytes=97024000 rate=25200bps elapsed=3850.1s
2026-05-16T17:31:31.728Z THROUGHPUT bytes=97275904 rate=25199bps elapsed=3860.2s
2026-05-16T17:31:41.735Z THROUGHPUT bytes=97529856 rate=25200bps elapsed=3870.2s
2026-05-16T17:31:51.799Z THROUGHPUT bytes=97781760 rate=25199bps elapsed=3880.3s
2026-05-16T17:32:01.814Z THROUGHPUT bytes=98035712 rate=25199bps elapsed=3890.3s
2026-05-16T17:32:11.944Z THROUGHPUT bytes=98289664 rate=25199bps elapsed=3900.4s
2026-05-16T17:32:21.952Z THROUGHPUT bytes=98541568 rate=25199bps elapsed=3910.4s
2026-05-16T17:32:32.100Z THROUGHPUT bytes=98797568 rate=25199bps elapsed=3920.6s
2026-05-16T17:32:42.177Z THROUGHPUT bytes=99051520 rate=25199bps elapsed=3930.7s
2026-05-16T17:32:52.267Z THROUGHPUT bytes=99305472 rate=25199bps elapsed=3940.8s
2026-05-16T17:33:02.339Z THROUGHPUT bytes=99559424 rate=25199bps elapsed=3950.8s
2026-05-16T17:33:12.484Z THROUGHPUT bytes=99815424 rate=25199bps elapsed=3961.0s
2026-05-16T17:33:22.579Z THROUGHPUT bytes=100069376 rate=25199bps elapsed=3971.1s
2026-05-16T17:33:32.735Z THROUGHPUT bytes=100325376 rate=25199bps elapsed=3981.2s
2026-05-16T17:33:42.735Z THROUGHPUT bytes=100577280 rate=25199bps elapsed=3991.2s
2026-05-16T17:33:52.813Z THROUGHPUT bytes=100831232 rate=25199bps elapsed=4001.3s
2026-05-16T17:34:02.873Z THROUGHPUT bytes=101085184 rate=25199bps elapsed=4011.4s
2026-05-16T17:34:12.916Z THROUGHPUT bytes=101341184 rate=25200bps elapsed=4021.4s
2026-05-16T17:34:22.976Z THROUGHPUT bytes=101593088 rate=25200bps elapsed=4031.5s
2026-05-16T17:34:33.121Z THROUGHPUT bytes=101847040 rate=25199bps elapsed=4041.6s
2026-05-16T17:34:43.260Z THROUGHPUT bytes=102103040 rate=25199bps elapsed=4051.8s
2026-05-16T17:34:53.330Z THROUGHPUT bytes=102356992 rate=25199bps elapsed=4061.8s
2026-05-16T17:35:03.513Z THROUGHPUT bytes=102612992 rate=25199bps elapsed=4072.0s
2026-05-16T17:35:13.596Z THROUGHPUT bytes=102866944 rate=25199bps elapsed=4082.1s
2026-05-16T17:35:23.647Z THROUGHPUT bytes=103120896 rate=25199bps elapsed=4092.1s
2026-05-16T17:35:33.658Z THROUGHPUT bytes=103372800 rate=25199bps elapsed=4102.1s
2026-05-16T17:35:43.739Z THROUGHPUT bytes=103626752 rate=25199bps elapsed=4112.2s
2026-05-16T17:35:53.796Z THROUGHPUT bytes=103880704 rate=25199bps elapsed=4122.3s
2026-05-16T17:36:03.977Z THROUGHPUT bytes=104134656 rate=25199bps elapsed=4132.5s
2026-05-16T17:36:14.049Z THROUGHPUT bytes=104390656 rate=25199bps elapsed=4142.5s
2026-05-16T17:36:24.094Z THROUGHPUT bytes=104644608 rate=25199bps elapsed=4152.6s
2026-05-16T17:36:34.123Z THROUGHPUT bytes=104896512 rate=25199bps elapsed=4162.6s
2026-05-16T17:36:44.186Z THROUGHPUT bytes=105150464 rate=25199bps elapsed=4172.7s
2026-05-16T17:36:54.260Z THROUGHPUT bytes=105404416 rate=25199bps elapsed=4182.7s
2026-05-16T17:37:04.266Z THROUGHPUT bytes=105656320 rate=25199bps elapsed=4192.7s
2026-05-16T17:37:14.348Z THROUGHPUT bytes=105910272 rate=25199bps elapsed=4202.8s
2026-05-16T17:37:24.545Z THROUGHPUT bytes=106166272 rate=25199bps elapsed=4213.0s
2026-05-16T17:37:34.655Z THROUGHPUT bytes=106422272 rate=25199bps elapsed=4223.1s
2026-05-16T17:37:44.780Z THROUGHPUT bytes=106676224 rate=25199bps elapsed=4233.2s
2026-05-16T17:37:54.780Z THROUGHPUT bytes=106928128 rate=25199bps elapsed=4243.2s
2026-05-16T17:38:04.854Z THROUGHPUT bytes=107182080 rate=25199bps elapsed=4253.3s
2026-05-16T17:38:14.929Z THROUGHPUT bytes=107436032 rate=25199bps elapsed=4263.4s
2026-05-16T17:38:25.092Z THROUGHPUT bytes=107692032 rate=25199bps elapsed=4273.6s
2026-05-16T17:38:35.248Z THROUGHPUT bytes=107948032 rate=25199bps elapsed=4283.7s
2026-05-16T17:38:45.272Z THROUGHPUT bytes=108201984 rate=25199bps elapsed=4293.7s
2026-05-16T17:38:55.400Z THROUGHPUT bytes=108455936 rate=25199bps elapsed=4303.9s
2026-05-16T17:39:05.438Z THROUGHPUT bytes=108709888 rate=25199bps elapsed=4313.9s
2026-05-16T17:39:15.505Z THROUGHPUT bytes=108963840 rate=25199bps elapsed=4324.0s
2026-05-16T17:39:25.607Z THROUGHPUT bytes=109217792 rate=25199bps elapsed=4334.1s
2026-05-16T17:39:35.688Z THROUGHPUT bytes=109471744 rate=25199bps elapsed=4344.2s
2026-05-16T17:39:45.874Z THROUGHPUT bytes=109727744 rate=25199bps elapsed=4354.3s
2026-05-16T17:39:55.938Z THROUGHPUT bytes=109981696 rate=25199bps elapsed=4364.4s
2026-05-16T17:40:06.034Z THROUGHPUT bytes=110235648 rate=25199bps elapsed=4374.5s
2026-05-16T17:40:16.055Z THROUGHPUT bytes=110489600 rate=25199bps elapsed=4384.5s
2026-05-16T17:40:26.129Z THROUGHPUT bytes=110743552 rate=25199bps elapsed=4394.6s
2026-05-16T17:40:36.179Z THROUGHPUT bytes=110995456 rate=25199bps elapsed=4404.6s
2026-05-16T17:40:46.339Z THROUGHPUT bytes=111251456 rate=25199bps elapsed=4414.8s
2026-05-16T17:40:56.357Z THROUGHPUT bytes=111505408 rate=25199bps elapsed=4424.8s
2026-05-16T17:41:06.465Z THROUGHPUT bytes=111759360 rate=25199bps elapsed=4434.9s
2026-05-16T17:41:16.550Z THROUGHPUT bytes=112013312 rate=25199bps elapsed=4445.0s
2026-05-16T17:41:26.570Z THROUGHPUT bytes=112265216 rate=25199bps elapsed=4455.0s
2026-05-16T17:41:36.626Z THROUGHPUT bytes=112519168 rate=25199bps elapsed=4465.1s
2026-05-16T17:41:46.711Z THROUGHPUT bytes=112773120 rate=25199bps elapsed=4475.2s
2026-05-16T17:41:56.725Z THROUGHPUT bytes=113025024 rate=25199bps elapsed=4485.2s
2026-05-16T17:42:06.801Z THROUGHPUT bytes=113278976 rate=25199bps elapsed=4495.3s
2026-05-16T17:42:16.941Z THROUGHPUT bytes=113534976 rate=25199bps elapsed=4505.4s
2026-05-16T17:42:26.955Z THROUGHPUT bytes=113788928 rate=25200bps elapsed=4515.4s
2026-05-16T17:42:36.995Z THROUGHPUT bytes=114040832 rate=25199bps elapsed=4525.5s
2026-05-16T17:42:47.095Z THROUGHPUT bytes=114294784 rate=25199bps elapsed=4535.6s
2026-05-16T17:42:57.106Z THROUGHPUT bytes=114546688 rate=25199bps elapsed=4545.6s
2026-05-16T17:43:07.106Z THROUGHPUT bytes=114798592 rate=25199bps elapsed=4555.6s
2026-05-16T17:43:17.182Z THROUGHPUT bytes=115052544 rate=25199bps elapsed=4565.6s
2026-05-16T17:43:27.236Z THROUGHPUT bytes=115306496 rate=25199bps elapsed=4575.7s
2026-05-16T17:43:37.256Z THROUGHPUT bytes=115558400 rate=25199bps elapsed=4585.7s
2026-05-16T17:43:47.366Z THROUGHPUT bytes=115814400 rate=25199bps elapsed=4595.8s
2026-05-16T17:43:57.436Z THROUGHPUT bytes=116068352 rate=25199bps elapsed=4605.9s
2026-05-16T17:44:07.547Z THROUGHPUT bytes=116322304 rate=25199bps elapsed=4616.0s
2026-05-16T17:44:17.707Z THROUGHPUT bytes=116578304 rate=25199bps elapsed=4626.2s
2026-05-16T17:44:27.727Z THROUGHPUT bytes=116830208 rate=25199bps elapsed=4636.2s
2026-05-16T17:44:37.776Z THROUGHPUT bytes=117084160 rate=25199bps elapsed=4646.2s
2026-05-16T17:44:47.817Z THROUGHPUT bytes=117340160 rate=25200bps elapsed=4656.3s
2026-05-16T17:44:57.949Z THROUGHPUT bytes=117592064 rate=25199bps elapsed=4666.4s
2026-05-16T17:45:08.028Z THROUGHPUT bytes=117848064 rate=25200bps elapsed=4676.5s
2026-05-16T17:45:18.134Z THROUGHPUT bytes=118102016 rate=25199bps elapsed=4686.6s
2026-05-16T17:45:28.272Z THROUGHPUT bytes=118355968 rate=25199bps elapsed=4696.7s
2026-05-16T17:45:38.330Z THROUGHPUT bytes=118609920 rate=25199bps elapsed=4706.8s
2026-05-16T17:45:48.479Z THROUGHPUT bytes=118865920 rate=25199bps elapsed=4716.9s
2026-05-16T17:45:58.590Z THROUGHPUT bytes=119119872 rate=25199bps elapsed=4727.0s
2026-05-16T17:46:08.743Z THROUGHPUT bytes=119375872 rate=25199bps elapsed=4737.2s
2026-05-16T17:46:18.734Z THROUGHPUT bytes=119627776 rate=25199bps elapsed=4747.2s
2026-05-16T17:46:28.735Z THROUGHPUT bytes=119879680 rate=25199bps elapsed=4757.2s
2026-05-16T17:46:38.789Z THROUGHPUT bytes=120133632 rate=25199bps elapsed=4767.2s
2026-05-16T17:46:48.864Z THROUGHPUT bytes=120387584 rate=25199bps elapsed=4777.3s
2026-05-16T17:46:58.889Z THROUGHPUT bytes=120639488 rate=25199bps elapsed=4787.3s
2026-05-16T17:47:09.051Z THROUGHPUT bytes=120895488 rate=25199bps elapsed=4797.5s
2026-05-16T17:47:19.123Z THROUGHPUT bytes=121149440 rate=25199bps elapsed=4807.6s
2026-05-16T17:47:29.165Z THROUGHPUT bytes=121403392 rate=25199bps elapsed=4817.6s
2026-05-16T17:47:39.279Z THROUGHPUT bytes=121657344 rate=25199bps elapsed=4827.7s
2026-05-16T17:47:49.372Z THROUGHPUT bytes=121913344 rate=25200bps elapsed=4837.8s
2026-05-16T17:47:59.430Z THROUGHPUT bytes=122165248 rate=25199bps elapsed=4847.9s
2026-05-16T17:48:09.497Z THROUGHPUT bytes=122419200 rate=25199bps elapsed=4858.0s
2026-05-16T17:48:19.591Z THROUGHPUT bytes=122673152 rate=25199bps elapsed=4868.0s
2026-05-16T17:48:29.751Z THROUGHPUT bytes=122929152 rate=25199bps elapsed=4878.2s
2026-05-16T17:48:39.811Z THROUGHPUT bytes=123183104 rate=25199bps elapsed=4888.3s
2026-05-16T17:48:49.824Z THROUGHPUT bytes=123437056 rate=25200bps elapsed=4898.3s
2026-05-16T17:48:59.901Z THROUGHPUT bytes=123688960 rate=25199bps elapsed=4908.4s
2026-05-16T17:49:10.002Z THROUGHPUT bytes=123944960 rate=25199bps elapsed=4918.5s
2026-05-16T17:49:20.115Z THROUGHPUT bytes=124198912 rate=25199bps elapsed=4928.6s
2026-05-16T17:49:30.157Z THROUGHPUT bytes=124452864 rate=25199bps elapsed=4938.6s
2026-05-16T17:49:40.288Z THROUGHPUT bytes=124706816 rate=25199bps elapsed=4948.7s
2026-05-16T17:49:50.316Z THROUGHPUT bytes=124960768 rate=25199bps elapsed=4958.8s
2026-05-16T17:50:00.390Z THROUGHPUT bytes=125214720 rate=25199bps elapsed=4968.8s
2026-05-16T17:50:10.599Z THROUGHPUT bytes=125470720 rate=25199bps elapsed=4979.1s
2026-05-16T17:50:20.600Z THROUGHPUT bytes=125722624 rate=25199bps elapsed=4989.1s
2026-05-16T17:50:30.765Z THROUGHPUT bytes=125978624 rate=25199bps elapsed=4999.2s
2026-05-16T17:50:40.813Z THROUGHPUT bytes=126232576 rate=25199bps elapsed=5009.3s
2026-05-16T17:50:50.826Z THROUGHPUT bytes=126484480 rate=25199bps elapsed=5019.3s
2026-05-16T17:51:00.988Z THROUGHPUT bytes=126740480 rate=25199bps elapsed=5029.4s
2026-05-16T17:51:11.143Z THROUGHPUT bytes=126996480 rate=25199bps elapsed=5039.6s
2026-05-16T17:51:21.227Z THROUGHPUT bytes=127250432 rate=25199bps elapsed=5049.7s
2026-05-16T17:51:31.358Z THROUGHPUT bytes=127506432 rate=25199bps elapsed=5059.8s
2026-05-16T17:51:41.461Z THROUGHPUT bytes=127760384 rate=25199bps elapsed=5069.9s
2026-05-16T17:51:51.627Z THROUGHPUT bytes=128016384 rate=25199bps elapsed=5080.1s
2026-05-16T17:52:01.700Z THROUGHPUT bytes=128270336 rate=25199bps elapsed=5090.2s
2026-05-16T17:52:11.812Z THROUGHPUT bytes=128526336 rate=25199bps elapsed=5100.3s
2026-05-16T17:52:21.822Z THROUGHPUT bytes=128778240 rate=25199bps elapsed=5110.3s
2026-05-16T17:52:31.935Z THROUGHPUT bytes=129032192 rate=25199bps elapsed=5120.4s
2026-05-16T17:52:42.097Z THROUGHPUT bytes=129288192 rate=25199bps elapsed=5130.5s
2026-05-16T17:52:52.234Z THROUGHPUT bytes=129544192 rate=25199bps elapsed=5140.7s
2026-05-16T17:53:02.417Z THROUGHPUT bytes=129800192 rate=25199bps elapsed=5150.9s
2026-05-16T17:53:12.554Z THROUGHPUT bytes=130056192 rate=25199bps elapsed=5161.0s
2026-05-16T17:53:22.675Z THROUGHPUT bytes=130312192 rate=25199bps elapsed=5171.1s
2026-05-16T17:53:32.790Z THROUGHPUT bytes=130566144 rate=25199bps elapsed=5181.2s
2026-05-16T17:53:42.906Z THROUGHPUT bytes=130822144 rate=25199bps elapsed=5191.4s
2026-05-16T17:53:53.046Z THROUGHPUT bytes=131076096 rate=25199bps elapsed=5201.5s
2026-05-16T17:54:03.119Z THROUGHPUT bytes=131330048 rate=25199bps elapsed=5211.6s
2026-05-16T17:54:13.278Z THROUGHPUT bytes=131586048 rate=25199bps elapsed=5221.7s
2026-05-16T17:54:23.279Z THROUGHPUT bytes=131837952 rate=25199bps elapsed=5231.7s
2026-05-16T17:54:33.357Z THROUGHPUT bytes=132091904 rate=25199bps elapsed=5241.8s
2026-05-16T17:54:43.437Z THROUGHPUT bytes=132345856 rate=25199bps elapsed=5251.9s
2026-05-16T17:54:53.507Z THROUGHPUT bytes=132599808 rate=25199bps elapsed=5262.0s
2026-05-16T17:55:03.509Z THROUGHPUT bytes=132851712 rate=25199bps elapsed=5272.0s
2026-05-16T17:55:13.527Z THROUGHPUT bytes=133105664 rate=25199bps elapsed=5282.0s
2026-05-16T17:55:23.651Z THROUGHPUT bytes=133359616 rate=25199bps elapsed=5292.1s
2026-05-16T17:55:33.713Z THROUGHPUT bytes=133613568 rate=25199bps elapsed=5302.2s
2026-05-16T17:55:43.731Z THROUGHPUT bytes=133865472 rate=25199bps elapsed=5312.2s
2026-05-16T17:55:53.838Z THROUGHPUT bytes=134121472 rate=25199bps elapsed=5322.3s
2026-05-16T17:56:03.881Z THROUGHPUT bytes=134375424 rate=25200bps elapsed=5332.3s
2026-05-16T17:56:13.921Z THROUGHPUT bytes=134627328 rate=25199bps elapsed=5342.4s
2026-05-16T17:56:24.047Z THROUGHPUT bytes=134881280 rate=25199bps elapsed=5352.5s
2026-05-16T17:56:34.086Z THROUGHPUT bytes=135135232 rate=25199bps elapsed=5362.5s
2026-05-16T17:56:44.242Z THROUGHPUT bytes=135391232 rate=25199bps elapsed=5372.7s
2026-05-16T17:56:54.281Z THROUGHPUT bytes=135643136 rate=25199bps elapsed=5382.7s
2026-05-16T17:57:04.340Z THROUGHPUT bytes=135897088 rate=25199bps elapsed=5392.8s
2026-05-16T17:57:14.366Z THROUGHPUT bytes=136151040 rate=25200bps elapsed=5402.8s
2026-05-16T17:57:24.479Z THROUGHPUT bytes=136404992 rate=25199bps elapsed=5412.9s
2026-05-16T17:57:34.490Z THROUGHPUT bytes=136656896 rate=25199bps elapsed=5422.9s
2026-05-16T17:57:44.506Z THROUGHPUT bytes=136908800 rate=25199bps elapsed=5433.0s
2026-05-16T17:57:54.634Z THROUGHPUT bytes=137164800 rate=25199bps elapsed=5443.1s
2026-05-16T17:58:04.653Z THROUGHPUT bytes=137416704 rate=25199bps elapsed=5453.1s
2026-05-16T17:58:14.661Z THROUGHPUT bytes=137668608 rate=25199bps elapsed=5463.1s
2026-05-16T17:58:24.800Z THROUGHPUT bytes=137924608 rate=25199bps elapsed=5473.2s
2026-05-16T17:58:34.808Z THROUGHPUT bytes=138176512 rate=25199bps elapsed=5483.3s
2026-05-16T17:58:44.851Z THROUGHPUT bytes=138430464 rate=25199bps elapsed=5493.3s
2026-05-16T17:58:54.967Z THROUGHPUT bytes=138684416 rate=25199bps elapsed=5503.4s
2026-05-16T17:59:05.126Z THROUGHPUT bytes=138940416 rate=25199bps elapsed=5513.6s
2026-05-16T17:59:15.269Z THROUGHPUT bytes=139196416 rate=25199bps elapsed=5523.7s
2026-05-16T17:59:25.441Z THROUGHPUT bytes=139452416 rate=25199bps elapsed=5533.9s
2026-05-16T17:59:35.479Z THROUGHPUT bytes=139706368 rate=25199bps elapsed=5543.9s
2026-05-16T17:59:45.525Z THROUGHPUT bytes=139960320 rate=25200bps elapsed=5554.0s
2026-05-16T17:59:55.553Z THROUGHPUT bytes=140212224 rate=25199bps elapsed=5564.0s
2026-05-16T18:00:05.592Z THROUGHPUT bytes=140464128 rate=25199bps elapsed=5574.0s
2026-05-16T18:00:15.726Z THROUGHPUT bytes=140720128 rate=25199bps elapsed=5584.2s
2026-05-16T18:00:25.748Z THROUGHPUT bytes=140972032 rate=25199bps elapsed=5594.2s
2026-05-16T18:00:35.902Z THROUGHPUT bytes=141228032 rate=25199bps elapsed=5604.3s
2026-05-16T18:00:45.959Z THROUGHPUT bytes=141481984 rate=25199bps elapsed=5614.4s
2026-05-16T18:00:55.960Z THROUGHPUT bytes=141735936 rate=25200bps elapsed=5624.4s
2026-05-16T18:01:06.043Z THROUGHPUT bytes=141987840 rate=25199bps elapsed=5634.5s
2026-05-16T18:01:16.190Z THROUGHPUT bytes=142243840 rate=25199bps elapsed=5644.6s
2026-05-16T18:01:26.212Z THROUGHPUT bytes=142495744 rate=25199bps elapsed=5654.7s
2026-05-16T18:01:36.356Z THROUGHPUT bytes=142751744 rate=25199bps elapsed=5664.8s
2026-05-16T18:01:46.530Z THROUGHPUT bytes=143007744 rate=25199bps elapsed=5675.0s
2026-05-16T18:01:56.609Z THROUGHPUT bytes=143261696 rate=25199bps elapsed=5685.1s
2026-05-16T18:02:06.764Z THROUGHPUT bytes=143517696 rate=25199bps elapsed=5695.2s
2026-05-16T18:02:16.917Z THROUGHPUT bytes=143773696 rate=25199bps elapsed=5705.4s
2026-05-16T18:02:26.946Z THROUGHPUT bytes=144027648 rate=25199bps elapsed=5715.4s
2026-05-16T18:02:36.952Z THROUGHPUT bytes=144279552 rate=25199bps elapsed=5725.4s
2026-05-16T18:02:47.080Z THROUGHPUT bytes=144533504 rate=25199bps elapsed=5735.5s
2026-05-16T18:02:57.110Z THROUGHPUT bytes=144787456 rate=25199bps elapsed=5745.6s
2026-05-16T18:03:07.154Z THROUGHPUT bytes=145039360 rate=25199bps elapsed=5755.6s
2026-05-16T18:03:17.196Z THROUGHPUT bytes=145293312 rate=25199bps elapsed=5765.6s
2026-05-16T18:03:27.229Z THROUGHPUT bytes=145545216 rate=25199bps elapsed=5775.7s
2026-05-16T18:03:37.288Z THROUGHPUT bytes=145799168 rate=25199bps elapsed=5785.7s
2026-05-16T18:03:47.375Z THROUGHPUT bytes=146053120 rate=25199bps elapsed=5795.8s
2026-05-16T18:03:57.528Z THROUGHPUT bytes=146309120 rate=25199bps elapsed=5806.0s
2026-05-16T18:04:07.545Z THROUGHPUT bytes=146563072 rate=25200bps elapsed=5816.0s
2026-05-16T18:04:17.591Z THROUGHPUT bytes=146817024 rate=25200bps elapsed=5826.0s
2026-05-16T18:04:27.727Z THROUGHPUT bytes=147070976 rate=25199bps elapsed=5836.2s
2026-05-16T18:04:37.765Z THROUGHPUT bytes=147324928 rate=25200bps elapsed=5846.2s
2026-05-16T18:04:47.793Z THROUGHPUT bytes=147576832 rate=25199bps elapsed=5856.2s
2026-05-16T18:04:57.842Z THROUGHPUT bytes=147828736 rate=25199bps elapsed=5866.3s
2026-05-16T18:05:07.853Z THROUGHPUT bytes=148082688 rate=25200bps elapsed=5876.3s
2026-05-16T18:05:17.914Z THROUGHPUT bytes=148334592 rate=25199bps elapsed=5886.4s
2026-05-16T18:05:28.047Z THROUGHPUT bytes=148590592 rate=25199bps elapsed=5896.5s
2026-05-16T18:05:38.158Z THROUGHPUT bytes=148844544 rate=25199bps elapsed=5906.6s
2026-05-16T18:05:48.299Z THROUGHPUT bytes=149100544 rate=25199bps elapsed=5916.7s
2026-05-16T18:05:58.342Z THROUGHPUT bytes=149354496 rate=25199bps elapsed=5926.8s
2026-05-16T18:06:08.359Z THROUGHPUT bytes=149606400 rate=25199bps elapsed=5936.8s
2026-05-16T18:06:18.373Z THROUGHPUT bytes=149858304 rate=25199bps elapsed=5946.8s
2026-05-16T18:06:28.425Z THROUGHPUT bytes=150112256 rate=25199bps elapsed=5956.9s
2026-05-16T18:06:38.623Z THROUGHPUT bytes=150368256 rate=25199bps elapsed=5967.1s
2026-05-16T18:06:48.734Z THROUGHPUT bytes=150624256 rate=25199bps elapsed=5977.2s
2026-05-16T18:06:58.861Z THROUGHPUT bytes=150878208 rate=25199bps elapsed=5987.3s
2026-05-16T18:07:08.892Z THROUGHPUT bytes=151132160 rate=25199bps elapsed=5997.3s
2026-05-16T18:07:18.929Z THROUGHPUT bytes=151386112 rate=25200bps elapsed=6007.4s
2026-05-16T18:07:29.012Z THROUGHPUT bytes=151638016 rate=25199bps elapsed=6017.4s
2026-05-16T18:07:39.162Z THROUGHPUT bytes=151894016 rate=25199bps elapsed=6027.6s
2026-05-16T18:07:49.330Z THROUGHPUT bytes=152150016 rate=25199bps elapsed=6037.8s
2026-05-16T18:07:59.404Z THROUGHPUT bytes=152403968 rate=25199bps elapsed=6047.8s
2026-05-16T18:08:09.453Z THROUGHPUT bytes=152657920 rate=25199bps elapsed=6057.9s
2026-05-16T18:08:19.515Z THROUGHPUT bytes=152913920 rate=25200bps elapsed=6067.9s
2026-05-16T18:08:29.641Z THROUGHPUT bytes=153165824 rate=25199bps elapsed=6078.1s
2026-05-16T18:08:39.773Z THROUGHPUT bytes=153421824 rate=25199bps elapsed=6088.2s
2026-05-16T18:08:49.960Z THROUGHPUT bytes=153677824 rate=25199bps elapsed=6098.4s
2026-05-16T18:09:00.037Z THROUGHPUT bytes=153931776 rate=25199bps elapsed=6108.5s
2026-05-16T18:09:10.105Z THROUGHPUT bytes=154185728 rate=25199bps elapsed=6118.5s
2026-05-16T18:09:20.148Z THROUGHPUT bytes=154439680 rate=25199bps elapsed=6128.6s
2026-05-16T18:09:30.162Z THROUGHPUT bytes=154691584 rate=25199bps elapsed=6138.6s
2026-05-16T18:09:40.166Z THROUGHPUT bytes=154943488 rate=25199bps elapsed=6148.6s
2026-05-16T18:09:50.175Z THROUGHPUT bytes=155195392 rate=25199bps elapsed=6158.6s
2026-05-16T18:10:00.329Z THROUGHPUT bytes=155451392 rate=25199bps elapsed=6168.8s
2026-05-16T18:10:10.364Z THROUGHPUT bytes=155705344 rate=25199bps elapsed=6178.8s
2026-05-16T18:10:20.397Z THROUGHPUT bytes=155957248 rate=25199bps elapsed=6188.8s
2026-05-16T18:10:30.491Z THROUGHPUT bytes=156211200 rate=25199bps elapsed=6198.9s
2026-05-16T18:10:40.570Z THROUGHPUT bytes=156465152 rate=25199bps elapsed=6209.0s
2026-05-16T18:10:50.634Z THROUGHPUT bytes=156719104 rate=25199bps elapsed=6219.1s
2026-05-16T18:11:00.727Z THROUGHPUT bytes=156973056 rate=25199bps elapsed=6229.2s
2026-05-16T18:11:10.875Z THROUGHPUT bytes=157229056 rate=25199bps elapsed=6239.3s
2026-05-16T18:11:20.954Z THROUGHPUT bytes=157483008 rate=25199bps elapsed=6249.4s
2026-05-16T18:11:30.959Z THROUGHPUT bytes=157734912 rate=25199bps elapsed=6259.4s
2026-05-16T18:11:41.017Z THROUGHPUT bytes=157990912 rate=25200bps elapsed=6269.4s
2026-05-16T18:11:51.110Z THROUGHPUT bytes=158242816 rate=25199bps elapsed=6279.5s
2026-05-16T18:12:01.278Z THROUGHPUT bytes=158498816 rate=25199bps elapsed=6289.7s
2026-05-16T18:12:11.409Z THROUGHPUT bytes=158754816 rate=25199bps elapsed=6299.8s
2026-05-16T18:12:21.453Z THROUGHPUT bytes=159008768 rate=25199bps elapsed=6309.9s
2026-05-16T18:12:31.555Z THROUGHPUT bytes=159262720 rate=25199bps elapsed=6320.0s
2026-05-16T18:12:41.660Z THROUGHPUT bytes=159516672 rate=25199bps elapsed=6330.1s
2026-05-16T18:12:51.754Z THROUGHPUT bytes=159772672 rate=25200bps elapsed=6340.2s
2026-05-16T18:13:01.859Z THROUGHPUT bytes=160026624 rate=25199bps elapsed=6350.3s
2026-05-16T18:13:11.971Z THROUGHPUT bytes=160280576 rate=25199bps elapsed=6360.4s
2026-05-16T18:13:22.136Z THROUGHPUT bytes=160536576 rate=25199bps elapsed=6370.6s
2026-05-16T18:13:32.274Z THROUGHPUT bytes=160792576 rate=25199bps elapsed=6380.7s
2026-05-16T18:13:42.293Z THROUGHPUT bytes=161044480 rate=25199bps elapsed=6390.7s
2026-05-16T18:13:52.324Z THROUGHPUT bytes=161298432 rate=25199bps elapsed=6400.8s
2026-05-16T18:14:02.353Z THROUGHPUT bytes=161550336 rate=25199bps elapsed=6410.8s
2026-05-16T18:14:12.356Z THROUGHPUT bytes=161802240 rate=25199bps elapsed=6420.8s
2026-05-16T18:14:22.361Z THROUGHPUT bytes=162054144 rate=25199bps elapsed=6430.8s
2026-05-16T18:14:32.404Z THROUGHPUT bytes=162308096 rate=25199bps elapsed=6440.8s
2026-05-16T18:14:42.517Z THROUGHPUT bytes=162562048 rate=25199bps elapsed=6450.9s
2026-05-16T18:14:52.566Z THROUGHPUT bytes=162816000 rate=25199bps elapsed=6461.0s
2026-05-16T18:15:02.606Z THROUGHPUT bytes=163072000 rate=25200bps elapsed=6471.0s
2026-05-16T18:15:12.745Z THROUGHPUT bytes=163323904 rate=25199bps elapsed=6481.2s
2026-05-16T18:15:22.818Z THROUGHPUT bytes=163577856 rate=25199bps elapsed=6491.2s
2026-05-16T18:15:32.863Z THROUGHPUT bytes=163831808 rate=25199bps elapsed=6501.3s
2026-05-16T18:15:42.952Z THROUGHPUT bytes=164085760 rate=25199bps elapsed=6511.4s
2026-05-16T18:15:53.021Z THROUGHPUT bytes=164339712 rate=25199bps elapsed=6521.4s
2026-05-16T18:16:03.158Z THROUGHPUT bytes=164595712 rate=25199bps elapsed=6531.6s
2026-05-16T18:16:13.294Z THROUGHPUT bytes=164849664 rate=25199bps elapsed=6541.7s
2026-05-16T18:16:23.439Z THROUGHPUT bytes=165105664 rate=25199bps elapsed=6551.9s
2026-05-16T18:16:33.519Z THROUGHPUT bytes=165359616 rate=25199bps elapsed=6561.9s
2026-05-16T18:16:43.522Z THROUGHPUT bytes=165611520 rate=25199bps elapsed=6571.9s
2026-05-16T18:16:53.523Z THROUGHPUT bytes=165865472 rate=25200bps elapsed=6581.9s
2026-05-16T18:17:03.681Z THROUGHPUT bytes=166119424 rate=25199bps elapsed=6592.1s
2026-05-16T18:17:13.723Z THROUGHPUT bytes=166375424 rate=25200bps elapsed=6602.1s
2026-05-16T18:17:23.804Z THROUGHPUT bytes=166627328 rate=25199bps elapsed=6612.2s
2026-05-16T18:17:33.822Z THROUGHPUT bytes=166879232 rate=25199bps elapsed=6622.2s
2026-05-16T18:17:43.824Z THROUGHPUT bytes=167131136 rate=25199bps elapsed=6632.2s
2026-05-16T18:17:53.825Z THROUGHPUT bytes=167385088 rate=25200bps elapsed=6642.2s
2026-05-16T18:18:03.905Z THROUGHPUT bytes=167636992 rate=25199bps elapsed=6652.3s
2026-05-16T18:18:14.054Z THROUGHPUT bytes=167892992 rate=25199bps elapsed=6662.5s
2026-05-16T18:18:24.223Z THROUGHPUT bytes=168148992 rate=25199bps elapsed=6672.6s
2026-05-16T18:18:34.383Z THROUGHPUT bytes=168404992 rate=25199bps elapsed=6682.8s
2026-05-16T18:18:44.536Z THROUGHPUT bytes=168660992 rate=25199bps elapsed=6693.0s
2026-05-16T18:18:54.559Z THROUGHPUT bytes=168916992 rate=25200bps elapsed=6703.0s
2026-05-16T18:19:04.607Z THROUGHPUT bytes=169166848 rate=25199bps elapsed=6713.0s
2026-05-16T18:19:14.611Z THROUGHPUT bytes=169418752 rate=25199bps elapsed=6723.0s
2026-05-16T18:19:24.729Z THROUGHPUT bytes=169674752 rate=25199bps elapsed=6733.2s
2026-05-16T18:19:34.759Z THROUGHPUT bytes=169926656 rate=25199bps elapsed=6743.2s
2026-05-16T18:19:44.883Z THROUGHPUT bytes=170182656 rate=25199bps elapsed=6753.3s
2026-05-16T18:19:54.884Z THROUGHPUT bytes=170434560 rate=25199bps elapsed=6763.3s
2026-05-16T18:20:04.984Z THROUGHPUT bytes=170688512 rate=25199bps elapsed=6773.4s
2026-05-16T18:20:15.083Z THROUGHPUT bytes=170944512 rate=25200bps elapsed=6783.5s
2026-05-16T18:20:25.138Z THROUGHPUT bytes=171196416 rate=25199bps elapsed=6793.6s
2026-05-16T18:20:35.197Z THROUGHPUT bytes=171450368 rate=25199bps elapsed=6803.6s
2026-05-16T18:20:45.202Z THROUGHPUT bytes=171702272 rate=25199bps elapsed=6813.6s
2026-05-16T18:20:55.286Z THROUGHPUT bytes=171956224 rate=25199bps elapsed=6823.7s
2026-05-16T18:21:05.448Z THROUGHPUT bytes=172212224 rate=25199bps elapsed=6833.9s
2026-05-16T18:21:15.463Z THROUGHPUT bytes=172464128 rate=25199bps elapsed=6843.9s
2026-05-16T18:21:25.518Z THROUGHPUT bytes=172718080 rate=25199bps elapsed=6853.9s
2026-05-16T18:21:35.618Z THROUGHPUT bytes=172972032 rate=25199bps elapsed=6864.0s
2026-05-16T18:21:45.771Z THROUGHPUT bytes=173228032 rate=25199bps elapsed=6874.2s
2026-05-16T18:21:55.841Z THROUGHPUT bytes=173484032 rate=25200bps elapsed=6884.3s
2026-05-16T18:22:05.849Z THROUGHPUT bytes=173733888 rate=25199bps elapsed=6894.3s
2026-05-16T18:22:15.929Z THROUGHPUT bytes=173987840 rate=25199bps elapsed=6904.3s
2026-05-16T18:22:25.933Z THROUGHPUT bytes=174241792 rate=25200bps elapsed=6914.4s
2026-05-16T18:22:35.956Z THROUGHPUT bytes=174493696 rate=25199bps elapsed=6924.4s
2026-05-16T18:22:46.080Z THROUGHPUT bytes=174747648 rate=25199bps elapsed=6934.5s
2026-05-16T18:22:56.141Z THROUGHPUT bytes=175001600 rate=25199bps elapsed=6944.6s
2026-05-16T18:23:06.236Z THROUGHPUT bytes=175255552 rate=25199bps elapsed=6954.7s
2026-05-16T18:23:16.383Z THROUGHPUT bytes=175511552 rate=25199bps elapsed=6964.8s
2026-05-16T18:23:26.468Z THROUGHPUT bytes=175765504 rate=25199bps elapsed=6974.9s
2026-05-16T18:23:36.622Z THROUGHPUT bytes=176021504 rate=25199bps elapsed=6985.0s
2026-05-16T18:23:46.709Z THROUGHPUT bytes=176275456 rate=25199bps elapsed=6995.1s
2026-05-16T18:23:56.864Z THROUGHPUT bytes=176531456 rate=25199bps elapsed=7005.3s
2026-05-16T18:24:07.006Z THROUGHPUT bytes=176787456 rate=25199bps elapsed=7015.4s
2026-05-16T18:24:17.177Z THROUGHPUT bytes=177043456 rate=25199bps elapsed=7025.6s
2026-05-16T18:24:27.181Z THROUGHPUT bytes=177295360 rate=25199bps elapsed=7035.6s
2026-05-16T18:24:37.248Z THROUGHPUT bytes=177549312 rate=25199bps elapsed=7045.7s
2026-05-16T18:24:47.415Z THROUGHPUT bytes=177805312 rate=25199bps elapsed=7055.8s
2026-05-16T18:24:57.458Z THROUGHPUT bytes=178059264 rate=25199bps elapsed=7065.9s
2026-05-16T18:25:07.473Z THROUGHPUT bytes=178311168 rate=25199bps elapsed=7075.9s
2026-05-16T18:25:17.478Z THROUGHPUT bytes=178563072 rate=25199bps elapsed=7085.9s
2026-05-16T18:25:27.555Z THROUGHPUT bytes=178817024 rate=25199bps elapsed=7096.0s
2026-05-16T18:25:37.643Z THROUGHPUT bytes=179070976 rate=25199bps elapsed=7106.1s
2026-05-16T18:25:47.722Z THROUGHPUT bytes=179324928 rate=25199bps elapsed=7116.1s
2026-05-16T18:25:57.875Z THROUGHPUT bytes=179580928 rate=25199bps elapsed=7126.3s
2026-05-16T18:26:07.957Z THROUGHPUT bytes=179836928 rate=25200bps elapsed=7136.4s
2026-05-16T18:26:18.087Z THROUGHPUT bytes=180090880 rate=25199bps elapsed=7146.5s
2026-05-16T18:26:28.170Z THROUGHPUT bytes=180344832 rate=25199bps elapsed=7156.6s
2026-05-16T18:26:38.267Z THROUGHPUT bytes=180598784 rate=25199bps elapsed=7166.7s
2026-05-16T18:26:48.304Z THROUGHPUT bytes=180852736 rate=25199bps elapsed=7176.7s
2026-05-16T18:26:58.341Z THROUGHPUT bytes=181104640 rate=25199bps elapsed=7186.8s
2026-05-16T18:27:08.466Z THROUGHPUT bytes=181360640 rate=25199bps elapsed=7196.9s
2026-05-16T18:27:18.484Z THROUGHPUT bytes=181612544 rate=25199bps elapsed=7206.9s
2026-05-16T18:27:28.590Z THROUGHPUT bytes=181868544 rate=25200bps elapsed=7217.0s
2026-05-16T18:27:38.592Z THROUGHPUT bytes=182120448 rate=25199bps elapsed=7227.0s
2026-05-16T18:27:48.648Z THROUGHPUT bytes=182372352 rate=25199bps elapsed=7237.1s
2026-05-16T18:27:58.726Z THROUGHPUT bytes=182626304 rate=25199bps elapsed=7247.1s
2026-05-16T18:28:08.788Z THROUGHPUT bytes=182880256 rate=25199bps elapsed=7257.2s
2026-05-16T18:28:18.955Z THROUGHPUT bytes=183136256 rate=25199bps elapsed=7267.4s
2026-05-16T18:28:29.117Z THROUGHPUT bytes=183392256 rate=25199bps elapsed=7277.5s
2026-05-16T18:28:39.202Z THROUGHPUT bytes=183646208 rate=25199bps elapsed=7287.6s
2026-05-16T18:28:49.219Z THROUGHPUT bytes=183902208 rate=25200bps elapsed=7297.6s
2026-05-16T18:28:59.266Z THROUGHPUT bytes=184152064 rate=25199bps elapsed=7307.7s
2026-05-16T18:29:09.410Z THROUGHPUT bytes=184408064 rate=25199bps elapsed=7317.8s
2026-05-16T18:29:19.543Z THROUGHPUT bytes=184664064 rate=25199bps elapsed=7328.0s
2026-05-16T18:29:29.577Z THROUGHPUT bytes=184915968 rate=25199bps elapsed=7338.0s
2026-05-16T18:29:39.670Z THROUGHPUT bytes=185169920 rate=25199bps elapsed=7348.1s
2026-05-16T18:29:49.746Z THROUGHPUT bytes=185423872 rate=25199bps elapsed=7358.2s
2026-05-16T18:29:59.887Z THROUGHPUT bytes=185679872 rate=25199bps elapsed=7368.3s
2026-05-16T18:30:09.893Z THROUGHPUT bytes=185931776 rate=25199bps elapsed=7378.3s
2026-05-16T18:30:19.968Z THROUGHPUT bytes=186185728 rate=25199bps elapsed=7388.4s
2026-05-16T18:30:30.057Z THROUGHPUT bytes=186439680 rate=25199bps elapsed=7398.5s
2026-05-16T18:30:40.192Z THROUGHPUT bytes=186695680 rate=25199bps elapsed=7408.6s
2026-05-16T18:30:50.213Z THROUGHPUT bytes=186947584 rate=25199bps elapsed=7418.6s
2026-05-16T18:31:00.370Z THROUGHPUT bytes=187203584 rate=25199bps elapsed=7428.8s
2026-05-16T18:31:10.444Z THROUGHPUT bytes=187457536 rate=25199bps elapsed=7438.9s
2026-05-16T18:31:20.599Z THROUGHPUT bytes=187713536 rate=25199bps elapsed=7449.0s
2026-05-16T18:31:30.738Z THROUGHPUT bytes=187969536 rate=25199bps elapsed=7459.1s
2026-05-16T18:31:40.889Z THROUGHPUT bytes=188225536 rate=25199bps elapsed=7469.3s
2026-05-16T18:31:51.087Z THROUGHPUT bytes=188481536 rate=25199bps elapsed=7479.5s
2026-05-16T18:32:01.244Z THROUGHPUT bytes=188737536 rate=25199bps elapsed=7489.7s
2026-05-16T18:32:11.271Z THROUGHPUT bytes=188991488 rate=25199bps elapsed=7499.7s
2026-05-16T18:32:21.321Z THROUGHPUT bytes=189245440 rate=25200bps elapsed=7509.7s
2026-05-16T18:32:31.476Z THROUGHPUT bytes=189499392 rate=25199bps elapsed=7519.9s
2026-05-16T18:32:41.588Z THROUGHPUT bytes=189755392 rate=25199bps elapsed=7530.0s
2026-05-16T18:32:51.777Z THROUGHPUT bytes=190011392 rate=25199bps elapsed=7540.2s
2026-05-16T18:33:01.940Z THROUGHPUT bytes=190267392 rate=25199bps elapsed=7550.3s
2026-05-16T18:33:11.951Z THROUGHPUT bytes=190519296 rate=25199bps elapsed=7560.4s
2026-05-16T18:33:22.024Z THROUGHPUT bytes=190773248 rate=25199bps elapsed=7570.4s
2026-05-16T18:33:32.075Z THROUGHPUT bytes=191029248 rate=25200bps elapsed=7580.5s
2026-05-16T18:33:42.079Z THROUGHPUT bytes=191279104 rate=25199bps elapsed=7590.5s
2026-05-16T18:33:52.151Z THROUGHPUT bytes=191533056 rate=25199bps elapsed=7600.6s
2026-05-16T18:34:02.153Z THROUGHPUT bytes=191784960 rate=25199bps elapsed=7610.6s
2026-05-16T18:34:12.252Z THROUGHPUT bytes=192038912 rate=25199bps elapsed=7620.7s
2026-05-16T18:34:22.392Z THROUGHPUT bytes=192294912 rate=25199bps elapsed=7630.8s
2026-05-16T18:34:32.548Z THROUGHPUT bytes=192550912 rate=25199bps elapsed=7641.0s
2026-05-16T18:34:42.724Z THROUGHPUT bytes=192806912 rate=25199bps elapsed=7651.1s
2026-05-16T18:34:52.875Z THROUGHPUT bytes=193062912 rate=25199bps elapsed=7661.3s
2026-05-16T18:35:03.014Z THROUGHPUT bytes=193318912 rate=25199bps elapsed=7671.4s
2026-05-16T18:35:13.033Z THROUGHPUT bytes=193570816 rate=25199bps elapsed=7681.4s
2026-05-16T18:35:23.084Z THROUGHPUT bytes=193824768 rate=25199bps elapsed=7691.5s
2026-05-16T18:35:33.185Z THROUGHPUT bytes=194078720 rate=25199bps elapsed=7701.6s
2026-05-16T18:35:43.262Z THROUGHPUT bytes=194332672 rate=25199bps elapsed=7711.7s
2026-05-16T18:35:53.355Z THROUGHPUT bytes=194586624 rate=25199bps elapsed=7721.8s
2026-05-16T18:36:03.518Z THROUGHPUT bytes=194842624 rate=25199bps elapsed=7731.9s
2026-05-16T18:36:13.591Z THROUGHPUT bytes=195098624 rate=25200bps elapsed=7742.0s
2026-05-16T18:36:23.625Z THROUGHPUT bytes=195350528 rate=25199bps elapsed=7752.0s
2026-05-16T18:36:33.737Z THROUGHPUT bytes=195604480 rate=25199bps elapsed=7762.1s
2026-05-16T18:36:43.743Z THROUGHPUT bytes=195856384 rate=25199bps elapsed=7772.1s
2026-05-16T18:36:53.903Z THROUGHPUT bytes=196112384 rate=25199bps elapsed=7782.3s
2026-05-16T18:37:04.060Z THROUGHPUT bytes=196368384 rate=25199bps elapsed=7792.5s
2026-05-16T18:37:14.222Z THROUGHPUT bytes=196624384 rate=25199bps elapsed=7802.6s
2026-05-16T18:37:24.263Z THROUGHPUT bytes=196878336 rate=25199bps elapsed=7812.7s
2026-05-16T18:37:34.287Z THROUGHPUT bytes=197130240 rate=25199bps elapsed=7822.7s
2026-05-16T18:37:44.447Z THROUGHPUT bytes=197386240 rate=25199bps elapsed=7832.8s
2026-05-16T18:37:54.513Z THROUGHPUT bytes=197640192 rate=25199bps elapsed=7842.9s
2026-05-16T18:38:04.521Z THROUGHPUT bytes=197892096 rate=25199bps elapsed=7852.9s
2026-05-16T18:38:14.679Z THROUGHPUT bytes=198148096 rate=25199bps elapsed=7863.1s
2026-05-16T18:38:24.680Z THROUGHPUT bytes=198400000 rate=25199bps elapsed=7873.1s
2026-05-16T18:38:34.781Z THROUGHPUT bytes=198656000 rate=25199bps elapsed=7883.2s
2026-05-16T18:38:44.831Z THROUGHPUT bytes=198907904 rate=25199bps elapsed=7893.2s
2026-05-16T18:38:54.988Z THROUGHPUT bytes=199163904 rate=25199bps elapsed=7903.4s
2026-05-16T18:39:05.095Z THROUGHPUT bytes=199419904 rate=25199bps elapsed=7913.5s
2026-05-16T18:39:15.119Z THROUGHPUT bytes=199671808 rate=25199bps elapsed=7923.5s
2026-05-16T18:39:25.219Z THROUGHPUT bytes=199925760 rate=25199bps elapsed=7933.6s
2026-05-16T18:39:35.299Z THROUGHPUT bytes=200179712 rate=25199bps elapsed=7943.7s
2026-05-16T18:39:45.299Z THROUGHPUT bytes=200431616 rate=25199bps elapsed=7953.7s
2026-05-16T18:39:55.445Z THROUGHPUT bytes=200687616 rate=25199bps elapsed=7963.8s
2026-05-16T18:40:05.532Z THROUGHPUT bytes=200941568 rate=25199bps elapsed=7973.9s
2026-05-16T18:40:15.588Z THROUGHPUT bytes=201195520 rate=25199bps elapsed=7984.0s
2026-05-16T18:40:25.773Z THROUGHPUT bytes=201451520 rate=25199bps elapsed=7994.2s
2026-05-16T18:40:35.844Z THROUGHPUT bytes=201705472 rate=25199bps elapsed=8004.2s
2026-05-16T18:40:45.925Z THROUGHPUT bytes=201959424 rate=25199bps elapsed=8014.3s
2026-05-16T18:40:56.092Z THROUGHPUT bytes=202215424 rate=25199bps elapsed=8024.5s
2026-05-16T18:41:06.143Z THROUGHPUT bytes=202469376 rate=25199bps elapsed=8034.5s
2026-05-16T18:41:16.243Z THROUGHPUT bytes=202723328 rate=25199bps elapsed=8044.6s
2026-05-16T18:41:26.322Z THROUGHPUT bytes=202977280 rate=25199bps elapsed=8054.7s
2026-05-16T18:41:36.484Z THROUGHPUT bytes=203233280 rate=25199bps elapsed=8064.9s
2026-05-16T18:41:46.612Z THROUGHPUT bytes=203489280 rate=25199bps elapsed=8075.0s
2026-05-16T18:41:56.709Z THROUGHPUT bytes=203743232 rate=25199bps elapsed=8085.1s
2026-05-16T18:42:06.796Z THROUGHPUT bytes=203997184 rate=25199bps elapsed=8095.2s
2026-05-16T18:42:16.835Z THROUGHPUT bytes=204251136 rate=25199bps elapsed=8105.2s
2026-05-16T18:42:26.935Z THROUGHPUT bytes=204505088 rate=25199bps elapsed=8115.3s
2026-05-16T18:42:37.112Z THROUGHPUT bytes=204761088 rate=25199bps elapsed=8125.5s
2026-05-16T18:42:47.183Z THROUGHPUT bytes=205015040 rate=25199bps elapsed=8135.6s
2026-05-16T18:42:57.267Z THROUGHPUT bytes=205268992 rate=25199bps elapsed=8145.7s
2026-05-16T18:43:07.289Z THROUGHPUT bytes=205522944 rate=25199bps elapsed=8155.7s
2026-05-16T18:43:17.385Z THROUGHPUT bytes=205776896 rate=25199bps elapsed=8165.8s
2026-05-16T18:43:27.497Z THROUGHPUT bytes=206030848 rate=25199bps elapsed=8175.9s
2026-05-16T18:43:37.653Z THROUGHPUT bytes=206286848 rate=25199bps elapsed=8186.0s
2026-05-16T18:43:47.662Z THROUGHPUT bytes=206538752 rate=25199bps elapsed=8196.1s
2026-05-16T18:43:57.794Z THROUGHPUT bytes=206794752 rate=25199bps elapsed=8206.2s
2026-05-16T18:44:07.974Z THROUGHPUT bytes=207050752 rate=25199bps elapsed=8216.4s
2026-05-16T18:44:18.130Z THROUGHPUT bytes=207306752 rate=25199bps elapsed=8226.5s
2026-05-16T18:44:28.205Z THROUGHPUT bytes=207560704 rate=25199bps elapsed=8236.6s
2026-05-16T18:44:38.365Z THROUGHPUT bytes=207816704 rate=25199bps elapsed=8246.8s
2026-05-16T18:44:48.519Z THROUGHPUT bytes=208072704 rate=25199bps elapsed=8256.9s
2026-05-16T18:44:58.685Z THROUGHPUT bytes=208328704 rate=25199bps elapsed=8267.1s
2026-05-16T18:45:08.838Z THROUGHPUT bytes=208584704 rate=25199bps elapsed=8277.2s
2026-05-16T18:45:18.843Z THROUGHPUT bytes=208836608 rate=25199bps elapsed=8287.2s
2026-05-16T18:45:28.917Z THROUGHPUT bytes=209092608 rate=25200bps elapsed=8297.3s
2026-05-16T18:45:38.996Z THROUGHPUT bytes=209346560 rate=25200bps elapsed=8307.4s
2026-05-16T18:45:49.097Z THROUGHPUT bytes=209600512 rate=25199bps elapsed=8317.5s
2026-05-16T18:45:59.153Z THROUGHPUT bytes=209852416 rate=25199bps elapsed=8327.5s
2026-05-16T18:46:09.306Z THROUGHPUT bytes=210108416 rate=25199bps elapsed=8337.7s
2026-05-16T18:46:19.447Z THROUGHPUT bytes=210364416 rate=25199bps elapsed=8347.8s
2026-05-16T18:46:29.598Z THROUGHPUT bytes=210620416 rate=25199bps elapsed=8358.0s
2026-05-16T18:46:39.706Z THROUGHPUT bytes=210874368 rate=25199bps elapsed=8368.1s
2026-05-16T18:46:49.863Z THROUGHPUT bytes=211130368 rate=25199bps elapsed=8378.3s
2026-05-16T18:47:00.002Z THROUGHPUT bytes=211386368 rate=25199bps elapsed=8388.4s
2026-05-16T18:47:10.097Z THROUGHPUT bytes=211640320 rate=25199bps elapsed=8398.5s
2026-05-16T18:47:20.258Z THROUGHPUT bytes=211896320 rate=25199bps elapsed=8408.6s
2026-05-16T18:47:30.323Z THROUGHPUT bytes=212150272 rate=25199bps elapsed=8418.7s
2026-05-16T18:47:40.411Z THROUGHPUT bytes=212404224 rate=25199bps elapsed=8428.8s
2026-05-16T18:47:50.564Z THROUGHPUT bytes=212660224 rate=25199bps elapsed=8439.0s
2026-05-16T18:48:00.570Z THROUGHPUT bytes=212912128 rate=25199bps elapsed=8449.0s
2026-05-16T18:48:10.634Z THROUGHPUT bytes=213166080 rate=25199bps elapsed=8459.0s
2026-05-16T18:48:20.639Z THROUGHPUT bytes=213417984 rate=25199bps elapsed=8469.0s
2026-05-16T18:48:30.680Z THROUGHPUT bytes=213671936 rate=25199bps elapsed=8479.1s
2026-05-16T18:48:40.709Z THROUGHPUT bytes=213923840 rate=25199bps elapsed=8489.1s
2026-05-16T18:48:50.717Z THROUGHPUT bytes=214175744 rate=25199bps elapsed=8499.1s
2026-05-16T18:49:00.876Z THROUGHPUT bytes=214431744 rate=25199bps elapsed=8509.3s
2026-05-16T18:49:11.029Z THROUGHPUT bytes=214687744 rate=25199bps elapsed=8519.4s
2026-05-16T18:49:21.031Z THROUGHPUT bytes=214941696 rate=25200bps elapsed=8529.4s
2026-05-16T18:49:31.102Z THROUGHPUT bytes=215193600 rate=25199bps elapsed=8539.5s
2026-05-16T18:49:41.259Z THROUGHPUT bytes=215449600 rate=25199bps elapsed=8549.6s
2026-05-16T18:49:51.343Z THROUGHPUT bytes=215703552 rate=25199bps elapsed=8559.7s
2026-05-16T18:50:01.501Z THROUGHPUT bytes=215959552 rate=25199bps elapsed=8569.9s
2026-05-16T18:50:11.544Z THROUGHPUT bytes=216213504 rate=25199bps elapsed=8579.9s
2026-05-16T18:50:21.656Z THROUGHPUT bytes=216467456 rate=25199bps elapsed=8590.0s
2026-05-16T18:50:31.711Z THROUGHPUT bytes=216721408 rate=25199bps elapsed=8600.1s
2026-05-16T18:50:41.771Z THROUGHPUT bytes=216977408 rate=25200bps elapsed=8610.2s
2026-05-16T18:50:51.790Z THROUGHPUT bytes=217227264 rate=25199bps elapsed=8620.2s
2026-05-16T18:51:01.874Z THROUGHPUT bytes=217481216 rate=25199bps elapsed=8630.3s
2026-05-16T18:51:11.948Z THROUGHPUT bytes=217735168 rate=25199bps elapsed=8640.3s
2026-05-16T18:51:22.120Z THROUGHPUT bytes=217991168 rate=25199bps elapsed=8650.5s
2026-05-16T18:51:32.120Z THROUGHPUT bytes=218243072 rate=25199bps elapsed=8660.5s
2026-05-16T18:51:42.224Z THROUGHPUT bytes=218499072 rate=25199bps elapsed=8670.6s
2026-05-16T18:51:52.269Z THROUGHPUT bytes=218750976 rate=25199bps elapsed=8680.7s
2026-05-16T18:52:02.353Z THROUGHPUT bytes=219004928 rate=25199bps elapsed=8690.7s
2026-05-16T18:52:12.416Z THROUGHPUT bytes=219258880 rate=25199bps elapsed=8700.8s
2026-05-16T18:52:22.437Z THROUGHPUT bytes=219512832 rate=25200bps elapsed=8710.8s
2026-05-16T18:52:32.503Z THROUGHPUT bytes=219766784 rate=25200bps elapsed=8720.9s
2026-05-16T18:52:42.561Z THROUGHPUT bytes=220018688 rate=25199bps elapsed=8730.9s
2026-05-16T18:52:52.661Z THROUGHPUT bytes=220272640 rate=25199bps elapsed=8741.0s
2026-05-16T18:53:02.783Z THROUGHPUT bytes=220528640 rate=25199bps elapsed=8751.2s
2026-05-16T18:53:12.814Z THROUGHPUT bytes=220780544 rate=25199bps elapsed=8761.2s
2026-05-16T18:53:22.853Z THROUGHPUT bytes=221034496 rate=25199bps elapsed=8771.2s
2026-05-16T18:53:32.870Z THROUGHPUT bytes=221286400 rate=25199bps elapsed=8781.3s
2026-05-16T18:53:43.049Z THROUGHPUT bytes=221542400 rate=25199bps elapsed=8791.4s
2026-05-16T18:53:53.209Z THROUGHPUT bytes=221798400 rate=25199bps elapsed=8801.6s
2026-05-16T18:54:03.364Z THROUGHPUT bytes=222054400 rate=25199bps elapsed=8811.7s
2026-05-16T18:54:13.460Z THROUGHPUT bytes=222310400 rate=25199bps elapsed=8821.8s
2026-05-16T18:54:23.505Z THROUGHPUT bytes=222564352 rate=25200bps elapsed=8831.9s
2026-05-16T18:54:33.515Z THROUGHPUT bytes=222814208 rate=25199bps elapsed=8841.9s
2026-05-16T18:54:43.655Z THROUGHPUT bytes=223070208 rate=25199bps elapsed=8852.0s
2026-05-16T18:54:53.655Z THROUGHPUT bytes=223322112 rate=25199bps elapsed=8862.0s
2026-05-16T18:55:03.671Z THROUGHPUT bytes=223574016 rate=25199bps elapsed=8872.1s
2026-05-16T18:55:13.674Z THROUGHPUT bytes=223827968 rate=25200bps elapsed=8882.1s
2026-05-16T18:55:23.766Z THROUGHPUT bytes=224081920 rate=25199bps elapsed=8892.1s
2026-05-16T18:55:33.898Z THROUGHPUT bytes=224335872 rate=25199bps elapsed=8902.3s
2026-05-16T18:55:43.957Z THROUGHPUT bytes=224589824 rate=25199bps elapsed=8912.3s
2026-05-16T18:55:54.137Z THROUGHPUT bytes=224845824 rate=25199bps elapsed=8922.5s
2026-05-16T18:56:04.157Z THROUGHPUT bytes=225099776 rate=25199bps elapsed=8932.5s
2026-05-16T18:56:14.290Z THROUGHPUT bytes=225353728 rate=25199bps elapsed=8942.7s
2026-05-16T18:56:24.449Z THROUGHPUT bytes=225609728 rate=25199bps elapsed=8952.8s
2026-05-16T18:56:34.509Z THROUGHPUT bytes=225863680 rate=25199bps elapsed=8962.9s
2026-05-16T18:56:44.561Z THROUGHPUT bytes=226117632 rate=25199bps elapsed=8972.9s
2026-05-16T18:56:54.605Z THROUGHPUT bytes=226369536 rate=25199bps elapsed=8983.0s
2026-05-16T18:57:04.717Z THROUGHPUT bytes=226625536 rate=25199bps elapsed=8993.1s
2026-05-16T18:57:14.788Z THROUGHPUT bytes=226879488 rate=25199bps elapsed=9003.2s
2026-05-16T18:57:24.835Z THROUGHPUT bytes=227131392 rate=25199bps elapsed=9013.2s
2026-05-16T18:57:34.891Z THROUGHPUT bytes=227385344 rate=25199bps elapsed=9023.3s
2026-05-16T18:57:44.989Z THROUGHPUT bytes=227639296 rate=25199bps elapsed=9033.4s
2026-05-16T18:57:55.059Z THROUGHPUT bytes=227895296 rate=25200bps elapsed=9043.4s
2026-05-16T18:58:05.137Z THROUGHPUT bytes=228147200 rate=25199bps elapsed=9053.5s
2026-05-16T18:58:15.307Z THROUGHPUT bytes=228403200 rate=25199bps elapsed=9063.7s
2026-05-16T18:58:25.371Z THROUGHPUT bytes=228657152 rate=25199bps elapsed=9073.7s
2026-05-16T18:58:35.450Z THROUGHPUT bytes=228911104 rate=25199bps elapsed=9083.8s
2026-05-16T18:58:45.460Z THROUGHPUT bytes=229163008 rate=25199bps elapsed=9093.8s
2026-05-16T18:58:55.592Z THROUGHPUT bytes=229419008 rate=25199bps elapsed=9104.0s
2026-05-16T18:59:05.644Z THROUGHPUT bytes=229672960 rate=25199bps elapsed=9114.0s
2026-05-16T18:59:15.685Z THROUGHPUT bytes=229924864 rate=25199bps elapsed=9124.1s
2026-05-16T18:59:25.846Z THROUGHPUT bytes=230180864 rate=25199bps elapsed=9134.2s
2026-05-16T18:59:35.927Z THROUGHPUT bytes=230434816 rate=25199bps elapsed=9144.3s
2026-05-16T18:59:46.001Z THROUGHPUT bytes=230688768 rate=25199bps elapsed=9154.4s
2026-05-16T18:59:56.046Z THROUGHPUT bytes=230942720 rate=25199bps elapsed=9164.4s
2026-05-16T19:00:06.078Z THROUGHPUT bytes=231196672 rate=25200bps elapsed=9174.5s
2026-05-16T19:00:16.094Z THROUGHPUT bytes=231448576 rate=25199bps elapsed=9184.5s
2026-05-16T19:00:26.128Z THROUGHPUT bytes=231700480 rate=25199bps elapsed=9194.5s
2026-05-16T19:00:36.215Z THROUGHPUT bytes=231954432 rate=25199bps elapsed=9204.6s
2026-05-16T19:00:46.230Z THROUGHPUT bytes=232206336 rate=25199bps elapsed=9214.6s
2026-05-16T19:00:56.282Z THROUGHPUT bytes=232460288 rate=25199bps elapsed=9224.7s
2026-05-16T19:01:06.295Z THROUGHPUT bytes=232714240 rate=25200bps elapsed=9234.7s
2026-05-16T19:01:16.360Z THROUGHPUT bytes=232966144 rate=25199bps elapsed=9244.7s
2026-05-16T19:01:26.463Z THROUGHPUT bytes=233222144 rate=25200bps elapsed=9254.8s
2026-05-16T19:01:36.613Z THROUGHPUT bytes=233476096 rate=25199bps elapsed=9265.0s
2026-05-16T19:01:46.699Z THROUGHPUT bytes=233732096 rate=25200bps elapsed=9275.1s
2026-05-16T19:01:56.847Z THROUGHPUT bytes=233986048 rate=25199bps elapsed=9285.2s
2026-05-16T19:02:07.013Z THROUGHPUT bytes=234242048 rate=25199bps elapsed=9295.4s
2026-05-16T19:02:17.038Z THROUGHPUT bytes=234496000 rate=25199bps elapsed=9305.4s
2026-05-16T19:02:27.067Z THROUGHPUT bytes=234747904 rate=25199bps elapsed=9315.4s
2026-05-16T19:02:37.116Z THROUGHPUT bytes=235001856 rate=25199bps elapsed=9325.5s
2026-05-16T19:02:47.186Z THROUGHPUT bytes=235255808 rate=25199bps elapsed=9335.6s
2026-05-16T19:02:57.224Z THROUGHPUT bytes=235507712 rate=25199bps elapsed=9345.6s
2026-05-16T19:03:07.234Z THROUGHPUT bytes=235759616 rate=25199bps elapsed=9355.6s
2026-05-16T19:03:17.315Z THROUGHPUT bytes=236015616 rate=25200bps elapsed=9365.7s
2026-05-16T19:03:27.465Z THROUGHPUT bytes=236269568 rate=25199bps elapsed=9375.8s
2026-05-16T19:03:37.539Z THROUGHPUT bytes=236523520 rate=25199bps elapsed=9385.9s
2026-05-16T19:03:47.708Z THROUGHPUT bytes=236779520 rate=25199bps elapsed=9396.1s
2026-05-16T19:03:57.819Z THROUGHPUT bytes=237035520 rate=25199bps elapsed=9406.2s
2026-05-16T19:04:07.876Z THROUGHPUT bytes=237289472 rate=25200bps elapsed=9416.2s
2026-05-16T19:04:18.016Z THROUGHPUT bytes=237543424 rate=25199bps elapsed=9426.4s
2026-05-16T19:04:28.026Z THROUGHPUT bytes=237797376 rate=25200bps elapsed=9436.4s
2026-05-16T19:04:38.087Z THROUGHPUT bytes=238049280 rate=25199bps elapsed=9446.5s
2026-05-16T19:04:48.092Z THROUGHPUT bytes=238301184 rate=25199bps elapsed=9456.5s
2026-05-16T19:04:58.099Z THROUGHPUT bytes=238555136 rate=25200bps elapsed=9466.5s
2026-05-16T19:05:08.147Z THROUGHPUT bytes=238807040 rate=25199bps elapsed=9476.5s
2026-05-16T19:05:18.148Z THROUGHPUT bytes=239058944 rate=25199bps elapsed=9486.5s
2026-05-16T19:05:28.319Z THROUGHPUT bytes=239314944 rate=25199bps elapsed=9496.7s
2026-05-16T19:05:38.400Z THROUGHPUT bytes=239568896 rate=25199bps elapsed=9506.8s
2026-05-16T19:05:48.494Z THROUGHPUT bytes=239824896 rate=25199bps elapsed=9516.9s
2026-05-16T19:05:58.547Z THROUGHPUT bytes=240076800 rate=25199bps elapsed=9526.9s
2026-05-16T19:06:08.616Z THROUGHPUT bytes=240330752 rate=25199bps elapsed=9537.0s
2026-05-16T19:06:18.784Z THROUGHPUT bytes=240586752 rate=25199bps elapsed=9547.2s
2026-05-16T19:06:28.894Z THROUGHPUT bytes=240842752 rate=25199bps elapsed=9557.3s
2026-05-16T19:06:38.896Z THROUGHPUT bytes=241094656 rate=25199bps elapsed=9567.3s
2026-05-16T19:06:48.933Z THROUGHPUT bytes=241346560 rate=25199bps elapsed=9577.3s
2026-05-16T19:06:58.969Z THROUGHPUT bytes=241600512 rate=25199bps elapsed=9587.3s
2026-05-16T19:07:09.016Z THROUGHPUT bytes=241854464 rate=25200bps elapsed=9597.4s
2026-05-16T19:07:19.043Z THROUGHPUT bytes=242106368 rate=25199bps elapsed=9607.4s
2026-05-16T19:07:29.156Z THROUGHPUT bytes=242360320 rate=25199bps elapsed=9617.5s
2026-05-16T19:07:39.209Z THROUGHPUT bytes=242614272 rate=25199bps elapsed=9627.6s
2026-05-16T19:07:49.390Z THROUGHPUT bytes=242870272 rate=25199bps elapsed=9637.8s
2026-05-16T19:07:59.461Z THROUGHPUT bytes=243124224 rate=25199bps elapsed=9647.8s
2026-05-16T19:08:09.547Z THROUGHPUT bytes=243378176 rate=25199bps elapsed=9657.9s
2026-05-16T19:08:19.687Z THROUGHPUT bytes=243634176 rate=25199bps elapsed=9668.1s
2026-05-16T19:08:29.870Z THROUGHPUT bytes=243890176 rate=25199bps elapsed=9678.2s
2026-05-16T19:08:39.918Z THROUGHPUT bytes=244144128 rate=25199bps elapsed=9688.3s
2026-05-16T19:08:50.014Z THROUGHPUT bytes=244398080 rate=25199bps elapsed=9698.4s
2026-05-16T19:09:00.020Z THROUGHPUT bytes=244649984 rate=25199bps elapsed=9708.4s
2026-05-16T19:09:10.057Z THROUGHPUT bytes=244903936 rate=25199bps elapsed=9718.4s
2026-05-16T19:09:20.145Z THROUGHPUT bytes=245157888 rate=25199bps elapsed=9728.5s
2026-05-16T19:09:30.321Z THROUGHPUT bytes=245413888 rate=25199bps elapsed=9738.7s
2026-05-16T19:09:40.487Z THROUGHPUT bytes=245669888 rate=25199bps elapsed=9748.9s
2026-05-16T19:09:50.548Z THROUGHPUT bytes=245923840 rate=25199bps elapsed=9758.9s
2026-05-16T19:10:00.614Z THROUGHPUT bytes=246177792 rate=25199bps elapsed=9769.0s
2026-05-16T19:10:10.634Z THROUGHPUT bytes=246429696 rate=25199bps elapsed=9779.0s
2026-05-16T19:10:20.795Z THROUGHPUT bytes=246685696 rate=25199bps elapsed=9789.2s
2026-05-16T19:10:30.880Z THROUGHPUT bytes=246939648 rate=25199bps elapsed=9799.3s
2026-05-16T19:10:40.961Z THROUGHPUT bytes=247195648 rate=25200bps elapsed=9809.3s
2026-05-16T19:10:51.010Z THROUGHPUT bytes=247449600 rate=25200bps elapsed=9819.4s
2026-05-16T19:11:01.195Z THROUGHPUT bytes=247703552 rate=25199bps elapsed=9829.6s
2026-05-16T19:11:11.275Z THROUGHPUT bytes=247959552 rate=25200bps elapsed=9839.7s
2026-05-16T19:11:21.322Z THROUGHPUT bytes=248211456 rate=25199bps elapsed=9849.7s
2026-05-16T19:11:31.431Z THROUGHPUT bytes=248465408 rate=25199bps elapsed=9859.8s
2026-05-16T19:11:41.473Z THROUGHPUT bytes=248719360 rate=25199bps elapsed=9869.8s
2026-05-16T19:11:51.490Z THROUGHPUT bytes=248971264 rate=25199bps elapsed=9879.9s
2026-05-16T19:12:01.647Z THROUGHPUT bytes=249227264 rate=25199bps elapsed=9890.0s
2026-05-16T19:12:11.801Z THROUGHPUT bytes=249483264 rate=25199bps elapsed=9900.2s
2026-05-16T19:12:21.890Z THROUGHPUT bytes=249737216 rate=25199bps elapsed=9910.3s
2026-05-16T19:12:32.054Z THROUGHPUT bytes=249993216 rate=25199bps elapsed=9920.4s
2026-05-16T19:12:42.114Z THROUGHPUT bytes=250247168 rate=25199bps elapsed=9930.5s
2026-05-16T19:12:52.278Z THROUGHPUT bytes=250503168 rate=25199bps elapsed=9940.7s
2026-05-16T19:13:02.444Z THROUGHPUT bytes=250759168 rate=25199bps elapsed=9950.8s
2026-05-16T19:13:12.512Z THROUGHPUT bytes=251013120 rate=25199bps elapsed=9960.9s
2026-05-16T19:13:22.563Z THROUGHPUT bytes=251267072 rate=25199bps elapsed=9970.9s
2026-05-16T19:13:32.766Z THROUGHPUT bytes=251523072 rate=25199bps elapsed=9981.1s
2026-05-16T19:13:42.844Z THROUGHPUT bytes=251777024 rate=25199bps elapsed=9991.2s
2026-05-16T19:13:52.964Z THROUGHPUT bytes=252033024 rate=25199bps elapsed=10001.3s
2026-05-16T19:14:02.974Z THROUGHPUT bytes=252284928 rate=25199bps elapsed=10011.3s
2026-05-16T19:14:13.009Z THROUGHPUT bytes=252538880 rate=25200bps elapsed=10021.4s
2026-05-16T19:14:23.138Z THROUGHPUT bytes=252792832 rate=25199bps elapsed=10031.5s
2026-05-16T19:14:33.309Z THROUGHPUT bytes=253048832 rate=25199bps elapsed=10041.7s
2026-05-16T19:14:43.466Z THROUGHPUT bytes=253304832 rate=25199bps elapsed=10051.8s
2026-05-16T19:14:53.617Z THROUGHPUT bytes=253560832 rate=25199bps elapsed=10062.0s
2026-05-16T19:15:03.671Z THROUGHPUT bytes=253814784 rate=25199bps elapsed=10072.0s
2026-05-16T19:15:13.777Z THROUGHPUT bytes=254068736 rate=25199bps elapsed=10082.1s
2026-05-16T19:15:23.873Z THROUGHPUT bytes=254324736 rate=25200bps elapsed=10092.2s
2026-05-16T19:15:34.025Z THROUGHPUT bytes=254578688 rate=25199bps elapsed=10102.4s
2026-05-16T19:15:44.174Z THROUGHPUT bytes=254834688 rate=25199bps elapsed=10112.5s
2026-05-16T19:15:54.259Z THROUGHPUT bytes=255088640 rate=25199bps elapsed=10122.6s
2026-05-16T19:16:04.419Z THROUGHPUT bytes=255344640 rate=25199bps elapsed=10132.8s
2026-05-16T19:16:14.473Z THROUGHPUT bytes=255598592 rate=25199bps elapsed=10142.8s
2026-05-16T19:16:24.488Z THROUGHPUT bytes=255850496 rate=25199bps elapsed=10152.9s
2026-05-16T19:16:34.538Z THROUGHPUT bytes=256104448 rate=25199bps elapsed=10162.9s
2026-05-16T19:16:44.618Z THROUGHPUT bytes=256358400 rate=25199bps elapsed=10173.0s
2026-05-16T19:16:54.728Z THROUGHPUT bytes=256612352 rate=25199bps elapsed=10183.1s
2026-05-16T19:17:04.885Z THROUGHPUT bytes=256868352 rate=25199bps elapsed=10193.3s
2026-05-16T19:17:14.961Z THROUGHPUT bytes=257122304 rate=25199bps elapsed=10203.3s
2026-05-16T19:17:25.118Z THROUGHPUT bytes=257378304 rate=25199bps elapsed=10213.5s
2026-05-16T19:17:35.179Z THROUGHPUT bytes=257632256 rate=25199bps elapsed=10223.5s
2026-05-16T19:17:45.276Z THROUGHPUT bytes=257886208 rate=25199bps elapsed=10233.6s
2026-05-16T19:17:55.309Z THROUGHPUT bytes=258140160 rate=25199bps elapsed=10243.7s
2026-05-16T19:18:05.400Z THROUGHPUT bytes=258394112 rate=25199bps elapsed=10253.8s
2026-05-16T19:18:15.575Z THROUGHPUT bytes=258650112 rate=25199bps elapsed=10263.9s
2026-05-16T19:18:25.746Z THROUGHPUT bytes=258906112 rate=25199bps elapsed=10274.1s
2026-05-16T19:18:35.830Z THROUGHPUT bytes=259160064 rate=25199bps elapsed=10284.2s
2026-05-16T19:18:45.955Z THROUGHPUT bytes=259416064 rate=25199bps elapsed=10294.3s
2026-05-16T19:18:56.061Z THROUGHPUT bytes=259670016 rate=25199bps elapsed=10304.4s
2026-05-16T19:19:06.221Z THROUGHPUT bytes=259926016 rate=25199bps elapsed=10314.6s
2026-05-16T19:19:16.282Z THROUGHPUT bytes=260179968 rate=25199bps elapsed=10324.6s
2026-05-16T19:19:26.314Z THROUGHPUT bytes=260433920 rate=25199bps elapsed=10334.7s
2026-05-16T19:19:36.324Z THROUGHPUT bytes=260685824 rate=25199bps elapsed=10344.7s
2026-05-16T19:19:46.451Z THROUGHPUT bytes=260939776 rate=25199bps elapsed=10354.8s
2026-05-16T19:19:56.566Z THROUGHPUT bytes=261195776 rate=25199bps elapsed=10364.9s
2026-05-16T19:20:06.604Z THROUGHPUT bytes=261447680 rate=25199bps elapsed=10375.0s
2026-05-16T19:20:16.764Z THROUGHPUT bytes=261703680 rate=25199bps elapsed=10385.1s
2026-05-16T19:20:26.833Z THROUGHPUT bytes=261957632 rate=25199bps elapsed=10395.2s
2026-05-16T19:20:37.004Z THROUGHPUT bytes=262213632 rate=25199bps elapsed=10405.4s
2026-05-16T19:20:47.081Z THROUGHPUT bytes=262467584 rate=25199bps elapsed=10415.4s
2026-05-16T19:20:57.142Z THROUGHPUT bytes=262721536 rate=25199bps elapsed=10425.5s
2026-05-16T19:21:07.188Z THROUGHPUT bytes=262975488 rate=25199bps elapsed=10435.6s
2026-05-16T19:21:17.228Z THROUGHPUT bytes=263227392 rate=25199bps elapsed=10445.6s
2026-05-16T19:21:27.283Z THROUGHPUT bytes=263481344 rate=25199bps elapsed=10455.6s
2026-05-16T19:21:37.349Z THROUGHPUT bytes=263735296 rate=25199bps elapsed=10465.7s
2026-05-16T19:21:47.399Z THROUGHPUT bytes=263991296 rate=25200bps elapsed=10475.8s
2026-05-16T19:21:57.462Z THROUGHPUT bytes=264241152 rate=25199bps elapsed=10485.8s
2026-05-16T19:22:07.588Z THROUGHPUT bytes=264497152 rate=25199bps elapsed=10496.0s
2026-05-16T19:22:17.723Z THROUGHPUT bytes=264753152 rate=25199bps elapsed=10506.1s
2026-05-16T19:22:27.939Z THROUGHPUT bytes=265009152 rate=25199bps elapsed=10516.3s
2026-05-16T19:22:38.003Z THROUGHPUT bytes=265263104 rate=25199bps elapsed=10526.4s
2026-05-16T19:22:48.075Z THROUGHPUT bytes=265517056 rate=25199bps elapsed=10536.4s
2026-05-16T19:22:58.167Z THROUGHPUT bytes=265771008 rate=25199bps elapsed=10546.5s
2026-05-16T19:23:08.211Z THROUGHPUT bytes=266024960 rate=25199bps elapsed=10556.6s
2026-05-16T19:23:18.232Z THROUGHPUT bytes=266276864 rate=25199bps elapsed=10566.6s
2026-05-16T19:23:28.294Z THROUGHPUT bytes=266530816 rate=25199bps elapsed=10576.6s
2026-05-16T19:23:38.317Z THROUGHPUT bytes=266784768 rate=25200bps elapsed=10586.7s
2026-05-16T19:23:48.384Z THROUGHPUT bytes=267036672 rate=25199bps elapsed=10596.7s
2026-05-16T19:23:58.394Z THROUGHPUT bytes=267288576 rate=25199bps elapsed=10606.8s
2026-05-16T19:24:08.547Z THROUGHPUT bytes=267544576 rate=25199bps elapsed=10616.9s
2026-05-16T19:24:18.707Z THROUGHPUT bytes=267800576 rate=25199bps elapsed=10627.1s
2026-05-16T19:24:28.870Z THROUGHPUT bytes=268056576 rate=25199bps elapsed=10637.2s
2026-05-16T19:24:38.935Z THROUGHPUT bytes=268310528 rate=25199bps elapsed=10647.3s
2026-05-16T19:24:49.025Z THROUGHPUT bytes=268564480 rate=25199bps elapsed=10657.4s
2026-05-16T19:24:59.075Z THROUGHPUT bytes=268818432 rate=25199bps elapsed=10667.4s
2026-05-16T19:25:09.257Z THROUGHPUT bytes=269074432 rate=25199bps elapsed=10677.6s
2026-05-16T19:25:19.385Z THROUGHPUT bytes=269330432 rate=25199bps elapsed=10687.7s
2026-05-16T19:25:29.565Z THROUGHPUT bytes=269586432 rate=25199bps elapsed=10697.9s
2026-05-16T19:25:39.734Z THROUGHPUT bytes=269842432 rate=25199bps elapsed=10708.1s
2026-05-16T19:25:49.816Z THROUGHPUT bytes=270096384 rate=25199bps elapsed=10718.2s
2026-05-16T19:25:59.976Z THROUGHPUT bytes=270352384 rate=25199bps elapsed=10728.3s
2026-05-16T19:26:10.043Z THROUGHPUT bytes=270606336 rate=25199bps elapsed=10738.4s
2026-05-16T19:26:20.212Z THROUGHPUT bytes=270862336 rate=25199bps elapsed=10748.6s
2026-05-16T19:26:30.369Z THROUGHPUT bytes=271118336 rate=25199bps elapsed=10758.7s
2026-05-16T19:26:40.518Z THROUGHPUT bytes=271374336 rate=25199bps elapsed=10768.9s
2026-05-16T19:26:50.685Z THROUGHPUT bytes=271630336 rate=25199bps elapsed=10779.0s
2026-05-16T19:27:00.808Z THROUGHPUT bytes=271886336 rate=25199bps elapsed=10789.2s
2026-05-16T19:27:10.843Z THROUGHPUT bytes=272138240 rate=25199bps elapsed=10799.2s
2026-05-16T19:27:20.991Z THROUGHPUT bytes=272394240 rate=25199bps elapsed=10809.4s
2026-05-16T19:27:31.062Z THROUGHPUT bytes=272648192 rate=25199bps elapsed=10819.4s
2026-05-16T19:27:41.077Z THROUGHPUT bytes=272902144 rate=25200bps elapsed=10829.4s
2026-05-16T19:27:51.228Z THROUGHPUT bytes=273156096 rate=25199bps elapsed=10839.6s
2026-05-16T19:28:01.312Z THROUGHPUT bytes=273410048 rate=25199bps elapsed=10849.7s
2026-05-16T19:28:11.394Z THROUGHPUT bytes=273666048 rate=25200bps elapsed=10859.8s
2026-05-16T19:28:21.419Z THROUGHPUT bytes=273917952 rate=25199bps elapsed=10869.8s
2026-05-16T19:28:31.544Z THROUGHPUT bytes=274171904 rate=25199bps elapsed=10879.9s
2026-05-16T19:28:41.676Z THROUGHPUT bytes=274427904 rate=25199bps elapsed=10890.0s
2026-05-16T19:28:51.772Z THROUGHPUT bytes=274681856 rate=25199bps elapsed=10900.1s
2026-05-16T19:29:01.921Z THROUGHPUT bytes=274937856 rate=25199bps elapsed=10910.3s
2026-05-16T19:29:11.963Z THROUGHPUT bytes=275191808 rate=25199bps elapsed=10920.3s
2026-05-16T19:29:22.096Z THROUGHPUT bytes=275445760 rate=25199bps elapsed=10930.5s
2026-05-16T19:29:32.130Z THROUGHPUT bytes=275701760 rate=25200bps elapsed=10940.5s
2026-05-16T19:29:42.150Z THROUGHPUT bytes=275951616 rate=25199bps elapsed=10950.5s
2026-05-16T19:29:52.160Z THROUGHPUT bytes=276203520 rate=25199bps elapsed=10960.5s
2026-05-16T19:30:02.160Z THROUGHPUT bytes=276455424 rate=25199bps elapsed=10970.5s
2026-05-16T19:30:12.240Z THROUGHPUT bytes=276709376 rate=25199bps elapsed=10980.6s
2026-05-16T19:30:22.380Z THROUGHPUT bytes=276965376 rate=25199bps elapsed=10990.7s
2026-05-16T19:30:32.469Z THROUGHPUT bytes=277219328 rate=25199bps elapsed=11000.8s
2026-05-16T19:30:42.500Z THROUGHPUT bytes=277473280 rate=25199bps elapsed=11010.9s
2026-05-16T19:30:52.534Z THROUGHPUT bytes=277725184 rate=25199bps elapsed=11020.9s
2026-05-16T19:31:02.547Z THROUGHPUT bytes=277977088 rate=25199bps elapsed=11030.9s
2026-05-16T19:31:12.687Z THROUGHPUT bytes=278233088 rate=25199bps elapsed=11041.0s
2026-05-16T19:31:22.757Z THROUGHPUT bytes=278487040 rate=25199bps elapsed=11051.1s
2026-05-16T19:31:32.769Z THROUGHPUT bytes=278738944 rate=25199bps elapsed=11061.1s
2026-05-16T19:31:42.936Z THROUGHPUT bytes=278994944 rate=25199bps elapsed=11071.3s
2026-05-16T19:31:53.008Z THROUGHPUT bytes=279248896 rate=25199bps elapsed=11081.4s
2026-05-16T19:32:03.057Z THROUGHPUT bytes=279502848 rate=25199bps elapsed=11091.4s
2026-05-16T19:32:13.241Z THROUGHPUT bytes=279758848 rate=25199bps elapsed=11101.6s
2026-05-16T19:32:23.306Z THROUGHPUT bytes=280012800 rate=25199bps elapsed=11111.7s
2026-05-16T19:32:33.408Z THROUGHPUT bytes=280266752 rate=25199bps elapsed=11121.8s
2026-05-16T19:32:43.563Z THROUGHPUT bytes=280522752 rate=25199bps elapsed=11131.9s
2026-05-16T19:32:53.622Z THROUGHPUT bytes=280776704 rate=25199bps elapsed=11142.0s
2026-05-16T19:33:03.632Z THROUGHPUT bytes=281028608 rate=25199bps elapsed=11152.0s
2026-05-16T19:33:13.773Z THROUGHPUT bytes=281284608 rate=25199bps elapsed=11162.1s
2026-05-16T19:33:23.796Z THROUGHPUT bytes=281536512 rate=25199bps elapsed=11172.2s
2026-05-16T19:33:33.825Z THROUGHPUT bytes=281790464 rate=25199bps elapsed=11182.2s
2026-05-16T19:33:43.903Z THROUGHPUT bytes=282044416 rate=25199bps elapsed=11192.3s
2026-05-16T19:33:54.013Z THROUGHPUT bytes=282298368 rate=25199bps elapsed=11202.4s
2026-05-16T19:34:04.167Z THROUGHPUT bytes=282554368 rate=25199bps elapsed=11212.5s
2026-05-16T19:34:14.259Z THROUGHPUT bytes=282808320 rate=25199bps elapsed=11222.6s
2026-05-16T19:34:24.335Z THROUGHPUT bytes=283062272 rate=25199bps elapsed=11232.7s
2026-05-16T19:34:34.418Z THROUGHPUT bytes=283316224 rate=25199bps elapsed=11242.8s
2026-05-16T19:34:44.483Z THROUGHPUT bytes=283570176 rate=25199bps elapsed=11252.8s
2026-05-16T19:34:54.644Z THROUGHPUT bytes=283826176 rate=25199bps elapsed=11263.0s
2026-05-16T19:35:04.709Z THROUGHPUT bytes=284080128 rate=25199bps elapsed=11273.1s
2026-05-16T19:35:14.763Z THROUGHPUT bytes=284334080 rate=25199bps elapsed=11283.1s
2026-05-16T19:35:24.807Z THROUGHPUT bytes=284585984 rate=25199bps elapsed=11293.2s
2026-05-16T19:35:34.982Z THROUGHPUT bytes=284841984 rate=25199bps elapsed=11303.3s
2026-05-16T19:35:45.043Z THROUGHPUT bytes=285095936 rate=25199bps elapsed=11313.4s
2026-05-16T19:35:55.089Z THROUGHPUT bytes=285349888 rate=25199bps elapsed=11323.4s
2026-05-16T19:36:05.205Z THROUGHPUT bytes=285603840 rate=25199bps elapsed=11333.5s
2026-05-16T19:36:15.386Z THROUGHPUT bytes=285859840 rate=25199bps elapsed=11343.7s
2026-05-16T19:36:25.418Z THROUGHPUT bytes=286113792 rate=25199bps elapsed=11353.7s
2026-05-16T19:36:35.458Z THROUGHPUT bytes=286365696 rate=25199bps elapsed=11363.8s
2026-05-16T19:36:45.531Z THROUGHPUT bytes=286621696 rate=25200bps elapsed=11373.9s
2026-05-16T19:36:55.567Z THROUGHPUT bytes=286873600 rate=25199bps elapsed=11383.9s
2026-05-16T19:37:05.674Z THROUGHPUT bytes=287127552 rate=25199bps elapsed=11394.0s
2026-05-16T19:37:15.688Z THROUGHPUT bytes=287379456 rate=25199bps elapsed=11404.0s
2026-05-16T19:37:25.768Z THROUGHPUT bytes=287633408 rate=25199bps elapsed=11414.1s
2026-05-16T19:37:35.768Z THROUGHPUT bytes=287885312 rate=25199bps elapsed=11424.1s
2026-05-16T19:37:45.853Z THROUGHPUT bytes=288141312 rate=25200bps elapsed=11434.2s
2026-05-16T19:37:55.950Z THROUGHPUT bytes=288395264 rate=25199bps elapsed=11444.3s
2026-05-16T19:38:06.079Z THROUGHPUT bytes=288649216 rate=25199bps elapsed=11454.4s
2026-05-16T19:38:16.233Z THROUGHPUT bytes=288905216 rate=25199bps elapsed=11464.6s
2026-05-16T19:38:26.280Z THROUGHPUT bytes=289159168 rate=25199bps elapsed=11474.6s
2026-05-16T19:38:36.295Z THROUGHPUT bytes=289411072 rate=25199bps elapsed=11484.6s
2026-05-16T19:38:46.473Z THROUGHPUT bytes=289667072 rate=25199bps elapsed=11494.8s
2026-05-16T19:38:56.544Z THROUGHPUT bytes=289921024 rate=25199bps elapsed=11504.9s
2026-05-16T19:39:06.658Z THROUGHPUT bytes=290177024 rate=25199bps elapsed=11515.0s
2026-05-16T19:39:16.701Z THROUGHPUT bytes=290428928 rate=25199bps elapsed=11525.0s
2026-05-16T19:39:26.703Z THROUGHPUT bytes=290680832 rate=25199bps elapsed=11535.0s
2026-05-16T19:39:36.863Z THROUGHPUT bytes=290936832 rate=25199bps elapsed=11545.2s
2026-05-16T19:39:46.999Z THROUGHPUT bytes=291192832 rate=25199bps elapsed=11555.3s
2026-05-16T19:39:57.028Z THROUGHPUT bytes=291446784 rate=25200bps elapsed=11565.3s
2026-05-16T19:40:07.064Z THROUGHPUT bytes=291698688 rate=25199bps elapsed=11575.4s
2026-05-16T19:40:17.082Z THROUGHPUT bytes=291950592 rate=25199bps elapsed=11585.4s
2026-05-16T19:40:27.220Z THROUGHPUT bytes=292206592 rate=25199bps elapsed=11595.5s
2026-05-16T19:40:37.251Z THROUGHPUT bytes=292458496 rate=25199bps elapsed=11605.6s
2026-05-16T19:40:47.399Z THROUGHPUT bytes=292714496 rate=25199bps elapsed=11615.7s
2026-05-16T19:40:57.549Z THROUGHPUT bytes=292970496 rate=25199bps elapsed=11625.9s
2026-05-16T19:41:07.725Z THROUGHPUT bytes=293226496 rate=25199bps elapsed=11636.0s
2026-05-16T19:41:17.871Z THROUGHPUT bytes=293482496 rate=25199bps elapsed=11646.2s
2026-05-16T19:41:27.878Z THROUGHPUT bytes=293734400 rate=25199bps elapsed=11656.2s
2026-05-16T19:41:38.027Z THROUGHPUT bytes=293990400 rate=25199bps elapsed=11666.3s
2026-05-16T19:41:48.164Z THROUGHPUT bytes=294246400 rate=25199bps elapsed=11676.5s
2026-05-16T19:41:58.276Z THROUGHPUT bytes=294500352 rate=25199bps elapsed=11686.6s
2026-05-16T19:42:08.404Z THROUGHPUT bytes=294756352 rate=25199bps elapsed=11696.7s
2026-05-16T19:42:18.407Z THROUGHPUT bytes=295008256 rate=25199bps elapsed=11706.7s
2026-05-16T19:42:28.425Z THROUGHPUT bytes=295260160 rate=25199bps elapsed=11716.7s
2026-05-16T19:42:38.439Z THROUGHPUT bytes=295516160 rate=25200bps elapsed=11726.8s
2026-05-16T19:42:48.563Z THROUGHPUT bytes=295768064 rate=25199bps elapsed=11736.9s
2026-05-16T19:42:58.630Z THROUGHPUT bytes=296022016 rate=25199bps elapsed=11746.9s
2026-05-16T19:43:08.733Z THROUGHPUT bytes=296275968 rate=25199bps elapsed=11757.0s
2026-05-16T19:43:18.813Z THROUGHPUT bytes=296529920 rate=25199bps elapsed=11767.1s
2026-05-16T19:43:28.885Z THROUGHPUT bytes=296783872 rate=25199bps elapsed=11777.2s
2026-05-16T19:43:38.969Z THROUGHPUT bytes=297037824 rate=25199bps elapsed=11787.3s
2026-05-16T19:43:49.047Z THROUGHPUT bytes=297291776 rate=25199bps elapsed=11797.4s
2026-05-16T19:43:59.079Z THROUGHPUT bytes=297545728 rate=25199bps elapsed=11807.4s
2026-05-16T19:44:09.109Z THROUGHPUT bytes=297799680 rate=25200bps elapsed=11817.4s
2026-05-16T19:44:19.281Z THROUGHPUT bytes=298053632 rate=25199bps elapsed=11827.6s
2026-05-16T19:44:29.440Z THROUGHPUT bytes=298309632 rate=25199bps elapsed=11837.7s
2026-05-16T19:44:39.593Z THROUGHPUT bytes=298565632 rate=25199bps elapsed=11847.9s
2026-05-16T19:44:49.720Z THROUGHPUT bytes=298821632 rate=25199bps elapsed=11858.0s
2026-05-16T19:44:59.803Z THROUGHPUT bytes=299075584 rate=25199bps elapsed=11868.1s
2026-05-16T19:45:09.915Z THROUGHPUT bytes=299329536 rate=25199bps elapsed=11878.2s
2026-05-16T19:45:20.011Z THROUGHPUT bytes=299585536 rate=25199bps elapsed=11888.3s
2026-05-16T19:45:30.079Z THROUGHPUT bytes=299839488 rate=25200bps elapsed=11898.4s
2026-05-16T19:45:40.147Z THROUGHPUT bytes=300091392 rate=25199bps elapsed=11908.5s
2026-05-16T19:45:50.298Z THROUGHPUT bytes=300347392 rate=25199bps elapsed=11918.6s
2026-05-16T19:46:00.356Z THROUGHPUT bytes=300601344 rate=25199bps elapsed=11928.7s
2026-05-16T19:46:10.381Z THROUGHPUT bytes=300853248 rate=25199bps elapsed=11938.7s
2026-05-16T19:46:20.451Z THROUGHPUT bytes=301107200 rate=25199bps elapsed=11948.8s
2026-05-16T19:46:30.482Z THROUGHPUT bytes=301361152 rate=25199bps elapsed=11958.8s
2026-05-16T19:46:40.601Z THROUGHPUT bytes=301615104 rate=25199bps elapsed=11968.9s
2026-05-16T19:46:50.690Z THROUGHPUT bytes=301869056 rate=25199bps elapsed=11979.0s
2026-05-16T19:47:00.728Z THROUGHPUT bytes=302125056 rate=25200bps elapsed=11989.0s
2026-05-16T19:47:10.762Z THROUGHPUT bytes=302374912 rate=25199bps elapsed=11999.1s
2026-05-16T19:47:20.834Z THROUGHPUT bytes=302630912 rate=25200bps elapsed=12009.1s
2026-05-16T19:47:30.913Z THROUGHPUT bytes=302882816 rate=25199bps elapsed=12019.2s
2026-05-16T19:47:40.916Z THROUGHPUT bytes=303136768 rate=25200bps elapsed=12029.2s
2026-05-16T19:47:51.033Z THROUGHPUT bytes=303390720 rate=25199bps elapsed=12039.3s
2026-05-16T19:48:01.043Z THROUGHPUT bytes=303642624 rate=25199bps elapsed=12049.3s
2026-05-16T19:48:11.054Z THROUGHPUT bytes=303894528 rate=25199bps elapsed=12059.4s
2026-05-16T19:48:21.148Z THROUGHPUT bytes=304148480 rate=25199bps elapsed=12069.5s
2026-05-16T19:48:31.222Z THROUGHPUT bytes=304402432 rate=25199bps elapsed=12079.5s
2026-05-16T19:48:41.277Z THROUGHPUT bytes=304658432 rate=25200bps elapsed=12089.6s
2026-05-16T19:48:51.317Z THROUGHPUT bytes=304910336 rate=25199bps elapsed=12099.6s
2026-05-16T19:49:01.377Z THROUGHPUT bytes=305162240 rate=25199bps elapsed=12109.7s
2026-05-16T19:49:11.451Z THROUGHPUT bytes=305416192 rate=25199bps elapsed=12119.8s
2026-05-16T19:49:21.586Z THROUGHPUT bytes=305672192 rate=25199bps elapsed=12129.9s
2026-05-16T19:49:31.690Z THROUGHPUT bytes=305926144 rate=25199bps elapsed=12140.0s
2026-05-16T19:49:41.768Z THROUGHPUT bytes=306180096 rate=25199bps elapsed=12150.1s
2026-05-16T19:49:51.796Z THROUGHPUT bytes=306434048 rate=25199bps elapsed=12160.1s
2026-05-16T19:50:01.828Z THROUGHPUT bytes=306685952 rate=25199bps elapsed=12170.1s
2026-05-16T19:50:11.837Z THROUGHPUT bytes=306937856 rate=25199bps elapsed=12180.1s
2026-05-16T19:50:21.890Z THROUGHPUT bytes=307193856 rate=25200bps elapsed=12190.2s
2026-05-16T19:50:31.986Z THROUGHPUT bytes=307445760 rate=25199bps elapsed=12200.3s
2026-05-16T19:50:42.132Z THROUGHPUT bytes=307701760 rate=25199bps elapsed=12210.4s
2026-05-16T19:50:52.153Z THROUGHPUT bytes=307955712 rate=25200bps elapsed=12220.5s
2026-05-16T19:51:02.228Z THROUGHPUT bytes=308207616 rate=25199bps elapsed=12230.5s
2026-05-16T19:51:12.298Z THROUGHPUT bytes=308461568 rate=25199bps elapsed=12240.6s
2026-05-16T19:51:22.412Z THROUGHPUT bytes=308717568 rate=25199bps elapsed=12250.7s
2026-05-16T19:51:32.447Z THROUGHPUT bytes=308969472 rate=25199bps elapsed=12260.7s
2026-05-16T19:51:42.464Z THROUGHPUT bytes=309223424 rate=25200bps elapsed=12270.8s
2026-05-16T19:51:52.606Z THROUGHPUT bytes=309477376 rate=25199bps elapsed=12280.9s
2026-05-16T19:52:02.610Z THROUGHPUT bytes=309729280 rate=25199bps elapsed=12290.9s
2026-05-16T19:52:12.685Z THROUGHPUT bytes=309985280 rate=25200bps elapsed=12301.0s
2026-05-16T19:52:22.798Z THROUGHPUT bytes=310239232 rate=25199bps elapsed=12311.1s
2026-05-16T19:52:32.917Z THROUGHPUT bytes=310493184 rate=25199bps elapsed=12321.2s
2026-05-16T19:52:42.965Z THROUGHPUT bytes=310747136 rate=25199bps elapsed=12331.3s
2026-05-16T19:52:53.080Z THROUGHPUT bytes=311001088 rate=25199bps elapsed=12341.4s
2026-05-16T19:53:03.154Z THROUGHPUT bytes=311255040 rate=25199bps elapsed=12351.5s
2026-05-16T19:53:13.320Z THROUGHPUT bytes=311511040 rate=25199bps elapsed=12361.6s
2026-05-16T19:53:23.391Z THROUGHPUT bytes=311764992 rate=25199bps elapsed=12371.7s
2026-05-16T19:53:33.421Z THROUGHPUT bytes=312018944 rate=25199bps elapsed=12381.7s
2026-05-16T19:53:43.431Z THROUGHPUT bytes=312270848 rate=25199bps elapsed=12391.7s
2026-05-16T19:53:53.544Z THROUGHPUT bytes=312524800 rate=25199bps elapsed=12401.8s
2026-05-16T19:54:03.621Z THROUGHPUT bytes=312778752 rate=25199bps elapsed=12411.9s
2026-05-16T19:54:13.785Z THROUGHPUT bytes=313034752 rate=25199bps elapsed=12422.1s
2026-05-16T19:54:23.927Z THROUGHPUT bytes=313290752 rate=25199bps elapsed=12432.2s
2026-05-16T19:54:34.073Z THROUGHPUT bytes=313546752 rate=25199bps elapsed=12442.4s
2026-05-16T19:54:44.141Z THROUGHPUT bytes=313800704 rate=25199bps elapsed=12452.4s
2026-05-16T19:54:54.163Z THROUGHPUT bytes=314052608 rate=25199bps elapsed=12462.5s
2026-05-16T19:55:04.176Z THROUGHPUT bytes=314306560 rate=25200bps elapsed=12472.5s
2026-05-16T19:55:14.273Z THROUGHPUT bytes=314560512 rate=25199bps elapsed=12482.6s
2026-05-16T19:55:24.329Z THROUGHPUT bytes=314812416 rate=25199bps elapsed=12492.6s
2026-05-16T19:55:34.405Z THROUGHPUT bytes=315066368 rate=25199bps elapsed=12502.7s
2026-05-16T19:55:44.473Z THROUGHPUT bytes=315320320 rate=25199bps elapsed=12512.8s
2026-05-16T19:55:54.502Z THROUGHPUT bytes=315574272 rate=25199bps elapsed=12522.8s
2026-05-16T19:56:04.556Z THROUGHPUT bytes=315826176 rate=25199bps elapsed=12532.8s
2026-05-16T19:56:14.635Z THROUGHPUT bytes=316082176 rate=25200bps elapsed=12542.9s
2026-05-16T19:56:24.760Z THROUGHPUT bytes=316336128 rate=25199bps elapsed=12553.1s
2026-05-16T19:56:34.771Z THROUGHPUT bytes=316588032 rate=25199bps elapsed=12563.1s
2026-05-16T19:56:44.774Z THROUGHPUT bytes=316839936 rate=25199bps elapsed=12573.1s
2026-05-16T19:56:54.777Z THROUGHPUT bytes=317091840 rate=25199bps elapsed=12583.1s
2026-05-16T19:57:04.940Z THROUGHPUT bytes=317347840 rate=25199bps elapsed=12593.2s
2026-05-16T19:57:14.995Z THROUGHPUT bytes=317601792 rate=25199bps elapsed=12603.3s
2026-05-16T19:57:25.100Z THROUGHPUT bytes=317855744 rate=25199bps elapsed=12613.4s
2026-05-16T19:57:35.256Z THROUGHPUT bytes=318111744 rate=25199bps elapsed=12623.5s
2026-05-16T19:57:45.273Z THROUGHPUT bytes=318367744 rate=25200bps elapsed=12633.6s
2026-05-16T19:57:55.407Z THROUGHPUT bytes=318619648 rate=25199bps elapsed=12643.7s
2026-05-16T19:58:05.464Z THROUGHPUT bytes=318873600 rate=25199bps elapsed=12653.8s
2026-05-16T19:58:15.488Z THROUGHPUT bytes=319125504 rate=25199bps elapsed=12663.8s
2026-05-16T19:58:25.639Z THROUGHPUT bytes=319381504 rate=25199bps elapsed=12673.9s
2026-05-16T19:58:35.715Z THROUGHPUT bytes=319635456 rate=25199bps elapsed=12684.0s
2026-05-16T19:58:45.721Z THROUGHPUT bytes=319887360 rate=25199bps elapsed=12694.0s
2026-05-16T19:58:55.869Z THROUGHPUT bytes=320143360 rate=25199bps elapsed=12704.2s
2026-05-16T19:59:06.029Z THROUGHPUT bytes=320399360 rate=25199bps elapsed=12714.3s
2026-05-16T19:59:16.105Z THROUGHPUT bytes=320653312 rate=25199bps elapsed=12724.4s
2026-05-16T19:59:26.257Z THROUGHPUT bytes=320909312 rate=25199bps elapsed=12734.5s
2026-05-16T19:59:36.408Z THROUGHPUT bytes=321165312 rate=25199bps elapsed=12744.7s
2026-05-16T19:59:46.504Z THROUGHPUT bytes=321421312 rate=25200bps elapsed=12754.8s
2026-05-16T19:59:56.522Z THROUGHPUT bytes=321673216 rate=25200bps elapsed=12764.8s
2026-05-16T20:00:06.550Z THROUGHPUT bytes=321927168 rate=25200bps elapsed=12774.8s
2026-05-16T20:00:16.654Z THROUGHPUT bytes=322179072 rate=25199bps elapsed=12784.9s
2026-05-16T20:00:26.740Z THROUGHPUT bytes=322433024 rate=25199bps elapsed=12795.0s
2026-05-16T20:00:36.820Z THROUGHPUT bytes=322686976 rate=25199bps elapsed=12805.1s
2026-05-16T20:00:46.897Z THROUGHPUT bytes=322940928 rate=25199bps elapsed=12815.2s
2026-05-16T20:00:57.044Z THROUGHPUT bytes=323196928 rate=25199bps elapsed=12825.3s
2026-05-16T20:01:07.113Z THROUGHPUT bytes=323450880 rate=25199bps elapsed=12835.4s
2026-05-16T20:01:17.290Z THROUGHPUT bytes=323706880 rate=25199bps elapsed=12845.6s
2026-05-16T20:01:27.442Z THROUGHPUT bytes=323962880 rate=25199bps elapsed=12855.7s
2026-05-16T20:01:37.447Z THROUGHPUT bytes=324214784 rate=25199bps elapsed=12865.7s
2026-05-16T20:01:47.605Z THROUGHPUT bytes=324470784 rate=25199bps elapsed=12875.9s
2026-05-16T20:01:57.673Z THROUGHPUT bytes=324724736 rate=25199bps elapsed=12886.0s
2026-05-16T20:02:07.738Z THROUGHPUT bytes=324978688 rate=25199bps elapsed=12896.0s
2026-05-16T20:02:17.839Z THROUGHPUT bytes=325232640 rate=25199bps elapsed=12906.1s
2026-05-16T20:02:27.917Z THROUGHPUT bytes=325486592 rate=25199bps elapsed=12916.2s
2026-05-16T20:02:38.056Z THROUGHPUT bytes=325742592 rate=25199bps elapsed=12926.3s
2026-05-16T20:02:48.070Z THROUGHPUT bytes=325994496 rate=25199bps elapsed=12936.4s
2026-05-16T20:02:58.221Z THROUGHPUT bytes=326250496 rate=25199bps elapsed=12946.5s
2026-05-16T20:03:08.271Z THROUGHPUT bytes=326504448 rate=25199bps elapsed=12956.6s
2026-05-16T20:03:18.304Z THROUGHPUT bytes=326756352 rate=25199bps elapsed=12966.6s
2026-05-16T20:03:28.435Z THROUGHPUT bytes=327012352 rate=25199bps elapsed=12976.7s
2026-05-16T20:03:38.538Z THROUGHPUT bytes=327266304 rate=25199bps elapsed=12986.8s
2026-05-16T20:03:48.574Z THROUGHPUT bytes=327520256 rate=25199bps elapsed=12996.8s
2026-05-16T20:03:58.591Z THROUGHPUT bytes=327774208 rate=25200bps elapsed=13006.8s
2026-05-16T20:04:08.697Z THROUGHPUT bytes=328026112 rate=25199bps elapsed=13017.0s
2026-05-16T20:04:18.771Z THROUGHPUT bytes=328280064 rate=25199bps elapsed=13027.0s
2026-05-16T20:04:28.795Z THROUGHPUT bytes=328534016 rate=25200bps elapsed=13037.0s
2026-05-16T20:04:38.858Z THROUGHPUT bytes=328785920 rate=25199bps elapsed=13047.1s
2026-05-16T20:04:48.883Z THROUGHPUT bytes=329039872 rate=25200bps elapsed=13057.1s
2026-05-16T20:04:59.009Z THROUGHPUT bytes=329293824 rate=25199bps elapsed=13067.3s
2026-05-16T20:05:09.061Z THROUGHPUT bytes=329547776 rate=25199bps elapsed=13077.3s
2026-05-16T20:05:19.102Z THROUGHPUT bytes=329799680 rate=25199bps elapsed=13087.3s
2026-05-16T20:05:29.141Z THROUGHPUT bytes=330053632 rate=25199bps elapsed=13097.4s
2026-05-16T20:05:39.249Z THROUGHPUT bytes=330307584 rate=25199bps elapsed=13107.5s
2026-05-16T20:05:49.295Z THROUGHPUT bytes=330563584 rate=25200bps elapsed=13117.5s
2026-05-16T20:05:59.400Z THROUGHPUT bytes=330815488 rate=25199bps elapsed=13127.6s
2026-05-16T20:06:09.416Z THROUGHPUT bytes=331067392 rate=25199bps elapsed=13137.7s
2026-05-16T20:06:19.480Z THROUGHPUT bytes=331321344 rate=25199bps elapsed=13147.7s
2026-05-16T20:06:29.513Z THROUGHPUT bytes=331575296 rate=25199bps elapsed=13157.8s
2026-05-16T20:06:39.569Z THROUGHPUT bytes=331827200 rate=25199bps elapsed=13167.8s
2026-05-16T20:06:49.614Z THROUGHPUT bytes=332081152 rate=25199bps elapsed=13177.9s
2026-05-16T20:06:59.660Z THROUGHPUT bytes=332335104 rate=25199bps elapsed=13187.9s
2026-05-16T20:07:09.800Z THROUGHPUT bytes=332589056 rate=25199bps elapsed=13198.0s
2026-05-16T20:07:19.915Z THROUGHPUT bytes=332845056 rate=25199bps elapsed=13208.2s
2026-05-16T20:07:30.028Z THROUGHPUT bytes=333099008 rate=25199bps elapsed=13218.3s
2026-05-16T20:07:40.085Z THROUGHPUT bytes=333352960 rate=25199bps elapsed=13228.3s
2026-05-16T20:07:50.162Z THROUGHPUT bytes=333606912 rate=25199bps elapsed=13238.4s
2026-05-16T20:08:00.246Z THROUGHPUT bytes=333860864 rate=25199bps elapsed=13248.5s
2026-05-16T20:08:10.267Z THROUGHPUT bytes=334112768 rate=25199bps elapsed=13258.5s
2026-05-16T20:08:20.398Z THROUGHPUT bytes=334368768 rate=25199bps elapsed=13268.6s
2026-05-16T20:08:30.418Z THROUGHPUT bytes=334620672 rate=25199bps elapsed=13278.7s
2026-05-16T20:08:40.492Z THROUGHPUT bytes=334876672 rate=25200bps elapsed=13288.7s
2026-05-16T20:08:50.518Z THROUGHPUT bytes=335128576 rate=25199bps elapsed=13298.8s
2026-05-16T20:09:00.552Z THROUGHPUT bytes=335380480 rate=25199bps elapsed=13308.8s
2026-05-16T20:09:10.581Z THROUGHPUT bytes=335634432 rate=25200bps elapsed=13318.8s
2026-05-16T20:09:20.647Z THROUGHPUT bytes=335886336 rate=25199bps elapsed=13328.9s
2026-05-16T20:09:30.648Z THROUGHPUT bytes=336138240 rate=25199bps elapsed=13338.9s
2026-05-16T20:09:40.806Z THROUGHPUT bytes=336394240 rate=25199bps elapsed=13349.0s
2026-05-16T20:09:50.880Z THROUGHPUT bytes=336648192 rate=25199bps elapsed=13359.1s
2026-05-16T20:10:00.938Z THROUGHPUT bytes=336902144 rate=25199bps elapsed=13369.2s
2026-05-16T20:10:11.040Z THROUGHPUT bytes=337156096 rate=25199bps elapsed=13379.3s
2026-05-16T20:10:21.166Z THROUGHPUT bytes=337412096 rate=25199bps elapsed=13389.4s
2026-05-16T20:10:31.277Z THROUGHPUT bytes=337666048 rate=25199bps elapsed=13399.5s
2026-05-16T20:10:41.280Z THROUGHPUT bytes=337920000 rate=25200bps elapsed=13409.5s
2026-05-16T20:10:51.296Z THROUGHPUT bytes=338173952 rate=25200bps elapsed=13419.5s
2026-05-16T20:11:01.411Z THROUGHPUT bytes=338425856 rate=25199bps elapsed=13429.6s
2026-05-16T20:11:11.502Z THROUGHPUT bytes=338679808 rate=25199bps elapsed=13439.7s
2026-05-16T20:11:21.535Z THROUGHPUT bytes=338933760 rate=25199bps elapsed=13449.8s
2026-05-16T20:11:31.552Z THROUGHPUT bytes=339185664 rate=25199bps elapsed=13459.8s
2026-05-16T20:11:41.678Z THROUGHPUT bytes=339441664 rate=25199bps elapsed=13469.9s
2026-05-16T20:11:51.813Z THROUGHPUT bytes=339695616 rate=25199bps elapsed=13480.0s
2026-05-16T20:12:01.813Z THROUGHPUT bytes=339947520 rate=25199bps elapsed=13490.0s
2026-05-16T20:12:11.869Z THROUGHPUT bytes=340201472 rate=25199bps elapsed=13500.1s
2026-05-16T20:12:22.045Z THROUGHPUT bytes=340457472 rate=25199bps elapsed=13510.3s
2026-05-16T20:12:32.060Z THROUGHPUT bytes=340711424 rate=25200bps elapsed=13520.3s
2026-05-16T20:12:42.124Z THROUGHPUT bytes=340963328 rate=25199bps elapsed=13530.4s
2026-05-16T20:12:52.181Z THROUGHPUT bytes=341217280 rate=25199bps elapsed=13540.4s
2026-05-16T20:13:02.279Z THROUGHPUT bytes=341471232 rate=25199bps elapsed=13550.5s
2026-05-16T20:13:12.432Z THROUGHPUT bytes=341727232 rate=25199bps elapsed=13560.7s
2026-05-16T20:13:22.591Z THROUGHPUT bytes=341983232 rate=25199bps elapsed=13570.8s
2026-05-16T20:13:32.592Z THROUGHPUT bytes=342235136 rate=25199bps elapsed=13580.8s
2026-05-16T20:13:42.754Z THROUGHPUT bytes=342491136 rate=25199bps elapsed=13591.0s
2026-05-16T20:13:52.806Z THROUGHPUT bytes=342745088 rate=25199bps elapsed=13601.0s
2026-05-16T20:14:02.987Z THROUGHPUT bytes=343001088 rate=25199bps elapsed=13611.2s
2026-05-16T20:14:13.051Z THROUGHPUT bytes=343257088 rate=25200bps elapsed=13621.3s
2026-05-16T20:14:23.059Z THROUGHPUT bytes=343506944 rate=25199bps elapsed=13631.3s
2026-05-16T20:14:33.220Z THROUGHPUT bytes=343762944 rate=25199bps elapsed=13641.5s
2026-05-16T20:14:43.367Z THROUGHPUT bytes=344018944 rate=25199bps elapsed=13651.6s
2026-05-16T20:14:53.492Z THROUGHPUT bytes=344274944 rate=25199bps elapsed=13661.7s
2026-05-16T20:15:03.517Z THROUGHPUT bytes=344526848 rate=25199bps elapsed=13671.7s
2026-05-16T20:15:13.533Z THROUGHPUT bytes=344778752 rate=25199bps elapsed=13681.8s
2026-05-16T20:15:23.609Z THROUGHPUT bytes=345032704 rate=25199bps elapsed=13691.8s
2026-05-16T20:15:33.749Z THROUGHPUT bytes=345288704 rate=25199bps elapsed=13702.0s
2026-05-16T20:15:43.760Z THROUGHPUT bytes=345540608 rate=25199bps elapsed=13712.0s
2026-05-16T20:15:53.844Z THROUGHPUT bytes=345794560 rate=25199bps elapsed=13722.1s
2026-05-16T20:16:03.914Z THROUGHPUT bytes=346048512 rate=25199bps elapsed=13732.1s
2026-05-16T20:16:14.065Z THROUGHPUT bytes=346304512 rate=25199bps elapsed=13742.3s
2026-05-16T20:16:24.077Z THROUGHPUT bytes=346556416 rate=25199bps elapsed=13752.3s
2026-05-16T20:16:34.218Z THROUGHPUT bytes=346812416 rate=25199bps elapsed=13762.4s
2026-05-16T20:16:44.297Z THROUGHPUT bytes=347068416 rate=25200bps elapsed=13772.5s
2026-05-16T20:16:54.369Z THROUGHPUT bytes=347320320 rate=25199bps elapsed=13782.6s
2026-05-16T20:17:04.462Z THROUGHPUT bytes=347574272 rate=25199bps elapsed=13792.7s
2026-05-16T20:17:14.476Z THROUGHPUT bytes=347828224 rate=25200bps elapsed=13802.7s
2026-05-16T20:17:24.538Z THROUGHPUT bytes=348080128 rate=25199bps elapsed=13812.8s
2026-05-16T20:17:34.620Z THROUGHPUT bytes=348334080 rate=25199bps elapsed=13822.8s
2026-05-16T20:17:44.764Z THROUGHPUT bytes=348590080 rate=25199bps elapsed=13833.0s
2026-05-16T20:17:54.839Z THROUGHPUT bytes=348844032 rate=25199bps elapsed=13843.1s
2026-05-16T20:18:04.974Z THROUGHPUT bytes=349100032 rate=25199bps elapsed=13853.2s
2026-05-16T20:18:15.005Z THROUGHPUT bytes=349351936 rate=25199bps elapsed=13863.2s
2026-05-16T20:18:25.075Z THROUGHPUT bytes=349605888 rate=25199bps elapsed=13873.3s
2026-05-16T20:18:35.130Z THROUGHPUT bytes=349859840 rate=25199bps elapsed=13883.4s
2026-05-16T20:18:45.322Z THROUGHPUT bytes=350115840 rate=25199bps elapsed=13893.5s
2026-05-16T20:18:55.345Z THROUGHPUT bytes=350371840 rate=25200bps elapsed=13903.6s
2026-05-16T20:19:05.387Z THROUGHPUT bytes=350623744 rate=25200bps elapsed=13913.6s
2026-05-16T20:19:15.388Z THROUGHPUT bytes=350873600 rate=25199bps elapsed=13923.6s
2026-05-16T20:19:25.560Z THROUGHPUT bytes=351129600 rate=25199bps elapsed=13933.8s
2026-05-16T20:19:35.597Z THROUGHPUT bytes=351383552 rate=25199bps elapsed=13943.8s
2026-05-16T20:19:45.717Z THROUGHPUT bytes=351637504 rate=25199bps elapsed=13953.9s
2026-05-16T20:19:55.777Z THROUGHPUT bytes=351891456 rate=25199bps elapsed=13964.0s
2026-05-16T20:20:05.788Z THROUGHPUT bytes=352143360 rate=25199bps elapsed=13974.0s
2026-05-16T20:20:15.861Z THROUGHPUT bytes=352397312 rate=25199bps elapsed=13984.1s
2026-05-16T20:20:25.928Z THROUGHPUT bytes=352651264 rate=25199bps elapsed=13994.1s
2026-05-16T20:20:36.019Z THROUGHPUT bytes=352905216 rate=25199bps elapsed=14004.2s
2026-05-16T20:20:46.100Z THROUGHPUT bytes=353159168 rate=25199bps elapsed=14014.3s
2026-05-16T20:20:56.253Z THROUGHPUT bytes=353415168 rate=25199bps elapsed=14024.5s
2026-05-16T20:21:06.253Z THROUGHPUT bytes=353669120 rate=25200bps elapsed=14034.5s
2026-05-16T20:21:16.268Z THROUGHPUT bytes=353921024 rate=25199bps elapsed=14044.5s
2026-05-16T20:21:26.413Z THROUGHPUT bytes=354174976 rate=25199bps elapsed=14054.6s
2026-05-16T20:21:36.437Z THROUGHPUT bytes=354428928 rate=25199bps elapsed=14064.7s
2026-05-16T20:21:46.441Z THROUGHPUT bytes=354680832 rate=25199bps elapsed=14074.7s
2026-05-16T20:21:56.481Z THROUGHPUT bytes=354932736 rate=25199bps elapsed=14084.7s
2026-05-16T20:22:06.551Z THROUGHPUT bytes=355186688 rate=25199bps elapsed=14094.8s
2026-05-16T20:22:16.718Z THROUGHPUT bytes=355442688 rate=25199bps elapsed=14104.9s
2026-05-16T20:22:26.786Z THROUGHPUT bytes=355696640 rate=25199bps elapsed=14115.0s
2026-05-16T20:22:36.793Z THROUGHPUT bytes=355948544 rate=25199bps elapsed=14125.0s
2026-05-16T20:22:46.830Z THROUGHPUT bytes=356202496 rate=25199bps elapsed=14135.1s
2026-05-16T20:22:56.836Z THROUGHPUT bytes=356454400 rate=25199bps elapsed=14145.1s
2026-05-16T20:23:06.916Z THROUGHPUT bytes=356708352 rate=25199bps elapsed=14155.1s
2026-05-16T20:23:16.989Z THROUGHPUT bytes=356964352 rate=25200bps elapsed=14165.2s
2026-05-16T20:23:27.094Z THROUGHPUT bytes=357218304 rate=25200bps elapsed=14175.3s
2026-05-16T20:23:37.148Z THROUGHPUT bytes=357470208 rate=25199bps elapsed=14185.4s
2026-05-16T20:23:47.316Z THROUGHPUT bytes=357726208 rate=25199bps elapsed=14195.6s
2026-05-16T20:23:57.387Z THROUGHPUT bytes=357980160 rate=25199bps elapsed=14205.6s
2026-05-16T20:24:07.474Z THROUGHPUT bytes=358234112 rate=25199bps elapsed=14215.7s
2026-05-16T20:24:17.552Z THROUGHPUT bytes=358488064 rate=25199bps elapsed=14225.8s
2026-05-16T20:24:27.704Z THROUGHPUT bytes=358744064 rate=25199bps elapsed=14235.9s
2026-05-16T20:24:37.865Z THROUGHPUT bytes=359000064 rate=25199bps elapsed=14246.1s
2026-05-16T20:24:47.948Z THROUGHPUT bytes=359256064 rate=25200bps elapsed=14256.2s
2026-05-16T20:24:58.103Z THROUGHPUT bytes=359510016 rate=25199bps elapsed=14266.3s
2026-05-16T20:25:08.121Z THROUGHPUT bytes=359763968 rate=25199bps elapsed=14276.4s
2026-05-16T20:25:18.133Z THROUGHPUT bytes=360015872 rate=25199bps elapsed=14286.4s
2026-05-16T20:25:28.285Z THROUGHPUT bytes=360269824 rate=25199bps elapsed=14296.4s
2026-05-16T20:25:38.330Z THROUGHPUT bytes=360523776 rate=25199bps elapsed=14306.6s
2026-05-16T20:25:48.399Z THROUGHPUT bytes=360777728 rate=25199bps elapsed=14316.6s
2026-05-16T20:25:58.409Z THROUGHPUT bytes=361029632 rate=25199bps elapsed=14326.6s
2026-05-16T20:26:08.468Z THROUGHPUT bytes=361285632 rate=25200bps elapsed=14336.7s
2026-05-16T20:26:18.640Z THROUGHPUT bytes=361539584 rate=25199bps elapsed=14346.9s
2026-05-16T20:26:28.796Z THROUGHPUT bytes=361795584 rate=25199bps elapsed=14357.0s
2026-05-16T20:26:38.828Z THROUGHPUT bytes=362051584 rate=25200bps elapsed=14367.1s
2026-05-16T20:26:48.957Z THROUGHPUT bytes=362303488 rate=25199bps elapsed=14377.2s
2026-05-16T20:26:59.037Z THROUGHPUT bytes=362557440 rate=25199bps elapsed=14387.3s
2026-05-16T20:27:09.129Z THROUGHPUT bytes=362813440 rate=25199bps elapsed=14397.4s
2026-05-16T20:27:19.234Z THROUGHPUT bytes=363067392 rate=25199bps elapsed=14407.5s
2026-05-16T20:27:29.430Z THROUGHPUT bytes=363323392 rate=25199bps elapsed=14417.7s
2026-05-16T20:27:39.589Z THROUGHPUT bytes=363579392 rate=25199bps elapsed=14427.8s
2026-05-16T20:27:49.664Z THROUGHPUT bytes=363833344 rate=25199bps elapsed=14437.9s
2026-05-16T20:27:59.696Z THROUGHPUT bytes=364087296 rate=25199bps elapsed=14447.9s
2026-05-16T20:28:09.819Z THROUGHPUT bytes=364341248 rate=25199bps elapsed=14458.0s
2026-05-16T20:28:19.898Z THROUGHPUT bytes=364595200 rate=25199bps elapsed=14468.1s
2026-05-16T20:28:29.979Z THROUGHPUT bytes=364849152 rate=25199bps elapsed=14478.2s
2026-05-16T20:28:40.138Z THROUGHPUT bytes=365105152 rate=25199bps elapsed=14488.4s
2026-05-16T20:28:50.172Z THROUGHPUT bytes=365359104 rate=25199bps elapsed=14498.4s
2026-05-16T20:29:00.209Z THROUGHPUT bytes=365611008 rate=25199bps elapsed=14508.4s
2026-05-16T20:29:10.261Z THROUGHPUT bytes=365864960 rate=25199bps elapsed=14518.5s
2026-05-16T20:29:20.414Z THROUGHPUT bytes=366120960 rate=25199bps elapsed=14528.6s
2026-05-16T20:29:30.526Z THROUGHPUT bytes=366374912 rate=25199bps elapsed=14538.8s
2026-05-16T20:29:40.656Z THROUGHPUT bytes=366630912 rate=25199bps elapsed=14548.9s
2026-05-16T20:29:50.760Z THROUGHPUT bytes=366884864 rate=25199bps elapsed=14559.0s
2026-05-16T20:30:00.821Z THROUGHPUT bytes=367138816 rate=25199bps elapsed=14569.0s
2026-05-16T20:30:10.836Z THROUGHPUT bytes=367392768 rate=25200bps elapsed=14579.1s
2026-05-16T20:30:20.990Z THROUGHPUT bytes=367646720 rate=25199bps elapsed=14589.2s
2026-05-16T20:30:31.121Z THROUGHPUT bytes=367902720 rate=25199bps elapsed=14599.3s
2026-05-16T20:30:41.137Z THROUGHPUT bytes=368154624 rate=25199bps elapsed=14609.4s
2026-05-16T20:30:51.310Z THROUGHPUT bytes=368410624 rate=25199bps elapsed=14619.5s
2026-05-16T20:31:01.462Z THROUGHPUT bytes=368666624 rate=25199bps elapsed=14629.7s
2026-05-16T20:31:11.481Z THROUGHPUT bytes=368922624 rate=25200bps elapsed=14639.7s
2026-05-16T20:31:21.588Z THROUGHPUT bytes=369174528 rate=25199bps elapsed=14649.8s
2026-05-16T20:31:31.602Z THROUGHPUT bytes=369426432 rate=25199bps elapsed=14659.8s
2026-05-16T20:31:41.612Z THROUGHPUT bytes=369678336 rate=25199bps elapsed=14669.8s
2026-05-16T20:31:51.684Z THROUGHPUT bytes=369932288 rate=25199bps elapsed=14679.9s
2026-05-16T20:32:01.702Z THROUGHPUT bytes=370186240 rate=25200bps elapsed=14689.9s
2026-05-16T20:32:11.838Z THROUGHPUT bytes=370440192 rate=25199bps elapsed=14700.1s
2026-05-16T20:32:21.845Z THROUGHPUT bytes=370692096 rate=25199bps elapsed=14710.1s
2026-05-16T20:32:31.924Z THROUGHPUT bytes=370946048 rate=25199bps elapsed=14720.1s
2026-05-16T20:32:41.939Z THROUGHPUT bytes=371202048 rate=25200bps elapsed=14730.2s
2026-05-16T20:32:52.074Z THROUGHPUT bytes=371453952 rate=25199bps elapsed=14740.3s
2026-05-16T20:33:02.122Z THROUGHPUT bytes=371707904 rate=25199bps elapsed=14750.3s
2026-05-16T20:33:12.199Z THROUGHPUT bytes=371963904 rate=25200bps elapsed=14760.4s
2026-05-16T20:33:22.297Z THROUGHPUT bytes=372215808 rate=25199bps elapsed=14770.5s
2026-05-16T20:33:32.410Z THROUGHPUT bytes=372469760 rate=25199bps elapsed=14780.6s
2026-05-16T20:33:42.465Z THROUGHPUT bytes=372723712 rate=25199bps elapsed=14790.7s
2026-05-16T20:33:52.543Z THROUGHPUT bytes=372977664 rate=25199bps elapsed=14800.8s
2026-05-16T20:34:02.581Z THROUGHPUT bytes=373231616 rate=25199bps elapsed=14810.8s
2026-05-16T20:34:12.584Z THROUGHPUT bytes=373483520 rate=25199bps elapsed=14820.8s
2026-05-16T20:34:22.665Z THROUGHPUT bytes=373737472 rate=25199bps elapsed=14830.9s
2026-05-16T20:34:32.767Z THROUGHPUT bytes=373991424 rate=25199bps elapsed=14841.0s
2026-05-16T20:34:42.839Z THROUGHPUT bytes=374247424 rate=25200bps elapsed=14851.1s
2026-05-16T20:34:52.924Z THROUGHPUT bytes=374499328 rate=25199bps elapsed=14861.1s
2026-05-16T20:35:03.079Z THROUGHPUT bytes=374755328 rate=25199bps elapsed=14871.3s
2026-05-16T20:35:13.083Z THROUGHPUT bytes=375007232 rate=25199bps elapsed=14881.3s
2026-05-16T20:35:23.158Z THROUGHPUT bytes=375261184 rate=25199bps elapsed=14891.4s
2026-05-16T20:35:33.208Z THROUGHPUT bytes=375515136 rate=25199bps elapsed=14901.4s
2026-05-16T20:35:43.230Z THROUGHPUT bytes=375767040 rate=25199bps elapsed=14911.5s
2026-05-16T20:35:53.232Z THROUGHPUT bytes=376018944 rate=25199bps elapsed=14921.5s
2026-05-16T20:36:03.375Z THROUGHPUT bytes=376274944 rate=25199bps elapsed=14931.6s
2026-05-16T20:36:13.470Z THROUGHPUT bytes=376528896 rate=25199bps elapsed=14941.7s
2026-05-16T20:36:23.571Z THROUGHPUT bytes=376784896 rate=25199bps elapsed=14951.8s
2026-05-16T20:36:33.603Z THROUGHPUT bytes=377036800 rate=25199bps elapsed=14961.8s
2026-05-16T20:36:43.616Z THROUGHPUT bytes=377288704 rate=25199bps elapsed=14971.8s
2026-05-16T20:36:53.778Z THROUGHPUT bytes=377544704 rate=25199bps elapsed=14982.0s
2026-05-16T20:37:03.841Z THROUGHPUT bytes=377798656 rate=25199bps elapsed=14992.1s
2026-05-16T20:37:13.931Z THROUGHPUT bytes=378052608 rate=25199bps elapsed=15002.1s
2026-05-16T20:37:24.003Z THROUGHPUT bytes=378306560 rate=25199bps elapsed=15012.2s
2026-05-16T20:37:34.041Z THROUGHPUT bytes=378560512 rate=25199bps elapsed=15022.3s
2026-05-16T20:37:44.106Z THROUGHPUT bytes=378814464 rate=25199bps elapsed=15032.3s
2026-05-16T20:37:54.326Z THROUGHPUT bytes=379070464 rate=25199bps elapsed=15042.5s
2026-05-16T20:38:04.467Z THROUGHPUT bytes=379326464 rate=25199bps elapsed=15052.7s
2026-05-16T20:38:14.527Z THROUGHPUT bytes=379580416 rate=25199bps elapsed=15062.7s
2026-05-16T20:38:24.558Z THROUGHPUT bytes=379832320 rate=25199bps elapsed=15072.8s
2026-05-16T20:38:34.660Z THROUGHPUT bytes=380088320 rate=25199bps elapsed=15082.9s
2026-05-16T20:38:44.674Z THROUGHPUT bytes=380340224 rate=25199bps elapsed=15092.9s
2026-05-16T20:38:54.751Z THROUGHPUT bytes=380594176 rate=25199bps elapsed=15103.0s
2026-05-16T20:39:04.819Z THROUGHPUT bytes=380848128 rate=25199bps elapsed=15113.0s
2026-05-16T20:39:14.862Z THROUGHPUT bytes=381100032 rate=25199bps elapsed=15123.1s
2026-05-16T20:39:24.944Z THROUGHPUT bytes=381353984 rate=25199bps elapsed=15133.2s
2026-05-16T20:39:35.012Z THROUGHPUT bytes=381607936 rate=25199bps elapsed=15143.2s
2026-05-16T20:39:45.106Z THROUGHPUT bytes=381863936 rate=25200bps elapsed=15153.3s
2026-05-16T20:39:55.241Z THROUGHPUT bytes=382117888 rate=25199bps elapsed=15163.5s
2026-05-16T20:40:05.249Z THROUGHPUT bytes=382369792 rate=25199bps elapsed=15173.5s
2026-05-16T20:40:15.267Z THROUGHPUT bytes=382623744 rate=25199bps elapsed=15183.5s
2026-05-16T20:40:25.327Z THROUGHPUT bytes=382877696 rate=25200bps elapsed=15193.5s
2026-05-16T20:40:35.486Z THROUGHPUT bytes=383131648 rate=25199bps elapsed=15203.7s
2026-05-16T20:40:45.560Z THROUGHPUT bytes=383385600 rate=25199bps elapsed=15213.8s
2026-05-16T20:40:55.591Z THROUGHPUT bytes=383639552 rate=25199bps elapsed=15223.8s
2026-05-16T20:41:05.797Z THROUGHPUT bytes=383895552 rate=25199bps elapsed=15234.0s
2026-05-16T20:41:15.875Z THROUGHPUT bytes=384149504 rate=25199bps elapsed=15244.1s
2026-05-16T20:41:25.957Z THROUGHPUT bytes=384403456 rate=25199bps elapsed=15254.2s
2026-05-16T20:41:36.033Z THROUGHPUT bytes=384657408 rate=25199bps elapsed=15264.2s
2026-05-16T20:41:46.144Z THROUGHPUT bytes=384913408 rate=25199bps elapsed=15274.4s
2026-05-16T20:41:56.254Z THROUGHPUT bytes=385167360 rate=25199bps elapsed=15284.5s
2026-05-16T20:42:06.426Z THROUGHPUT bytes=385423360 rate=25199bps elapsed=15294.6s
2026-05-16T20:42:16.542Z THROUGHPUT bytes=385679360 rate=25199bps elapsed=15304.8s
2026-05-16T20:42:26.662Z THROUGHPUT bytes=385933312 rate=25199bps elapsed=15314.9s
2026-05-16T20:42:36.664Z THROUGHPUT bytes=386185216 rate=25199bps elapsed=15324.9s
2026-05-16T20:42:46.822Z THROUGHPUT bytes=386441216 rate=25199bps elapsed=15335.0s
2026-05-16T20:42:56.972Z THROUGHPUT bytes=386697216 rate=25199bps elapsed=15345.2s
2026-05-16T20:43:07.132Z THROUGHPUT bytes=386953216 rate=25199bps elapsed=15355.3s
2026-05-16T20:43:17.271Z THROUGHPUT bytes=387209216 rate=25199bps elapsed=15365.5s
2026-05-16T20:43:27.289Z THROUGHPUT bytes=387461120 rate=25199bps elapsed=15375.5s
2026-05-16T20:43:37.323Z THROUGHPUT bytes=387715072 rate=25199bps elapsed=15385.5s
2026-05-16T20:43:47.366Z THROUGHPUT bytes=387966976 rate=25199bps elapsed=15395.6s
2026-05-16T20:43:57.523Z THROUGHPUT bytes=388222976 rate=25199bps elapsed=15405.7s
2026-05-16T20:44:07.685Z THROUGHPUT bytes=388478976 rate=25199bps elapsed=15415.9s
2026-05-16T20:44:17.840Z THROUGHPUT bytes=388734976 rate=25199bps elapsed=15426.1s
2026-05-16T20:44:27.879Z THROUGHPUT bytes=388988928 rate=25199bps elapsed=15436.1s
2026-05-16T20:44:37.935Z THROUGHPUT bytes=389242880 rate=25199bps elapsed=15446.1s
2026-05-16T20:44:48.074Z THROUGHPUT bytes=389496832 rate=25199bps elapsed=15456.3s
2026-05-16T20:44:58.150Z THROUGHPUT bytes=389750784 rate=25199bps elapsed=15466.4s
2026-05-16T20:45:08.151Z THROUGHPUT bytes=390002688 rate=25199bps elapsed=15476.4s
2026-05-16T20:45:18.291Z THROUGHPUT bytes=390258688 rate=25199bps elapsed=15486.5s
2026-05-16T20:45:28.389Z THROUGHPUT bytes=390514688 rate=25200bps elapsed=15496.6s
2026-05-16T20:45:38.458Z THROUGHPUT bytes=390766592 rate=25199bps elapsed=15506.7s
2026-05-16T20:45:48.461Z THROUGHPUT bytes=391018496 rate=25199bps elapsed=15516.7s
2026-05-16T20:45:58.617Z THROUGHPUT bytes=391274496 rate=25199bps elapsed=15526.8s
2026-05-16T20:46:08.770Z THROUGHPUT bytes=391530496 rate=25199bps elapsed=15537.0s
2026-05-16T20:46:18.895Z THROUGHPUT bytes=391786496 rate=25199bps elapsed=15547.1s
2026-05-16T20:46:28.944Z THROUGHPUT bytes=392040448 rate=25200bps elapsed=15557.2s
2026-05-16T20:46:39.060Z THROUGHPUT bytes=392294400 rate=25199bps elapsed=15567.3s
2026-05-16T20:46:49.086Z THROUGHPUT bytes=392548352 rate=25200bps elapsed=15577.3s
2026-05-16T20:46:59.227Z THROUGHPUT bytes=392802304 rate=25199bps elapsed=15587.4s
2026-05-16T20:47:09.353Z THROUGHPUT bytes=393058304 rate=25199bps elapsed=15597.6s
2026-05-16T20:47:19.569Z THROUGHPUT bytes=393314304 rate=25199bps elapsed=15607.8s
2026-05-16T20:47:29.707Z THROUGHPUT bytes=393570304 rate=25199bps elapsed=15617.9s
2026-05-16T20:47:39.879Z THROUGHPUT bytes=393826304 rate=25199bps elapsed=15628.1s
2026-05-16T20:47:50.029Z THROUGHPUT bytes=394082304 rate=25199bps elapsed=15638.2s
2026-05-16T20:48:00.068Z THROUGHPUT bytes=394336256 rate=25199bps elapsed=15648.3s
2026-05-16T20:48:10.225Z THROUGHPUT bytes=394592256 rate=25199bps elapsed=15658.4s
2026-05-16T20:48:20.253Z THROUGHPUT bytes=394844160 rate=25199bps elapsed=15668.5s
2026-05-16T20:48:30.394Z THROUGHPUT bytes=395100160 rate=25199bps elapsed=15678.6s
2026-05-16T20:48:40.459Z THROUGHPUT bytes=395354112 rate=25199bps elapsed=15688.7s
2026-05-16T20:48:50.534Z THROUGHPUT bytes=395608064 rate=25199bps elapsed=15698.8s
2026-05-16T20:49:00.619Z THROUGHPUT bytes=395862016 rate=25199bps elapsed=15708.8s
2026-05-16T20:49:10.681Z THROUGHPUT bytes=396115968 rate=25199bps elapsed=15718.9s
2026-05-16T20:49:20.764Z THROUGHPUT bytes=396369920 rate=25199bps elapsed=15729.0s
2026-05-16T20:49:30.877Z THROUGHPUT bytes=396623872 rate=25199bps elapsed=15739.1s
2026-05-16T20:49:40.878Z THROUGHPUT bytes=396875776 rate=25199bps elapsed=15749.1s
2026-05-16T20:49:51.028Z THROUGHPUT bytes=397131776 rate=25199bps elapsed=15759.2s
2026-05-16T20:50:01.101Z THROUGHPUT bytes=397385728 rate=25199bps elapsed=15769.3s
2026-05-16T20:50:11.200Z THROUGHPUT bytes=397639680 rate=25199bps elapsed=15779.4s
2026-05-16T20:50:21.234Z THROUGHPUT bytes=397893632 rate=25199bps elapsed=15789.5s
2026-05-16T20:50:31.389Z THROUGHPUT bytes=398149632 rate=25199bps elapsed=15799.6s
2026-05-16T20:50:41.428Z THROUGHPUT bytes=398401536 rate=25199bps elapsed=15809.6s
2026-05-16T20:50:51.429Z THROUGHPUT bytes=398653440 rate=25199bps elapsed=15819.6s
2026-05-16T20:51:01.569Z THROUGHPUT bytes=398909440 rate=25199bps elapsed=15829.8s
2026-05-16T20:51:11.669Z THROUGHPUT bytes=399165440 rate=25200bps elapsed=15839.9s
2026-05-16T20:51:21.725Z THROUGHPUT bytes=399417344 rate=25199bps elapsed=15849.9s
2026-05-16T20:51:31.822Z THROUGHPUT bytes=399671296 rate=25199bps elapsed=15860.0s
2026-05-16T20:51:41.869Z THROUGHPUT bytes=399927296 rate=25200bps elapsed=15870.1s
2026-05-16T20:51:51.969Z THROUGHPUT bytes=400179200 rate=25199bps elapsed=15880.2s
2026-05-16T20:52:02.136Z THROUGHPUT bytes=400435200 rate=25199bps elapsed=15890.4s
2026-05-16T20:52:12.203Z THROUGHPUT bytes=400689152 rate=25199bps elapsed=15900.4s
2026-05-16T20:52:22.276Z THROUGHPUT bytes=400943104 rate=25199bps elapsed=15910.5s
2026-05-16T20:52:32.347Z THROUGHPUT bytes=401197056 rate=25199bps elapsed=15920.6s
2026-05-16T20:52:42.520Z THROUGHPUT bytes=401453056 rate=25199bps elapsed=15930.7s
2026-05-16T20:52:52.646Z THROUGHPUT bytes=401709056 rate=25199bps elapsed=15940.9s
2026-05-16T20:53:02.678Z THROUGHPUT bytes=401960960 rate=25199bps elapsed=15950.9s
2026-05-16T20:53:12.730Z THROUGHPUT bytes=402214912 rate=25199bps elapsed=15960.9s
2026-05-16T20:53:22.828Z THROUGHPUT bytes=402468864 rate=25199bps elapsed=15971.0s
2026-05-16T20:53:32.896Z THROUGHPUT bytes=402722816 rate=25199bps elapsed=15981.1s
2026-05-16T20:53:43.071Z THROUGHPUT bytes=402978816 rate=25199bps elapsed=15991.3s
2026-05-16T20:53:53.151Z THROUGHPUT bytes=403232768 rate=25199bps elapsed=16001.4s
2026-05-16T20:54:03.306Z THROUGHPUT bytes=403488768 rate=25199bps elapsed=16011.5s
2026-05-16T20:54:13.431Z THROUGHPUT bytes=403744768 rate=25199bps elapsed=16021.6s
2026-05-16T20:54:23.446Z THROUGHPUT bytes=403998720 rate=25200bps elapsed=16031.7s
2026-05-16T20:54:33.459Z THROUGHPUT bytes=404248576 rate=25199bps elapsed=16041.7s
2026-05-16T20:54:43.614Z THROUGHPUT bytes=404504576 rate=25199bps elapsed=16051.8s
2026-05-16T20:54:53.632Z THROUGHPUT bytes=404760576 rate=25200bps elapsed=16061.8s
2026-05-16T20:55:03.762Z THROUGHPUT bytes=405012480 rate=25199bps elapsed=16072.0s
2026-05-16T20:55:13.930Z THROUGHPUT bytes=405268480 rate=25199bps elapsed=16082.1s
2026-05-16T20:55:23.972Z THROUGHPUT bytes=405522432 rate=25199bps elapsed=16092.2s
2026-05-16T20:55:34.073Z THROUGHPUT bytes=405776384 rate=25199bps elapsed=16102.3s
2026-05-16T20:55:44.230Z THROUGHPUT bytes=406032384 rate=25199bps elapsed=16112.4s
2026-05-16T20:55:54.243Z THROUGHPUT bytes=406284288 rate=25199bps elapsed=16122.5s
2026-05-16T20:56:04.373Z THROUGHPUT bytes=406540288 rate=25199bps elapsed=16132.6s
2026-05-16T20:56:14.479Z THROUGHPUT bytes=406794240 rate=25199bps elapsed=16142.7s
2026-05-16T20:56:24.557Z THROUGHPUT bytes=407048192 rate=25199bps elapsed=16152.8s
2026-05-16T20:56:34.632Z THROUGHPUT bytes=407302144 rate=25199bps elapsed=16162.8s
2026-05-16T20:56:44.724Z THROUGHPUT bytes=407558144 rate=25200bps elapsed=16172.9s
2026-05-16T20:56:54.823Z THROUGHPUT bytes=407812096 rate=25199bps elapsed=16183.0s
2026-05-16T20:57:04.835Z THROUGHPUT bytes=408066048 rate=25200bps elapsed=16193.0s
2026-05-16T20:57:14.940Z THROUGHPUT bytes=408317952 rate=25199bps elapsed=16203.2s
2026-05-16T20:57:25.083Z THROUGHPUT bytes=408573952 rate=25199bps elapsed=16213.3s
2026-05-16T20:57:35.124Z THROUGHPUT bytes=408827904 rate=25199bps elapsed=16223.3s
2026-05-16T20:57:45.222Z THROUGHPUT bytes=409081856 rate=25199bps elapsed=16233.4s
2026-05-16T20:57:55.272Z THROUGHPUT bytes=409335808 rate=25199bps elapsed=16243.5s
2026-05-16T20:58:05.324Z THROUGHPUT bytes=409589760 rate=25200bps elapsed=16253.5s
2026-05-16T20:58:15.383Z THROUGHPUT bytes=409841664 rate=25199bps elapsed=16263.6s
2026-05-16T20:58:25.405Z THROUGHPUT bytes=410093568 rate=25199bps elapsed=16273.6s
2026-05-16T20:58:35.474Z THROUGHPUT bytes=410347520 rate=25199bps elapsed=16283.7s
2026-05-16T20:58:45.494Z THROUGHPUT bytes=410601472 rate=25200bps elapsed=16293.7s
2026-05-16T20:58:55.514Z THROUGHPUT bytes=410853376 rate=25199bps elapsed=16303.7s
2026-05-16T20:59:05.546Z THROUGHPUT bytes=411105280 rate=25199bps elapsed=16313.8s
2026-05-16T20:59:15.553Z THROUGHPUT bytes=411357184 rate=25199bps elapsed=16323.8s
2026-05-16T20:59:25.675Z THROUGHPUT bytes=411613184 rate=25199bps elapsed=16333.9s
2026-05-16T20:59:35.871Z THROUGHPUT bytes=411869184 rate=25199bps elapsed=16344.1s
2026-05-16T20:59:45.936Z THROUGHPUT bytes=412123136 rate=25199bps elapsed=16354.1s
2026-05-16T20:59:56.022Z THROUGHPUT bytes=412377088 rate=25199bps elapsed=16364.2s
2026-05-16T21:00:06.074Z THROUGHPUT bytes=412631040 rate=25199bps elapsed=16374.3s
2026-05-16T21:00:16.077Z THROUGHPUT bytes=412882944 rate=25199bps elapsed=16384.3s
2026-05-16T21:00:26.172Z THROUGHPUT bytes=413136896 rate=25199bps elapsed=16394.4s
2026-05-16T21:00:36.229Z THROUGHPUT bytes=413390848 rate=25199bps elapsed=16404.4s
2026-05-16T21:00:46.326Z THROUGHPUT bytes=413644800 rate=25199bps elapsed=16414.5s
2026-05-16T21:00:56.437Z THROUGHPUT bytes=413900800 rate=25199bps elapsed=16424.6s
2026-05-16T21:01:06.474Z THROUGHPUT bytes=414152704 rate=25199bps elapsed=16434.7s
2026-05-16T21:01:16.536Z THROUGHPUT bytes=414406656 rate=25199bps elapsed=16444.7s
2026-05-16T21:01:26.703Z THROUGHPUT bytes=414662656 rate=25199bps elapsed=16454.9s
2026-05-16T21:01:36.748Z THROUGHPUT bytes=414916608 rate=25199bps elapsed=16465.0s
2026-05-16T21:01:46.858Z THROUGHPUT bytes=415170560 rate=25199bps elapsed=16475.1s
2026-05-16T21:01:56.869Z THROUGHPUT bytes=415422464 rate=25199bps elapsed=16485.1s
2026-05-16T21:02:07.002Z THROUGHPUT bytes=415678464 rate=25199bps elapsed=16495.2s
2026-05-16T21:02:17.017Z THROUGHPUT bytes=415930368 rate=25199bps elapsed=16505.2s
2026-05-16T21:02:27.108Z THROUGHPUT bytes=416184320 rate=25199bps elapsed=16515.3s
2026-05-16T21:02:37.238Z THROUGHPUT bytes=416440320 rate=25199bps elapsed=16525.4s
2026-05-16T21:02:47.339Z THROUGHPUT bytes=416694272 rate=25199bps elapsed=16535.5s
2026-05-16T21:02:57.399Z THROUGHPUT bytes=416948224 rate=25199bps elapsed=16545.6s
2026-05-16T21:03:07.418Z THROUGHPUT bytes=417202176 rate=25200bps elapsed=16555.6s
2026-05-16T21:03:17.561Z THROUGHPUT bytes=417456128 rate=25199bps elapsed=16565.8s
2026-05-16T21:03:27.620Z THROUGHPUT bytes=417710080 rate=25199bps elapsed=16575.8s
2026-05-16T21:03:37.727Z THROUGHPUT bytes=417964032 rate=25199bps elapsed=16585.9s
2026-05-16T21:03:47.792Z THROUGHPUT bytes=418217984 rate=25199bps elapsed=16596.0s
2026-05-16T21:03:57.802Z THROUGHPUT bytes=418469888 rate=25199bps elapsed=16606.0s
2026-05-16T21:04:07.955Z THROUGHPUT bytes=418725888 rate=25199bps elapsed=16616.2s
2026-05-16T21:04:17.958Z THROUGHPUT bytes=418977792 rate=25199bps elapsed=16626.2s
2026-05-16T21:04:27.989Z THROUGHPUT bytes=419231744 rate=25199bps elapsed=16636.2s
2026-05-16T21:04:38.005Z THROUGHPUT bytes=419483648 rate=25199bps elapsed=16646.2s
2026-05-16T21:04:48.028Z THROUGHPUT bytes=419737600 rate=25200bps elapsed=16656.2s
2026-05-16T21:04:58.129Z THROUGHPUT bytes=419991552 rate=25199bps elapsed=16666.3s
2026-05-16T21:05:08.268Z THROUGHPUT bytes=420245504 rate=25199bps elapsed=16676.5s
2026-05-16T21:05:18.415Z THROUGHPUT bytes=420501504 rate=25199bps elapsed=16686.6s
2026-05-16T21:05:28.502Z THROUGHPUT bytes=420755456 rate=25199bps elapsed=16696.7s
2026-05-16T21:05:38.662Z THROUGHPUT bytes=421011456 rate=25199bps elapsed=16706.9s
2026-05-16T21:05:48.738Z THROUGHPUT bytes=421265408 rate=25199bps elapsed=16716.9s
2026-05-16T21:05:58.900Z THROUGHPUT bytes=421521408 rate=25199bps elapsed=16727.1s
2026-05-16T21:06:08.939Z THROUGHPUT bytes=421775360 rate=25199bps elapsed=16737.1s
2026-05-16T21:06:19.040Z THROUGHPUT bytes=422029312 rate=25199bps elapsed=16747.2s
2026-05-16T21:06:29.069Z THROUGHPUT bytes=422283264 rate=25199bps elapsed=16757.3s
2026-05-16T21:06:39.192Z THROUGHPUT bytes=422537216 rate=25199bps elapsed=16767.4s
2026-05-16T21:06:49.278Z THROUGHPUT bytes=422791168 rate=25199bps elapsed=16777.5s
2026-05-16T21:06:59.439Z THROUGHPUT bytes=423047168 rate=25199bps elapsed=16787.6s
2026-05-16T21:07:09.440Z THROUGHPUT bytes=423299072 rate=25199bps elapsed=16797.6s
2026-05-16T21:07:19.563Z THROUGHPUT bytes=423555072 rate=25199bps elapsed=16807.8s
2026-05-16T21:07:29.637Z THROUGHPUT bytes=423809024 rate=25199bps elapsed=16817.8s
2026-05-16T21:07:39.640Z THROUGHPUT bytes=424060928 rate=25199bps elapsed=16827.8s
2026-05-16T21:07:49.751Z THROUGHPUT bytes=424314880 rate=25199bps elapsed=16838.0s
2026-05-16T21:07:59.891Z THROUGHPUT bytes=424570880 rate=25199bps elapsed=16848.1s
2026-05-16T21:08:09.907Z THROUGHPUT bytes=424822784 rate=25199bps elapsed=16858.1s
2026-05-16T21:08:19.941Z THROUGHPUT bytes=425076736 rate=25199bps elapsed=16868.1s
2026-05-16T21:08:30.081Z THROUGHPUT bytes=425332736 rate=25199bps elapsed=16878.3s
2026-05-16T21:08:40.171Z THROUGHPUT bytes=425586688 rate=25199bps elapsed=16888.4s
2026-05-16T21:08:50.265Z THROUGHPUT bytes=425840640 rate=25199bps elapsed=16898.5s
2026-05-16T21:09:00.280Z THROUGHPUT bytes=426092544 rate=25199bps elapsed=16908.5s
2026-05-16T21:09:10.351Z THROUGHPUT bytes=426346496 rate=25199bps elapsed=16918.6s
2026-05-16T21:09:20.459Z THROUGHPUT bytes=426602496 rate=25200bps elapsed=16928.7s
2026-05-16T21:09:30.500Z THROUGHPUT bytes=426854400 rate=25199bps elapsed=16938.7s
2026-05-16T21:09:40.681Z THROUGHPUT bytes=427110400 rate=25199bps elapsed=16948.9s
2026-05-16T21:09:50.812Z THROUGHPUT bytes=427366400 rate=25199bps elapsed=16959.0s
2026-05-16T21:10:00.829Z THROUGHPUT bytes=427618304 rate=25199bps elapsed=16969.0s
2026-05-16T21:10:10.916Z THROUGHPUT bytes=427872256 rate=25199bps elapsed=16979.1s
2026-05-16T21:10:20.991Z THROUGHPUT bytes=428126208 rate=25199bps elapsed=16989.2s
2026-05-16T21:10:31.153Z THROUGHPUT bytes=428382208 rate=25199bps elapsed=16999.4s
2026-05-16T21:10:41.173Z THROUGHPUT bytes=428636160 rate=25199bps elapsed=17009.4s
2026-05-16T21:10:51.221Z THROUGHPUT bytes=428888064 rate=25199bps elapsed=17019.4s
2026-05-16T21:11:01.389Z THROUGHPUT bytes=429144064 rate=25199bps elapsed=17029.6s
2026-05-16T21:11:11.459Z THROUGHPUT bytes=429398016 rate=25199bps elapsed=17039.7s
2026-05-16T21:11:21.626Z THROUGHPUT bytes=429654016 rate=25199bps elapsed=17049.8s
2026-05-16T21:11:31.690Z THROUGHPUT bytes=429907968 rate=25199bps elapsed=17059.9s
2026-05-16T21:11:41.755Z THROUGHPUT bytes=430161920 rate=25199bps elapsed=17070.0s
2026-05-16T21:11:51.809Z THROUGHPUT bytes=430415872 rate=25199bps elapsed=17080.0s
2026-05-16T21:12:01.843Z THROUGHPUT bytes=430667776 rate=25199bps elapsed=17090.0s
2026-05-16T21:12:11.845Z THROUGHPUT bytes=430919680 rate=25199bps elapsed=17100.0s
2026-05-16T21:12:21.906Z THROUGHPUT bytes=431173632 rate=25199bps elapsed=17110.1s
2026-05-16T21:12:32.084Z THROUGHPUT bytes=431429632 rate=25199bps elapsed=17120.3s
2026-05-16T21:12:42.142Z THROUGHPUT bytes=431683584 rate=25199bps elapsed=17130.3s
2026-05-16T21:12:52.225Z THROUGHPUT bytes=431937536 rate=25199bps elapsed=17140.4s
2026-05-16T21:13:02.254Z THROUGHPUT bytes=432193536 rate=25200bps elapsed=17150.5s
2026-05-16T21:13:12.394Z THROUGHPUT bytes=432445440 rate=25199bps elapsed=17160.6s
2026-05-16T21:13:22.411Z THROUGHPUT bytes=432699392 rate=25199bps elapsed=17170.6s
2026-05-16T21:13:32.484Z THROUGHPUT bytes=432953344 rate=25200bps elapsed=17180.7s
2026-05-16T21:13:42.594Z THROUGHPUT bytes=433207296 rate=25199bps elapsed=17190.8s
2026-05-16T21:13:52.625Z THROUGHPUT bytes=433459200 rate=25199bps elapsed=17200.8s
2026-05-16T21:14:02.675Z THROUGHPUT bytes=433713152 rate=25199bps elapsed=17210.9s
2026-05-16T21:14:12.759Z THROUGHPUT bytes=433967104 rate=25199bps elapsed=17221.0s
2026-05-16T21:14:22.874Z THROUGHPUT bytes=434223104 rate=25199bps elapsed=17231.1s
2026-05-16T21:14:33.011Z THROUGHPUT bytes=434477056 rate=25199bps elapsed=17241.2s
2026-05-16T21:14:43.085Z THROUGHPUT bytes=434731008 rate=25199bps elapsed=17251.3s
2026-05-16T21:14:53.138Z THROUGHPUT bytes=434984960 rate=25199bps elapsed=17261.3s
2026-05-16T21:15:03.227Z THROUGHPUT bytes=435238912 rate=25199bps elapsed=17271.4s
2026-05-16T21:15:13.240Z THROUGHPUT bytes=435490816 rate=25199bps elapsed=17281.4s
2026-05-16T21:15:23.402Z THROUGHPUT bytes=435746816 rate=25199bps elapsed=17291.6s
2026-05-16T21:15:33.454Z THROUGHPUT bytes=436000768 rate=25199bps elapsed=17301.7s
2026-05-16T21:15:43.479Z THROUGHPUT bytes=436252672 rate=25199bps elapsed=17311.7s
2026-05-16T21:15:53.633Z THROUGHPUT bytes=436508672 rate=25199bps elapsed=17321.8s
2026-05-16T21:16:03.714Z THROUGHPUT bytes=436762624 rate=25199bps elapsed=17331.9s
2026-05-16T21:16:13.872Z THROUGHPUT bytes=437018624 rate=25199bps elapsed=17342.1s
2026-05-16T21:16:24.012Z THROUGHPUT bytes=437274624 rate=25199bps elapsed=17352.2s
2026-05-16T21:16:34.016Z THROUGHPUT bytes=437526528 rate=25199bps elapsed=17362.2s
2026-05-16T21:16:44.091Z THROUGHPUT bytes=437780480 rate=25199bps elapsed=17372.3s
2026-05-16T21:16:54.136Z THROUGHPUT bytes=438034432 rate=25199bps elapsed=17382.3s
2026-05-16T21:17:04.242Z THROUGHPUT bytes=438288384 rate=25199bps elapsed=17392.4s
2026-05-16T21:17:14.414Z THROUGHPUT bytes=438544384 rate=25199bps elapsed=17402.6s
2026-05-16T21:17:24.463Z THROUGHPUT bytes=438798336 rate=25199bps elapsed=17412.7s
2026-05-16T21:17:34.481Z THROUGHPUT bytes=439050240 rate=25199bps elapsed=17422.7s
2026-05-16T21:17:44.641Z THROUGHPUT bytes=439306240 rate=25199bps elapsed=17432.8s
2026-05-16T21:17:54.678Z THROUGHPUT bytes=439560192 rate=25199bps elapsed=17442.9s
2026-05-16T21:18:04.780Z THROUGHPUT bytes=439814144 rate=25199bps elapsed=17453.0s
2026-05-16T21:18:14.862Z THROUGHPUT bytes=440068096 rate=25199bps elapsed=17463.1s
2026-05-16T21:18:24.956Z THROUGHPUT bytes=440322048 rate=25199bps elapsed=17473.2s
2026-05-16T21:18:35.108Z THROUGHPUT bytes=440578048 rate=25199bps elapsed=17483.3s
2026-05-16T21:18:45.175Z THROUGHPUT bytes=440832000 rate=25199bps elapsed=17493.4s
2026-05-16T21:18:55.265Z THROUGHPUT bytes=441085952 rate=25199bps elapsed=17503.5s
2026-05-16T21:19:05.342Z THROUGHPUT bytes=441339904 rate=25199bps elapsed=17513.5s
2026-05-16T21:19:15.509Z THROUGHPUT bytes=441595904 rate=25199bps elapsed=17523.7s
2026-05-16T21:19:25.549Z THROUGHPUT bytes=441849856 rate=25199bps elapsed=17533.8s
2026-05-16T21:19:35.643Z THROUGHPUT bytes=442103808 rate=25199bps elapsed=17543.8s
2026-05-16T21:19:45.722Z THROUGHPUT bytes=442357760 rate=25199bps elapsed=17553.9s
2026-05-16T21:19:55.819Z THROUGHPUT bytes=442611712 rate=25199bps elapsed=17564.0s
2026-05-16T21:20:05.844Z THROUGHPUT bytes=442865664 rate=25199bps elapsed=17574.0s
2026-05-16T21:20:16.055Z THROUGHPUT bytes=443121664 rate=25199bps elapsed=17584.3s
2026-05-16T21:20:26.176Z THROUGHPUT bytes=443377664 rate=25199bps elapsed=17594.4s
2026-05-16T21:20:36.255Z THROUGHPUT bytes=443631616 rate=25199bps elapsed=17604.5s
2026-05-16T21:20:46.273Z THROUGHPUT bytes=443883520 rate=25199bps elapsed=17614.5s
2026-05-16T21:20:56.366Z THROUGHPUT bytes=444137472 rate=25199bps elapsed=17624.6s
2026-05-16T21:21:06.443Z THROUGHPUT bytes=444391424 rate=25199bps elapsed=17634.6s
2026-05-16T21:21:16.584Z THROUGHPUT bytes=444647424 rate=25199bps elapsed=17644.8s
2026-05-16T21:21:26.644Z THROUGHPUT bytes=444901376 rate=25199bps elapsed=17654.8s
2026-05-16T21:21:36.753Z THROUGHPUT bytes=445155328 rate=25199bps elapsed=17665.0s
2026-05-16T21:21:46.809Z THROUGHPUT bytes=445409280 rate=25199bps elapsed=17675.0s
2026-05-16T21:21:56.913Z THROUGHPUT bytes=445663232 rate=25199bps elapsed=17685.1s
2026-05-16T21:22:07.048Z THROUGHPUT bytes=445919232 rate=25199bps elapsed=17695.3s
2026-05-16T21:22:17.167Z THROUGHPUT bytes=446175232 rate=25199bps elapsed=17705.4s
2026-05-16T21:22:27.287Z THROUGHPUT bytes=446429184 rate=25199bps elapsed=17715.5s
2026-05-16T21:22:37.385Z THROUGHPUT bytes=446683136 rate=25199bps elapsed=17725.6s
2026-05-16T21:22:47.518Z THROUGHPUT bytes=446939136 rate=25199bps elapsed=17735.7s
2026-05-16T21:22:57.617Z THROUGHPUT bytes=447193088 rate=25199bps elapsed=17745.8s
2026-05-16T21:23:07.641Z THROUGHPUT bytes=447447040 rate=25199bps elapsed=17755.8s
2026-05-16T21:23:17.685Z THROUGHPUT bytes=447698944 rate=25199bps elapsed=17765.9s
2026-05-16T21:23:27.690Z THROUGHPUT bytes=447950848 rate=25199bps elapsed=17775.9s
2026-05-16T21:23:37.737Z THROUGHPUT bytes=448204800 rate=25199bps elapsed=17785.9s
2026-05-16T21:23:47.840Z THROUGHPUT bytes=448458752 rate=25199bps elapsed=17796.0s
2026-05-16T21:23:57.841Z THROUGHPUT bytes=448710656 rate=25199bps elapsed=17806.0s
2026-05-16T21:24:08.001Z THROUGHPUT bytes=448966656 rate=25199bps elapsed=17816.2s
2026-05-16T21:24:18.077Z THROUGHPUT bytes=449220608 rate=25199bps elapsed=17826.3s
2026-05-16T21:24:28.238Z THROUGHPUT bytes=449476608 rate=25199bps elapsed=17836.4s
2026-05-16T21:24:38.300Z THROUGHPUT bytes=449730560 rate=25199bps elapsed=17846.5s
2026-05-16T21:24:48.302Z THROUGHPUT bytes=449982464 rate=25199bps elapsed=17856.5s
2026-05-16T21:24:58.303Z THROUGHPUT bytes=450234368 rate=25199bps elapsed=17866.5s
2026-05-16T21:25:08.366Z THROUGHPUT bytes=450488320 rate=25199bps elapsed=17876.6s
2026-05-16T21:25:18.442Z THROUGHPUT bytes=450742272 rate=25199bps elapsed=17886.6s
2026-05-16T21:25:28.527Z THROUGHPUT bytes=450996224 rate=25199bps elapsed=17896.7s
2026-05-16T21:25:38.535Z THROUGHPUT bytes=451248128 rate=25199bps elapsed=17906.7s
2026-05-16T21:25:48.697Z THROUGHPUT bytes=451504128 rate=25199bps elapsed=17916.9s
2026-05-16T21:25:58.846Z THROUGHPUT bytes=451760128 rate=25199bps elapsed=17927.0s
2026-05-16T21:26:09.013Z THROUGHPUT bytes=452016128 rate=25199bps elapsed=17937.2s
2026-05-16T21:26:19.169Z THROUGHPUT bytes=452272128 rate=25199bps elapsed=17947.4s
2026-05-16T21:26:29.222Z THROUGHPUT bytes=452526080 rate=25199bps elapsed=17957.4s
2026-05-16T21:26:39.237Z THROUGHPUT bytes=452777984 rate=25199bps elapsed=17967.4s
2026-05-16T21:26:49.362Z THROUGHPUT bytes=453033984 rate=25199bps elapsed=17977.6s
2026-05-16T21:26:59.436Z THROUGHPUT bytes=453287936 rate=25199bps elapsed=17987.6s
2026-05-16T21:27:09.439Z THROUGHPUT bytes=453541888 rate=25200bps elapsed=17997.6s
2026-05-16T21:27:19.537Z THROUGHPUT bytes=453793792 rate=25199bps elapsed=18007.7s
2026-05-16T21:27:29.538Z THROUGHPUT bytes=454045696 rate=25199bps elapsed=18017.7s
2026-05-16T21:27:39.539Z THROUGHPUT bytes=454297600 rate=25199bps elapsed=18027.7s
2026-05-16T21:27:49.622Z THROUGHPUT bytes=454551552 rate=25199bps elapsed=18037.8s
2026-05-16T21:27:59.777Z THROUGHPUT bytes=454807552 rate=25199bps elapsed=18048.0s
2026-05-16T21:28:09.945Z THROUGHPUT bytes=455063552 rate=25199bps elapsed=18058.1s
2026-05-16T21:28:19.990Z THROUGHPUT bytes=455317504 rate=25199bps elapsed=18068.2s
2026-05-16T21:28:30.091Z THROUGHPUT bytes=455571456 rate=25199bps elapsed=18078.3s
2026-05-16T21:28:40.177Z THROUGHPUT bytes=455825408 rate=25199bps elapsed=18088.4s
2026-05-16T21:28:50.272Z THROUGHPUT bytes=456081408 rate=25199bps elapsed=18098.5s
2026-05-16T21:29:00.331Z THROUGHPUT bytes=456333312 rate=25199bps elapsed=18108.5s
2026-05-16T21:29:10.393Z THROUGHPUT bytes=456587264 rate=25199bps elapsed=18118.6s
2026-05-16T21:29:20.394Z THROUGHPUT bytes=456841216 rate=25200bps elapsed=18128.6s
2026-05-16T21:29:30.415Z THROUGHPUT bytes=457093120 rate=25200bps elapsed=18138.6s
2026-05-16T21:29:40.465Z THROUGHPUT bytes=457345024 rate=25199bps elapsed=18148.7s
2026-05-16T21:29:50.558Z THROUGHPUT bytes=457598976 rate=25199bps elapsed=18158.8s
2026-05-16T21:30:00.631Z THROUGHPUT bytes=457852928 rate=25199bps elapsed=18168.8s
2026-05-16T21:30:10.759Z THROUGHPUT bytes=458108928 rate=25199bps elapsed=18179.0s
2026-05-16T21:30:20.880Z THROUGHPUT bytes=458364928 rate=25200bps elapsed=18189.1s
2026-05-16T21:30:30.937Z THROUGHPUT bytes=458616832 rate=25199bps elapsed=18199.1s
2026-05-16T21:30:40.944Z THROUGHPUT bytes=458868736 rate=25199bps elapsed=18209.1s
2026-05-16T21:30:51.021Z THROUGHPUT bytes=459122688 rate=25199bps elapsed=18219.2s
2026-05-16T21:31:01.049Z THROUGHPUT bytes=459378688 rate=25200bps elapsed=18229.2s
2026-05-16T21:31:11.099Z THROUGHPUT bytes=459630592 rate=25200bps elapsed=18239.3s
2026-05-16T21:31:21.236Z THROUGHPUT bytes=459882496 rate=25199bps elapsed=18249.4s
2026-05-16T21:31:31.245Z THROUGHPUT bytes=460136448 rate=25199bps elapsed=18259.4s
2026-05-16T21:31:41.269Z THROUGHPUT bytes=460390400 rate=25199bps elapsed=18269.5s
2026-05-16T21:31:51.293Z THROUGHPUT bytes=460642304 rate=25199bps elapsed=18279.5s
2026-05-16T21:32:01.336Z THROUGHPUT bytes=460898304 rate=25200bps elapsed=18289.5s
2026-05-16T21:32:11.440Z THROUGHPUT bytes=461150208 rate=25199bps elapsed=18299.6s
2026-05-16T21:32:21.516Z THROUGHPUT bytes=461404160 rate=25199bps elapsed=18309.7s
2026-05-16T21:32:31.632Z THROUGHPUT bytes=461658112 rate=25199bps elapsed=18319.8s
2026-05-16T21:32:41.710Z THROUGHPUT bytes=461912064 rate=25199bps elapsed=18329.9s
2026-05-16T21:32:51.867Z THROUGHPUT bytes=462168064 rate=25199bps elapsed=18340.1s
2026-05-16T21:33:01.920Z THROUGHPUT bytes=462422016 rate=25199bps elapsed=18350.1s
2026-05-16T21:33:12.012Z THROUGHPUT bytes=462675968 rate=25199bps elapsed=18360.2s
2026-05-16T21:33:22.182Z THROUGHPUT bytes=462931968 rate=25199bps elapsed=18370.4s
2026-05-16T21:33:32.301Z THROUGHPUT bytes=463187968 rate=25199bps elapsed=18380.5s
2026-05-16T21:33:42.369Z THROUGHPUT bytes=463441920 rate=25199bps elapsed=18390.6s
2026-05-16T21:33:52.489Z THROUGHPUT bytes=463695872 rate=25199bps elapsed=18400.7s
2026-05-16T21:34:02.569Z THROUGHPUT bytes=463949824 rate=25199bps elapsed=18410.8s
2026-05-16T21:34:12.643Z THROUGHPUT bytes=464203776 rate=25199bps elapsed=18420.8s
2026-05-16T21:34:22.812Z THROUGHPUT bytes=464459776 rate=25199bps elapsed=18431.0s
2026-05-16T21:34:32.851Z THROUGHPUT bytes=464713728 rate=25199bps elapsed=18441.0s
2026-05-16T21:34:42.962Z THROUGHPUT bytes=464967680 rate=25199bps elapsed=18451.2s
2026-05-16T21:34:53.041Z THROUGHPUT bytes=465221632 rate=25199bps elapsed=18461.2s
2026-05-16T21:35:03.116Z THROUGHPUT bytes=465475584 rate=25199bps elapsed=18471.3s
2026-05-16T21:35:13.120Z THROUGHPUT bytes=465727488 rate=25199bps elapsed=18481.3s
2026-05-16T21:35:23.162Z THROUGHPUT bytes=465981440 rate=25199bps elapsed=18491.4s
2026-05-16T21:35:33.182Z THROUGHPUT bytes=466233344 rate=25199bps elapsed=18501.4s
2026-05-16T21:35:43.242Z THROUGHPUT bytes=466487296 rate=25199bps elapsed=18511.4s
2026-05-16T21:35:53.247Z THROUGHPUT bytes=466739200 rate=25199bps elapsed=18521.4s
2026-05-16T21:36:03.428Z THROUGHPUT bytes=466995200 rate=25199bps elapsed=18531.6s
2026-05-16T21:36:13.586Z THROUGHPUT bytes=467251200 rate=25199bps elapsed=18541.8s
2026-05-16T21:36:23.725Z THROUGHPUT bytes=467507200 rate=25199bps elapsed=18551.9s
2026-05-16T21:36:33.731Z THROUGHPUT bytes=467759104 rate=25199bps elapsed=18561.9s
2026-05-16T21:36:43.731Z THROUGHPUT bytes=468013056 rate=25200bps elapsed=18571.9s
2026-05-16T21:36:53.803Z THROUGHPUT bytes=468264960 rate=25199bps elapsed=18582.0s
2026-05-16T21:37:03.810Z THROUGHPUT bytes=468516864 rate=25199bps elapsed=18592.0s
2026-05-16T21:37:13.965Z THROUGHPUT bytes=468772864 rate=25199bps elapsed=18602.2s
2026-05-16T21:37:24.128Z THROUGHPUT bytes=469028864 rate=25199bps elapsed=18612.3s
2026-05-16T21:37:34.160Z THROUGHPUT bytes=469282816 rate=25199bps elapsed=18622.4s
2026-05-16T21:37:44.279Z THROUGHPUT bytes=469536768 rate=25199bps elapsed=18632.5s
2026-05-16T21:37:54.352Z THROUGHPUT bytes=469792768 rate=25200bps elapsed=18642.5s
2026-05-16T21:38:04.355Z THROUGHPUT bytes=470042624 rate=25199bps elapsed=18652.5s
2026-05-16T21:38:14.384Z THROUGHPUT bytes=470296576 rate=25199bps elapsed=18662.6s
2026-05-16T21:38:24.427Z THROUGHPUT bytes=470548480 rate=25199bps elapsed=18672.6s
2026-05-16T21:38:34.563Z THROUGHPUT bytes=470804480 rate=25199bps elapsed=18682.8s
2026-05-16T21:38:44.714Z THROUGHPUT bytes=471060480 rate=25199bps elapsed=18692.9s
2026-05-16T21:38:54.725Z THROUGHPUT bytes=471312384 rate=25199bps elapsed=18702.9s
2026-05-16T21:39:04.734Z THROUGHPUT bytes=471564288 rate=25199bps elapsed=18712.9s
2026-05-16T21:39:14.736Z THROUGHPUT bytes=471816192 rate=25199bps elapsed=18722.9s
2026-05-16T21:39:24.894Z THROUGHPUT bytes=472072192 rate=25199bps elapsed=18733.1s
2026-05-16T21:39:34.965Z THROUGHPUT bytes=472326144 rate=25199bps elapsed=18743.2s
2026-05-16T21:39:45.106Z THROUGHPUT bytes=472582144 rate=25199bps elapsed=18753.3s
2026-05-16T21:39:55.195Z THROUGHPUT bytes=472836096 rate=25199bps elapsed=18763.4s
2026-05-16T21:40:05.272Z THROUGHPUT bytes=473090048 rate=25199bps elapsed=18773.5s
2026-05-16T21:40:15.351Z THROUGHPUT bytes=473344000 rate=25199bps elapsed=18783.5s
2026-05-16T21:40:25.361Z THROUGHPUT bytes=473595904 rate=25199bps elapsed=18793.6s
2026-05-16T21:40:35.477Z THROUGHPUT bytes=473851904 rate=25199bps elapsed=18803.7s
2026-05-16T21:40:45.590Z THROUGHPUT bytes=474105856 rate=25199bps elapsed=18813.8s
2026-05-16T21:40:55.757Z THROUGHPUT bytes=474361856 rate=25199bps elapsed=18824.0s
2026-05-16T21:41:05.886Z THROUGHPUT bytes=474617856 rate=25199bps elapsed=18834.1s
2026-05-16T21:41:16.076Z THROUGHPUT bytes=474873856 rate=25199bps elapsed=18844.3s
2026-05-16T21:41:26.142Z THROUGHPUT bytes=475127808 rate=25199bps elapsed=18854.3s
2026-05-16T21:41:36.212Z THROUGHPUT bytes=475381760 rate=25199bps elapsed=18864.4s
2026-05-16T21:41:46.293Z THROUGHPUT bytes=475637760 rate=25200bps elapsed=18874.5s
2026-05-16T21:41:56.354Z THROUGHPUT bytes=475889664 rate=25199bps elapsed=18884.5s
2026-05-16T21:42:06.379Z THROUGHPUT bytes=476141568 rate=25199bps elapsed=18894.6s
2026-05-16T21:42:16.532Z THROUGHPUT bytes=476397568 rate=25199bps elapsed=18904.7s
2026-05-16T21:42:26.618Z THROUGHPUT bytes=476651520 rate=25199bps elapsed=18914.8s
2026-05-16T21:42:36.687Z THROUGHPUT bytes=476905472 rate=25199bps elapsed=18924.9s
2026-05-16T21:42:46.704Z THROUGHPUT bytes=477159424 rate=25200bps elapsed=18934.9s
2026-05-16T21:42:56.805Z THROUGHPUT bytes=477413376 rate=25199bps elapsed=18945.0s
2026-05-16T21:43:06.927Z THROUGHPUT bytes=477667328 rate=25199bps elapsed=18955.1s
2026-05-16T21:43:17.007Z THROUGHPUT bytes=477921280 rate=25199bps elapsed=18965.2s
2026-05-16T21:43:27.162Z THROUGHPUT bytes=478177280 rate=25199bps elapsed=18975.4s
2026-05-16T21:43:37.286Z THROUGHPUT bytes=478433280 rate=25199bps elapsed=18985.5s
2026-05-16T21:43:47.397Z THROUGHPUT bytes=478687232 rate=25199bps elapsed=18995.6s
2026-05-16T21:43:57.430Z THROUGHPUT bytes=478943232 rate=25200bps elapsed=19005.6s
2026-05-16T21:44:07.473Z THROUGHPUT bytes=479193088 rate=25199bps elapsed=19015.7s
2026-05-16T21:44:17.617Z THROUGHPUT bytes=479449088 rate=25199bps elapsed=19025.8s
2026-05-16T21:44:27.629Z THROUGHPUT bytes=479700992 rate=25199bps elapsed=19035.8s
2026-05-16T21:44:37.697Z THROUGHPUT bytes=479954944 rate=25199bps elapsed=19045.9s
2026-05-16T21:44:47.706Z THROUGHPUT bytes=480206848 rate=25199bps elapsed=19055.9s
2026-05-16T21:44:57.751Z THROUGHPUT bytes=480460800 rate=25199bps elapsed=19065.9s
2026-05-16T21:45:07.852Z THROUGHPUT bytes=480714752 rate=25199bps elapsed=19076.0s
2026-05-16T21:45:17.912Z THROUGHPUT bytes=480968704 rate=25199bps elapsed=19086.1s
2026-05-16T21:45:27.938Z THROUGHPUT bytes=481220608 rate=25199bps elapsed=19096.1s
2026-05-16T21:45:37.954Z THROUGHPUT bytes=481474560 rate=25199bps elapsed=19106.1s
2026-05-16T21:45:48.004Z THROUGHPUT bytes=481726464 rate=25199bps elapsed=19116.2s
2026-05-16T21:45:58.069Z THROUGHPUT bytes=481980416 rate=25199bps elapsed=19126.3s
2026-05-16T21:46:08.072Z THROUGHPUT bytes=482232320 rate=25199bps elapsed=19136.3s
2026-05-16T21:46:18.241Z THROUGHPUT bytes=482488320 rate=25199bps elapsed=19146.4s
2026-05-16T21:46:28.278Z THROUGHPUT bytes=482744320 rate=25200bps elapsed=19156.5s
2026-05-16T21:46:38.294Z THROUGHPUT bytes=482994176 rate=25199bps elapsed=19166.5s
2026-05-16T21:46:48.474Z THROUGHPUT bytes=483250176 rate=25199bps elapsed=19176.7s
2026-05-16T21:46:58.551Z THROUGHPUT bytes=483504128 rate=25199bps elapsed=19186.7s
2026-05-16T21:47:08.688Z THROUGHPUT bytes=483760128 rate=25199bps elapsed=19196.9s
2026-05-16T21:47:18.860Z THROUGHPUT bytes=484016128 rate=25199bps elapsed=19207.0s
2026-05-16T21:47:29.022Z THROUGHPUT bytes=484272128 rate=25199bps elapsed=19217.2s
2026-05-16T21:47:39.028Z THROUGHPUT bytes=484524032 rate=25199bps elapsed=19227.2s
2026-05-16T21:47:49.051Z THROUGHPUT bytes=484777984 rate=25199bps elapsed=19237.2s
2026-05-16T21:47:59.181Z THROUGHPUT bytes=485031936 rate=25199bps elapsed=19247.4s
2026-05-16T21:48:09.292Z THROUGHPUT bytes=485287936 rate=25199bps elapsed=19257.5s
2026-05-16T21:48:19.320Z THROUGHPUT bytes=485541888 rate=25200bps elapsed=19267.5s
2026-05-16T21:48:29.481Z THROUGHPUT bytes=485795840 rate=25199bps elapsed=19277.7s
2026-05-16T21:48:39.575Z THROUGHPUT bytes=486049792 rate=25199bps elapsed=19287.8s
2026-05-16T21:48:49.721Z THROUGHPUT bytes=486305792 rate=25199bps elapsed=19297.9s
2026-05-16T21:48:59.755Z THROUGHPUT bytes=486559744 rate=25199bps elapsed=19307.9s
2026-05-16T21:49:09.885Z THROUGHPUT bytes=486813696 rate=25199bps elapsed=19318.1s
2026-05-16T21:49:19.967Z THROUGHPUT bytes=487067648 rate=25199bps elapsed=19328.1s
2026-05-16T21:49:30.043Z THROUGHPUT bytes=487321600 rate=25199bps elapsed=19338.2s
2026-05-16T21:49:40.106Z THROUGHPUT bytes=487575552 rate=25199bps elapsed=19348.3s
2026-05-16T21:49:50.190Z THROUGHPUT bytes=487829504 rate=25199bps elapsed=19358.4s
2026-05-16T21:50:00.277Z THROUGHPUT bytes=488083456 rate=25199bps elapsed=19368.5s
2026-05-16T21:50:10.386Z THROUGHPUT bytes=488339456 rate=25199bps elapsed=19378.6s
2026-05-16T21:50:20.511Z THROUGHPUT bytes=488593408 rate=25199bps elapsed=19388.7s
2026-05-16T21:50:30.673Z THROUGHPUT bytes=488849408 rate=25199bps elapsed=19398.9s
2026-05-16T21:50:40.746Z THROUGHPUT bytes=489103360 rate=25199bps elapsed=19408.9s
2026-05-16T21:50:50.811Z THROUGHPUT bytes=489357312 rate=25199bps elapsed=19419.0s
2026-05-16T21:51:00.978Z THROUGHPUT bytes=489613312 rate=25199bps elapsed=19429.2s
2026-05-16T21:51:11.058Z THROUGHPUT bytes=489867264 rate=25199bps elapsed=19439.2s
2026-05-16T21:51:21.222Z THROUGHPUT bytes=490123264 rate=25199bps elapsed=19449.4s
2026-05-16T21:51:31.291Z THROUGHPUT bytes=490377216 rate=25199bps elapsed=19459.5s
2026-05-16T21:51:41.321Z THROUGHPUT bytes=490631168 rate=25199bps elapsed=19469.5s
2026-05-16T21:51:51.368Z THROUGHPUT bytes=490883072 rate=25199bps elapsed=19479.5s
2026-05-16T21:52:01.411Z THROUGHPUT bytes=491137024 rate=25199bps elapsed=19489.6s
2026-05-16T21:52:11.447Z THROUGHPUT bytes=491388928 rate=25199bps elapsed=19499.6s
2026-05-16T21:52:21.606Z THROUGHPUT bytes=491644928 rate=25199bps elapsed=19509.8s
2026-05-16T21:52:31.616Z THROUGHPUT bytes=491898880 rate=25200bps elapsed=19519.8s
2026-05-16T21:52:41.675Z THROUGHPUT bytes=492150784 rate=25199bps elapsed=19529.9s
2026-05-16T21:52:51.809Z THROUGHPUT bytes=492406784 rate=25199bps elapsed=19540.0s
2026-05-16T21:53:01.998Z THROUGHPUT bytes=492662784 rate=25199bps elapsed=19550.2s
2026-05-16T21:53:12.035Z THROUGHPUT bytes=492918784 rate=25200bps elapsed=19560.2s
2026-05-16T21:53:22.135Z THROUGHPUT bytes=493170688 rate=25199bps elapsed=19570.3s
2026-05-16T21:53:32.315Z THROUGHPUT bytes=493426688 rate=25199bps elapsed=19580.5s
2026-05-16T21:53:47.111Z CLIENT_CONNECT 192.168.1.70:63504
2026-05-16T21:53:47.457Z STALL_START idle=345ms
2026-05-16T23:39:19.120Z CLIENT_DISCONNECT replaced
2026-05-16T23:39:19.126Z CLIENT_CONNECT 192.168.1.70:65147
2026-05-16T23:39:19.386Z STALL_START idle=259ms
2026-05-16T23:39:19.465Z STALL_END 338ms
2026-05-16T23:39:20.825Z CLIENT_DISCONNECT replaced
2026-05-16T23:39:20.826Z CLIENT_CONNECT 192.168.1.70:65155
2026-05-16T23:39:30.855Z THROUGHPUT bytes=253952 rate=25322bps elapsed=10.0s
2026-05-16T23:39:40.884Z THROUGHPUT bytes=505856 rate=25222bps elapsed=20.1s
2026-05-16T23:39:50.971Z THROUGHPUT bytes=759808 rate=25205bps elapsed=30.1s
2026-05-16T23:40:01.031Z THROUGHPUT bytes=1013760 rate=25215bps elapsed=40.2s
2026-05-16T23:40:11.121Z THROUGHPUT bytes=1267712 rate=25206bps elapsed=50.3s
2026-05-16T23:40:21.170Z THROUGHPUT bytes=1521664 rate=25216bps elapsed=60.3s
2026-05-16T23:40:31.175Z THROUGHPUT bytes=1773568 rate=25211bps elapsed=70.3s
2026-05-16T23:40:41.196Z THROUGHPUT bytes=2025472 rate=25202bps elapsed=80.4s
2026-05-16T23:40:51.233Z THROUGHPUT bytes=2279424 rate=25213bps elapsed=90.4s
2026-05-16T23:41:01.280Z THROUGHPUT bytes=2533376 rate=25219bps elapsed=100.5s
2026-05-16T23:41:11.330Z THROUGHPUT bytes=2785280 rate=25205bps elapsed=110.5s
2026-05-16T23:41:21.419Z THROUGHPUT bytes=3039232 rate=25202bps elapsed=120.6s
2026-05-16T23:41:31.504Z THROUGHPUT bytes=3293184 rate=25201bps elapsed=130.7s
2026-05-16T23:41:41.566Z THROUGHPUT bytes=3547136 rate=25203bps elapsed=140.7s
2026-05-16T23:41:51.654Z THROUGHPUT bytes=3801088 rate=25202bps elapsed=150.8s
2026-05-16T23:42:01.733Z THROUGHPUT bytes=4055040 rate=25201bps elapsed=160.9s
2026-05-16T23:42:11.796Z THROUGHPUT bytes=4308992 rate=25203bps elapsed=171.0s
2026-05-16T23:42:21.807Z THROUGHPUT bytes=4560896 rate=25201bps elapsed=181.0s
2026-05-16T23:42:31.843Z THROUGHPUT bytes=4814848 rate=25206bps elapsed=191.0s
2026-05-16T23:42:41.881Z THROUGHPUT bytes=5066752 rate=25201bps elapsed=201.1s
2026-05-16T23:42:51.960Z THROUGHPUT bytes=5320704 rate=25201bps elapsed=211.1s
2026-05-16T23:43:02.001Z THROUGHPUT bytes=5574656 rate=25205bps elapsed=221.2s
2026-05-16T23:43:12.075Z THROUGHPUT bytes=5828608 rate=25205bps elapsed=231.2s
2026-05-16T23:43:22.103Z THROUGHPUT bytes=6080512 rate=25201bps elapsed=241.3s
2026-05-16T23:43:32.191Z THROUGHPUT bytes=6334464 rate=25200bps elapsed=251.4s
2026-05-16T23:43:42.219Z THROUGHPUT bytes=6588416 rate=25205bps elapsed=261.4s
2026-05-16T23:43:52.266Z THROUGHPUT bytes=6840320 rate=25200bps elapsed=271.4s
2026-05-16T23:44:02.324Z THROUGHPUT bytes=7094272 rate=25202bps elapsed=281.5s
2026-05-16T23:44:12.413Z THROUGHPUT bytes=7348224 rate=25201bps elapsed=291.6s
2026-05-16T23:44:22.416Z THROUGHPUT bytes=7600128 rate=25200bps elapsed=301.6s
2026-05-16T23:44:32.435Z THROUGHPUT bytes=7854080 rate=25205bps elapsed=311.6s
2026-05-16T23:44:42.453Z THROUGHPUT bytes=8105984 rate=25203bps elapsed=321.6s
2026-05-16T23:44:52.477Z THROUGHPUT bytes=8357888 rate=25201bps elapsed=331.6s
2026-05-16T23:45:02.481Z THROUGHPUT bytes=8609792 rate=25200bps elapsed=341.6s
2026-05-16T23:45:12.504Z THROUGHPUT bytes=8863744 rate=25204bps elapsed=351.7s
2026-05-16T23:45:22.553Z THROUGHPUT bytes=9115648 rate=25200bps elapsed=361.7s
2026-05-16T23:45:32.584Z THROUGHPUT bytes=9369600 rate=25203bps elapsed=371.8s
2026-05-16T23:45:42.620Z THROUGHPUT bytes=9621504 rate=25201bps elapsed=381.8s
2026-05-16T23:45:52.708Z THROUGHPUT bytes=9875456 rate=25200bps elapsed=391.9s
2026-05-16T23:46:02.732Z THROUGHPUT bytes=10129408 rate=25204bps elapsed=401.9s
2026-05-16T23:46:12.755Z THROUGHPUT bytes=10381312 rate=25202bps elapsed=411.9s
2026-05-16T23:46:22.776Z THROUGHPUT bytes=10633216 rate=25200bps elapsed=421.9s
2026-05-16T23:46:32.796Z THROUGHPUT bytes=10887168 rate=25203bps elapsed=432.0s
2026-05-16T23:46:42.806Z THROUGHPUT bytes=11139072 rate=25203bps elapsed=442.0s
2026-05-16T23:46:52.899Z THROUGHPUT bytes=11393024 rate=25202bps elapsed=452.1s
2026-05-16T23:47:02.909Z THROUGHPUT bytes=11642880 rate=25196bps elapsed=462.1s
2026-05-16T23:47:12.945Z THROUGHPUT bytes=11896832 rate=25199bps elapsed=472.1s
2026-05-16T23:47:23.014Z THROUGHPUT bytes=12150784 rate=25199bps elapsed=482.2s
2026-05-16T23:47:33.137Z THROUGHPUT bytes=12404736 rate=25197bps elapsed=492.3s
2026-05-16T23:47:43.221Z THROUGHPUT bytes=12660736 rate=25201bps elapsed=502.4s
2026-05-16T23:47:53.367Z THROUGHPUT bytes=12914688 rate=25197bps elapsed=512.5s
2026-05-16T23:48:03.405Z THROUGHPUT bytes=13168640 rate=25199bps elapsed=522.6s
2026-05-16T23:48:13.450Z THROUGHPUT bytes=13420544 rate=25197bps elapsed=532.6s
2026-05-16T23:48:23.623Z THROUGHPUT bytes=13676544 rate=25196bps elapsed=542.8s
2026-05-16T23:48:33.761Z THROUGHPUT bytes=13932544 rate=25197bps elapsed=552.9s
2026-05-16T23:48:43.940Z THROUGHPUT bytes=14188544 rate=25197bps elapsed=563.1s
2026-05-16T23:48:54.011Z THROUGHPUT bytes=14442496 rate=25197bps elapsed=573.2s
2026-05-16T23:49:04.075Z THROUGHPUT bytes=14696448 rate=25198bps elapsed=583.2s
2026-05-16T23:49:14.165Z THROUGHPUT bytes=14950400 rate=25197bps elapsed=593.3s
2026-05-16T23:49:24.312Z THROUGHPUT bytes=15206400 rate=25198bps elapsed=603.5s
2026-05-16T23:49:34.370Z THROUGHPUT bytes=15460352 rate=25198bps elapsed=613.5s
2026-05-16T23:49:44.451Z THROUGHPUT bytes=15714304 rate=25198bps elapsed=623.6s
2026-05-16T23:49:54.525Z THROUGHPUT bytes=15968256 rate=25198bps elapsed=633.7s
2026-05-16T23:50:04.589Z THROUGHPUT bytes=16222208 rate=25199bps elapsed=643.8s
2026-05-16T23:50:14.714Z THROUGHPUT bytes=16476160 rate=25197bps elapsed=653.9s
2026-05-16T23:50:24.725Z THROUGHPUT bytes=16730112 rate=25200bps elapsed=663.9s
2026-05-16T23:50:34.847Z THROUGHPUT bytes=16984064 rate=25198bps elapsed=674.0s
2026-05-16T23:50:44.943Z THROUGHPUT bytes=17238016 rate=25197bps elapsed=684.1s
2026-05-16T23:50:55.106Z THROUGHPUT bytes=17494016 rate=25197bps elapsed=694.3s
2026-05-16T23:51:05.250Z THROUGHPUT bytes=17750016 rate=25198bps elapsed=704.4s
2026-05-16T23:51:15.316Z THROUGHPUT bytes=18003968 rate=25198bps elapsed=714.5s
2026-05-16T23:51:25.426Z THROUGHPUT bytes=18257920 rate=25197bps elapsed=724.6s
2026-05-16T23:51:35.504Z THROUGHPUT bytes=18513920 rate=25200bps elapsed=734.7s
2026-05-16T23:51:45.555Z THROUGHPUT bytes=18767872 rate=25201bps elapsed=744.7s
2026-05-16T23:51:55.645Z THROUGHPUT bytes=19019776 rate=25198bps elapsed=754.8s
2026-05-16T23:52:05.813Z THROUGHPUT bytes=19275776 rate=25197bps elapsed=765.0s
2026-05-16T23:52:15.884Z THROUGHPUT bytes=19529728 rate=25198bps elapsed=775.0s
2026-05-16T23:52:26.004Z THROUGHPUT bytes=19785728 rate=25199bps elapsed=785.2s
2026-05-16T23:52:36.133Z THROUGHPUT bytes=20039680 rate=25197bps elapsed=795.3s
2026-05-16T23:52:46.212Z THROUGHPUT bytes=20293632 rate=25197bps elapsed=805.4s
2026-05-16T23:52:56.369Z THROUGHPUT bytes=20549632 rate=25197bps elapsed=815.5s
2026-05-16T23:53:06.455Z THROUGHPUT bytes=20805632 rate=25200bps elapsed=825.6s
2026-05-16T23:53:16.513Z THROUGHPUT bytes=21057536 rate=25198bps elapsed=835.7s
2026-05-16T23:53:26.595Z THROUGHPUT bytes=21311488 rate=25198bps elapsed=845.8s
2026-05-16T23:53:36.763Z THROUGHPUT bytes=21567488 rate=25197bps elapsed=855.9s
2026-05-16T23:53:46.909Z THROUGHPUT bytes=21823488 rate=25198bps elapsed=866.1s
2026-05-16T23:53:56.979Z THROUGHPUT bytes=22077440 rate=25198bps elapsed=876.1s
2026-05-16T23:54:07.046Z THROUGHPUT bytes=22333440 rate=25201bps elapsed=886.2s
2026-05-16T23:54:17.056Z THROUGHPUT bytes=22583296 rate=25198bps elapsed=896.2s
2026-05-16T23:54:27.065Z THROUGHPUT bytes=22835200 rate=25198bps elapsed=906.2s
2026-05-16T23:54:37.229Z THROUGHPUT bytes=23091200 rate=25198bps elapsed=916.4s
2026-05-16T23:54:47.238Z THROUGHPUT bytes=23345152 rate=25200bps elapsed=926.4s
2026-05-16T23:54:57.286Z THROUGHPUT bytes=23599104 rate=25200bps elapsed=936.4s
2026-05-16T23:55:07.303Z THROUGHPUT bytes=23851008 rate=25200bps elapsed=946.5s
2026-05-16T23:55:17.372Z THROUGHPUT bytes=24104960 rate=25200bps elapsed=956.5s
2026-05-16T23:55:27.452Z THROUGHPUT bytes=24358912 rate=25200bps elapsed=966.6s
2026-05-16T23:55:37.517Z THROUGHPUT bytes=24612864 rate=25200bps elapsed=976.7s
2026-05-16T23:55:47.527Z THROUGHPUT bytes=24864768 rate=25200bps elapsed=986.7s
2026-05-16T23:55:57.579Z THROUGHPUT bytes=25118720 rate=25201bps elapsed=996.7s
2026-05-16T23:56:07.609Z THROUGHPUT bytes=25370624 rate=25200bps elapsed=1006.8s
2026-05-16T23:56:17.679Z THROUGHPUT bytes=25624576 rate=25200bps elapsed=1016.8s
2026-05-16T23:56:27.728Z THROUGHPUT bytes=25878528 rate=25201bps elapsed=1026.9s
2026-05-16T23:56:37.758Z THROUGHPUT bytes=26130432 rate=25200bps elapsed=1036.9s
2026-05-16T23:56:47.825Z THROUGHPUT bytes=26384384 rate=25200bps elapsed=1047.0s
2026-05-16T23:56:57.849Z THROUGHPUT bytes=26638336 rate=25201bps elapsed=1057.0s
2026-05-16T23:57:07.889Z THROUGHPUT bytes=26890240 rate=25200bps elapsed=1067.0s
2026-05-16T23:57:17.979Z THROUGHPUT bytes=27144192 rate=25200bps elapsed=1077.1s
2026-05-16T23:57:27.983Z THROUGHPUT bytes=27396096 rate=25200bps elapsed=1087.1s
2026-05-16T23:57:38.037Z THROUGHPUT bytes=27650048 rate=25200bps elapsed=1097.2s
2026-05-16T23:57:48.056Z THROUGHPUT bytes=27901952 rate=25200bps elapsed=1107.2s
2026-05-16T23:57:58.134Z THROUGHPUT bytes=28155904 rate=25200bps elapsed=1117.3s
2026-05-16T23:58:08.195Z THROUGHPUT bytes=28409856 rate=25200bps elapsed=1127.3s
2026-05-16T23:58:18.232Z THROUGHPUT bytes=28663808 rate=25201bps elapsed=1137.4s
2026-05-16T23:58:28.241Z THROUGHPUT bytes=28915712 rate=25201bps elapsed=1147.4s
2026-05-16T23:58:38.346Z THROUGHPUT bytes=29169664 rate=25200bps elapsed=1157.5s
2026-05-16T23:58:48.429Z THROUGHPUT bytes=29423616 rate=25200bps elapsed=1167.6s
2026-05-16T23:58:58.440Z THROUGHPUT bytes=29675520 rate=25200bps elapsed=1177.6s
2026-05-16T23:59:08.484Z THROUGHPUT bytes=29929472 rate=25200bps elapsed=1187.6s
2026-05-16T23:59:18.513Z THROUGHPUT bytes=30181376 rate=25200bps elapsed=1197.7s
2026-05-16T23:59:28.582Z THROUGHPUT bytes=30435328 rate=25200bps elapsed=1207.7s
2026-05-16T23:59:38.663Z THROUGHPUT bytes=30689280 rate=25200bps elapsed=1217.8s
2026-05-16T23:59:48.714Z THROUGHPUT bytes=30943232 rate=25200bps elapsed=1227.9s
2026-05-16T23:59:58.736Z THROUGHPUT bytes=31195136 rate=25200bps elapsed=1237.9s
2026-05-17T00:00:08.812Z THROUGHPUT bytes=31449088 rate=25200bps elapsed=1248.0s
2026-05-17T00:00:18.815Z THROUGHPUT bytes=31700992 rate=25200bps elapsed=1258.0s
2026-05-17T00:00:28.897Z THROUGHPUT bytes=31954944 rate=25200bps elapsed=1268.0s
2026-05-17T00:00:38.893Z THROUGHPUT bytes=32206848 rate=25200bps elapsed=1278.0s
2026-05-17T00:00:48.943Z THROUGHPUT bytes=32460800 rate=25200bps elapsed=1288.1s
2026-05-17T00:00:58.960Z THROUGHPUT bytes=32712704 rate=25200bps elapsed=1298.1s
2026-05-17T00:01:08.963Z THROUGHPUT bytes=32964608 rate=25200bps elapsed=1308.1s
2026-05-17T00:01:18.983Z THROUGHPUT bytes=33218560 rate=25201bps elapsed=1318.1s
2026-05-17T00:01:29.012Z THROUGHPUT bytes=33470464 rate=25200bps elapsed=1328.2s
2026-05-17T00:01:39.090Z THROUGHPUT bytes=33724416 rate=25200bps elapsed=1338.2s
2026-05-17T00:01:49.104Z THROUGHPUT bytes=33976320 rate=25200bps elapsed=1348.3s
2026-05-17T00:01:59.181Z THROUGHPUT bytes=34230272 rate=25200bps elapsed=1358.3s
2026-05-17T00:02:09.184Z THROUGHPUT bytes=34482176 rate=25200bps elapsed=1368.3s
2026-05-17T00:02:19.202Z THROUGHPUT bytes=34736128 rate=25201bps elapsed=1378.4s
2026-05-17T00:02:29.255Z THROUGHPUT bytes=34988032 rate=25200bps elapsed=1388.4s
2026-05-17T00:02:39.318Z THROUGHPUT bytes=35241984 rate=25200bps elapsed=1398.5s
2026-05-17T00:02:49.405Z THROUGHPUT bytes=35495936 rate=25200bps elapsed=1408.6s
2026-05-17T00:02:59.485Z THROUGHPUT bytes=35749888 rate=25200bps elapsed=1418.6s
2026-05-17T00:03:09.555Z THROUGHPUT bytes=36003840 rate=25200bps elapsed=1428.7s
2026-05-17T00:03:19.642Z THROUGHPUT bytes=36257792 rate=25200bps elapsed=1438.8s
2026-05-17T00:03:29.705Z THROUGHPUT bytes=36511744 rate=25200bps elapsed=1448.9s
2026-05-17T00:03:39.709Z THROUGHPUT bytes=36763648 rate=25200bps elapsed=1458.9s
2026-05-17T00:03:49.773Z THROUGHPUT bytes=37017600 rate=25200bps elapsed=1468.9s
2026-05-17T00:03:59.778Z THROUGHPUT bytes=37269504 rate=25200bps elapsed=1478.9s
2026-05-17T00:04:09.855Z THROUGHPUT bytes=37523456 rate=25200bps elapsed=1489.0s
2026-05-17T00:04:19.907Z THROUGHPUT bytes=37777408 rate=25200bps elapsed=1499.1s
2026-05-17T00:04:29.931Z THROUGHPUT bytes=38031360 rate=25201bps elapsed=1509.1s
2026-05-17T00:04:39.974Z THROUGHPUT bytes=38283264 rate=25200bps elapsed=1519.1s
2026-05-17T00:04:49.973Z THROUGHPUT bytes=38535168 rate=25200bps elapsed=1529.1s
2026-05-17T00:05:00.052Z THROUGHPUT bytes=38789120 rate=25200bps elapsed=1539.2s
2026-05-17T00:05:10.100Z THROUGHPUT bytes=39043072 rate=25200bps elapsed=1549.3s
2026-05-17T00:05:20.107Z THROUGHPUT bytes=39294976 rate=25200bps elapsed=1559.3s
2026-05-17T00:05:30.113Z THROUGHPUT bytes=39546880 rate=25200bps elapsed=1569.3s
2026-05-17T00:05:40.202Z THROUGHPUT bytes=39800832 rate=25200bps elapsed=1579.4s
2026-05-17T00:05:50.273Z THROUGHPUT bytes=40054784 rate=25200bps elapsed=1589.4s
2026-05-17T00:06:00.331Z THROUGHPUT bytes=40308736 rate=25200bps elapsed=1599.5s
2026-05-17T00:06:10.424Z THROUGHPUT bytes=40562688 rate=25200bps elapsed=1609.6s
2026-05-17T00:06:20.510Z THROUGHPUT bytes=40816640 rate=25200bps elapsed=1619.7s
2026-05-17T00:06:30.580Z THROUGHPUT bytes=41070592 rate=25200bps elapsed=1629.8s
2026-05-17T00:06:40.597Z THROUGHPUT bytes=41322496 rate=25200bps elapsed=1639.8s
2026-05-17T00:06:44.396Z CLIENT_DISCONNECT send_error
2026-05-17T00:06:50.677Z THROUGHPUT bytes=41576448 rate=25200bps elapsed=1649.9s
2026-05-17T00:07:00.757Z THROUGHPUT bytes=41830400 rate=25200bps elapsed=1659.9s
2026-05-17T00:07:10.760Z THROUGHPUT bytes=42084352 rate=25201bps elapsed=1669.9s
2026-05-17T00:07:20.825Z THROUGHPUT bytes=42336256 rate=25200bps elapsed=1680.0s
2026-05-17T00:07:30.866Z THROUGHPUT bytes=42590208 rate=25200bps elapsed=1690.0s
2026-05-17T00:07:40.882Z THROUGHPUT bytes=42842112 rate=25200bps elapsed=1700.1s
2026-05-17T00:07:50.886Z THROUGHPUT bytes=43094016 rate=25200bps elapsed=1710.1s
2026-05-17T00:08:00.972Z THROUGHPUT bytes=43347968 rate=25200bps elapsed=1720.1s
2026-05-17T00:08:10.971Z THROUGHPUT bytes=43599872 rate=25200bps elapsed=1730.1s
2026-05-17T00:08:20.997Z THROUGHPUT bytes=43853824 rate=25200bps elapsed=1740.2s
2026-05-17T00:08:31.045Z THROUGHPUT bytes=44105728 rate=25200bps elapsed=1750.2s
2026-05-17T00:08:41.089Z THROUGHPUT bytes=44359680 rate=25200bps elapsed=1760.3s
2026-05-17T00:08:51.111Z THROUGHPUT bytes=44611584 rate=25200bps elapsed=1770.3s
2026-05-17T00:09:01.164Z THROUGHPUT bytes=44865536 rate=25200bps elapsed=1780.3s
2026-05-17T00:09:11.181Z THROUGHPUT bytes=45117440 rate=25200bps elapsed=1790.4s
2026-05-17T00:09:21.262Z THROUGHPUT bytes=45371392 rate=25200bps elapsed=1800.4s
2026-05-17T00:09:31.310Z THROUGHPUT bytes=45625344 rate=25200bps elapsed=1810.5s
2026-05-17T00:09:41.397Z THROUGHPUT bytes=45879296 rate=25200bps elapsed=1820.6s
2026-05-17T00:09:51.409Z THROUGHPUT bytes=46131200 rate=25200bps elapsed=1830.6s
2026-05-17T00:10:01.492Z THROUGHPUT bytes=46385152 rate=25200bps elapsed=1840.7s
2026-05-17T00:10:11.510Z THROUGHPUT bytes=46639104 rate=25201bps elapsed=1850.7s
2026-05-17T00:10:21.550Z THROUGHPUT bytes=46891008 rate=25200bps elapsed=1860.7s
2026-05-17T00:10:31.570Z THROUGHPUT bytes=47142912 rate=25200bps elapsed=1870.7s
2026-05-17T00:10:41.631Z THROUGHPUT bytes=47396864 rate=25200bps elapsed=1880.8s
2026-05-17T00:10:51.724Z THROUGHPUT bytes=47650816 rate=25200bps elapsed=1890.9s
2026-05-17T00:11:01.738Z THROUGHPUT bytes=47904768 rate=25200bps elapsed=1900.9s
2026-05-17T00:11:11.792Z THROUGHPUT bytes=48156672 rate=25200bps elapsed=1911.0s
2026-05-17T00:11:21.870Z THROUGHPUT bytes=48410624 rate=25200bps elapsed=1921.0s
2026-05-17T00:11:31.954Z THROUGHPUT bytes=48664576 rate=25200bps elapsed=1931.1s
2026-05-17T00:11:41.981Z THROUGHPUT bytes=48916480 rate=25199bps elapsed=1941.2s
2026-05-17T00:11:52.066Z THROUGHPUT bytes=49170432 rate=25199bps elapsed=1951.2s
2026-05-17T00:12:02.162Z THROUGHPUT bytes=49424384 rate=25199bps elapsed=1961.3s
2026-05-17T00:12:12.170Z THROUGHPUT bytes=49676288 rate=25199bps elapsed=1971.3s
2026-05-17T00:12:22.327Z THROUGHPUT bytes=49932288 rate=25199bps elapsed=1981.5s
2026-05-17T00:12:32.495Z THROUGHPUT bytes=50188288 rate=25199bps elapsed=1991.7s
2026-05-17T00:12:42.555Z THROUGHPUT bytes=50442240 rate=25199bps elapsed=2001.7s
2026-05-17T00:12:52.642Z THROUGHPUT bytes=50698240 rate=25200bps elapsed=2011.8s
2026-05-17T00:13:02.726Z THROUGHPUT bytes=50950144 rate=25199bps elapsed=2021.9s
2026-05-17T00:13:12.790Z THROUGHPUT bytes=51206144 rate=25200bps elapsed=2032.0s
2026-05-17T00:13:22.940Z THROUGHPUT bytes=51460096 rate=25199bps elapsed=2042.1s
2026-05-17T00:13:32.996Z THROUGHPUT bytes=51714048 rate=25199bps elapsed=2052.2s
2026-05-17T00:13:43.028Z THROUGHPUT bytes=51965952 rate=25199bps elapsed=2062.2s
2026-05-17T00:13:53.171Z THROUGHPUT bytes=52221952 rate=25199bps elapsed=2072.3s
2026-05-17T00:14:03.265Z THROUGHPUT bytes=52475904 rate=25199bps elapsed=2082.4s
2026-05-17T00:14:13.426Z THROUGHPUT bytes=52731904 rate=25199bps elapsed=2092.6s
2026-05-17T00:14:23.478Z THROUGHPUT bytes=52985856 rate=25199bps elapsed=2102.7s
2026-05-17T00:14:33.547Z THROUGHPUT bytes=53239808 rate=25199bps elapsed=2112.7s
2026-05-17T00:14:43.573Z THROUGHPUT bytes=53493760 rate=25200bps elapsed=2122.7s
2026-05-17T00:14:53.660Z THROUGHPUT bytes=53745664 rate=25199bps elapsed=2132.8s
2026-05-17T00:15:03.706Z THROUGHPUT bytes=53999616 rate=25199bps elapsed=2142.9s
2026-05-17T00:15:13.734Z THROUGHPUT bytes=54251520 rate=25199bps elapsed=2152.9s
2026-05-17T00:15:23.809Z THROUGHPUT bytes=54505472 rate=25199bps elapsed=2163.0s
2026-05-17T00:15:33.959Z THROUGHPUT bytes=54761472 rate=25199bps elapsed=2173.1s
2026-05-17T00:15:44.038Z THROUGHPUT bytes=55015424 rate=25199bps elapsed=2183.2s
2026-05-17T00:15:54.043Z THROUGHPUT bytes=55267328 rate=25199bps elapsed=2193.2s
2026-05-17T00:16:04.167Z THROUGHPUT bytes=55523328 rate=25199bps elapsed=2203.3s
2026-05-17T00:16:14.200Z THROUGHPUT bytes=55775232 rate=25199bps elapsed=2213.4s
2026-05-17T00:16:24.334Z THROUGHPUT bytes=56031232 rate=25199bps elapsed=2223.5s
2026-05-17T00:16:34.417Z THROUGHPUT bytes=56285184 rate=25199bps elapsed=2233.6s
2026-05-17T00:16:44.556Z THROUGHPUT bytes=56541184 rate=25199bps elapsed=2243.7s
2026-05-17T00:16:54.569Z THROUGHPUT bytes=56795136 rate=25200bps elapsed=2253.7s
2026-05-17T00:17:04.582Z THROUGHPUT bytes=57044992 rate=25199bps elapsed=2263.8s
2026-05-17T00:17:14.642Z THROUGHPUT bytes=57298944 rate=25199bps elapsed=2273.8s
2026-05-17T00:17:24.805Z THROUGHPUT bytes=57554944 rate=25199bps elapsed=2284.0s
2026-05-17T00:17:34.980Z THROUGHPUT bytes=57810944 rate=25199bps elapsed=2294.2s
2026-05-17T00:17:45.119Z THROUGHPUT bytes=58066944 rate=25199bps elapsed=2304.3s
2026-05-17T00:17:55.301Z THROUGHPUT bytes=58322944 rate=25199bps elapsed=2314.5s
2026-05-17T00:18:05.448Z THROUGHPUT bytes=58578944 rate=25199bps elapsed=2324.6s
2026-05-17T00:18:15.578Z THROUGHPUT bytes=58834944 rate=25199bps elapsed=2334.7s
2026-05-17T00:18:25.613Z THROUGHPUT bytes=59086848 rate=25199bps elapsed=2344.8s
2026-05-17T00:18:35.766Z THROUGHPUT bytes=59342848 rate=25199bps elapsed=2354.9s
2026-05-17T00:18:45.827Z THROUGHPUT bytes=59596800 rate=25199bps elapsed=2365.0s
2026-05-17T00:18:56.001Z THROUGHPUT bytes=59852800 rate=25199bps elapsed=2375.2s
2026-05-17T00:19:06.169Z THROUGHPUT bytes=60108800 rate=25199bps elapsed=2385.3s
2026-05-17T00:19:16.324Z THROUGHPUT bytes=60364800 rate=25199bps elapsed=2395.5s
2026-05-17T00:19:26.373Z THROUGHPUT bytes=60618752 rate=25199bps elapsed=2405.5s
2026-05-17T00:19:36.397Z THROUGHPUT bytes=60870656 rate=25199bps elapsed=2415.6s
2026-05-17T00:19:46.450Z THROUGHPUT bytes=61124608 rate=25199bps elapsed=2425.6s
2026-05-17T00:19:56.545Z THROUGHPUT bytes=61378560 rate=25199bps elapsed=2435.7s
2026-05-17T00:20:06.552Z THROUGHPUT bytes=61630464 rate=25199bps elapsed=2445.7s
2026-05-17T00:20:16.703Z THROUGHPUT bytes=61886464 rate=25199bps elapsed=2455.9s
2026-05-17T00:20:26.704Z THROUGHPUT bytes=62138368 rate=25199bps elapsed=2465.9s
2026-05-17T00:20:36.720Z THROUGHPUT bytes=62392320 rate=25199bps elapsed=2475.9s
2026-05-17T00:20:46.772Z THROUGHPUT bytes=62644224 rate=25199bps elapsed=2485.9s
2026-05-17T00:20:56.923Z THROUGHPUT bytes=62900224 rate=25199bps elapsed=2496.1s
2026-05-17T00:21:07.003Z THROUGHPUT bytes=63154176 rate=25199bps elapsed=2506.2s
2026-05-17T00:21:17.088Z THROUGHPUT bytes=63408128 rate=25199bps elapsed=2516.3s
2026-05-17T00:21:27.144Z THROUGHPUT bytes=63662080 rate=25199bps elapsed=2526.3s
2026-05-17T00:21:37.236Z THROUGHPUT bytes=63916032 rate=25199bps elapsed=2536.4s
2026-05-17T00:21:47.396Z THROUGHPUT bytes=64172032 rate=25199bps elapsed=2546.6s
2026-05-17T00:21:57.478Z THROUGHPUT bytes=64425984 rate=25199bps elapsed=2556.6s
2026-05-17T00:22:07.562Z THROUGHPUT bytes=64679936 rate=25199bps elapsed=2566.7s
2026-05-17T00:22:17.669Z THROUGHPUT bytes=64935936 rate=25199bps elapsed=2576.8s
2026-05-17T00:22:27.677Z THROUGHPUT bytes=65187840 rate=25199bps elapsed=2586.8s
2026-05-17T00:22:37.792Z THROUGHPUT bytes=65441792 rate=25199bps elapsed=2597.0s
2026-05-17T00:22:47.954Z THROUGHPUT bytes=65697792 rate=25199bps elapsed=2607.1s
2026-05-17T00:22:58.030Z THROUGHPUT bytes=65951744 rate=25199bps elapsed=2617.2s
2026-05-17T00:23:08.169Z THROUGHPUT bytes=66207744 rate=25199bps elapsed=2627.3s
2026-05-17T00:23:18.212Z THROUGHPUT bytes=66461696 rate=25199bps elapsed=2637.4s
2026-05-17T00:23:28.420Z THROUGHPUT bytes=66717696 rate=25199bps elapsed=2647.6s
2026-05-17T00:23:38.466Z THROUGHPUT bytes=66971648 rate=25199bps elapsed=2657.6s
2026-05-17T00:23:48.476Z THROUGHPUT bytes=67223552 rate=25199bps elapsed=2667.6s
2026-05-17T00:23:58.658Z THROUGHPUT bytes=67479552 rate=25199bps elapsed=2677.8s
2026-05-17T00:24:08.789Z THROUGHPUT bytes=67735552 rate=25199bps elapsed=2688.0s
2026-05-17T00:24:18.828Z THROUGHPUT bytes=67989504 rate=25200bps elapsed=2698.0s
2026-05-17T00:24:28.971Z THROUGHPUT bytes=68243456 rate=25199bps elapsed=2708.1s
2026-05-17T00:24:39.031Z THROUGHPUT bytes=68497408 rate=25199bps elapsed=2718.2s
2026-05-17T00:24:49.197Z THROUGHPUT bytes=68753408 rate=25199bps elapsed=2728.4s
2026-05-17T00:24:59.257Z THROUGHPUT bytes=69007360 rate=25199bps elapsed=2738.4s
2026-05-17T00:25:09.258Z THROUGHPUT bytes=69259264 rate=25199bps elapsed=2748.4s
2026-05-17T00:25:19.274Z THROUGHPUT bytes=69511168 rate=25199bps elapsed=2758.4s
2026-05-17T00:25:29.438Z THROUGHPUT bytes=69767168 rate=25199bps elapsed=2768.6s
2026-05-17T00:25:39.548Z THROUGHPUT bytes=70023168 rate=25199bps elapsed=2778.7s
2026-05-17T00:25:49.676Z THROUGHPUT bytes=70277120 rate=25199bps elapsed=2788.8s
2026-05-17T00:25:59.830Z THROUGHPUT bytes=70533120 rate=25199bps elapsed=2799.0s
2026-05-17T00:26:09.881Z THROUGHPUT bytes=70787072 rate=25199bps elapsed=2809.0s
2026-05-17T00:26:20.057Z THROUGHPUT bytes=71043072 rate=25199bps elapsed=2819.2s
2026-05-17T00:26:30.126Z THROUGHPUT bytes=71297024 rate=25199bps elapsed=2829.3s
2026-05-17T00:26:40.307Z THROUGHPUT bytes=71553024 rate=25199bps elapsed=2839.5s
2026-05-17T00:26:50.385Z THROUGHPUT bytes=71806976 rate=25199bps elapsed=2849.6s
2026-05-17T00:27:00.432Z THROUGHPUT bytes=72060928 rate=25199bps elapsed=2859.6s
2026-05-17T00:27:10.464Z THROUGHPUT bytes=72314880 rate=25200bps elapsed=2869.6s
2026-05-17T00:27:20.566Z THROUGHPUT bytes=72568832 rate=25199bps elapsed=2879.7s
2026-05-17T00:27:30.591Z THROUGHPUT bytes=72822784 rate=25200bps elapsed=2889.8s
2026-05-17T00:27:40.655Z THROUGHPUT bytes=73074688 rate=25199bps elapsed=2899.8s
2026-05-17T00:27:50.658Z THROUGHPUT bytes=73326592 rate=25199bps elapsed=2909.8s
2026-05-17T00:28:00.683Z THROUGHPUT bytes=73578496 rate=25199bps elapsed=2919.8s
2026-05-17T00:28:10.833Z THROUGHPUT bytes=73834496 rate=25199bps elapsed=2930.0s
2026-05-17T00:28:20.835Z THROUGHPUT bytes=74086400 rate=25199bps elapsed=2940.0s
2026-05-17T00:28:30.860Z THROUGHPUT bytes=74340352 rate=25199bps elapsed=2950.0s
2026-05-17T00:28:40.950Z THROUGHPUT bytes=74594304 rate=25199bps elapsed=2960.1s
2026-05-17T00:28:50.988Z THROUGHPUT bytes=74846208 rate=25199bps elapsed=2970.2s
2026-05-17T00:29:01.048Z THROUGHPUT bytes=75100160 rate=25199bps elapsed=2980.2s
2026-05-17T00:29:11.054Z THROUGHPUT bytes=75352064 rate=25199bps elapsed=2990.2s
2026-05-17T00:29:21.149Z THROUGHPUT bytes=75608064 rate=25200bps elapsed=3000.3s
2026-05-17T00:29:31.281Z THROUGHPUT bytes=75862016 rate=25199bps elapsed=3010.4s
2026-05-17T00:29:41.329Z THROUGHPUT bytes=76115968 rate=25199bps elapsed=3020.5s
2026-05-17T00:29:51.368Z THROUGHPUT bytes=76367872 rate=25199bps elapsed=3030.5s
2026-05-17T00:30:01.406Z THROUGHPUT bytes=76621824 rate=25199bps elapsed=3040.6s
2026-05-17T00:30:11.449Z THROUGHPUT bytes=76873728 rate=25199bps elapsed=3050.6s
2026-05-17T00:30:21.539Z THROUGHPUT bytes=77129728 rate=25200bps elapsed=3060.7s
2026-05-17T00:30:31.684Z THROUGHPUT bytes=77383680 rate=25199bps elapsed=3070.8s
2026-05-17T00:30:41.691Z THROUGHPUT bytes=77635584 rate=25199bps elapsed=3080.9s
2026-05-17T00:30:51.774Z THROUGHPUT bytes=77891584 rate=25199bps elapsed=3090.9s
2026-05-17T00:31:01.917Z THROUGHPUT bytes=78145536 rate=25199bps elapsed=3101.1s
2026-05-17T00:31:11.969Z THROUGHPUT bytes=78399488 rate=25199bps elapsed=3111.1s
2026-05-17T00:31:22.012Z THROUGHPUT bytes=78653440 rate=25199bps elapsed=3121.2s
2026-05-17T00:31:32.067Z THROUGHPUT bytes=78905344 rate=25199bps elapsed=3131.2s
2026-05-17T00:31:42.103Z THROUGHPUT bytes=79159296 rate=25199bps elapsed=3141.3s
2026-05-17T00:31:52.141Z THROUGHPUT bytes=79411200 rate=25199bps elapsed=3151.3s
2026-05-17T00:32:02.210Z THROUGHPUT bytes=79665152 rate=25199bps elapsed=3161.4s
2026-05-17T00:32:12.254Z THROUGHPUT bytes=79919104 rate=25199bps elapsed=3171.4s
2026-05-17T00:32:22.374Z THROUGHPUT bytes=80173056 rate=25199bps elapsed=3181.5s
2026-05-17T00:32:32.451Z THROUGHPUT bytes=80427008 rate=25199bps elapsed=3191.6s
2026-05-17T00:32:42.485Z THROUGHPUT bytes=80680960 rate=25199bps elapsed=3201.6s
2026-05-17T00:32:52.610Z THROUGHPUT bytes=80934912 rate=25199bps elapsed=3211.8s
2026-05-17T00:33:02.633Z THROUGHPUT bytes=81190912 rate=25200bps elapsed=3221.8s
2026-05-17T00:33:12.650Z THROUGHPUT bytes=81440768 rate=25199bps elapsed=3231.8s
2026-05-17T00:33:22.669Z THROUGHPUT bytes=81692672 rate=25199bps elapsed=3241.8s
2026-05-17T00:33:32.673Z THROUGHPUT bytes=81944576 rate=25199bps elapsed=3251.8s
2026-05-17T00:33:42.703Z THROUGHPUT bytes=82200576 rate=25200bps elapsed=3261.9s
2026-05-17T00:33:52.805Z THROUGHPUT bytes=82452480 rate=25199bps elapsed=3272.0s
2026-05-17T00:34:02.901Z THROUGHPUT bytes=82706432 rate=25199bps elapsed=3282.1s
2026-05-17T00:34:13.051Z THROUGHPUT bytes=82962432 rate=25199bps elapsed=3292.2s
2026-05-17T00:34:23.123Z THROUGHPUT bytes=83216384 rate=25199bps elapsed=3302.3s
2026-05-17T00:34:33.210Z THROUGHPUT bytes=83470336 rate=25199bps elapsed=3312.4s
2026-05-17T00:34:43.234Z THROUGHPUT bytes=83726336 rate=25200bps elapsed=3322.4s
2026-05-17T00:34:53.363Z THROUGHPUT bytes=83978240 rate=25199bps elapsed=3332.5s
2026-05-17T00:35:03.366Z THROUGHPUT bytes=84230144 rate=25199bps elapsed=3342.5s
2026-05-17T00:35:13.370Z THROUGHPUT bytes=84482048 rate=25199bps elapsed=3352.5s
2026-05-17T00:35:23.511Z THROUGHPUT bytes=84738048 rate=25199bps elapsed=3362.7s
2026-05-17T00:35:33.553Z THROUGHPUT bytes=84992000 rate=25199bps elapsed=3372.7s
2026-05-17T00:35:43.666Z THROUGHPUT bytes=85245952 rate=25199bps elapsed=3382.8s
2026-05-17T00:35:53.679Z THROUGHPUT bytes=85497856 rate=25199bps elapsed=3392.8s
2026-05-17T00:36:03.756Z THROUGHPUT bytes=85751808 rate=25199bps elapsed=3402.9s
2026-05-17T00:36:13.780Z THROUGHPUT bytes=86005760 rate=25199bps elapsed=3412.9s
2026-05-17T00:36:23.815Z THROUGHPUT bytes=86257664 rate=25199bps elapsed=3423.0s
2026-05-17T00:36:33.984Z THROUGHPUT bytes=86513664 rate=25199bps elapsed=3433.1s
2026-05-17T00:36:44.143Z THROUGHPUT bytes=86769664 rate=25199bps elapsed=3443.3s
2026-05-17T00:36:54.213Z THROUGHPUT bytes=87023616 rate=25199bps elapsed=3453.4s
2026-05-17T00:37:04.303Z THROUGHPUT bytes=87277568 rate=25199bps elapsed=3463.5s
2026-05-17T00:37:14.461Z THROUGHPUT bytes=87533568 rate=25199bps elapsed=3473.6s
2026-05-17T00:37:24.482Z THROUGHPUT bytes=87787520 rate=25199bps elapsed=3483.6s
2026-05-17T00:37:34.521Z THROUGHPUT bytes=88039424 rate=25199bps elapsed=3493.7s
2026-05-17T00:37:44.612Z THROUGHPUT bytes=88293376 rate=25199bps elapsed=3503.8s
2026-05-17T00:37:54.678Z THROUGHPUT bytes=88547328 rate=25199bps elapsed=3513.8s
2026-05-17T00:38:04.701Z THROUGHPUT bytes=88803328 rate=25200bps elapsed=3523.9s
2026-05-17T00:38:14.743Z THROUGHPUT bytes=89053184 rate=25199bps elapsed=3533.9s
2026-05-17T00:38:24.762Z THROUGHPUT bytes=89305088 rate=25199bps elapsed=3543.9s
2026-05-17T00:38:34.918Z THROUGHPUT bytes=89561088 rate=25199bps elapsed=3554.1s
2026-05-17T00:38:45.053Z THROUGHPUT bytes=89817088 rate=25199bps elapsed=3564.2s
2026-05-17T00:38:55.140Z THROUGHPUT bytes=90071040 rate=25199bps elapsed=3574.3s
2026-05-17T00:39:05.219Z THROUGHPUT bytes=90324992 rate=25199bps elapsed=3584.4s
2026-05-17T00:39:15.224Z THROUGHPUT bytes=90576896 rate=25199bps elapsed=3594.4s
2026-05-17T00:39:25.306Z THROUGHPUT bytes=90830848 rate=25199bps elapsed=3604.5s
2026-05-17T00:39:35.334Z THROUGHPUT bytes=91084800 rate=25199bps elapsed=3614.5s
2026-05-17T00:39:45.354Z THROUGHPUT bytes=91338752 rate=25200bps elapsed=3624.5s
2026-05-17T00:39:55.446Z THROUGHPUT bytes=91590656 rate=25199bps elapsed=3634.6s
2026-05-17T00:40:05.529Z THROUGHPUT bytes=91844608 rate=25199bps elapsed=3644.7s
2026-05-17T00:40:15.697Z THROUGHPUT bytes=92100608 rate=25199bps elapsed=3654.9s
2026-05-17T00:40:25.809Z THROUGHPUT bytes=92356608 rate=25199bps elapsed=3665.0s
2026-05-17T00:40:36.000Z THROUGHPUT bytes=92612608 rate=25199bps elapsed=3675.2s
2026-05-17T00:40:46.009Z THROUGHPUT bytes=92864512 rate=25199bps elapsed=3685.2s
2026-05-17T00:40:56.112Z THROUGHPUT bytes=93120512 rate=25199bps elapsed=3695.3s
2026-05-17T00:41:06.230Z THROUGHPUT bytes=93374464 rate=25199bps elapsed=3705.4s
2026-05-17T00:41:16.295Z THROUGHPUT bytes=93628416 rate=25199bps elapsed=3715.5s
2026-05-17T00:41:26.320Z THROUGHPUT bytes=93880320 rate=25199bps elapsed=3725.5s
2026-05-17T00:41:36.475Z THROUGHPUT bytes=94136320 rate=25199bps elapsed=3735.6s
2026-05-17T00:41:46.517Z THROUGHPUT bytes=94392320 rate=25200bps elapsed=3745.7s
2026-05-17T00:41:56.588Z THROUGHPUT bytes=94644224 rate=25199bps elapsed=3755.7s
2026-05-17T00:42:06.705Z THROUGHPUT bytes=94898176 rate=25199bps elapsed=3765.9s
2026-05-17T00:42:16.863Z THROUGHPUT bytes=95154176 rate=25199bps elapsed=3776.0s
2026-05-17T00:42:27.017Z THROUGHPUT bytes=95410176 rate=25199bps elapsed=3786.2s
2026-05-17T00:42:37.188Z THROUGHPUT bytes=95666176 rate=25199bps elapsed=3796.3s
2026-05-17T00:42:47.344Z THROUGHPUT bytes=95922176 rate=25199bps elapsed=3806.5s
2026-05-17T00:42:57.488Z THROUGHPUT bytes=96178176 rate=25199bps elapsed=3816.6s
2026-05-17T00:43:07.560Z THROUGHPUT bytes=96432128 rate=25199bps elapsed=3826.7s
2026-05-17T00:43:17.624Z THROUGHPUT bytes=96686080 rate=25199bps elapsed=3836.8s
2026-05-17T00:43:27.739Z THROUGHPUT bytes=96940032 rate=25199bps elapsed=3846.9s
2026-05-17T00:43:37.855Z THROUGHPUT bytes=97196032 rate=25199bps elapsed=3857.0s
2026-05-17T00:43:47.886Z THROUGHPUT bytes=97447936 rate=25199bps elapsed=3867.0s
2026-05-17T00:43:58.053Z THROUGHPUT bytes=97703936 rate=25199bps elapsed=3877.2s
2026-05-17T00:44:08.075Z THROUGHPUT bytes=97957888 rate=25199bps elapsed=3887.2s
2026-05-17T00:44:18.191Z THROUGHPUT bytes=98211840 rate=25199bps elapsed=3897.3s
2026-05-17T00:44:28.273Z THROUGHPUT bytes=98465792 rate=25199bps elapsed=3907.4s
2026-05-17T00:44:38.360Z THROUGHPUT bytes=98719744 rate=25199bps elapsed=3917.5s
2026-05-17T00:44:48.447Z THROUGHPUT bytes=98975744 rate=25200bps elapsed=3927.6s
2026-05-17T00:44:58.459Z THROUGHPUT bytes=99225600 rate=25199bps elapsed=3937.6s
2026-05-17T00:45:08.667Z THROUGHPUT bytes=99483648 rate=25199bps elapsed=3947.8s
2026-05-17T00:45:18.674Z THROUGHPUT bytes=99735552 rate=25199bps elapsed=3957.8s
2026-05-17T00:45:28.697Z THROUGHPUT bytes=99989504 rate=25199bps elapsed=3967.9s
2026-05-17T00:45:38.731Z THROUGHPUT bytes=100241408 rate=25199bps elapsed=3977.9s
2026-05-17T00:45:48.901Z THROUGHPUT bytes=100497408 rate=25199bps elapsed=3988.1s
2026-05-17T00:45:58.974Z THROUGHPUT bytes=100753408 rate=25200bps elapsed=3998.1s
2026-05-17T00:46:09.142Z THROUGHPUT bytes=101007360 rate=25199bps elapsed=4008.3s
2026-05-17T00:46:19.209Z THROUGHPUT bytes=101261312 rate=25199bps elapsed=4018.4s
2026-05-17T00:46:29.270Z THROUGHPUT bytes=101515264 rate=25199bps elapsed=4028.4s
2026-05-17T00:46:39.283Z THROUGHPUT bytes=101767168 rate=25199bps elapsed=4038.4s
2026-05-17T00:46:49.452Z THROUGHPUT bytes=102023168 rate=25199bps elapsed=4048.6s
2026-05-17T00:46:59.589Z THROUGHPUT bytes=102279168 rate=25199bps elapsed=4058.7s
2026-05-17T00:47:09.685Z THROUGHPUT bytes=102533120 rate=25199bps elapsed=4068.8s
2026-05-17T00:47:19.844Z THROUGHPUT bytes=102789120 rate=25199bps elapsed=4079.0s
2026-05-17T00:47:29.859Z THROUGHPUT bytes=103043072 rate=25199bps elapsed=4089.0s
2026-05-17T00:47:39.988Z THROUGHPUT bytes=103297024 rate=25199bps elapsed=4099.1s
2026-05-17T00:47:50.070Z THROUGHPUT bytes=103550976 rate=25199bps elapsed=4109.2s
2026-05-17T00:48:00.209Z THROUGHPUT bytes=103806976 rate=25199bps elapsed=4119.4s
2026-05-17T00:48:10.282Z THROUGHPUT bytes=104060928 rate=25199bps elapsed=4129.4s
2026-05-17T00:48:20.377Z THROUGHPUT bytes=104314880 rate=25199bps elapsed=4139.5s
2026-05-17T00:48:30.471Z THROUGHPUT bytes=104568832 rate=25199bps elapsed=4149.6s
2026-05-17T00:48:40.627Z THROUGHPUT bytes=104824832 rate=25199bps elapsed=4159.8s
2026-05-17T00:48:50.705Z THROUGHPUT bytes=105078784 rate=25199bps elapsed=4169.9s
2026-05-17T00:49:00.759Z THROUGHPUT bytes=105332736 rate=25199bps elapsed=4179.9s
2026-05-17T00:49:10.856Z THROUGHPUT bytes=105586688 rate=25199bps elapsed=4190.0s
2026-05-17T00:49:20.904Z THROUGHPUT bytes=105840640 rate=25199bps elapsed=4200.1s
2026-05-17T00:49:31.014Z THROUGHPUT bytes=106094592 rate=25199bps elapsed=4210.2s
2026-05-17T00:49:41.133Z THROUGHPUT bytes=106350592 rate=25199bps elapsed=4220.3s
2026-05-17T00:49:51.194Z THROUGHPUT bytes=106604544 rate=25200bps elapsed=4230.3s
2026-05-17T00:50:01.149Z THROUGHPUT bytes=106854400 rate=25199bps elapsed=4240.3s
2026-05-17T00:50:11.308Z THROUGHPUT bytes=107110400 rate=25199bps elapsed=4250.5s
2026-05-17T00:50:21.454Z THROUGHPUT bytes=107366400 rate=25199bps elapsed=4260.6s
2026-05-17T00:50:31.553Z THROUGHPUT bytes=107620352 rate=25199bps elapsed=4270.7s
2026-05-17T00:50:41.712Z THROUGHPUT bytes=107876352 rate=25199bps elapsed=4280.9s
2026-05-17T00:50:51.847Z THROUGHPUT bytes=108132352 rate=25199bps elapsed=4291.0s
2026-05-17T00:51:01.863Z THROUGHPUT bytes=108384256 rate=25199bps elapsed=4301.0s
2026-05-17T00:51:11.945Z THROUGHPUT bytes=108638208 rate=25199bps elapsed=4311.1s
2026-05-17T00:51:22.107Z THROUGHPUT bytes=108894208 rate=25199bps elapsed=4321.3s
2026-05-17T00:51:32.148Z THROUGHPUT bytes=109148160 rate=25199bps elapsed=4331.3s
2026-05-17T00:51:42.165Z THROUGHPUT bytes=109400064 rate=25199bps elapsed=4341.3s
2026-05-17T00:51:52.251Z THROUGHPUT bytes=109654016 rate=25199bps elapsed=4351.4s
2026-05-17T00:52:02.314Z THROUGHPUT bytes=109907968 rate=25199bps elapsed=4361.5s
2026-05-17T00:52:12.325Z THROUGHPUT bytes=110159872 rate=25199bps elapsed=4371.5s
2026-05-17T00:52:22.326Z THROUGHPUT bytes=110411776 rate=25199bps elapsed=4381.5s
2026-05-17T00:52:32.486Z THROUGHPUT bytes=110667776 rate=25199bps elapsed=4391.6s
2026-05-17T00:52:42.565Z THROUGHPUT bytes=110921728 rate=25199bps elapsed=4401.7s
2026-05-17T00:52:52.712Z THROUGHPUT bytes=111177728 rate=25199bps elapsed=4411.9s
2026-05-17T00:53:02.738Z THROUGHPUT bytes=111431680 rate=25199bps elapsed=4421.9s
2026-05-17T00:53:12.780Z THROUGHPUT bytes=111683584 rate=25199bps elapsed=4431.9s
2026-05-17T00:53:22.805Z THROUGHPUT bytes=111937536 rate=25200bps elapsed=4442.0s
2026-05-17T00:53:32.935Z THROUGHPUT bytes=112191488 rate=25199bps elapsed=4452.1s
2026-05-17T00:53:42.941Z THROUGHPUT bytes=112443392 rate=25199bps elapsed=4462.1s
2026-05-17T00:53:53.077Z THROUGHPUT bytes=112699392 rate=25199bps elapsed=4472.2s
2026-05-17T00:54:03.106Z THROUGHPUT bytes=112951296 rate=25199bps elapsed=4482.3s
2026-05-17T00:54:13.161Z THROUGHPUT bytes=113205248 rate=25199bps elapsed=4492.3s
2026-05-17T00:54:23.220Z THROUGHPUT bytes=113459200 rate=25199bps elapsed=4502.4s
2026-05-17T00:54:33.336Z THROUGHPUT bytes=113713152 rate=25199bps elapsed=4512.5s
2026-05-17T00:54:43.409Z THROUGHPUT bytes=113967104 rate=25199bps elapsed=4522.6s
2026-05-17T00:54:53.483Z THROUGHPUT bytes=114223104 rate=25200bps elapsed=4532.6s
2026-05-17T00:55:03.483Z THROUGHPUT bytes=114475008 rate=25200bps elapsed=4542.6s
2026-05-17T00:55:13.556Z THROUGHPUT bytes=114726912 rate=25199bps elapsed=4552.7s
2026-05-17T00:55:23.564Z THROUGHPUT bytes=114978816 rate=25199bps elapsed=4562.7s
2026-05-17T00:55:33.723Z THROUGHPUT bytes=115234816 rate=25199bps elapsed=4572.9s
2026-05-17T00:55:43.856Z THROUGHPUT bytes=115490816 rate=25199bps elapsed=4583.0s
2026-05-17T00:55:53.941Z THROUGHPUT bytes=115744768 rate=25199bps elapsed=4593.1s
2026-05-17T00:56:04.027Z THROUGHPUT bytes=115998720 rate=25199bps elapsed=4603.2s
2026-05-17T00:56:14.190Z THROUGHPUT bytes=116254720 rate=25199bps elapsed=4613.3s
2026-05-17T00:56:24.265Z THROUGHPUT bytes=116508672 rate=25199bps elapsed=4623.4s
2026-05-17T00:56:34.347Z THROUGHPUT bytes=116762624 rate=25199bps elapsed=4633.5s
2026-05-17T00:56:44.400Z THROUGHPUT bytes=117016576 rate=25199bps elapsed=4643.6s
2026-05-17T00:56:54.498Z THROUGHPUT bytes=117270528 rate=25199bps elapsed=4653.7s
2026-05-17T00:57:04.533Z THROUGHPUT bytes=117524480 rate=25199bps elapsed=4663.7s
2026-05-17T00:57:14.609Z THROUGHPUT bytes=117778432 rate=25199bps elapsed=4673.8s
2026-05-17T00:57:24.738Z THROUGHPUT bytes=118032384 rate=25199bps elapsed=4683.9s
2026-05-17T00:57:34.747Z THROUGHPUT bytes=118286336 rate=25199bps elapsed=4693.9s
2026-05-17T00:57:44.876Z THROUGHPUT bytes=118540288 rate=25199bps elapsed=4704.0s
2026-05-17T00:57:54.919Z THROUGHPUT bytes=118794240 rate=25199bps elapsed=4714.1s
2026-05-17T00:58:05.026Z THROUGHPUT bytes=119048192 rate=25199bps elapsed=4724.2s
2026-05-17T00:58:15.119Z THROUGHPUT bytes=119302144 rate=25199bps elapsed=4734.3s
2026-05-17T00:58:25.284Z THROUGHPUT bytes=119558144 rate=25199bps elapsed=4744.4s
2026-05-17T00:58:35.358Z THROUGHPUT bytes=119812096 rate=25199bps elapsed=4754.5s
2026-05-17T00:58:45.459Z THROUGHPUT bytes=120068096 rate=25199bps elapsed=4764.6s
2026-05-17T00:58:55.482Z THROUGHPUT bytes=120320000 rate=25199bps elapsed=4774.6s
2026-05-17T00:59:05.554Z THROUGHPUT bytes=120573952 rate=25199bps elapsed=4784.7s
2026-05-17T00:59:15.558Z THROUGHPUT bytes=120825856 rate=25199bps elapsed=4794.7s
2026-05-17T00:59:25.612Z THROUGHPUT bytes=121079808 rate=25199bps elapsed=4804.8s
2026-05-17T00:59:35.648Z THROUGHPUT bytes=121331712 rate=25199bps elapsed=4814.8s
2026-05-17T00:59:45.734Z THROUGHPUT bytes=121585664 rate=25199bps elapsed=4824.9s
2026-05-17T00:59:55.808Z THROUGHPUT bytes=121839616 rate=25199bps elapsed=4835.0s
2026-05-17T01:00:05.808Z THROUGHPUT bytes=122091520 rate=25199bps elapsed=4845.0s
2026-05-17T01:00:15.930Z THROUGHPUT bytes=122347520 rate=25199bps elapsed=4855.1s
2026-05-17T01:00:25.967Z THROUGHPUT bytes=122599424 rate=25199bps elapsed=4865.1s
2026-05-17T01:00:36.035Z THROUGHPUT bytes=122853376 rate=25199bps elapsed=4875.2s
2026-05-17T01:00:46.119Z THROUGHPUT bytes=123107328 rate=25199bps elapsed=4885.3s
2026-05-17T01:00:56.200Z THROUGHPUT bytes=123361280 rate=25199bps elapsed=4895.4s
2026-05-17T01:01:06.340Z THROUGHPUT bytes=123617280 rate=25199bps elapsed=4905.5s
2026-05-17T01:01:16.434Z THROUGHPUT bytes=123871232 rate=25199bps elapsed=4915.6s
2026-05-17T01:01:26.474Z THROUGHPUT bytes=124125184 rate=25199bps elapsed=4925.6s
2026-05-17T01:01:36.480Z THROUGHPUT bytes=124377088 rate=25199bps elapsed=4935.6s
2026-05-17T01:01:46.504Z THROUGHPUT bytes=124628992 rate=25199bps elapsed=4945.7s
2026-05-17T01:01:56.578Z THROUGHPUT bytes=124882944 rate=25199bps elapsed=4955.7s
2026-05-17T01:02:06.677Z THROUGHPUT bytes=125138944 rate=25200bps elapsed=4965.8s
2026-05-17T01:02:16.775Z THROUGHPUT bytes=125392896 rate=25199bps elapsed=4975.9s
2026-05-17T01:02:26.902Z THROUGHPUT bytes=125648896 rate=25200bps elapsed=4986.1s
2026-05-17T01:02:36.976Z THROUGHPUT bytes=125902848 rate=25200bps elapsed=4996.1s
2026-05-17T01:02:47.061Z THROUGHPUT bytes=126156800 rate=25200bps elapsed=5006.2s
2026-05-17T01:02:57.082Z THROUGHPUT bytes=126410752 rate=25200bps elapsed=5016.2s
2026-05-17T01:03:07.211Z THROUGHPUT bytes=126664704 rate=25200bps elapsed=5026.4s
2026-05-17T01:03:17.295Z THROUGHPUT bytes=126918656 rate=25200bps elapsed=5036.4s
2026-05-17T01:03:27.370Z THROUGHPUT bytes=127172608 rate=25200bps elapsed=5046.5s
2026-05-17T01:03:37.432Z THROUGHPUT bytes=127426560 rate=25200bps elapsed=5056.6s
2026-05-17T01:03:47.527Z THROUGHPUT bytes=127680512 rate=25200bps elapsed=5066.7s
2026-05-17T01:03:57.561Z THROUGHPUT bytes=127934464 rate=25200bps elapsed=5076.7s
2026-05-17T01:04:07.574Z THROUGHPUT bytes=128186368 rate=25200bps elapsed=5086.7s
2026-05-17T01:04:17.677Z THROUGHPUT bytes=128440320 rate=25200bps elapsed=5096.8s
2026-05-17T01:04:27.746Z THROUGHPUT bytes=128694272 rate=25200bps elapsed=5106.9s
2026-05-17T01:04:37.750Z THROUGHPUT bytes=128946176 rate=25200bps elapsed=5116.9s
2026-05-17T01:04:47.820Z THROUGHPUT bytes=129200128 rate=25200bps elapsed=5127.0s
2026-05-17T01:04:57.902Z THROUGHPUT bytes=129454080 rate=25200bps elapsed=5137.1s
2026-05-17T01:05:07.978Z THROUGHPUT bytes=129708032 rate=25200bps elapsed=5147.1s
2026-05-17T01:05:17.982Z THROUGHPUT bytes=129959936 rate=25200bps elapsed=5157.1s
2026-05-17T01:05:28.045Z THROUGHPUT bytes=130213888 rate=25200bps elapsed=5167.2s
2026-05-17T01:05:38.054Z THROUGHPUT bytes=130465792 rate=25200bps elapsed=5177.2s
2026-05-17T01:05:48.128Z THROUGHPUT bytes=130719744 rate=25200bps elapsed=5187.3s
2026-05-17T01:05:58.198Z THROUGHPUT bytes=130973696 rate=25200bps elapsed=5197.3s
2026-05-17T01:06:08.281Z THROUGHPUT bytes=131227648 rate=25200bps elapsed=5207.4s
2026-05-17T01:06:18.281Z THROUGHPUT bytes=131479552 rate=25200bps elapsed=5217.4s
2026-05-17T01:06:28.319Z THROUGHPUT bytes=131733504 rate=25200bps elapsed=5227.5s
2026-05-17T01:06:38.356Z THROUGHPUT bytes=131985408 rate=25200bps elapsed=5237.5s
2026-05-17T01:06:48.412Z THROUGHPUT bytes=132239360 rate=25200bps elapsed=5247.6s
2026-05-17T01:06:58.429Z THROUGHPUT bytes=132491264 rate=25200bps elapsed=5257.6s
2026-05-17T01:07:08.448Z THROUGHPUT bytes=132745216 rate=25200bps elapsed=5267.6s
2026-05-17T01:07:18.454Z THROUGHPUT bytes=132997120 rate=25200bps elapsed=5277.6s
2026-05-17T01:07:28.502Z THROUGHPUT bytes=133249024 rate=25200bps elapsed=5287.7s
2026-05-17T01:07:38.578Z THROUGHPUT bytes=133502976 rate=25200bps elapsed=5297.7s
2026-05-17T01:07:48.653Z THROUGHPUT bytes=133756928 rate=25200bps elapsed=5307.8s
2026-05-17T01:07:58.662Z THROUGHPUT bytes=134010880 rate=25200bps elapsed=5317.8s
2026-05-17T01:08:08.672Z THROUGHPUT bytes=134262784 rate=25200bps elapsed=5327.8s
2026-05-17T01:08:18.673Z THROUGHPUT bytes=134514688 rate=25200bps elapsed=5337.8s
2026-05-17T01:08:28.803Z THROUGHPUT bytes=134768640 rate=25200bps elapsed=5348.0s
2026-05-17T01:08:38.846Z THROUGHPUT bytes=135022592 rate=25200bps elapsed=5358.0s
2026-05-17T01:08:48.872Z THROUGHPUT bytes=135274496 rate=25200bps elapsed=5368.0s
2026-05-17T01:08:58.888Z THROUGHPUT bytes=135528448 rate=25200bps elapsed=5378.0s
2026-05-17T01:09:08.952Z THROUGHPUT bytes=135780352 rate=25200bps elapsed=5388.1s
2026-05-17T01:09:19.031Z THROUGHPUT bytes=136034304 rate=25200bps elapsed=5398.2s
2026-05-17T01:09:29.085Z THROUGHPUT bytes=136288256 rate=25200bps elapsed=5408.2s
2026-05-17T01:09:39.106Z THROUGHPUT bytes=136540160 rate=25200bps elapsed=5418.3s
2026-05-17T01:09:49.161Z THROUGHPUT bytes=136794112 rate=25200bps elapsed=5428.3s
2026-05-17T01:09:59.199Z THROUGHPUT bytes=137048064 rate=25200bps elapsed=5438.3s
2026-05-17T01:10:09.251Z THROUGHPUT bytes=137299968 rate=25200bps elapsed=5448.4s
2026-05-17T01:10:19.333Z THROUGHPUT bytes=137553920 rate=25200bps elapsed=5458.5s
2026-05-17T01:10:29.367Z THROUGHPUT bytes=137807872 rate=25200bps elapsed=5468.5s
2026-05-17T01:10:39.400Z THROUGHPUT bytes=138059776 rate=25200bps elapsed=5478.5s
2026-05-17T01:10:49.474Z THROUGHPUT bytes=138313728 rate=25200bps elapsed=5488.6s
2026-05-17T01:10:59.526Z THROUGHPUT bytes=138567680 rate=25200bps elapsed=5498.7s
2026-05-17T01:11:09.556Z THROUGHPUT bytes=138819584 rate=25200bps elapsed=5508.7s
2026-05-17T01:11:19.587Z THROUGHPUT bytes=139073536 rate=25200bps elapsed=5518.7s
2026-05-17T01:11:29.640Z THROUGHPUT bytes=139327488 rate=25200bps elapsed=5528.8s
2026-05-17T01:11:39.643Z THROUGHPUT bytes=139579392 rate=25200bps elapsed=5538.8s
2026-05-18T01:08:10.704Z CLIENT_CONNECT 192.168.1.70:53659
2026-05-18T01:08:10.919Z STALL_START idle=202ms
2026-05-18T01:08:11.451Z STALL_END 733ms
2026-05-18T01:08:12.315Z CLIENT_DISCONNECT replaced
2026-05-18T01:08:12.316Z CLIENT_CONNECT 192.168.1.70:53666
2026-05-18T01:08:22.339Z THROUGHPUT bytes=251904 rate=25132bps elapsed=10.0s
2026-05-18T01:08:32.424Z THROUGHPUT bytes=505856 rate=25157bps elapsed=20.1s
2026-05-18T01:08:42.448Z THROUGHPUT bytes=757760 rate=25148bps elapsed=30.1s
2026-05-18T01:08:52.507Z THROUGHPUT bytes=1011712 rate=25173bps elapsed=40.2s
2026-05-18T01:09:02.591Z THROUGHPUT bytes=1265664 rate=25175bps elapsed=50.3s
2026-05-18T01:09:12.684Z THROUGHPUT bytes=1519616 rate=25172bps elapsed=60.4s
2026-05-18T01:09:22.697Z THROUGHPUT bytes=1775616 rate=25228bps elapsed=70.4s
2026-05-18T01:09:32.898Z THROUGHPUT bytes=2029568 rate=25186bps elapsed=80.6s
2026-05-18T01:09:42.914Z THROUGHPUT bytes=2281472 rate=25182bps elapsed=90.6s
2026-05-18T01:09:52.923Z THROUGHPUT bytes=2535424 rate=25201bps elapsed=100.6s
2026-05-18T01:10:02.957Z THROUGHPUT bytes=2787328 rate=25192bps elapsed=110.6s
2026-05-18T01:10:13.146Z THROUGHPUT bytes=3043328 rate=25187bps elapsed=120.8s
2026-05-18T01:10:23.214Z THROUGHPUT bytes=3297280 rate=25190bps elapsed=130.9s
2026-05-18T01:10:33.221Z THROUGHPUT bytes=3549184 rate=25188bps elapsed=140.9s
2026-05-18T01:10:43.259Z THROUGHPUT bytes=3805184 rate=25209bps elapsed=150.9s
2026-05-18T01:10:53.374Z THROUGHPUT bytes=4057088 rate=25190bps elapsed=161.1s
2026-05-18T01:11:03.391Z THROUGHPUT bytes=4313088 rate=25211bps elapsed=171.1s
2026-05-18T01:11:13.454Z THROUGHPUT bytes=4562944 rate=25190bps elapsed=181.1s
2026-05-18T01:11:23.531Z THROUGHPUT bytes=4816896 rate=25191bps elapsed=191.2s
2026-05-18T01:11:33.682Z THROUGHPUT bytes=5072896 rate=25192bps elapsed=201.4s
2026-05-18T01:11:43.739Z THROUGHPUT bytes=5326848 rate=25195bps elapsed=211.4s
2026-05-18T01:11:53.838Z THROUGHPUT bytes=5580800 rate=25193bps elapsed=221.5s
2026-05-18T01:12:04.002Z THROUGHPUT bytes=5836800 rate=25192bps elapsed=231.7s
2026-05-18T01:12:14.075Z THROUGHPUT bytes=6090752 rate=25193bps elapsed=241.8s
2026-05-18T01:12:24.169Z THROUGHPUT bytes=6346752 rate=25200bps elapsed=251.9s
2026-05-18T01:12:34.319Z THROUGHPUT bytes=6600704 rate=25193bps elapsed=262.0s
2026-05-18T01:12:44.329Z THROUGHPUT bytes=6856704 rate=25207bps elapsed=272.0s
2026-05-18T01:12:54.399Z THROUGHPUT bytes=7108608 rate=25200bps elapsed=282.1s
2026-05-18T01:13:04.429Z THROUGHPUT bytes=7360512 rate=25197bps elapsed=292.1s
2026-05-18T01:13:14.522Z THROUGHPUT bytes=7614464 rate=25196bps elapsed=302.2s
2026-05-18T01:13:24.527Z THROUGHPUT bytes=7868416 rate=25202bps elapsed=312.2s
2026-05-18T01:13:34.629Z THROUGHPUT bytes=8122368 rate=25200bps elapsed=322.3s
2026-05-18T01:13:44.770Z THROUGHPUT bytes=8376320 rate=25195bps elapsed=332.5s
2026-05-18T01:13:54.770Z THROUGHPUT bytes=8628224 rate=25195bps elapsed=342.5s
2026-05-18T01:14:04.842Z THROUGHPUT bytes=8882176 rate=25196bps elapsed=352.5s
2026-05-18T01:14:14.995Z THROUGHPUT bytes=9138176 rate=25196bps elapsed=362.7s
2026-05-18T01:14:24.997Z THROUGHPUT bytes=9392128 rate=25201bps elapsed=372.7s
2026-05-18T01:14:35.025Z THROUGHPUT bytes=9646080 rate=25204bps elapsed=382.7s
2026-05-18T01:14:45.069Z THROUGHPUT bytes=9897984 rate=25201bps elapsed=392.7s
2026-05-18T01:14:55.135Z THROUGHPUT bytes=10149888 rate=25197bps elapsed=402.8s
2026-05-18T01:15:05.229Z THROUGHPUT bytes=10403840 rate=25196bps elapsed=412.9s
2026-05-18T01:15:15.291Z THROUGHPUT bytes=10657792 rate=25197bps elapsed=423.0s
2026-05-18T01:15:25.460Z THROUGHPUT bytes=10913792 rate=25196bps elapsed=433.1s
2026-05-18T01:15:35.605Z THROUGHPUT bytes=11169792 rate=25197bps elapsed=443.3s
2026-05-18T01:15:45.612Z THROUGHPUT bytes=11421696 rate=25197bps elapsed=453.3s
2026-05-18T01:15:55.690Z THROUGHPUT bytes=11675648 rate=25197bps elapsed=463.4s
2026-05-18T01:16:00.380Z CLIENT_DISCONNECT send_error
2026-05-18T01:16:05.806Z THROUGHPUT bytes=11931648 rate=25199bps elapsed=473.5s
2026-05-18T01:16:15.935Z THROUGHPUT bytes=12187648 rate=25201bps elapsed=483.6s
2026-05-18T01:16:26.011Z THROUGHPUT bytes=12439552 rate=25197bps elapsed=493.7s
2026-05-18T01:16:36.172Z THROUGHPUT bytes=12695552 rate=25196bps elapsed=503.9s
2026-05-18T01:16:46.243Z THROUGHPUT bytes=12949504 rate=25197bps elapsed=513.9s
2026-05-18T01:16:56.304Z THROUGHPUT bytes=13205504 rate=25202bps elapsed=524.0s
2026-05-18T01:17:06.460Z THROUGHPUT bytes=13459456 rate=25198bps elapsed=534.1s
2026-05-18T01:17:16.532Z THROUGHPUT bytes=13713408 rate=25198bps elapsed=544.2s
2026-05-18T01:17:26.639Z THROUGHPUT bytes=13967360 rate=25197bps elapsed=554.3s
2026-05-18T01:17:36.776Z THROUGHPUT bytes=14223360 rate=25198bps elapsed=564.5s
2026-05-18T01:17:46.792Z THROUGHPUT bytes=14475264 rate=25197bps elapsed=574.5s
2026-05-18T01:17:56.853Z THROUGHPUT bytes=14731264 rate=25201bps elapsed=584.5s
2026-05-18T01:18:06.863Z THROUGHPUT bytes=14981120 rate=25197bps elapsed=594.5s
2026-05-18T01:18:16.925Z THROUGHPUT bytes=15235072 rate=25198bps elapsed=604.6s
2026-05-18T01:18:26.940Z THROUGHPUT bytes=15486976 rate=25197bps elapsed=614.6s
2026-05-18T01:18:36.998Z THROUGHPUT bytes=15742976 rate=25201bps elapsed=624.7s
2026-05-18T01:18:47.074Z THROUGHPUT bytes=15994880 rate=25198bps elapsed=634.8s
2026-05-18T01:18:57.137Z THROUGHPUT bytes=16248832 rate=25199bps elapsed=644.8s
2026-05-18T01:19:07.162Z THROUGHPUT bytes=16502784 rate=25201bps elapsed=654.8s
2026-05-18T01:19:17.176Z THROUGHPUT bytes=16752640 rate=25197bps elapsed=664.9s
2026-05-18T01:19:27.242Z THROUGHPUT bytes=17006592 rate=25197bps elapsed=674.9s
2026-05-18T01:19:37.372Z THROUGHPUT bytes=17262592 rate=25199bps elapsed=685.1s
2026-05-18T01:19:47.395Z THROUGHPUT bytes=17514496 rate=25198bps elapsed=695.1s
2026-05-18T01:19:57.397Z THROUGHPUT bytes=17768448 rate=25200bps elapsed=705.1s
2026-05-18T01:20:07.460Z THROUGHPUT bytes=18020352 rate=25198bps elapsed=715.1s
2026-05-18T01:20:17.469Z THROUGHPUT bytes=18272256 rate=25197bps elapsed=725.1s
2026-05-18T01:20:27.619Z THROUGHPUT bytes=18528256 rate=25198bps elapsed=735.3s
2026-05-18T01:20:37.665Z THROUGHPUT bytes=18782208 rate=25199bps elapsed=745.3s
2026-05-18T01:20:47.703Z THROUGHPUT bytes=19034112 rate=25198bps elapsed=755.4s
2026-05-18T01:20:57.789Z THROUGHPUT bytes=19288064 rate=25197bps elapsed=765.5s
2026-05-18T01:21:07.808Z THROUGHPUT bytes=19544064 rate=25202bps elapsed=775.5s
2026-05-18T01:21:17.878Z THROUGHPUT bytes=19795968 rate=25199bps elapsed=785.6s
2026-05-18T01:21:28.007Z THROUGHPUT bytes=20049920 rate=25198bps elapsed=795.7s
2026-05-18T01:21:38.070Z THROUGHPUT bytes=20303872 rate=25198bps elapsed=805.7s
2026-05-18T01:21:48.140Z THROUGHPUT bytes=20557824 rate=25199bps elapsed=815.8s
2026-05-18T01:21:58.248Z THROUGHPUT bytes=20811776 rate=25198bps elapsed=825.9s
2026-05-18T01:22:08.410Z THROUGHPUT bytes=21067776 rate=25198bps elapsed=836.1s
2026-05-18T01:22:18.444Z THROUGHPUT bytes=21323776 rate=25201bps elapsed=846.1s
2026-05-18T01:22:28.639Z THROUGHPUT bytes=21577728 rate=25198bps elapsed=856.3s
2026-05-18T01:22:38.646Z THROUGHPUT bytes=21829632 rate=25198bps elapsed=866.3s
2026-05-18T01:22:48.798Z THROUGHPUT bytes=22085632 rate=25198bps elapsed=876.5s
2026-05-18T01:22:58.940Z THROUGHPUT bytes=22341632 rate=25198bps elapsed=886.6s
2026-05-18T01:23:08.949Z THROUGHPUT bytes=22593536 rate=25198bps elapsed=896.6s
2026-05-18T01:23:18.950Z THROUGHPUT bytes=22847488 rate=25200bps elapsed=906.6s
2026-05-18T01:23:28.973Z THROUGHPUT bytes=23101440 rate=25202bps elapsed=916.7s
2026-05-18T01:23:39.016Z THROUGHPUT bytes=23351296 rate=25198bps elapsed=926.7s
2026-05-18T01:23:49.179Z THROUGHPUT bytes=23607296 rate=25198bps elapsed=936.9s
2026-05-18T01:23:59.345Z THROUGHPUT bytes=23863296 rate=25198bps elapsed=947.0s
2026-05-18T01:24:09.498Z THROUGHPUT bytes=24119296 rate=25198bps elapsed=957.2s
2026-05-18T01:24:19.581Z THROUGHPUT bytes=24373248 rate=25198bps elapsed=967.3s
2026-05-18T01:24:29.614Z THROUGHPUT bytes=24629248 rate=25201bps elapsed=977.3s
2026-05-18T01:24:39.723Z THROUGHPUT bytes=24881152 rate=25198bps elapsed=987.4s
2026-05-18T01:24:49.799Z THROUGHPUT bytes=25137152 rate=25200bps elapsed=997.5s
2026-05-18T01:24:59.868Z THROUGHPUT bytes=25389056 rate=25198bps elapsed=1007.5s
2026-05-18T01:25:09.962Z THROUGHPUT bytes=25643008 rate=25198bps elapsed=1017.6s
2026-05-18T01:25:20.124Z THROUGHPUT bytes=25899008 rate=25198bps elapsed=1027.8s
2026-05-18T01:25:30.269Z THROUGHPUT bytes=26155008 rate=25198bps elapsed=1037.9s
2026-05-18T01:25:40.299Z THROUGHPUT bytes=26408960 rate=25199bps elapsed=1048.0s
2026-05-18T01:25:50.344Z THROUGHPUT bytes=26660864 rate=25198bps elapsed=1058.0s
2026-05-18T01:26:00.446Z THROUGHPUT bytes=26916864 rate=25200bps elapsed=1068.1s
2026-05-18T01:26:10.454Z THROUGHPUT bytes=27168768 rate=25199bps elapsed=1078.1s
2026-05-18T01:26:20.577Z THROUGHPUT bytes=27422720 rate=25198bps elapsed=1088.3s
2026-05-18T01:26:30.723Z THROUGHPUT bytes=27678720 rate=25199bps elapsed=1098.4s
2026-05-18T01:26:40.828Z THROUGHPUT bytes=27932672 rate=25198bps elapsed=1108.5s
2026-05-18T01:26:50.899Z THROUGHPUT bytes=28186624 rate=25198bps elapsed=1118.6s
2026-05-18T01:27:01.029Z THROUGHPUT bytes=28442624 rate=25199bps elapsed=1128.7s
2026-05-18T01:27:11.078Z THROUGHPUT bytes=28698624 rate=25201bps elapsed=1138.8s
2026-05-18T01:27:21.105Z THROUGHPUT bytes=28948480 rate=25199bps elapsed=1148.8s
2026-05-18T01:27:31.192Z THROUGHPUT bytes=29202432 rate=25199bps elapsed=1158.9s
2026-05-18T01:27:41.209Z THROUGHPUT bytes=29454336 rate=25198bps elapsed=1168.9s
2026-05-18T01:27:51.290Z THROUGHPUT bytes=29708288 rate=25198bps elapsed=1179.0s
2026-05-18T01:28:01.306Z THROUGHPUT bytes=29962240 rate=25199bps elapsed=1189.0s
2026-05-18T01:28:11.328Z THROUGHPUT bytes=30216192 rate=25201bps elapsed=1199.0s
2026-05-18T01:28:21.509Z THROUGHPUT bytes=30470144 rate=25198bps elapsed=1209.2s
2026-05-18T01:28:31.668Z THROUGHPUT bytes=30726144 rate=25198bps elapsed=1219.3s
2026-05-18T01:28:41.836Z THROUGHPUT bytes=30982144 rate=25198bps elapsed=1229.5s
2026-05-18T01:28:51.969Z THROUGHPUT bytes=31238144 rate=25199bps elapsed=1239.6s
2026-05-18T01:29:02.041Z THROUGHPUT bytes=31492096 rate=25199bps elapsed=1249.7s
2026-05-18T01:29:12.151Z THROUGHPUT bytes=31746048 rate=25198bps elapsed=1259.8s
2026-05-18T01:29:22.300Z THROUGHPUT bytes=32002048 rate=25198bps elapsed=1270.0s
2026-05-18T01:29:32.309Z THROUGHPUT bytes=32253952 rate=25198bps elapsed=1280.0s
2026-05-18T01:29:42.375Z THROUGHPUT bytes=32509952 rate=25200bps elapsed=1290.0s
2026-05-18T01:29:52.453Z THROUGHPUT bytes=32763904 rate=25200bps elapsed=1300.1s
2026-05-18T01:30:02.517Z THROUGHPUT bytes=33015808 rate=25199bps elapsed=1310.2s
2026-05-18T01:30:12.683Z THROUGHPUT bytes=33271808 rate=25199bps elapsed=1320.4s
2026-05-18T01:30:22.713Z THROUGHPUT bytes=33525760 rate=25200bps elapsed=1330.4s
2026-05-18T01:30:32.757Z THROUGHPUT bytes=33777664 rate=25199bps elapsed=1340.4s
2026-05-18T01:30:42.759Z THROUGHPUT bytes=34029568 rate=25199bps elapsed=1350.4s
2026-05-18T01:30:52.791Z THROUGHPUT bytes=34283520 rate=25199bps elapsed=1360.5s
2026-05-18T01:31:02.832Z THROUGHPUT bytes=34537472 rate=25200bps elapsed=1370.5s
2026-05-18T01:31:12.907Z THROUGHPUT bytes=34789376 rate=25199bps elapsed=1380.6s
2026-05-18T01:31:23.071Z THROUGHPUT bytes=35045376 rate=25198bps elapsed=1390.7s
2026-05-18T01:31:33.227Z THROUGHPUT bytes=35301376 rate=25199bps elapsed=1400.9s
2026-05-18T01:31:43.258Z THROUGHPUT bytes=35557376 rate=25201bps elapsed=1410.9s
2026-05-18T01:31:53.320Z THROUGHPUT bytes=35809280 rate=25200bps elapsed=1421.0s
2026-05-18T01:32:03.336Z THROUGHPUT bytes=36063232 rate=25201bps elapsed=1431.0s
2026-05-18T01:32:13.495Z THROUGHPUT bytes=36315136 rate=25200bps elapsed=1441.0s
2026-05-18T01:32:23.474Z THROUGHPUT bytes=36569088 rate=25200bps elapsed=1451.1s
2026-05-18T01:32:33.512Z THROUGHPUT bytes=36823040 rate=25200bps elapsed=1461.2s
2026-05-18T01:32:43.561Z THROUGHPUT bytes=37076992 rate=25201bps elapsed=1471.2s
2026-05-18T01:32:53.610Z THROUGHPUT bytes=37328896 rate=25200bps elapsed=1481.3s
2026-05-18T01:33:03.697Z THROUGHPUT bytes=37582848 rate=25200bps elapsed=1491.4s
2026-05-18T01:33:13.711Z THROUGHPUT bytes=37836800 rate=25201bps elapsed=1501.4s
2026-05-18T01:33:23.726Z THROUGHPUT bytes=38088704 rate=25200bps elapsed=1511.4s
2026-05-18T01:33:33.781Z THROUGHPUT bytes=38340608 rate=25200bps elapsed=1521.4s
2026-05-18T01:33:43.778Z THROUGHPUT bytes=38594560 rate=25201bps elapsed=1531.5s
2026-05-18T01:33:53.806Z THROUGHPUT bytes=38846464 rate=25200bps elapsed=1541.5s
2026-05-18T01:34:03.831Z THROUGHPUT bytes=39098368 rate=25200bps elapsed=1551.5s
2026-05-18T01:34:13.919Z THROUGHPUT bytes=39352320 rate=25200bps elapsed=1561.6s
2026-05-18T01:34:23.998Z THROUGHPUT bytes=39606272 rate=25200bps elapsed=1571.7s
2026-05-18T01:34:34.039Z THROUGHPUT bytes=39860224 rate=25200bps elapsed=1581.7s
2026-05-18T01:34:44.057Z THROUGHPUT bytes=40112128 rate=25200bps elapsed=1591.7s
2026-05-18T01:34:54.101Z THROUGHPUT bytes=40366080 rate=25200bps elapsed=1601.8s
2026-05-18T01:35:04.140Z THROUGHPUT bytes=40617984 rate=25200bps elapsed=1611.8s
2026-05-18T01:35:14.207Z THROUGHPUT bytes=40871936 rate=25200bps elapsed=1621.9s
2026-05-18T01:35:24.214Z THROUGHPUT bytes=41123840 rate=25200bps elapsed=1631.9s
2026-05-18T01:35:34.254Z THROUGHPUT bytes=41377792 rate=25200bps elapsed=1641.9s
2026-05-18T01:35:44.374Z THROUGHPUT bytes=41631744 rate=25200bps elapsed=1652.0s
2026-05-18T01:35:54.390Z THROUGHPUT bytes=41885696 rate=25201bps elapsed=1662.1s
2026-05-18T01:36:04.397Z THROUGHPUT bytes=42137600 rate=25200bps elapsed=1672.1s
2026-05-18T01:36:14.432Z THROUGHPUT bytes=42389504 rate=25200bps elapsed=1682.1s
2026-05-18T01:36:24.510Z THROUGHPUT bytes=42643456 rate=25200bps elapsed=1692.2s
2026-05-18T01:36:34.590Z THROUGHPUT bytes=42897408 rate=25200bps elapsed=1702.3s
2026-05-18T01:36:44.661Z THROUGHPUT bytes=43151360 rate=25200bps elapsed=1712.3s
2026-05-18T01:36:54.740Z THROUGHPUT bytes=43405312 rate=25200bps elapsed=1722.4s
2026-05-18T01:37:04.743Z THROUGHPUT bytes=43657216 rate=25200bps elapsed=1732.4s
2026-05-18T01:37:14.829Z THROUGHPUT bytes=43911168 rate=25200bps elapsed=1742.5s
2026-05-18T01:37:24.852Z THROUGHPUT bytes=44165120 rate=25200bps elapsed=1752.5s
2026-05-18T01:37:34.886Z THROUGHPUT bytes=44417024 rate=25200bps elapsed=1762.6s
2026-05-18T01:37:44.937Z THROUGHPUT bytes=44670976 rate=25200bps elapsed=1772.6s
2026-05-18T01:37:55.012Z THROUGHPUT bytes=44924928 rate=25200bps elapsed=1782.7s
2026-05-18T01:38:05.050Z THROUGHPUT bytes=45176832 rate=25200bps elapsed=1792.7s
2026-05-18T01:38:15.108Z THROUGHPUT bytes=45430784 rate=25200bps elapsed=1802.8s
2026-05-18T01:38:25.127Z THROUGHPUT bytes=45682688 rate=25200bps elapsed=1812.8s
2026-05-18T01:38:35.199Z THROUGHPUT bytes=45936640 rate=25200bps elapsed=1822.9s
2026-05-18T01:38:45.266Z THROUGHPUT bytes=46190592 rate=25200bps elapsed=1832.9s
2026-05-18T01:38:55.299Z THROUGHPUT bytes=46444544 rate=25200bps elapsed=1843.0s
2026-05-18T01:39:05.353Z THROUGHPUT bytes=46696448 rate=25200bps elapsed=1853.0s
2026-05-18T01:39:15.377Z THROUGHPUT bytes=46950400 rate=25201bps elapsed=1863.0s
2026-05-18T01:39:25.421Z THROUGHPUT bytes=47202304 rate=25200bps elapsed=1873.1s
2026-05-18T01:39:35.458Z THROUGHPUT bytes=47456256 rate=25200bps elapsed=1883.2s
2026-05-18T01:39:45.517Z THROUGHPUT bytes=47710208 rate=25200bps elapsed=1893.2s
2026-05-18T01:39:55.522Z THROUGHPUT bytes=47962112 rate=25200bps elapsed=1903.2s
2026-05-18T01:40:05.595Z THROUGHPUT bytes=48216064 rate=25200bps elapsed=1913.3s
2026-05-18T01:40:15.680Z THROUGHPUT bytes=48470016 rate=25200bps elapsed=1923.4s
2026-05-18T01:40:25.760Z THROUGHPUT bytes=48723968 rate=25200bps elapsed=1933.5s
2026-05-18T01:40:35.838Z THROUGHPUT bytes=48977920 rate=25200bps elapsed=1943.6s
2026-05-18T01:40:45.917Z THROUGHPUT bytes=49231872 rate=25200bps elapsed=1953.6s
2026-05-18T01:40:55.925Z THROUGHPUT bytes=49485824 rate=25200bps elapsed=1963.6s
2026-05-18T01:41:05.961Z THROUGHPUT bytes=49737728 rate=25200bps elapsed=1973.7s
2026-05-18T01:41:15.981Z THROUGHPUT bytes=49989632 rate=25200bps elapsed=1983.7s
2026-05-18T01:41:26.058Z THROUGHPUT bytes=50243584 rate=25200bps elapsed=1993.8s
2026-05-18T01:41:36.073Z THROUGHPUT bytes=50497536 rate=25200bps elapsed=2003.8s
2026-05-18T01:41:46.082Z THROUGHPUT bytes=50749440 rate=25200bps elapsed=2013.8s
2026-05-18T01:41:56.127Z THROUGHPUT bytes=51001344 rate=25200bps elapsed=2023.8s
2026-05-18T01:42:06.210Z THROUGHPUT bytes=51255296 rate=25200bps elapsed=2033.9s
2026-05-18T01:42:16.384Z THROUGHPUT bytes=51509248 rate=25199bps elapsed=2044.0s
2026-05-18T01:42:26.312Z THROUGHPUT bytes=51763200 rate=25200bps elapsed=2054.0s
2026-05-18T01:42:36.344Z THROUGHPUT bytes=52015104 rate=25200bps elapsed=2064.1s
2026-05-18T01:42:46.341Z THROUGHPUT bytes=52267008 rate=25200bps elapsed=2074.1s
2026-05-18T01:42:56.401Z THROUGHPUT bytes=52520960 rate=25200bps elapsed=2084.1s
2026-05-18T01:43:06.513Z THROUGHPUT bytes=52774912 rate=25200bps elapsed=2094.2s
2026-05-18T01:43:16.518Z THROUGHPUT bytes=53028864 rate=25200bps elapsed=2104.2s
2026-05-18T01:43:26.527Z THROUGHPUT bytes=53280768 rate=25200bps elapsed=2114.2s
2026-05-18T01:43:36.547Z THROUGHPUT bytes=53532672 rate=25200bps elapsed=2124.3s
2026-05-18T01:43:46.573Z THROUGHPUT bytes=53784576 rate=25200bps elapsed=2134.3s
2026-05-18T01:43:56.646Z THROUGHPUT bytes=54038528 rate=25200bps elapsed=2144.4s
2026-05-18T01:44:06.650Z THROUGHPUT bytes=54290432 rate=25200bps elapsed=2154.4s
2026-05-18T01:44:16.730Z THROUGHPUT bytes=54544384 rate=25200bps elapsed=2164.5s
2026-05-18T01:44:26.779Z THROUGHPUT bytes=54798336 rate=25200bps elapsed=2174.5s
2026-05-18T01:44:36.785Z THROUGHPUT bytes=55050240 rate=25200bps elapsed=2184.5s
2026-05-18T01:44:46.881Z THROUGHPUT bytes=55304192 rate=25200bps elapsed=2194.6s
2026-05-18T01:44:56.911Z THROUGHPUT bytes=55558144 rate=25200bps elapsed=2204.6s
2026-05-18T01:45:06.914Z THROUGHPUT bytes=55810048 rate=25200bps elapsed=2214.6s
2026-05-18T01:45:16.922Z THROUGHPUT bytes=56061952 rate=25200bps elapsed=2224.6s
2026-05-18T01:45:26.946Z THROUGHPUT bytes=56313856 rate=25200bps elapsed=2234.7s
2026-05-18T01:45:37.011Z THROUGHPUT bytes=56567808 rate=25200bps elapsed=2244.7s
2026-05-18T01:45:47.089Z THROUGHPUT bytes=56821760 rate=25200bps elapsed=2254.8s
2026-05-18T01:45:57.119Z THROUGHPUT bytes=57075712 rate=25200bps elapsed=2264.8s
2026-05-18T01:46:07.134Z THROUGHPUT bytes=57327616 rate=25200bps elapsed=2274.9s
2026-05-18T01:46:17.136Z THROUGHPUT bytes=57579520 rate=25200bps elapsed=2284.9s
2026-05-18T01:46:27.165Z THROUGHPUT bytes=57831424 rate=25200bps elapsed=2294.9s
2026-05-18T01:46:37.172Z THROUGHPUT bytes=58085376 rate=25200bps elapsed=2304.9s
2026-05-18T01:46:47.209Z THROUGHPUT bytes=58337280 rate=25200bps elapsed=2314.9s
2026-05-18T01:46:57.303Z THROUGHPUT bytes=58591232 rate=25200bps elapsed=2325.0s
2026-05-18T01:47:07.305Z THROUGHPUT bytes=58843136 rate=25200bps elapsed=2335.0s
2026-05-18T01:47:17.355Z THROUGHPUT bytes=59097088 rate=25200bps elapsed=2345.1s
2026-05-18T01:47:27.371Z THROUGHPUT bytes=59348992 rate=25200bps elapsed=2355.1s
2026-05-18T01:47:37.375Z THROUGHPUT bytes=59600896 rate=25200bps elapsed=2365.1s
2026-05-18T01:47:47.425Z THROUGHPUT bytes=59854848 rate=25200bps elapsed=2375.1s
2026-05-18T01:47:57.541Z THROUGHPUT bytes=60108800 rate=25200bps elapsed=2385.3s
2026-05-18T01:48:07.551Z THROUGHPUT bytes=60362752 rate=25200bps elapsed=2395.3s
2026-05-18T01:48:17.607Z THROUGHPUT bytes=60614656 rate=25200bps elapsed=2405.3s
2026-05-18T01:48:27.688Z THROUGHPUT bytes=60868608 rate=25200bps elapsed=2415.4s
2026-05-18T01:48:37.725Z THROUGHPUT bytes=61122560 rate=25200bps elapsed=2425.5s
2026-05-18T01:48:47.818Z THROUGHPUT bytes=61376512 rate=25200bps elapsed=2435.5s
2026-05-18T01:48:57.827Z THROUGHPUT bytes=61628416 rate=25200bps elapsed=2445.6s
2026-05-18T01:49:07.910Z THROUGHPUT bytes=61882368 rate=25200bps elapsed=2455.6s
2026-05-18T01:49:17.914Z THROUGHPUT bytes=62134272 rate=25200bps elapsed=2465.6s
2026-05-18T01:49:27.939Z THROUGHPUT bytes=62388224 rate=25200bps elapsed=2475.7s
2026-05-18T01:49:37.952Z THROUGHPUT bytes=62640128 rate=25200bps elapsed=2485.7s
2026-05-18T01:49:47.957Z THROUGHPUT bytes=62892032 rate=25200bps elapsed=2495.7s
2026-05-18T01:49:57.974Z THROUGHPUT bytes=63143936 rate=25200bps elapsed=2505.7s
2026-05-18T01:50:08.020Z THROUGHPUT bytes=63397888 rate=25200bps elapsed=2515.7s
2026-05-18T01:50:18.132Z THROUGHPUT bytes=63651840 rate=25200bps elapsed=2525.9s
2026-05-18T01:50:28.177Z THROUGHPUT bytes=63905792 rate=25200bps elapsed=2535.9s
2026-05-18T01:50:38.204Z THROUGHPUT bytes=64157696 rate=25200bps elapsed=2545.9s
2026-05-18T01:50:48.229Z THROUGHPUT bytes=64411648 rate=25200bps elapsed=2556.0s
2026-05-18T01:50:58.256Z THROUGHPUT bytes=64663552 rate=25200bps elapsed=2566.0s
2026-05-18T01:51:08.285Z THROUGHPUT bytes=64915456 rate=25200bps elapsed=2576.0s
2026-05-18T01:51:18.282Z THROUGHPUT bytes=65169408 rate=25200bps elapsed=2586.0s
2026-05-18T01:51:28.304Z THROUGHPUT bytes=65421312 rate=25200bps elapsed=2596.0s
2026-05-18T01:51:38.337Z THROUGHPUT bytes=65673216 rate=25200bps elapsed=2606.1s
2026-05-18T01:51:48.338Z THROUGHPUT bytes=65925120 rate=25200bps elapsed=2616.1s
2026-05-18T01:51:58.418Z THROUGHPUT bytes=66179072 rate=25200bps elapsed=2626.1s
2026-05-18T01:52:08.489Z THROUGHPUT bytes=66433024 rate=25200bps elapsed=2636.2s
2026-05-18T01:52:18.511Z THROUGHPUT bytes=66686976 rate=25200bps elapsed=2646.2s
2026-05-18T01:52:28.593Z THROUGHPUT bytes=66940928 rate=25200bps elapsed=2656.3s
2026-05-18T01:52:38.617Z THROUGHPUT bytes=67192832 rate=25200bps elapsed=2666.3s
2026-05-18T01:52:48.720Z THROUGHPUT bytes=67446784 rate=25200bps elapsed=2676.4s
2026-05-18T01:52:58.767Z THROUGHPUT bytes=67700736 rate=25200bps elapsed=2686.5s
2026-05-18T01:53:08.879Z THROUGHPUT bytes=67954688 rate=25200bps elapsed=2696.6s
2026-05-18T01:53:18.927Z THROUGHPUT bytes=68208640 rate=25200bps elapsed=2706.7s
2026-05-18T01:53:29.013Z THROUGHPUT bytes=68462592 rate=25200bps elapsed=2716.7s
2026-05-18T01:53:39.077Z THROUGHPUT bytes=68716544 rate=25200bps elapsed=2726.8s
2026-05-18T01:53:49.189Z THROUGHPUT bytes=68970496 rate=25200bps elapsed=2736.9s
2026-05-18T01:53:59.197Z THROUGHPUT bytes=69224448 rate=25200bps elapsed=2746.9s
2026-05-18T01:54:09.262Z THROUGHPUT bytes=69476352 rate=25200bps elapsed=2757.0s
2026-05-18T01:54:19.315Z THROUGHPUT bytes=69730304 rate=25200bps elapsed=2767.0s
2026-05-18T01:54:29.331Z THROUGHPUT bytes=69982208 rate=25200bps elapsed=2777.1s
2026-05-18T01:54:39.368Z THROUGHPUT bytes=70236160 rate=25200bps elapsed=2787.1s
2026-05-18T01:54:49.427Z THROUGHPUT bytes=70490112 rate=25200bps elapsed=2797.2s
2026-05-18T01:54:59.451Z THROUGHPUT bytes=70742016 rate=25200bps elapsed=2807.2s
2026-05-18T01:55:09.546Z THROUGHPUT bytes=70995968 rate=25200bps elapsed=2817.3s
2026-05-18T01:55:19.627Z THROUGHPUT bytes=71249920 rate=25200bps elapsed=2827.4s
2026-05-18T01:55:29.629Z THROUGHPUT bytes=71501824 rate=25200bps elapsed=2837.4s
2026-05-18T01:55:39.664Z THROUGHPUT bytes=71755776 rate=25200bps elapsed=2847.4s
2026-05-18T01:55:49.709Z THROUGHPUT bytes=72007680 rate=25200bps elapsed=2857.4s
2026-05-18T01:55:59.732Z THROUGHPUT bytes=72261632 rate=25200bps elapsed=2867.5s
2026-05-18T01:56:09.735Z THROUGHPUT bytes=72513536 rate=25200bps elapsed=2877.5s
2026-05-18T01:56:19.739Z THROUGHPUT bytes=72765440 rate=25200bps elapsed=2887.5s
2026-05-18T01:56:29.763Z THROUGHPUT bytes=73017344 rate=25200bps elapsed=2897.5s
2026-05-18T01:56:39.849Z THROUGHPUT bytes=73271296 rate=25200bps elapsed=2907.6s
2026-05-18T01:56:49.915Z THROUGHPUT bytes=73525248 rate=25200bps elapsed=2917.6s
2026-05-18T01:56:59.951Z THROUGHPUT bytes=73779200 rate=25200bps elapsed=2927.7s
2026-05-18T01:57:09.997Z THROUGHPUT bytes=74031104 rate=25200bps elapsed=2937.7s
2026-05-18T01:57:20.012Z THROUGHPUT bytes=74285056 rate=25200bps elapsed=2947.7s
2026-05-18T01:57:30.046Z THROUGHPUT bytes=74536960 rate=25200bps elapsed=2957.8s
2026-05-18T01:57:40.063Z THROUGHPUT bytes=74788864 rate=25200bps elapsed=2967.8s
2026-05-18T01:57:50.071Z THROUGHPUT bytes=75040768 rate=25200bps elapsed=2977.8s
2026-05-18T01:58:00.079Z THROUGHPUT bytes=75294720 rate=25200bps elapsed=2987.8s
2026-05-18T01:58:10.094Z THROUGHPUT bytes=75546624 rate=25200bps elapsed=2997.8s
2026-05-18T01:58:20.181Z THROUGHPUT bytes=75800576 rate=25200bps elapsed=3007.9s
2026-05-18T01:58:30.297Z THROUGHPUT bytes=76054528 rate=25200bps elapsed=3018.0s
2026-05-18T01:58:40.312Z THROUGHPUT bytes=76308480 rate=25200bps elapsed=3028.0s
2026-05-18T01:58:50.446Z THROUGHPUT bytes=76562432 rate=25200bps elapsed=3038.2s
2026-05-18T01:59:00.469Z THROUGHPUT bytes=76814336 rate=25199bps elapsed=3048.2s
2026-05-18T01:59:10.596Z THROUGHPUT bytes=77068288 rate=25199bps elapsed=3058.3s
2026-05-18T01:59:20.671Z THROUGHPUT bytes=77324288 rate=25200bps elapsed=3068.4s
2026-05-18T01:59:30.681Z THROUGHPUT bytes=77576192 rate=25200bps elapsed=3078.4s
2026-05-18T01:59:40.736Z THROUGHPUT bytes=77830144 rate=25200bps elapsed=3088.5s
2026-05-18T01:59:50.747Z THROUGHPUT bytes=78082048 rate=25200bps elapsed=3098.5s
2026-05-18T02:00:00.827Z THROUGHPUT bytes=78336000 rate=25200bps elapsed=3108.6s
2026-05-18T02:00:10.865Z THROUGHPUT bytes=78589952 rate=25200bps elapsed=3118.6s
2026-05-18T02:00:20.895Z THROUGHPUT bytes=78841856 rate=25200bps elapsed=3128.6s
2026-05-18T02:00:30.982Z THROUGHPUT bytes=79095808 rate=25200bps elapsed=3138.7s
2026-05-18T02:00:41.025Z THROUGHPUT bytes=79349760 rate=25200bps elapsed=3148.8s
2026-05-18T02:00:51.051Z THROUGHPUT bytes=79601664 rate=25200bps elapsed=3158.8s
2026-05-18T02:01:01.110Z THROUGHPUT bytes=79855616 rate=25200bps elapsed=3168.8s
2026-05-18T02:01:11.126Z THROUGHPUT bytes=80107520 rate=25200bps elapsed=3178.9s
2026-05-18T02:01:21.208Z THROUGHPUT bytes=80361472 rate=25200bps elapsed=3188.9s
2026-05-18T02:01:31.241Z THROUGHPUT bytes=80615424 rate=25200bps elapsed=3199.0s
2026-05-18T02:01:41.278Z THROUGHPUT bytes=80867328 rate=25200bps elapsed=3209.0s
2026-05-18T02:01:51.321Z THROUGHPUT bytes=81121280 rate=25200bps elapsed=3219.1s
2026-05-18T02:02:01.350Z THROUGHPUT bytes=81373184 rate=25200bps elapsed=3229.1s
2026-05-18T02:02:11.351Z THROUGHPUT bytes=81625088 rate=25200bps elapsed=3239.1s
2026-05-18T02:02:21.410Z THROUGHPUT bytes=81879040 rate=25200bps elapsed=3249.1s
2026-05-18T02:02:31.492Z THROUGHPUT bytes=82132992 rate=25200bps elapsed=3259.2s
2026-05-18T02:02:41.497Z THROUGHPUT bytes=82384896 rate=25200bps elapsed=3269.2s
2026-05-18T02:02:51.561Z THROUGHPUT bytes=82638848 rate=25200bps elapsed=3279.3s
2026-05-18T02:03:01.643Z THROUGHPUT bytes=82892800 rate=25200bps elapsed=3289.4s
2026-05-18T02:03:11.733Z THROUGHPUT bytes=83146752 rate=25200bps elapsed=3299.5s
2026-05-18T02:03:21.757Z THROUGHPUT bytes=83400704 rate=25200bps elapsed=3309.5s
2026-05-18T02:03:31.884Z THROUGHPUT bytes=83654656 rate=25200bps elapsed=3319.6s
2026-05-18T02:03:41.964Z THROUGHPUT bytes=83908608 rate=25200bps elapsed=3329.7s
2026-05-18T02:03:52.021Z THROUGHPUT bytes=84162560 rate=25200bps elapsed=3339.8s
2026-05-18T02:04:02.057Z THROUGHPUT bytes=84416512 rate=25200bps elapsed=3349.8s
2026-05-18T02:04:12.103Z THROUGHPUT bytes=84668416 rate=25200bps elapsed=3359.8s
2026-05-18T02:04:22.106Z THROUGHPUT bytes=84920320 rate=25200bps elapsed=3369.8s
2026-05-18T02:04:32.148Z THROUGHPUT bytes=85174272 rate=25200bps elapsed=3379.9s
2026-05-18T02:04:42.153Z THROUGHPUT bytes=85426176 rate=25200bps elapsed=3389.9s
2026-05-18T02:04:52.180Z THROUGHPUT bytes=85678080 rate=25200bps elapsed=3399.9s
2026-05-18T02:05:02.210Z THROUGHPUT bytes=85932032 rate=25200bps elapsed=3409.9s
2026-05-18T02:05:12.255Z THROUGHPUT bytes=86183936 rate=25200bps elapsed=3420.0s
2026-05-18T02:05:22.313Z THROUGHPUT bytes=86437888 rate=25200bps elapsed=3430.0s
2026-05-18T02:05:32.420Z THROUGHPUT bytes=86691840 rate=25200bps elapsed=3440.1s
2026-05-18T02:05:42.439Z THROUGHPUT bytes=86945792 rate=25200bps elapsed=3450.2s
2026-05-18T02:05:52.472Z THROUGHPUT bytes=87197696 rate=25200bps elapsed=3460.2s
2026-05-18T02:06:02.561Z THROUGHPUT bytes=87450812 rate=25199bps elapsed=3470.3s
2026-05-18T02:06:14.800Z THROUGHPUT bytes=87452693 rate=25111bps elapsed=3482.5s
2026-05-18T02:07:36.037Z THROUGHPUT bytes=87489683 rate=24549bps elapsed=3563.8s
2026-05-18T02:07:46.091Z THROUGHPUT bytes=90061093 rate=25200bps elapsed=3573.8s
2026-05-18T02:07:56.186Z THROUGHPUT bytes=90315045 rate=25200bps elapsed=3583.9s
2026-05-18T02:08:06.261Z THROUGHPUT bytes=90568997 rate=25200bps elapsed=3594.0s
2026-05-18T02:08:16.339Z THROUGHPUT bytes=90822949 rate=25200bps elapsed=3604.1s
2026-05-18T02:08:26.393Z THROUGHPUT bytes=91076901 rate=25200bps elapsed=3614.1s
2026-05-18T02:08:36.487Z THROUGHPUT bytes=91330853 rate=25200bps elapsed=3624.2s
2026-05-18T02:08:46.554Z THROUGHPUT bytes=91584805 rate=25200bps elapsed=3634.3s
2026-05-18T02:08:56.560Z THROUGHPUT bytes=91836709 rate=25200bps elapsed=3644.3s
2026-05-18T02:09:06.636Z THROUGHPUT bytes=92090661 rate=25200bps elapsed=3654.4s
2026-05-18T02:09:16.696Z THROUGHPUT bytes=92344613 rate=25200bps elapsed=3664.4s
2026-05-18T02:09:26.721Z THROUGHPUT bytes=92596517 rate=25200bps elapsed=3674.5s
2026-05-18T02:09:36.794Z THROUGHPUT bytes=92850469 rate=25200bps elapsed=3684.5s
2026-05-18T02:09:46.856Z THROUGHPUT bytes=93104421 rate=25200bps elapsed=3694.6s
2026-05-18T02:09:56.934Z THROUGHPUT bytes=93358373 rate=25200bps elapsed=3704.7s
2026-05-18T02:33:07.116Z CLIENT_CONNECT 192.168.1.70:56867
2026-05-18T02:33:07.394Z STALL_START idle=275ms
2026-05-18T02:33:07.817Z STALL_END 698ms
2026-05-18T02:33:08.684Z CLIENT_DISCONNECT replaced
2026-05-18T02:33:08.685Z CLIENT_CONNECT 192.168.1.70:56874
2026-05-18T02:33:18.734Z THROUGHPUT bytes=253952 rate=25278bps elapsed=10.0s
2026-05-18T02:33:28.833Z THROUGHPUT bytes=507904 rate=25210bps elapsed=20.1s
2026-05-18T02:33:38.851Z THROUGHPUT bytes=761856 rate=25255bps elapsed=30.2s
2026-05-18T02:33:48.897Z THROUGHPUT bytes=1013760 rate=25209bps elapsed=40.2s
2026-05-18T02:33:58.984Z THROUGHPUT bytes=1267712 rate=25203bps elapsed=50.3s
2026-05-18T02:34:09.016Z THROUGHPUT bytes=1521664 rate=25222bps elapsed=60.3s
2026-05-18T02:34:14.584Z CLIENT_DISCONNECT replaced
2026-05-18T02:34:14.586Z CLIENT_CONNECT 192.168.1.70:56916
2026-05-18T02:34:24.631Z THROUGHPUT bytes=253952 rate=25286bps elapsed=10.0s
2026-05-18T02:34:34.648Z THROUGHPUT bytes=505856 rate=25215bps elapsed=20.1s
2026-05-18T02:34:44.648Z THROUGHPUT bytes=757760 rate=25206bps elapsed=30.1s
2026-05-18T02:34:54.721Z THROUGHPUT bytes=1011712 rate=25207bps elapsed=40.1s
2026-05-18T02:35:01.147Z CLIENT_DISCONNECT send_error
2026-05-18T02:35:23.333Z CLIENT_CONNECT 192.168.1.70:56988
2026-05-18T02:35:23.600Z STALL_START idle=260ms
2026-05-18T02:35:23.872Z STALL_END 532ms
2026-05-18T02:35:24.890Z CLIENT_DISCONNECT replaced
2026-05-18T02:35:24.890Z CLIENT_CONNECT 192.168.1.70:56995
2026-05-18T02:35:34.893Z THROUGHPUT bytes=253952 rate=25391bps elapsed=10.0s
2026-05-18T02:35:44.944Z THROUGHPUT bytes=505856 rate=25225bps elapsed=20.1s
2026-05-18T02:35:55.025Z THROUGHPUT bytes=759808 rate=25213bps elapsed=30.1s
2026-05-18T02:36:05.030Z THROUGHPUT bytes=1011712 rate=25204bps elapsed=40.1s
2026-05-18T02:36:15.103Z THROUGHPUT bytes=1265664 rate=25205bps elapsed=50.2s
2026-05-18T02:36:25.152Z THROUGHPUT bytes=1519616 rate=25216bps elapsed=60.3s
2026-05-18T02:36:35.162Z THROUGHPUT bytes=1771520 rate=25209bps elapsed=70.3s
2026-05-18T02:36:45.255Z THROUGHPUT bytes=2025472 rate=25203bps elapsed=80.4s
2026-05-18T02:36:55.312Z THROUGHPUT bytes=2279424 rate=25208bps elapsed=90.4s
2026-05-18T02:37:05.399Z THROUGHPUT bytes=2533376 rate=25205bps elapsed=100.5s
2026-05-18T02:37:15.477Z THROUGHPUT bytes=2787328 rate=25204bps elapsed=110.6s
2026-05-18T02:37:25.565Z THROUGHPUT bytes=3041280 rate=25202bps elapsed=120.7s
2026-05-18T02:37:35.645Z THROUGHPUT bytes=3295232 rate=25201bps elapsed=130.8s
2026-05-18T02:37:45.735Z THROUGHPUT bytes=3549184 rate=25202bps elapsed=140.8s
2026-05-18T02:37:55.718Z THROUGHPUT bytes=3801088 rate=25201bps elapsed=150.8s
2026-05-18T02:38:05.756Z THROUGHPUT bytes=4055040 rate=25207bps elapsed=160.9s
2026-05-18T02:38:14.130Z CLIENT_DISCONNECT send_error
2026-05-18T02:38:14.243Z CLIENT_CONNECT 192.168.1.70:57101
2026-05-18T02:38:24.312Z THROUGHPUT bytes=253952 rate=25223bps elapsed=10.1s
2026-05-18T02:38:34.362Z THROUGHPUT bytes=507904 rate=25246bps elapsed=20.1s
2026-05-18T02:38:44.380Z THROUGHPUT bytes=759808 rate=25212bps elapsed=30.1s
2026-05-18T02:38:54.408Z THROUGHPUT bytes=1013760 rate=25240bps elapsed=40.2s
2026-05-18T02:39:04.461Z THROUGHPUT bytes=1265664 rate=25203bps elapsed=50.2s
2026-05-18T02:39:14.519Z THROUGHPUT bytes=1519616 rate=25211bps elapsed=60.3s
2026-05-18T02:39:24.551Z THROUGHPUT bytes=1773568 rate=25225bps elapsed=70.3s
2026-05-18T02:39:34.571Z THROUGHPUT bytes=2025472 rate=25215bps elapsed=80.3s
2026-05-18T02:39:44.675Z THROUGHPUT bytes=2279424 rate=25206bps elapsed=90.4s
2026-05-18T02:39:54.758Z THROUGHPUT bytes=2533376 rate=25203bps elapsed=100.5s
2026-05-18T02:40:04.777Z THROUGHPUT bytes=2787328 rate=25216bps elapsed=110.5s
2026-05-18T02:40:14.840Z THROUGHPUT bytes=3039232 rate=25201bps elapsed=120.6s
2026-05-18T02:40:24.912Z THROUGHPUT bytes=3293184 rate=25202bps elapsed=130.7s
2026-05-18T02:40:34.956Z THROUGHPUT bytes=3547136 rate=25208bps elapsed=140.7s
2026-05-18T02:40:44.980Z THROUGHPUT bytes=3799040 rate=25203bps elapsed=150.7s
2026-05-18T02:40:54.983Z THROUGHPUT bytes=4050944 rate=25201bps elapsed=160.7s
2026-05-18T02:41:05.060Z THROUGHPUT bytes=4304896 rate=25201bps elapsed=170.8s
2026-05-18T02:41:15.126Z THROUGHPUT bytes=4558848 rate=25203bps elapsed=180.9s
2026-05-18T02:41:25.208Z THROUGHPUT bytes=4812800 rate=25202bps elapsed=191.0s
2026-05-18T02:41:35.267Z THROUGHPUT bytes=5066752 rate=25204bps elapsed=201.0s
2026-05-18T02:41:45.293Z THROUGHPUT bytes=5318656 rate=25200bps elapsed=211.1s
2026-05-18T02:41:55.362Z THROUGHPUT bytes=5572608 rate=25201bps elapsed=221.1s
2026-05-18T02:42:05.443Z THROUGHPUT bytes=5826560 rate=25201bps elapsed=231.2s
2026-05-18T02:42:15.520Z THROUGHPUT bytes=6080512 rate=25201bps elapsed=241.3s
2026-05-18T02:42:25.597Z THROUGHPUT bytes=6334464 rate=25201bps elapsed=251.4s
2026-05-18T02:42:35.679Z THROUGHPUT bytes=6588416 rate=25200bps elapsed=261.4s
2026-05-18T02:42:45.726Z THROUGHPUT bytes=6842368 rate=25203bps elapsed=271.5s
2026-05-18T02:42:55.821Z THROUGHPUT bytes=7096320 rate=25201bps elapsed=281.6s
2026-05-18T02:43:05.911Z THROUGHPUT bytes=7350272 rate=25200bps elapsed=291.7s
2026-05-18T02:43:15.935Z THROUGHPUT bytes=7604224 rate=25205bps elapsed=301.7s
2026-05-18T02:43:25.955Z THROUGHPUT bytes=7856128 rate=25203bps elapsed=311.7s
2026-05-18T02:43:36.050Z THROUGHPUT bytes=8110080 rate=25201bps elapsed=321.8s
2026-05-18T02:43:46.059Z THROUGHPUT bytes=8361984 rate=25200bps elapsed=331.8s
2026-05-18T02:43:56.090Z THROUGHPUT bytes=8615936 rate=25204bps elapsed=341.8s
2026-05-18T02:44:06.101Z THROUGHPUT bytes=8867840 rate=25202bps elapsed=351.9s
2026-05-18T02:44:16.146Z THROUGHPUT bytes=9121792 rate=25204bps elapsed=361.9s
2026-05-18T02:44:26.197Z THROUGHPUT bytes=9373696 rate=25201bps elapsed=372.0s
2026-05-18T02:44:36.282Z THROUGHPUT bytes=9627648 rate=25200bps elapsed=382.0s
2026-05-18T02:44:46.293Z THROUGHPUT bytes=9881600 rate=25204bps elapsed=392.1s
2026-05-18T02:44:53.920Z CLIENT_DISCONNECT replaced
2026-05-18T02:44:53.922Z CLIENT_CONNECT 192.168.1.70:57343
2026-05-18T02:45:03.980Z THROUGHPUT bytes=253952 rate=25250bps elapsed=10.1s
2026-05-18T02:45:14.043Z THROUGHPUT bytes=507904 rate=25242bps elapsed=20.1s
2026-05-18T02:45:24.067Z THROUGHPUT bytes=759808 rate=25205bps elapsed=30.1s
2026-05-18T02:45:34.117Z THROUGHPUT bytes=1013760 rate=25221bps elapsed=40.2s
2026-05-18T02:45:44.128Z THROUGHPUT bytes=1265664 rate=25211bps elapsed=50.2s
2026-05-18T02:45:54.191Z THROUGHPUT bytes=1519616 rate=25214bps elapsed=60.3s
2026-05-18T02:46:04.210Z THROUGHPUT bytes=1771520 rate=25204bps elapsed=70.3s
2026-05-18T02:46:14.275Z THROUGHPUT bytes=2025472 rate=25207bps elapsed=80.4s
2026-05-18T02:46:24.360Z THROUGHPUT bytes=2279424 rate=25205bps elapsed=90.4s
2026-05-18T02:46:34.366Z THROUGHPUT bytes=2531328 rate=25201bps elapsed=100.4s
2026-05-18T02:46:35.189Z CLIENT_DISCONNECT send_error
2026-05-18T02:46:35.380Z CLIENT_CONNECT 192.168.1.70:57438
2026-05-18T02:46:45.438Z THROUGHPUT bytes=253952 rate=25250bps elapsed=10.1s
2026-05-18T02:46:55.510Z THROUGHPUT bytes=507904 rate=25232bps elapsed=20.1s
2026-05-18T02:47:05.550Z THROUGHPUT bytes=761856 rate=25252bps elapsed=30.2s
2026-05-18T02:47:15.556Z THROUGHPUT bytes=1013760 rate=25233bps elapsed=40.2s
2026-05-18T02:47:25.673Z THROUGHPUT bytes=1267712 rate=25206bps elapsed=50.3s
2026-05-18T02:47:35.725Z THROUGHPUT bytes=1521664 rate=25216bps elapsed=60.3s
2026-05-18T02:47:45.823Z THROUGHPUT bytes=1775616 rate=25206bps elapsed=70.4s
2026-05-18T02:47:55.906Z THROUGHPUT bytes=2029568 rate=25204bps elapsed=80.5s
2026-05-18T02:48:05.936Z THROUGHPUT bytes=2283520 rate=25216bps elapsed=90.6s
2026-05-18T02:48:15.985Z THROUGHPUT bytes=2535424 rate=25201bps elapsed=100.6s
2026-05-18T02:48:25.997Z THROUGHPUT bytes=2789376 rate=25216bps elapsed=110.6s
2026-05-18T02:48:36.134Z THROUGHPUT bytes=3043328 rate=25202bps elapsed=120.8s
2026-05-18T02:48:46.134Z THROUGHPUT bytes=3295232 rate=25201bps elapsed=130.8s
2026-05-18T02:48:56.206Z THROUGHPUT bytes=3549184 rate=25202bps elapsed=140.8s
2026-05-18T02:49:06.289Z THROUGHPUT bytes=3803136 rate=25201bps elapsed=150.9s
2026-05-18T02:49:16.369Z THROUGHPUT bytes=4057088 rate=25200bps elapsed=161.0s
2026-05-18T02:49:26.376Z THROUGHPUT bytes=4311040 rate=25211bps elapsed=171.0s
2026-05-18T02:49:36.433Z THROUGHPUT bytes=4562944 rate=25202bps elapsed=181.1s
2026-05-18T02:49:46.435Z THROUGHPUT bytes=4814848 rate=25201bps elapsed=191.1s
2026-05-18T02:49:56.501Z THROUGHPUT bytes=5068800 rate=25202bps elapsed=201.1s
2026-05-18T02:50:06.591Z THROUGHPUT bytes=5322752 rate=25201bps elapsed=211.2s
2026-05-18T02:50:16.600Z THROUGHPUT bytes=5576704 rate=25208bps elapsed=221.2s
2026-05-18T02:50:26.663Z THROUGHPUT bytes=5828608 rate=25201bps elapsed=231.3s
2026-05-18T02:50:36.744Z THROUGHPUT bytes=6082560 rate=25200bps elapsed=241.4s
2026-05-18T02:50:46.765Z THROUGHPUT bytes=6336512 rate=25206bps elapsed=251.4s
2026-05-18T02:50:56.803Z THROUGHPUT bytes=6588416 rate=25202bps elapsed=261.4s
2026-05-18T02:51:06.870Z THROUGHPUT bytes=6842368 rate=25202bps elapsed=271.5s
2026-05-18T02:51:16.879Z THROUGHPUT bytes=7094272 rate=25201bps elapsed=281.5s
2026-05-18T02:51:26.964Z THROUGHPUT bytes=7348224 rate=25200bps elapsed=291.6s
2026-05-18T02:51:36.972Z THROUGHPUT bytes=7602176 rate=25206bps elapsed=301.6s
2026-05-18T02:51:47.010Z THROUGHPUT bytes=7854080 rate=25203bps elapsed=311.6s
2026-05-18T02:51:57.013Z THROUGHPUT bytes=8105984 rate=25202bps elapsed=321.6s
2026-05-18T02:52:07.026Z THROUGHPUT bytes=8357888 rate=25201bps elapsed=331.6s
2026-05-18T02:52:17.043Z THROUGHPUT bytes=8611840 rate=25205bps elapsed=341.7s
2026-05-18T02:52:27.071Z THROUGHPUT bytes=8863744 rate=25203bps elapsed=351.7s
2026-05-18T02:52:37.077Z THROUGHPUT bytes=9115648 rate=25202bps elapsed=361.7s
2026-05-18T02:52:47.153Z THROUGHPUT bytes=9369600 rate=25202bps elapsed=371.8s
2026-05-18T02:52:57.173Z THROUGHPUT bytes=9621504 rate=25200bps elapsed=381.8s
2026-05-18T02:53:07.237Z THROUGHPUT bytes=9875456 rate=25201bps elapsed=391.9s
2026-05-18T02:53:17.324Z THROUGHPUT bytes=10129408 rate=25200bps elapsed=401.9s
2026-05-18T02:53:27.372Z THROUGHPUT bytes=10383360 rate=25202bps elapsed=412.0s
2026-05-18T02:53:37.478Z THROUGHPUT bytes=10637312 rate=25200bps elapsed=422.1s
2026-05-18T02:53:47.561Z THROUGHPUT bytes=10891264 rate=25200bps elapsed=432.2s
2026-05-18T02:53:57.607Z THROUGHPUT bytes=11145216 rate=25202bps elapsed=442.2s
2026-05-18T02:54:07.637Z THROUGHPUT bytes=11397120 rate=25200bps elapsed=452.3s
2026-05-18T02:54:17.669Z THROUGHPUT bytes=11651072 rate=25202bps elapsed=462.3s
2026-05-18T02:54:27.703Z THROUGHPUT bytes=11902976 rate=25200bps elapsed=472.3s
2026-05-18T02:54:37.745Z THROUGHPUT bytes=12156928 rate=25202bps elapsed=482.4s
2026-05-18T02:54:47.783Z THROUGHPUT bytes=12408832 rate=25200bps elapsed=492.4s
2026-05-18T02:54:57.853Z THROUGHPUT bytes=12662784 rate=25200bps elapsed=502.5s
2026-05-18T02:55:07.873Z THROUGHPUT bytes=12916736 rate=25203bps elapsed=512.5s
2026-05-18T02:55:17.920Z THROUGHPUT bytes=13168640 rate=25201bps elapsed=522.5s
2026-05-18T02:55:27.953Z THROUGHPUT bytes=13422592 rate=25203bps elapsed=532.6s
2026-05-18T02:55:38.008Z THROUGHPUT bytes=13674496 rate=25200bps elapsed=542.6s
2026-05-18T02:55:48.080Z THROUGHPUT bytes=13928448 rate=25200bps elapsed=552.7s
2026-05-18T02:55:58.135Z THROUGHPUT bytes=14182400 rate=25201bps elapsed=562.8s
2026-05-18T02:56:08.196Z THROUGHPUT bytes=14436352 rate=25202bps elapsed=572.8s
2026-05-18T02:56:18.317Z THROUGHPUT bytes=14690304 rate=25200bps elapsed=582.9s
2026-05-18T02:56:28.343Z THROUGHPUT bytes=14944256 rate=25202bps elapsed=593.0s
2026-05-18T02:56:38.376Z THROUGHPUT bytes=15196160 rate=25200bps elapsed=603.0s
2026-05-18T02:56:48.468Z THROUGHPUT bytes=15450112 rate=25200bps elapsed=613.1s
2026-05-18T02:56:58.502Z THROUGHPUT bytes=15704064 rate=25202bps elapsed=623.1s
2026-05-18T02:57:08.548Z THROUGHPUT bytes=15955968 rate=25200bps elapsed=633.2s
2026-05-18T02:57:18.647Z THROUGHPUT bytes=16209920 rate=25200bps elapsed=643.2s
2026-05-18T02:57:28.729Z THROUGHPUT bytes=16463872 rate=25200bps elapsed=653.3s
2026-05-18T02:57:38.786Z THROUGHPUT bytes=16717824 rate=25201bps elapsed=663.4s
2026-05-18T02:57:48.804Z THROUGHPUT bytes=16969728 rate=25200bps elapsed=673.4s
2026-05-18T02:57:58.856Z THROUGHPUT bytes=17223680 rate=25201bps elapsed=683.4s
2026-05-18T02:58:08.882Z THROUGHPUT bytes=17475584 rate=25200bps elapsed=693.5s
2026-05-18T02:58:18.917Z THROUGHPUT bytes=17729536 rate=25202bps elapsed=703.5s
2026-05-18T02:58:29.043Z THROUGHPUT bytes=17983488 rate=25200bps elapsed=713.6s
2026-05-18T02:58:39.118Z THROUGHPUT bytes=18237440 rate=25200bps elapsed=723.7s
2026-05-18T02:58:49.177Z THROUGHPUT bytes=18491392 rate=25200bps elapsed=733.8s
2026-05-18T02:58:59.188Z THROUGHPUT bytes=18743296 rate=25200bps elapsed=743.8s
2026-05-18T02:59:09.273Z THROUGHPUT bytes=18997248 rate=25200bps elapsed=753.9s
2026-05-18T02:59:19.340Z THROUGHPUT bytes=19251200 rate=25200bps elapsed=763.9s
2026-05-18T02:59:29.415Z THROUGHPUT bytes=19505152 rate=25200bps elapsed=774.0s
2026-05-18T02:59:39.423Z THROUGHPUT bytes=19757056 rate=25200bps elapsed=784.0s
2026-05-18T02:59:49.470Z THROUGHPUT bytes=20011008 rate=25201bps elapsed=794.0s
2026-05-18T02:59:59.533Z THROUGHPUT bytes=20264960 rate=25201bps elapsed=804.1s
2026-05-18T03:00:09.551Z THROUGHPUT bytes=20516864 rate=25200bps elapsed=814.1s
2026-05-18T03:00:19.564Z THROUGHPUT bytes=20768768 rate=25200bps elapsed=824.1s
2026-05-18T03:00:29.624Z THROUGHPUT bytes=21022720 rate=25201bps elapsed=834.2s
2026-05-18T03:00:39.656Z THROUGHPUT bytes=21276672 rate=25202bps elapsed=844.2s
2026-05-18T03:00:49.717Z THROUGHPUT bytes=21528576 rate=25200bps elapsed=854.3s
2026-05-18T03:00:59.799Z THROUGHPUT bytes=21782528 rate=25200bps elapsed=864.4s
2026-05-18T03:01:09.849Z THROUGHPUT bytes=22036480 rate=25201bps elapsed=874.4s
2026-05-18T03:01:19.873Z THROUGHPUT bytes=22288384 rate=25200bps elapsed=884.5s
2026-05-18T03:01:29.921Z THROUGHPUT bytes=22542336 rate=25201bps elapsed=894.5s
2026-05-18T03:01:39.933Z THROUGHPUT bytes=22794240 rate=25200bps elapsed=904.5s
2026-05-18T03:01:50.019Z THROUGHPUT bytes=23048192 rate=25200bps elapsed=914.6s
2026-05-18T03:02:00.081Z THROUGHPUT bytes=23302144 rate=25200bps elapsed=924.7s
2026-05-18T03:02:10.168Z THROUGHPUT bytes=23556096 rate=25200bps elapsed=934.7s
2026-05-18T03:02:20.173Z THROUGHPUT bytes=23808000 rate=25200bps elapsed=944.8s
2026-05-18T03:02:30.183Z THROUGHPUT bytes=24061952 rate=25202bps elapsed=954.8s
2026-05-18T03:02:40.248Z THROUGHPUT bytes=24313856 rate=25200bps elapsed=964.8s
2026-05-18T03:02:50.292Z THROUGHPUT bytes=24567808 rate=25201bps elapsed=974.9s
2026-05-18T03:03:00.324Z THROUGHPUT bytes=24819712 rate=25200bps elapsed=984.9s
2026-05-18T03:03:10.368Z THROUGHPUT bytes=25073664 rate=25201bps elapsed=994.9s
2026-05-18T03:03:20.399Z THROUGHPUT bytes=25325568 rate=25200bps elapsed=1005.0s
2026-05-18T03:03:30.475Z THROUGHPUT bytes=25579520 rate=25200bps elapsed=1015.1s
2026-05-18T03:03:40.481Z THROUGHPUT bytes=25833472 rate=25201bps elapsed=1025.1s
2026-05-18T03:03:46.270Z CLIENT_DISCONNECT replaced
2026-05-18T03:03:46.273Z CLIENT_CONNECT 192.168.1.70:57891
2026-05-18T03:03:56.300Z THROUGHPUT bytes=253952 rate=25326bps elapsed=10.0s
2026-05-18T03:04:06.304Z THROUGHPUT bytes=505856 rate=25254bps elapsed=20.0s
2026-05-18T03:04:16.416Z THROUGHPUT bytes=759808 rate=25207bps elapsed=30.1s
2026-05-18T03:04:26.486Z THROUGHPUT bytes=1013760 rate=25212bps elapsed=40.2s
2026-05-18T03:04:36.521Z THROUGHPUT bytes=1267712 rate=25229bps elapsed=50.2s
2026-05-18T03:04:46.649Z THROUGHPUT bytes=1521664 rate=25203bps elapsed=60.4s
2026-05-18T03:04:56.662Z THROUGHPUT bytes=1775616 rate=25225bps elapsed=70.4s
2026-05-18T03:05:06.723Z THROUGHPUT bytes=2027520 rate=25202bps elapsed=80.4s
2026-05-18T03:05:16.787Z THROUGHPUT bytes=2281472 rate=25206bps elapsed=90.5s
2026-05-18T03:05:26.871Z THROUGHPUT bytes=2535424 rate=25203bps elapsed=100.6s
2026-05-18T03:05:36.947Z THROUGHPUT bytes=2789376 rate=25203bps elapsed=110.7s
2026-05-18T03:05:47.021Z THROUGHPUT bytes=3043328 rate=25204bps elapsed=120.7s
2026-05-18T03:05:57.111Z THROUGHPUT bytes=3297280 rate=25201bps elapsed=130.8s
2026-05-18T03:06:07.172Z THROUGHPUT bytes=3551232 rate=25204bps elapsed=140.9s
2026-05-18T03:06:17.250Z THROUGHPUT bytes=3805184 rate=25203bps elapsed=151.0s
2026-05-18T03:06:27.273Z THROUGHPUT bytes=4059136 rate=25212bps elapsed=161.0s
2026-05-18T03:06:37.320Z THROUGHPUT bytes=4311040 rate=25204bps elapsed=171.0s
2026-05-18T03:06:47.414Z THROUGHPUT bytes=4564992 rate=25201bps elapsed=181.1s
2026-05-18T03:06:57.480Z THROUGHPUT bytes=4818944 rate=25203bps elapsed=191.2s
2026-05-18T03:07:07.537Z THROUGHPUT bytes=5072896 rate=25205bps elapsed=201.3s
2026-05-18T03:07:17.626Z THROUGHPUT bytes=5326848 rate=25203bps elapsed=211.4s
2026-05-18T03:07:27.733Z THROUGHPUT bytes=5580800 rate=25200bps elapsed=221.5s
2026-05-18T03:07:37.751Z THROUGHPUT bytes=5834752 rate=25206bps elapsed=231.5s
2026-05-18T03:07:47.762Z THROUGHPUT bytes=6086656 rate=25204bps elapsed=241.5s
2026-05-18T03:07:57.797Z THROUGHPUT bytes=6338560 rate=25200bps elapsed=251.5s
2026-05-18T03:08:07.858Z THROUGHPUT bytes=6592512 rate=25202bps elapsed=261.6s
2026-05-18T03:08:17.867Z THROUGHPUT bytes=6844416 rate=25201bps elapsed=271.6s
2026-05-18T03:08:27.921Z THROUGHPUT bytes=7098368 rate=25203bps elapsed=281.6s
2026-05-18T03:08:37.988Z THROUGHPUT bytes=7350272 rate=25199bps elapsed=291.7s
2026-05-18T03:08:47.978Z THROUGHPUT bytes=7604224 rate=25204bps elapsed=301.7s
2026-05-18T03:08:58.099Z THROUGHPUT bytes=7858176 rate=25200bps elapsed=311.8s
2026-05-18T03:09:08.234Z THROUGHPUT bytes=8112128 rate=25201bps elapsed=321.9s
2026-05-18T03:09:18.229Z THROUGHPUT bytes=8366080 rate=25202bps elapsed=332.0s
2026-05-18T03:09:28.236Z THROUGHPUT bytes=8617984 rate=25201bps elapsed=342.0s
2026-05-18T03:09:38.244Z THROUGHPUT bytes=8869888 rate=25200bps elapsed=352.0s
2026-05-18T03:09:48.320Z THROUGHPUT bytes=9123840 rate=25200bps elapsed=362.0s
2026-05-18T03:09:58.381Z THROUGHPUT bytes=9377792 rate=25201bps elapsed=372.1s
2026-05-18T03:10:08.455Z THROUGHPUT bytes=9631744 rate=25202bps elapsed=382.2s
2026-05-18T03:10:18.468Z THROUGHPUT bytes=9883648 rate=25201bps elapsed=392.2s
2026-05-18T03:10:28.510Z THROUGHPUT bytes=10137600 rate=25203bps elapsed=402.2s
2026-05-18T03:10:38.565Z THROUGHPUT bytes=10391552 rate=25204bps elapsed=412.3s
2026-05-18T03:10:48.608Z THROUGHPUT bytes=10643456 rate=25201bps elapsed=422.3s
2026-05-18T03:10:58.705Z THROUGHPUT bytes=10897408 rate=25200bps elapsed=432.4s
2026-05-18T03:11:08.755Z THROUGHPUT bytes=11151360 rate=25201bps elapsed=442.5s
2026-05-18T03:11:18.851Z THROUGHPUT bytes=11405312 rate=25200bps elapsed=452.6s
2026-05-18T03:11:28.918Z THROUGHPUT bytes=11659264 rate=25201bps elapsed=462.6s
2026-05-18T03:11:39.012Z THROUGHPUT bytes=11913216 rate=25200bps elapsed=472.7s
2026-05-18T03:11:49.039Z THROUGHPUT bytes=12167168 rate=25203bps elapsed=482.8s
2026-05-18T03:11:59.086Z THROUGHPUT bytes=12419072 rate=25200bps elapsed=492.8s
2026-05-18T03:12:09.100Z THROUGHPUT bytes=12673024 rate=25203bps elapsed=502.8s
2026-05-18T03:12:19.149Z THROUGHPUT bytes=12924928 rate=25201bps elapsed=512.9s
2026-05-18T03:12:29.235Z THROUGHPUT bytes=13178880 rate=25200bps elapsed=523.0s
2026-05-18T03:12:39.251Z THROUGHPUT bytes=13432832 rate=25203bps elapsed=533.0s
2026-05-18T03:12:49.277Z THROUGHPUT bytes=13684736 rate=25202bps elapsed=543.0s
2026-05-18T03:12:59.308Z THROUGHPUT bytes=13936640 rate=25200bps elapsed=553.0s
2026-05-18T03:13:09.370Z THROUGHPUT bytes=14190592 rate=25201bps elapsed=563.1s
2026-05-18T03:13:19.399Z THROUGHPUT bytes=14444544 rate=25203bps elapsed=573.1s
2026-05-18T03:13:29.421Z THROUGHPUT bytes=14696448 rate=25202bps elapsed=583.1s
2026-05-18T03:13:39.463Z THROUGHPUT bytes=14948352 rate=25200bps elapsed=593.2s
2026-05-18T03:13:49.476Z THROUGHPUT bytes=15202304 rate=25202bps elapsed=603.2s
2026-05-18T03:13:59.533Z THROUGHPUT bytes=15454208 rate=25200bps elapsed=613.3s
2026-05-18T03:14:09.609Z THROUGHPUT bytes=15708160 rate=25200bps elapsed=623.3s
2026-05-18T03:14:19.641Z THROUGHPUT bytes=15962112 rate=25202bps elapsed=633.4s
2026-05-18T03:14:29.678Z THROUGHPUT bytes=16214016 rate=25200bps elapsed=643.4s
2026-05-18T03:14:39.702Z THROUGHPUT bytes=16467968 rate=25202bps elapsed=653.4s
2026-05-18T03:14:49.719Z THROUGHPUT bytes=16719872 rate=25201bps elapsed=663.4s
2026-05-18T03:14:59.744Z THROUGHPUT bytes=16971776 rate=25200bps elapsed=673.5s
2026-05-18T03:15:09.826Z THROUGHPUT bytes=17225728 rate=25200bps elapsed=683.5s
2026-05-18T03:15:19.893Z THROUGHPUT bytes=17479680 rate=25200bps elapsed=693.6s
2026-05-18T03:15:29.895Z THROUGHPUT bytes=17731584 rate=25200bps elapsed=703.6s
2026-05-18T03:15:39.966Z THROUGHPUT bytes=17985536 rate=25200bps elapsed=713.7s
2026-05-18T03:15:49.976Z THROUGHPUT bytes=18237440 rate=25200bps elapsed=723.7s
2026-05-18T03:16:00.050Z THROUGHPUT bytes=18491392 rate=25200bps elapsed=733.8s
2026-05-18T03:16:10.120Z THROUGHPUT bytes=18745344 rate=25200bps elapsed=743.8s
2026-05-18T03:16:20.210Z THROUGHPUT bytes=18999296 rate=25200bps elapsed=753.9s
2026-05-18T03:16:27.798Z CLIENT_DISCONNECT send_error
2026-05-18T03:16:33.055Z CLIENT_CONNECT 192.168.1.70:58326
2026-05-18T03:16:33.297Z STALL_START idle=238ms
2026-05-18T03:17:21.822Z STALL_END 48763ms
2026-05-18T03:17:21.824Z THROUGHPUT bytes=1254 rate=25bps elapsed=48.8s
2026-05-18T03:17:21.826Z CLIENT_DISCONNECT send_error
2026-05-18T03:17:22.052Z CLIENT_CONNECT 192.168.1.70:58372
2026-05-18T03:17:32.088Z THROUGHPUT bytes=253157 rate=25226bps elapsed=10.0s
2026-05-18T03:17:42.100Z THROUGHPUT bytes=507109 rate=25298bps elapsed=20.0s
2026-05-18T03:17:52.164Z THROUGHPUT bytes=759013 rate=25207bps elapsed=30.1s
2026-05-18T03:18:02.189Z THROUGHPUT bytes=1012965 rate=25239bps elapsed=40.1s
2026-05-18T03:18:12.199Z THROUGHPUT bytes=1264869 rate=25224bps elapsed=50.1s
2026-05-18T03:18:22.296Z THROUGHPUT bytes=1518821 rate=25211bps elapsed=60.2s
2026-05-18T03:18:32.327Z THROUGHPUT bytes=1772773 rate=25226bps elapsed=70.3s
2026-05-18T03:18:42.352Z THROUGHPUT bytes=2024677 rate=25214bps elapsed=80.3s
2026-05-18T03:18:52.461Z THROUGHPUT bytes=2278629 rate=25204bps elapsed=90.4s
2026-05-18T03:19:02.514Z THROUGHPUT bytes=2532581 rate=25209bps elapsed=100.5s
2026-05-18T03:19:12.550Z THROUGHPUT bytes=2786533 rate=25218bps elapsed=110.5s
2026-05-18T03:19:22.573Z THROUGHPUT bytes=3038437 rate=25211bps elapsed=120.5s
2026-05-18T03:19:32.608Z THROUGHPUT bytes=3290341 rate=25202bps elapsed=130.6s
2026-05-18T03:19:42.686Z THROUGHPUT bytes=3544293 rate=25202bps elapsed=140.6s
2026-05-18T03:19:52.708Z THROUGHPUT bytes=3796197 rate=25199bps elapsed=150.6s
2026-05-18T03:20:02.785Z THROUGHPUT bytes=4052197 rate=25210bps elapsed=160.7s
2026-05-18T03:20:12.844Z THROUGHPUT bytes=4304101 rate=25201bps elapsed=170.8s
2026-05-18T03:20:22.883Z THROUGHPUT bytes=4558053 rate=25206bps elapsed=180.8s
2026-05-18T03:20:32.979Z THROUGHPUT bytes=4812005 rate=25203bps elapsed=190.9s
2026-05-18T03:20:42.988Z THROUGHPUT bytes=5063909 rate=25201bps elapsed=200.9s
2026-05-18T03:20:53.010Z THROUGHPUT bytes=5317861 rate=25208bps elapsed=211.0s
2026-05-18T03:21:03.054Z THROUGHPUT bytes=5569765 rate=25202bps elapsed=221.0s
2026-05-18T03:21:13.145Z THROUGHPUT bytes=5823717 rate=25201bps elapsed=231.1s
2026-05-18T03:21:23.166Z THROUGHPUT bytes=6077669 rate=25206bps elapsed=241.1s
2026-05-18T03:21:33.299Z THROUGHPUT bytes=6331621 rate=25201bps elapsed=251.2s
2026-05-18T03:21:43.337Z THROUGHPUT bytes=6585573 rate=25204bps elapsed=261.3s
2026-05-18T03:21:53.455Z THROUGHPUT bytes=6839525 rate=25200bps elapsed=271.4s
2026-05-18T03:22:03.499Z THROUGHPUT bytes=7093477 rate=25203bps elapsed=281.4s
2026-05-18T03:22:13.531Z THROUGHPUT bytes=7345381 rate=25200bps elapsed=291.5s
2026-05-18T03:22:23.583Z THROUGHPUT bytes=7599333 rate=25202bps elapsed=301.5s
2026-05-18T03:22:33.604Z THROUGHPUT bytes=7851237 rate=25200bps elapsed=311.5s
2026-05-18T03:22:43.653Z THROUGHPUT bytes=8105189 rate=25202bps elapsed=321.6s
2026-05-18T03:22:53.675Z THROUGHPUT bytes=8357093 rate=25201bps elapsed=331.6s
2026-05-18T03:23:03.745Z THROUGHPUT bytes=8611045 rate=25201bps elapsed=341.7s
2026-05-18T03:23:13.804Z THROUGHPUT bytes=8864997 rate=25202bps elapsed=351.7s
2026-05-18T03:23:23.822Z THROUGHPUT bytes=9116901 rate=25201bps elapsed=361.8s
2026-05-18T03:23:33.894Z THROUGHPUT bytes=9370853 rate=25201bps elapsed=371.8s
2026-05-18T03:23:43.978Z THROUGHPUT bytes=9624805 rate=25200bps elapsed=381.9s
2026-05-18T03:23:54.054Z THROUGHPUT bytes=9878757 rate=25200bps elapsed=392.0s
2026-05-18T03:24:04.071Z THROUGHPUT bytes=10132709 rate=25204bps elapsed=402.0s
2026-05-18T03:24:14.135Z THROUGHPUT bytes=10384613 rate=25200bps elapsed=412.1s
2026-05-18T03:24:24.214Z THROUGHPUT bytes=10638565 rate=25200bps elapsed=422.2s
2026-05-18T03:24:34.287Z THROUGHPUT bytes=10892517 rate=25200bps elapsed=432.2s
2026-05-18T03:24:44.288Z THROUGHPUT bytes=11144421 rate=25200bps elapsed=442.2s
2026-05-18T03:24:54.364Z THROUGHPUT bytes=11398373 rate=25200bps elapsed=452.3s
2026-05-18T03:25:04.411Z THROUGHPUT bytes=11652325 rate=25202bps elapsed=462.4s
2026-05-18T03:25:14.512Z THROUGHPUT bytes=11906277 rate=25200bps elapsed=472.5s
2026-05-18T03:25:24.589Z THROUGHPUT bytes=12160229 rate=25200bps elapsed=482.5s
2026-05-18T03:25:34.617Z THROUGHPUT bytes=12414181 rate=25203bps elapsed=492.6s
2026-05-18T03:25:44.643Z THROUGHPUT bytes=12666085 rate=25201bps elapsed=502.6s
2026-05-18T03:25:54.745Z THROUGHPUT bytes=12920037 rate=25200bps elapsed=512.7s
2026-05-18T03:26:04.818Z THROUGHPUT bytes=13173989 rate=25200bps elapsed=522.8s
2026-05-18T03:26:08.746Z CLIENT_DISCONNECT send_error
2026-05-18T03:26:13.881Z CLIENT_CONNECT 192.168.1.70:58524
2026-05-18T03:26:23.936Z THROUGHPUT bytes=253952 rate=25257bps elapsed=10.1s
2026-05-18T03:26:34.009Z THROUGHPUT bytes=507904 rate=25234bps elapsed=20.1s
2026-05-18T03:26:44.105Z THROUGHPUT bytes=761856 rate=25208bps elapsed=30.2s
2026-05-18T03:26:54.180Z THROUGHPUT bytes=1015808 rate=25207bps elapsed=40.3s
2026-05-18T03:27:04.180Z THROUGHPUT bytes=1267712 rate=25204bps elapsed=50.3s
2026-05-18T03:27:14.220Z THROUGHPUT bytes=1521664 rate=25219bps elapsed=60.3s
2026-05-18T03:27:24.336Z THROUGHPUT bytes=1775616 rate=25202bps elapsed=70.5s
2026-05-18T03:27:34.376Z THROUGHPUT bytes=2029568 rate=25214bps elapsed=80.5s
2026-05-18T03:27:44.481Z THROUGHPUT bytes=2283520 rate=25204bps elapsed=90.6s
2026-05-18T03:27:54.528Z THROUGHPUT bytes=2537472 rate=25212bps elapsed=100.6s
2026-05-18T03:28:04.544Z THROUGHPUT bytes=2789376 rate=25206bps elapsed=110.7s
2026-05-18T03:28:14.606Z THROUGHPUT bytes=3043328 rate=25209bps elapsed=120.7s
2026-05-18T03:28:24.713Z THROUGHPUT bytes=3297280 rate=25202bps elapsed=130.8s
2026-05-18T03:28:34.777Z THROUGHPUT bytes=3551232 rate=25204bps elapsed=140.9s
2026-05-18T03:28:44.801Z THROUGHPUT bytes=3805184 rate=25213bps elapsed=150.9s
2026-05-18T03:28:54.837Z THROUGHPUT bytes=4057088 rate=25206bps elapsed=161.0s
2026-05-18T03:29:04.858Z THROUGHPUT bytes=4308992 rate=25202bps elapsed=171.0s
2026-05-18T03:29:14.923Z THROUGHPUT bytes=4562944 rate=25204bps elapsed=181.0s
2026-05-18T03:29:25.000Z THROUGHPUT bytes=4816896 rate=25203bps elapsed=191.1s
2026-05-18T03:29:35.093Z THROUGHPUT bytes=5070848 rate=25201bps elapsed=201.2s
2026-05-18T03:29:45.169Z THROUGHPUT bytes=5324800 rate=25201bps elapsed=211.3s
2026-05-18T03:29:55.173Z THROUGHPUT bytes=5576704 rate=25200bps elapsed=221.3s
2026-05-18T03:30:05.248Z THROUGHPUT bytes=5830656 rate=25201bps elapsed=231.4s
2026-05-18T03:30:15.249Z THROUGHPUT bytes=6082560 rate=25200bps elapsed=241.4s
2026-05-18T03:30:25.283Z THROUGHPUT bytes=6336512 rate=25204bps elapsed=251.4s
2026-05-18T03:30:35.381Z THROUGHPUT bytes=6588416 rate=25194bps elapsed=261.5s
2026-05-18T03:30:45.550Z THROUGHPUT bytes=6844416 rate=25194bps elapsed=271.7s
2026-05-18T03:30:55.714Z THROUGHPUT bytes=7100416 rate=25193bps elapsed=281.8s
2026-05-18T03:31:05.757Z THROUGHPUT bytes=7354368 rate=25197bps elapsed=291.9s
2026-05-18T03:31:15.951Z THROUGHPUT bytes=7610368 rate=25194bps elapsed=302.1s
2026-05-18T03:31:26.099Z THROUGHPUT bytes=7866368 rate=25195bps elapsed=312.2s
2026-05-18T03:31:36.131Z THROUGHPUT bytes=8120320 rate=25199bps elapsed=322.2s
2026-05-18T03:31:46.183Z THROUGHPUT bytes=8372224 rate=25194bps elapsed=332.3s
2026-05-18T03:31:56.334Z THROUGHPUT bytes=8628224 rate=25195bps elapsed=342.5s
2026-05-18T03:32:06.340Z THROUGHPUT bytes=8880128 rate=25195bps elapsed=352.5s
2026-05-18T03:32:16.387Z THROUGHPUT bytes=9134080 rate=25197bps elapsed=362.5s
2026-05-18T03:32:26.573Z THROUGHPUT bytes=9390080 rate=25195bps elapsed=372.7s
2026-05-18T03:32:36.629Z THROUGHPUT bytes=9644032 rate=25196bps elapsed=382.7s
2026-05-18T03:32:46.635Z THROUGHPUT bytes=9895936 rate=25196bps elapsed=392.8s
2026-05-18T03:32:56.718Z THROUGHPUT bytes=10149888 rate=25196bps elapsed=402.8s
2026-05-18T03:33:06.856Z THROUGHPUT bytes=10405888 rate=25197bps elapsed=413.0s
2026-05-18T03:33:16.873Z THROUGHPUT bytes=10657792 rate=25196bps elapsed=423.0s
2026-05-18T03:33:26.934Z THROUGHPUT bytes=10911744 rate=25197bps elapsed=433.0s
2026-05-18T03:33:36.934Z THROUGHPUT bytes=11163648 rate=25197bps elapsed=443.0s
2026-05-18T03:33:47.091Z THROUGHPUT bytes=11419648 rate=25197bps elapsed=453.2s
2026-05-18T03:33:57.253Z THROUGHPUT bytes=11675648 rate=25197bps elapsed=463.4s
2026-05-18T03:34:07.329Z THROUGHPUT bytes=11929600 rate=25197bps elapsed=473.4s
2026-05-18T03:34:17.495Z THROUGHPUT bytes=12185600 rate=25197bps elapsed=483.6s
2026-05-18T03:34:27.577Z THROUGHPUT bytes=12439552 rate=25196bps elapsed=493.7s
2026-05-18T03:34:37.619Z THROUGHPUT bytes=12693504 rate=25198bps elapsed=503.7s
2026-05-18T03:34:47.738Z THROUGHPUT bytes=12947456 rate=25196bps elapsed=513.9s
2026-05-18T03:34:57.892Z THROUGHPUT bytes=13203456 rate=25197bps elapsed=524.0s
2026-05-18T03:35:07.933Z THROUGHPUT bytes=13457408 rate=25198bps elapsed=534.0s
2026-05-18T03:35:17.955Z THROUGHPUT bytes=13709312 rate=25197bps elapsed=544.1s
2026-05-18T03:35:28.102Z THROUGHPUT bytes=13965312 rate=25198bps elapsed=554.2s
2026-05-18T03:35:38.291Z THROUGHPUT bytes=14221312 rate=25196bps elapsed=564.4s
2026-05-18T03:35:48.424Z THROUGHPUT bytes=14477312 rate=25198bps elapsed=574.5s
2026-05-18T03:35:58.519Z THROUGHPUT bytes=14731264 rate=25197bps elapsed=584.6s
2026-05-18T03:36:08.682Z THROUGHPUT bytes=14987264 rate=25197bps elapsed=594.8s
2026-05-18T03:36:18.757Z THROUGHPUT bytes=15241216 rate=25197bps elapsed=604.9s
2026-05-18T03:36:28.821Z THROUGHPUT bytes=15495168 rate=25198bps elapsed=614.9s
2026-05-18T03:36:38.983Z THROUGHPUT bytes=15751168 rate=25197bps elapsed=625.1s
2026-05-18T03:36:49.036Z THROUGHPUT bytes=16005120 rate=25199bps elapsed=635.1s
2026-05-18T03:36:59.053Z THROUGHPUT bytes=16259072 rate=25201bps elapsed=645.2s
2026-05-18T03:37:09.118Z THROUGHPUT bytes=16510976 rate=25198bps elapsed=655.2s
2026-05-18T03:37:19.119Z THROUGHPUT bytes=16762880 rate=25198bps elapsed=665.2s
2026-05-18T03:37:29.201Z THROUGHPUT bytes=17016832 rate=25198bps elapsed=675.3s
2026-05-18T03:37:39.302Z THROUGHPUT bytes=17270784 rate=25197bps elapsed=685.4s
2026-05-18T03:37:49.437Z THROUGHPUT bytes=17526784 rate=25198bps elapsed=695.6s
2026-05-18T03:37:59.616Z THROUGHPUT bytes=17782784 rate=25197bps elapsed=705.7s
2026-05-18T03:38:09.775Z THROUGHPUT bytes=18038784 rate=25197bps elapsed=715.9s
2026-05-18T03:38:19.855Z THROUGHPUT bytes=18292736 rate=25197bps elapsed=726.0s
2026-05-18T03:38:29.911Z THROUGHPUT bytes=18546688 rate=25198bps elapsed=736.0s
2026-05-18T03:38:39.991Z THROUGHPUT bytes=18800640 rate=25198bps elapsed=746.1s
2026-05-18T03:38:50.077Z THROUGHPUT bytes=19054592 rate=25198bps elapsed=756.2s
2026-05-18T03:39:00.086Z THROUGHPUT bytes=19306496 rate=25197bps elapsed=766.2s
2026-05-18T03:39:10.118Z THROUGHPUT bytes=19560448 rate=25199bps elapsed=776.2s
2026-05-18T03:39:20.183Z THROUGHPUT bytes=19814400 rate=25199bps elapsed=786.3s
2026-05-18T03:39:30.223Z THROUGHPUT bytes=20068352 rate=25200bps elapsed=796.3s
2026-05-18T03:39:40.271Z THROUGHPUT bytes=20320256 rate=25199bps elapsed=806.4s
2026-05-18T03:39:50.274Z THROUGHPUT bytes=20572160 rate=25199bps elapsed=816.4s
2026-05-18T03:40:00.283Z THROUGHPUT bytes=20824064 rate=25198bps elapsed=826.4s
2026-05-18T03:40:10.370Z THROUGHPUT bytes=21078016 rate=25198bps elapsed=836.5s
2026-05-18T03:40:20.442Z THROUGHPUT bytes=21331968 rate=25198bps elapsed=846.6s
2026-05-18T03:40:30.620Z THROUGHPUT bytes=21587968 rate=25198bps elapsed=856.7s
2026-05-18T03:40:40.678Z THROUGHPUT bytes=21841920 rate=25198bps elapsed=866.8s
2026-05-18T03:40:50.691Z THROUGHPUT bytes=22093824 rate=25198bps elapsed=876.8s
2026-05-18T03:41:00.715Z THROUGHPUT bytes=22349824 rate=25198bps elapsed=886.9s
2026-05-18T03:41:10.737Z THROUGHPUT bytes=22603776 rate=25200bps elapsed=897.0s
2026-05-18T03:41:20.881Z THROUGHPUT bytes=22857728 rate=25198bps elapsed=907.1s
2026-05-18T03:41:31.038Z THROUGHPUT bytes=23113728 rate=25198bps elapsed=917.3s
2026-05-18T03:41:41.045Z THROUGHPUT bytes=23367680 rate=25200bps elapsed=927.3s
2026-05-18T03:41:51.076Z THROUGHPUT bytes=23619584 rate=25199bps elapsed=937.3s
2026-05-18T03:42:01.088Z THROUGHPUT bytes=23871488 rate=25199bps elapsed=947.3s
2026-05-18T03:42:11.279Z THROUGHPUT bytes=24127488 rate=25198bps elapsed=957.5s
2026-05-18T03:42:21.389Z THROUGHPUT bytes=24383488 rate=25199bps elapsed=967.6s
2026-05-18T03:42:31.433Z THROUGHPUT bytes=24635392 rate=25198bps elapsed=977.7s
2026-05-18T03:42:41.575Z THROUGHPUT bytes=24891392 rate=25198bps elapsed=987.8s
2026-05-18T03:42:51.587Z THROUGHPUT bytes=25143296 rate=25198bps elapsed=997.8s
2026-05-18T03:43:01.699Z THROUGHPUT bytes=25399296 rate=25199bps elapsed=1007.9s
2026-05-18T03:43:11.728Z THROUGHPUT bytes=25651200 rate=25198bps elapsed=1018.0s
2026-05-18T03:43:21.734Z THROUGHPUT bytes=25903104 rate=25198bps elapsed=1028.0s
2026-05-18T03:43:31.881Z THROUGHPUT bytes=26159104 rate=25198bps elapsed=1038.1s
2026-05-18T03:43:42.045Z THROUGHPUT bytes=26415104 rate=25198bps elapsed=1048.3s
2026-05-18T03:43:52.207Z THROUGHPUT bytes=26671104 rate=25198bps elapsed=1058.4s
2026-05-18T03:44:02.238Z THROUGHPUT bytes=26925056 rate=25199bps elapsed=1068.5s
2026-05-18T03:44:12.354Z THROUGHPUT bytes=27179008 rate=25198bps elapsed=1078.6s
2026-05-18T03:44:22.437Z THROUGHPUT bytes=27432960 rate=25198bps elapsed=1088.7s
2026-05-18T03:44:32.581Z THROUGHPUT bytes=27688960 rate=25198bps elapsed=1098.8s
2026-05-18T03:44:42.595Z THROUGHPUT bytes=27940864 rate=25198bps elapsed=1108.8s
2026-05-18T03:44:52.651Z THROUGHPUT bytes=28194816 rate=25199bps elapsed=1118.9s
2026-05-18T03:45:02.833Z THROUGHPUT bytes=28450816 rate=25198bps elapsed=1129.1s
2026-05-18T03:45:12.849Z THROUGHPUT bytes=28704768 rate=25199bps elapsed=1139.1s
2026-05-18T03:45:22.872Z THROUGHPUT bytes=28958720 rate=25201bps elapsed=1149.1s
2026-05-18T03:45:32.965Z THROUGHPUT bytes=29210624 rate=25198bps elapsed=1159.2s
2026-05-18T03:45:43.121Z THROUGHPUT bytes=29466624 rate=25199bps elapsed=1169.4s
2026-05-18T03:45:53.165Z THROUGHPUT bytes=29720576 rate=25199bps elapsed=1179.4s
2026-05-18T03:46:03.291Z THROUGHPUT bytes=29974528 rate=25198bps elapsed=1189.5s
2026-05-18T03:46:13.452Z THROUGHPUT bytes=30230528 rate=25198bps elapsed=1199.7s
2026-05-18T03:46:23.560Z THROUGHPUT bytes=30486528 rate=25199bps elapsed=1209.8s
2026-05-18T03:46:33.683Z THROUGHPUT bytes=30740480 rate=25198bps elapsed=1219.9s
2026-05-18T03:46:43.731Z THROUGHPUT bytes=30994432 rate=25199bps elapsed=1230.0s
2026-05-18T03:46:53.760Z THROUGHPUT bytes=31246336 rate=25198bps elapsed=1240.0s
2026-05-18T03:47:03.821Z THROUGHPUT bytes=31500288 rate=25199bps elapsed=1250.1s
2026-05-18T03:47:13.920Z THROUGHPUT bytes=31754240 rate=25198bps elapsed=1260.2s
2026-05-18T03:47:23.981Z THROUGHPUT bytes=32008192 rate=25198bps elapsed=1270.2s
2026-05-18T03:47:34.143Z THROUGHPUT bytes=32264192 rate=25198bps elapsed=1280.4s
2026-05-18T03:47:44.213Z THROUGHPUT bytes=32518144 rate=25199bps elapsed=1290.5s
2026-05-18T03:47:54.379Z THROUGHPUT bytes=32774144 rate=25198bps elapsed=1300.6s
2026-05-18T03:48:04.462Z THROUGHPUT bytes=33030144 rate=25200bps elapsed=1310.7s
2026-05-18T03:48:14.524Z THROUGHPUT bytes=33282048 rate=25199bps elapsed=1320.8s
2026-05-18T03:48:24.705Z THROUGHPUT bytes=33538048 rate=25198bps elapsed=1330.9s
2026-05-18T03:48:34.754Z THROUGHPUT bytes=33792000 rate=25199bps elapsed=1341.0s
2026-05-18T03:48:44.930Z THROUGHPUT bytes=34048000 rate=25198bps elapsed=1351.2s
2026-05-18T03:48:54.966Z THROUGHPUT bytes=34301952 rate=25199bps elapsed=1361.2s
2026-05-18T03:49:05.013Z THROUGHPUT bytes=34553856 rate=25198bps elapsed=1371.3s
2026-05-18T03:49:15.111Z THROUGHPUT bytes=34809856 rate=25199bps elapsed=1381.3s
2026-05-18T03:49:25.156Z THROUGHPUT bytes=35061760 rate=25198bps elapsed=1391.4s
2026-05-18T03:49:35.306Z THROUGHPUT bytes=35317760 rate=25199bps elapsed=1401.5s
2026-05-18T03:49:45.484Z THROUGHPUT bytes=35573760 rate=25198bps elapsed=1411.7s
2026-05-18T03:49:55.578Z THROUGHPUT bytes=35829760 rate=25199bps elapsed=1421.8s
2026-05-18T03:50:05.598Z THROUGHPUT bytes=36081664 rate=25199bps elapsed=1431.8s
2026-05-18T03:50:15.604Z THROUGHPUT bytes=36335616 rate=25200bps elapsed=1441.8s
2026-05-18T03:50:25.713Z THROUGHPUT bytes=36587520 rate=25198bps elapsed=1452.0s
2026-05-18T03:50:35.869Z THROUGHPUT bytes=36843520 rate=25198bps elapsed=1462.1s
2026-05-18T03:50:46.021Z THROUGHPUT bytes=37099520 rate=25198bps elapsed=1472.3s
2026-05-18T03:50:56.097Z THROUGHPUT bytes=37353472 rate=25199bps elapsed=1482.3s
2026-05-18T03:51:06.104Z THROUGHPUT bytes=37605376 rate=25198bps elapsed=1492.3s
2026-05-18T03:51:16.214Z THROUGHPUT bytes=37861376 rate=25199bps elapsed=1502.5s
2026-05-18T03:51:26.296Z THROUGHPUT bytes=38115328 rate=25199bps elapsed=1512.5s
2026-05-18T03:51:36.410Z THROUGHPUT bytes=38369280 rate=25198bps elapsed=1522.7s
2026-05-18T03:51:46.416Z THROUGHPUT bytes=38621184 rate=25198bps elapsed=1532.7s
2026-05-18T03:51:56.539Z THROUGHPUT bytes=38877184 rate=25199bps elapsed=1542.8s
2026-05-18T03:52:06.560Z THROUGHPUT bytes=39129088 rate=25199bps elapsed=1552.8s
2026-05-18T03:52:16.710Z THROUGHPUT bytes=39385088 rate=25199bps elapsed=1563.0s
2026-05-18T03:52:26.717Z THROUGHPUT bytes=39636992 rate=25198bps elapsed=1573.0s
2026-05-18T03:52:36.774Z THROUGHPUT bytes=39890944 rate=25199bps elapsed=1583.0s
2026-05-18T03:52:46.953Z THROUGHPUT bytes=40146944 rate=25198bps elapsed=1593.2s
2026-05-18T03:52:57.102Z THROUGHPUT bytes=40402944 rate=25199bps elapsed=1603.3s
2026-05-18T03:53:07.196Z THROUGHPUT bytes=40658944 rate=25200bps elapsed=1613.4s
2026-05-18T03:53:17.337Z THROUGHPUT bytes=40912896 rate=25199bps elapsed=1623.6s
2026-05-18T03:53:27.506Z THROUGHPUT bytes=41168896 rate=25199bps elapsed=1633.8s
2026-05-18T03:53:37.612Z THROUGHPUT bytes=41424896 rate=25199bps elapsed=1643.9s
2026-05-18T03:53:47.725Z THROUGHPUT bytes=41678848 rate=25199bps elapsed=1654.0s
2026-05-18T03:53:57.793Z THROUGHPUT bytes=41932800 rate=25199bps elapsed=1664.0s
2026-05-18T03:54:07.835Z THROUGHPUT bytes=42188800 rate=25201bps elapsed=1674.1s
2026-05-18T03:54:17.842Z THROUGHPUT bytes=42438656 rate=25199bps elapsed=1684.1s
2026-05-18T03:54:27.948Z THROUGHPUT bytes=42692608 rate=25199bps elapsed=1694.2s
2026-05-18T03:54:37.996Z THROUGHPUT bytes=42946560 rate=25199bps elapsed=1704.2s
2026-05-18T03:54:48.010Z THROUGHPUT bytes=43200512 rate=25200bps elapsed=1714.3s
2026-05-18T03:54:58.112Z THROUGHPUT bytes=43452416 rate=25199bps elapsed=1724.4s
2026-05-18T03:55:08.236Z THROUGHPUT bytes=43708416 rate=25199bps elapsed=1734.5s
2026-05-18T03:55:18.253Z THROUGHPUT bytes=43960320 rate=25199bps elapsed=1744.5s
2026-05-18T03:55:28.327Z THROUGHPUT bytes=44214272 rate=25199bps elapsed=1754.6s
2026-05-18T03:55:38.421Z THROUGHPUT bytes=44468224 rate=25199bps elapsed=1764.7s
2026-05-18T03:55:48.426Z THROUGHPUT bytes=44720128 rate=25199bps elapsed=1774.7s
2026-05-18T03:55:58.576Z THROUGHPUT bytes=44976128 rate=25199bps elapsed=1784.8s
2026-05-18T03:56:08.620Z THROUGHPUT bytes=45230080 rate=25199bps elapsed=1794.9s
2026-05-18T03:56:18.632Z THROUGHPUT bytes=45481984 rate=25199bps elapsed=1804.9s
2026-05-18T03:56:28.719Z THROUGHPUT bytes=45735936 rate=25199bps elapsed=1815.0s
2026-05-18T03:56:38.807Z THROUGHPUT bytes=45991936 rate=25200bps elapsed=1825.1s
2026-05-18T03:56:48.953Z THROUGHPUT bytes=46245888 rate=25199bps elapsed=1835.2s
2026-05-18T03:56:58.993Z THROUGHPUT bytes=46499840 rate=25199bps elapsed=1845.2s
2026-05-18T03:57:09.126Z THROUGHPUT bytes=46753792 rate=25199bps elapsed=1855.4s
2026-05-18T03:57:19.270Z THROUGHPUT bytes=47009792 rate=25199bps elapsed=1865.5s
2026-05-18T03:57:29.436Z THROUGHPUT bytes=47265792 rate=25199bps elapsed=1875.7s
2026-05-18T03:57:39.436Z THROUGHPUT bytes=47519744 rate=25200bps elapsed=1885.7s
2026-05-18T03:57:49.505Z THROUGHPUT bytes=47771648 rate=25199bps elapsed=1895.8s
2026-05-18T03:57:59.676Z THROUGHPUT bytes=48027648 rate=25199bps elapsed=1905.9s
2026-05-18T03:58:09.768Z THROUGHPUT bytes=48283648 rate=25199bps elapsed=1916.0s
2026-05-18T03:58:19.777Z THROUGHPUT bytes=48537600 rate=25200bps elapsed=1926.0s
2026-05-18T03:58:29.816Z THROUGHPUT bytes=48789504 rate=25200bps elapsed=1936.1s
2026-05-18T03:58:39.854Z THROUGHPUT bytes=49043456 rate=25200bps elapsed=1946.1s
2026-05-18T03:58:49.970Z THROUGHPUT bytes=49297408 rate=25200bps elapsed=1956.2s
2026-05-18T03:59:00.029Z THROUGHPUT bytes=49549312 rate=25199bps elapsed=1966.3s
2026-05-18T03:59:10.213Z THROUGHPUT bytes=49805312 rate=25199bps elapsed=1976.5s
2026-05-18T03:59:20.245Z THROUGHPUT bytes=50061312 rate=25200bps elapsed=1986.5s
2026-05-18T03:59:30.251Z THROUGHPUT bytes=50311168 rate=25199bps elapsed=1996.5s
2026-05-18T03:59:40.309Z THROUGHPUT bytes=50565120 rate=25199bps elapsed=2006.6s
2026-05-18T03:59:50.339Z THROUGHPUT bytes=50817024 rate=25199bps elapsed=2016.6s
2026-05-18T04:00:00.420Z THROUGHPUT bytes=51070976 rate=25199bps elapsed=2026.7s
2026-05-18T04:00:10.428Z THROUGHPUT bytes=51324928 rate=25200bps elapsed=2036.7s
2026-05-18T04:00:20.584Z THROUGHPUT bytes=51578880 rate=25199bps elapsed=2046.8s
2026-05-18T04:00:30.697Z THROUGHPUT bytes=51834880 rate=25199bps elapsed=2057.0s
2026-05-18T04:00:40.904Z THROUGHPUT bytes=52090880 rate=25199bps elapsed=2067.2s
2026-05-18T04:00:50.907Z THROUGHPUT bytes=52342784 rate=25199bps elapsed=2077.2s
2026-05-18T04:01:01.020Z THROUGHPUT bytes=52598784 rate=25199bps elapsed=2087.3s
2026-05-18T04:01:11.041Z THROUGHPUT bytes=52850688 rate=25199bps elapsed=2097.3s
2026-05-18T04:01:21.138Z THROUGHPUT bytes=53104640 rate=25199bps elapsed=2107.4s
2026-05-18T04:01:31.156Z THROUGHPUT bytes=53358592 rate=25199bps elapsed=2117.4s
2026-05-18T04:01:41.287Z THROUGHPUT bytes=53612544 rate=25199bps elapsed=2127.5s
2026-05-18T04:01:51.452Z THROUGHPUT bytes=53868544 rate=25199bps elapsed=2137.7s
2026-05-18T04:02:01.484Z THROUGHPUT bytes=54122496 rate=25199bps elapsed=2147.7s
2026-05-18T04:02:11.512Z THROUGHPUT bytes=54374400 rate=25199bps elapsed=2157.8s
2026-05-18T04:02:21.512Z THROUGHPUT bytes=54628352 rate=25200bps elapsed=2167.8s
2026-05-18T04:02:31.549Z THROUGHPUT bytes=54882304 rate=25200bps elapsed=2177.8s
2026-05-18T04:02:41.583Z THROUGHPUT bytes=55132160 rate=25199bps elapsed=2187.8s
2026-05-18T04:02:51.607Z THROUGHPUT bytes=55386112 rate=25199bps elapsed=2197.9s
2026-05-18T04:03:01.662Z THROUGHPUT bytes=55640064 rate=25200bps elapsed=2207.9s
2026-05-18T04:03:11.793Z THROUGHPUT bytes=55894016 rate=25199bps elapsed=2218.1s
2026-05-18T04:03:21.812Z THROUGHPUT bytes=56145920 rate=25199bps elapsed=2228.1s
2026-05-18T04:03:31.813Z THROUGHPUT bytes=56397824 rate=25199bps elapsed=2238.1s
2026-05-18T04:03:41.864Z THROUGHPUT bytes=56651776 rate=25199bps elapsed=2248.1s
2026-05-18T04:03:51.971Z THROUGHPUT bytes=56905728 rate=25199bps elapsed=2258.2s
2026-05-18T04:04:01.975Z THROUGHPUT bytes=57159680 rate=25200bps elapsed=2268.2s
2026-05-18T04:04:12.078Z THROUGHPUT bytes=57413632 rate=25199bps elapsed=2278.3s
2026-05-18T04:04:22.165Z THROUGHPUT bytes=57667584 rate=25199bps elapsed=2288.4s
2026-05-18T04:04:32.329Z THROUGHPUT bytes=57923584 rate=25199bps elapsed=2298.6s
2026-05-18T04:04:42.487Z THROUGHPUT bytes=58179584 rate=25199bps elapsed=2308.7s
2026-05-18T04:04:52.582Z THROUGHPUT bytes=58433536 rate=25199bps elapsed=2318.8s
2026-05-18T04:05:02.674Z THROUGHPUT bytes=58687488 rate=25199bps elapsed=2328.9s
2026-05-18T04:05:12.707Z THROUGHPUT bytes=58941440 rate=25199bps elapsed=2339.0s
2026-05-18T04:05:22.707Z THROUGHPUT bytes=59193344 rate=25199bps elapsed=2349.0s
2026-05-18T04:05:32.722Z THROUGHPUT bytes=59445248 rate=25199bps elapsed=2359.0s
2026-05-18T04:05:42.791Z THROUGHPUT bytes=59699200 rate=25199bps elapsed=2369.1s
2026-05-18T04:05:52.857Z THROUGHPUT bytes=59953152 rate=25199bps elapsed=2379.1s
2026-05-18T04:06:02.916Z THROUGHPUT bytes=60207104 rate=25199bps elapsed=2389.2s
2026-05-18T04:06:12.947Z THROUGHPUT bytes=60459008 rate=25199bps elapsed=2399.2s
2026-05-18T04:06:22.960Z THROUGHPUT bytes=60710912 rate=25199bps elapsed=2409.2s
2026-05-18T04:06:33.042Z THROUGHPUT bytes=60964864 rate=25199bps elapsed=2419.3s
2026-05-18T04:06:43.203Z THROUGHPUT bytes=61220864 rate=25199bps elapsed=2429.5s
2026-05-18T04:06:53.338Z THROUGHPUT bytes=61476864 rate=25199bps elapsed=2439.6s
2026-05-18T04:07:03.431Z THROUGHPUT bytes=61730816 rate=25199bps elapsed=2449.7s
2026-05-18T04:07:13.456Z THROUGHPUT bytes=61984768 rate=25199bps elapsed=2459.7s
2026-05-18T04:07:23.489Z THROUGHPUT bytes=62236672 rate=25199bps elapsed=2469.8s
2026-05-18T04:07:33.621Z THROUGHPUT bytes=62492672 rate=25199bps elapsed=2479.9s
2026-05-18T04:07:43.729Z THROUGHPUT bytes=62746624 rate=25199bps elapsed=2490.0s
2026-05-18T04:07:53.904Z THROUGHPUT bytes=63002624 rate=25199bps elapsed=2500.2s
2026-05-18T04:08:03.917Z THROUGHPUT bytes=63258624 rate=25200bps elapsed=2510.2s
2026-05-18T04:08:14.051Z THROUGHPUT bytes=63510528 rate=25199bps elapsed=2520.3s
2026-05-18T04:08:24.293Z THROUGHPUT bytes=63766528 rate=25199bps elapsed=2530.4s
2026-05-18T04:08:34.397Z THROUGHPUT bytes=64020480 rate=25199bps elapsed=2540.5s
2026-05-18T04:08:44.398Z THROUGHPUT bytes=64272384 rate=25199bps elapsed=2550.5s
2026-05-18T04:08:54.408Z THROUGHPUT bytes=64524288 rate=25199bps elapsed=2560.6s
2026-05-18T04:09:04.513Z THROUGHPUT bytes=64780288 rate=25199bps elapsed=2570.7s
2026-05-18T04:09:14.527Z THROUGHPUT bytes=65032192 rate=25199bps elapsed=2580.7s
2026-05-18T04:09:24.633Z THROUGHPUT bytes=65286144 rate=25199bps elapsed=2590.8s
2026-05-18T04:09:34.707Z THROUGHPUT bytes=65540096 rate=25199bps elapsed=2600.9s
2026-05-18T04:09:44.769Z THROUGHPUT bytes=65794048 rate=25199bps elapsed=2610.9s
2026-05-18T04:09:54.829Z THROUGHPUT bytes=66048000 rate=25199bps elapsed=2621.0s
2026-05-18T04:10:04.835Z THROUGHPUT bytes=66299904 rate=25199bps elapsed=2631.0s
2026-05-18T04:10:14.915Z THROUGHPUT bytes=66553856 rate=25199bps elapsed=2641.1s
2026-05-18T04:10:24.933Z THROUGHPUT bytes=66805760 rate=25199bps elapsed=2651.1s
2026-05-18T04:10:35.103Z THROUGHPUT bytes=67061760 rate=25199bps elapsed=2661.2s
2026-05-18T04:10:45.173Z THROUGHPUT bytes=67315712 rate=25199bps elapsed=2671.3s
2026-05-18T04:10:55.236Z THROUGHPUT bytes=67571712 rate=25200bps elapsed=2681.4s
2026-05-18T04:11:05.303Z THROUGHPUT bytes=67823616 rate=25199bps elapsed=2691.4s
2026-05-18T04:11:15.408Z THROUGHPUT bytes=68077568 rate=25199bps elapsed=2701.6s
2026-05-18T04:11:25.464Z THROUGHPUT bytes=68331520 rate=25199bps elapsed=2711.6s
2026-05-18T04:11:35.546Z THROUGHPUT bytes=68585472 rate=25199bps elapsed=2721.7s
2026-05-18T04:11:45.609Z THROUGHPUT bytes=68839424 rate=25199bps elapsed=2731.8s
2026-05-18T04:11:55.776Z THROUGHPUT bytes=69095424 rate=25199bps elapsed=2741.9s
2026-05-18T04:12:05.958Z THROUGHPUT bytes=69351424 rate=25199bps elapsed=2752.1s
2026-05-18T04:12:16.109Z THROUGHPUT bytes=69607424 rate=25199bps elapsed=2762.3s
2026-05-18T04:12:26.257Z THROUGHPUT bytes=69863424 rate=25199bps elapsed=2772.4s
2026-05-18T04:12:36.274Z THROUGHPUT bytes=70115328 rate=25199bps elapsed=2782.4s
2026-05-18T04:12:46.297Z THROUGHPUT bytes=70369280 rate=25199bps elapsed=2792.4s
2026-05-18T04:12:56.425Z THROUGHPUT bytes=70623232 rate=25199bps elapsed=2802.6s
2026-05-18T04:13:06.573Z THROUGHPUT bytes=70879232 rate=25199bps elapsed=2812.7s
2026-05-18T04:13:16.727Z THROUGHPUT bytes=71135232 rate=25199bps elapsed=2822.9s
2026-05-18T04:13:26.758Z THROUGHPUT bytes=71389184 rate=25200bps elapsed=2832.9s
2026-05-18T04:13:36.883Z THROUGHPUT bytes=71643136 rate=25199bps elapsed=2843.0s
2026-05-18T04:13:46.969Z THROUGHPUT bytes=71897088 rate=25199bps elapsed=2853.1s
2026-05-18T04:13:57.054Z THROUGHPUT bytes=72151040 rate=25199bps elapsed=2863.2s
2026-05-18T04:14:07.130Z THROUGHPUT bytes=72404992 rate=25199bps elapsed=2873.3s
2026-05-18T04:14:17.135Z THROUGHPUT bytes=72658944 rate=25200bps elapsed=2883.3s
2026-05-18T04:14:27.172Z THROUGHPUT bytes=72910848 rate=25199bps elapsed=2893.3s
2026-05-18T04:14:37.253Z THROUGHPUT bytes=73164800 rate=25199bps elapsed=2903.4s
2026-05-18T04:14:47.360Z THROUGHPUT bytes=73418752 rate=25199bps elapsed=2913.5s
2026-05-18T04:14:57.472Z THROUGHPUT bytes=73674752 rate=25199bps elapsed=2923.6s
2026-05-18T04:15:07.681Z THROUGHPUT bytes=73930752 rate=25199bps elapsed=2933.8s
2026-05-18T04:15:17.704Z THROUGHPUT bytes=74184704 rate=25199bps elapsed=2943.8s
2026-05-18T04:15:27.821Z THROUGHPUT bytes=74438656 rate=25199bps elapsed=2954.0s
2026-05-18T04:15:37.909Z THROUGHPUT bytes=74692608 rate=25199bps elapsed=2964.1s
2026-05-18T04:15:47.983Z THROUGHPUT bytes=74946560 rate=25199bps elapsed=2974.1s
2026-05-18T04:15:58.009Z THROUGHPUT bytes=75200512 rate=25199bps elapsed=2984.2s
2026-05-18T04:16:08.010Z THROUGHPUT bytes=75452416 rate=25199bps elapsed=2994.2s
2026-05-18T04:16:18.022Z THROUGHPUT bytes=75704320 rate=25199bps elapsed=3004.2s
2026-05-18T04:16:28.132Z THROUGHPUT bytes=75958272 rate=25199bps elapsed=3014.3s
2026-05-18T04:16:38.133Z THROUGHPUT bytes=76210176 rate=25199bps elapsed=3024.3s
2026-05-18T04:16:48.202Z THROUGHPUT bytes=76464128 rate=25199bps elapsed=3034.3s
2026-05-18T04:16:58.284Z THROUGHPUT bytes=76718080 rate=25199bps elapsed=3044.4s
2026-05-18T04:17:08.444Z THROUGHPUT bytes=76974080 rate=25199bps elapsed=3054.6s
2026-05-18T04:17:18.531Z THROUGHPUT bytes=77228032 rate=25199bps elapsed=3064.7s
2026-05-18T04:17:28.580Z THROUGHPUT bytes=77481984 rate=25199bps elapsed=3074.7s
2026-05-18T04:17:38.647Z THROUGHPUT bytes=77735936 rate=25199bps elapsed=3084.8s
2026-05-18T04:17:48.680Z THROUGHPUT bytes=77987840 rate=25199bps elapsed=3094.8s
2026-05-18T04:17:58.763Z THROUGHPUT bytes=78243840 rate=25200bps elapsed=3104.9s
2026-05-18T04:18:08.826Z THROUGHPUT bytes=78495744 rate=25199bps elapsed=3115.0s
2026-05-18T04:18:18.978Z THROUGHPUT bytes=78751744 rate=25199bps elapsed=3125.1s
2026-05-18T04:18:29.064Z THROUGHPUT bytes=79005696 rate=25199bps elapsed=3135.2s
2026-05-18T04:18:39.219Z THROUGHPUT bytes=79261696 rate=25199bps elapsed=3145.4s
2026-05-18T04:18:49.379Z THROUGHPUT bytes=79517696 rate=25199bps elapsed=3155.5s
2026-05-18T04:18:59.385Z THROUGHPUT bytes=79769600 rate=25199bps elapsed=3165.5s
2026-05-18T04:19:09.430Z THROUGHPUT bytes=80023552 rate=25199bps elapsed=3175.6s
2026-05-18T04:19:19.455Z THROUGHPUT bytes=80277504 rate=25200bps elapsed=3185.6s
2026-05-18T04:19:29.456Z THROUGHPUT bytes=80527360 rate=25199bps elapsed=3195.6s
2026-05-18T04:19:39.511Z THROUGHPUT bytes=80781312 rate=25199bps elapsed=3205.7s
2026-05-18T04:19:49.597Z THROUGHPUT bytes=81035264 rate=25199bps elapsed=3215.7s
2026-05-18T04:19:59.618Z THROUGHPUT bytes=81289216 rate=25200bps elapsed=3225.8s
2026-05-18T04:20:09.655Z THROUGHPUT bytes=81541120 rate=25199bps elapsed=3235.8s
2026-05-18T04:20:19.702Z THROUGHPUT bytes=81797120 rate=25200bps elapsed=3245.8s
2026-05-18T04:20:29.742Z THROUGHPUT bytes=82046976 rate=25199bps elapsed=3255.9s
2026-05-18T04:20:39.774Z THROUGHPUT bytes=82302976 rate=25200bps elapsed=3265.9s
2026-05-18T04:20:49.908Z THROUGHPUT bytes=82554880 rate=25199bps elapsed=3276.0s
2026-05-18T04:20:59.962Z THROUGHPUT bytes=82808832 rate=25199bps elapsed=3286.1s
2026-05-18T04:21:09.983Z THROUGHPUT bytes=83060736 rate=25199bps elapsed=3296.1s
2026-05-18T04:21:20.049Z THROUGHPUT bytes=83314688 rate=25199bps elapsed=3306.2s
2026-05-18T04:21:30.053Z THROUGHPUT bytes=83566592 rate=25199bps elapsed=3316.2s
2026-05-18T04:21:40.207Z THROUGHPUT bytes=83822592 rate=25199bps elapsed=3326.3s
2026-05-18T04:21:50.253Z THROUGHPUT bytes=84076544 rate=25199bps elapsed=3336.4s
2026-05-18T04:22:00.381Z THROUGHPUT bytes=84330496 rate=25199bps elapsed=3346.5s
2026-05-18T04:22:10.522Z THROUGHPUT bytes=84586496 rate=25199bps elapsed=3356.7s
2026-05-18T04:22:20.610Z THROUGHPUT bytes=84840448 rate=25199bps elapsed=3366.7s
2026-05-18T04:22:30.629Z THROUGHPUT bytes=85096448 rate=25200bps elapsed=3376.8s
2026-05-18T04:22:40.675Z THROUGHPUT bytes=85346304 rate=25199bps elapsed=3386.8s
2026-05-18T04:22:50.683Z THROUGHPUT bytes=85600256 rate=25200bps elapsed=3396.8s
2026-05-18T04:23:00.719Z THROUGHPUT bytes=85852160 rate=25199bps elapsed=3406.9s
2026-05-18T04:23:10.839Z THROUGHPUT bytes=86106112 rate=25199bps elapsed=3417.0s
2026-05-18T04:23:20.987Z THROUGHPUT bytes=86362112 rate=25199bps elapsed=3427.1s
2026-05-18T04:23:30.988Z THROUGHPUT bytes=86614016 rate=25199bps elapsed=3437.1s
2026-05-18T04:23:41.093Z THROUGHPUT bytes=86870016 rate=25199bps elapsed=3447.2s
2026-05-18T04:23:51.133Z THROUGHPUT bytes=87121920 rate=25199bps elapsed=3457.3s
2026-05-18T04:24:01.303Z THROUGHPUT bytes=87377920 rate=25199bps elapsed=3467.4s
2026-05-18T04:24:11.380Z THROUGHPUT bytes=87631872 rate=25199bps elapsed=3477.5s
2026-05-18T04:24:21.450Z THROUGHPUT bytes=87885824 rate=25199bps elapsed=3487.6s
2026-05-18T04:24:31.621Z THROUGHPUT bytes=88141824 rate=25199bps elapsed=3497.8s
2026-05-18T04:24:41.668Z THROUGHPUT bytes=88395776 rate=25199bps elapsed=3507.8s
2026-05-18T04:24:51.850Z THROUGHPUT bytes=88651776 rate=25199bps elapsed=3518.0s
2026-05-18T04:25:01.935Z THROUGHPUT bytes=88905728 rate=25199bps elapsed=3528.1s
2026-05-18T04:25:12.004Z THROUGHPUT bytes=89159680 rate=25199bps elapsed=3538.1s
2026-05-18T04:25:22.044Z THROUGHPUT bytes=89413632 rate=25199bps elapsed=3548.2s
2026-05-18T04:25:32.049Z THROUGHPUT bytes=89667584 rate=25200bps elapsed=3558.2s
2026-05-18T04:25:42.053Z THROUGHPUT bytes=89917440 rate=25199bps elapsed=3568.2s
2026-05-18T04:25:52.235Z THROUGHPUT bytes=90173440 rate=25199bps elapsed=3578.4s
2026-05-18T04:25:56.122Z STALL_START idle=311ms
2026-05-18T04:26:01.912Z CLIENT_DISCONNECT replaced
2026-05-18T04:26:01.913Z CLIENT_CONNECT 192.168.1.70:59554
2026-05-18T04:26:02.118Z STALL_START idle=204ms
2026-05-18T22:47:34.185Z STALL_END 66092719ms
2026-05-18T22:47:34.191Z THROUGHPUT bytes=2048 rate=0bps elapsed=66092.7s
2026-05-18T22:47:34.193Z STDIN_EOF pipeline_exited
2026-05-18T22:47:59.295Z THROUGHPUT bytes=45 rate=1bps elapsed=24.8s
2026-05-18T22:47:59.299Z STDIN_EOF pipeline_exited
2026-05-19T01:54:19.181Z THROUGHPUT bytes=45 rate=0bps elapsed=11179.6s
2026-05-19T01:54:19.475Z CLIENT_CONNECT 192.168.1.70:59559
2026-05-19T01:54:27.284Z CLIENT_DISCONNECT send_error
2026-05-19T01:54:32.235Z CLIENT_CONNECT 192.168.1.70:59562
2026-05-19T01:54:32.438Z STALL_START idle=202ms
2026-05-19T01:55:04.658Z STALL_END 32422ms
2026-05-19T01:55:04.661Z THROUGHPUT bytes=2048 rate=63bps elapsed=32.4s
2026-05-19T01:55:04.665Z CLIENT_DISCONNECT send_error
2026-05-19T01:55:04.871Z CLIENT_CONNECT 192.168.1.70:59595
2026-05-19T01:55:14.878Z THROUGHPUT bytes=252531 rate=25237bps elapsed=10.0s
2026-05-19T01:55:24.897Z THROUGHPUT bytes=506483 rate=25293bps elapsed=20.0s
2026-05-19T01:55:34.923Z THROUGHPUT bytes=758387 rate=25236bps elapsed=30.1s
2026-05-19T01:55:44.932Z THROUGHPUT bytes=1010291 rate=25219bps elapsed=40.1s
2026-05-19T01:55:54.946Z THROUGHPUT bytes=1262195 rate=25206bps elapsed=50.1s
2026-05-19T01:56:05.008Z THROUGHPUT bytes=1516147 rate=25212bps elapsed=60.1s
2026-05-19T01:56:15.020Z THROUGHPUT bytes=1768051 rate=25204bps elapsed=70.1s
2026-05-19T01:56:25.062Z THROUGHPUT bytes=2022003 rate=25215bps elapsed=80.2s
2026-05-19T01:56:35.096Z THROUGHPUT bytes=2273907 rate=25202bps elapsed=90.2s
2026-05-19T01:56:45.113Z THROUGHPUT bytes=2527859 rate=25218bps elapsed=100.2s
2026-05-19T01:56:55.170Z THROUGHPUT bytes=2779763 rate=25202bps elapsed=110.3s
2026-05-19T01:57:05.248Z THROUGHPUT bytes=3033715 rate=25202bps elapsed=120.4s
2026-05-19T01:57:15.328Z THROUGHPUT bytes=3287667 rate=25201bps elapsed=130.5s
2026-05-19T01:57:25.384Z THROUGHPUT bytes=3541619 rate=25205bps elapsed=140.5s
2026-05-19T01:57:35.476Z THROUGHPUT bytes=3795571 rate=25202bps elapsed=150.6s
2026-05-19T01:57:45.516Z THROUGHPUT bytes=4049523 rate=25208bps elapsed=160.6s
2026-05-19T01:57:55.558Z THROUGHPUT bytes=4301427 rate=25200bps elapsed=170.7s
2026-05-19T01:58:05.623Z THROUGHPUT bytes=4555379 rate=25202bps elapsed=180.7s
2026-05-19T01:58:15.660Z THROUGHPUT bytes=4809331 rate=25207bps elapsed=190.8s
2026-05-19T01:58:25.688Z THROUGHPUT bytes=5061235 rate=25203bps elapsed=200.8s
2026-05-19T01:58:35.706Z THROUGHPUT bytes=5313139 rate=25200bps elapsed=210.8s
2026-05-19T01:58:45.721Z THROUGHPUT bytes=5567091 rate=25207bps elapsed=220.8s
2026-05-19T01:58:55.752Z THROUGHPUT bytes=5818995 rate=25203bps elapsed=230.9s
2026-05-19T01:59:05.754Z THROUGHPUT bytes=6070899 rate=25202bps elapsed=240.9s
2026-05-19T01:59:15.766Z THROUGHPUT bytes=6322803 rate=25201bps elapsed=250.9s
2026-05-19T01:59:25.811Z THROUGHPUT bytes=6576755 rate=25204bps elapsed=260.9s
2026-05-19T01:59:35.820Z THROUGHPUT bytes=6828659 rate=25202bps elapsed=270.9s
2026-05-19T01:59:45.837Z THROUGHPUT bytes=7080563 rate=25200bps elapsed=281.0s
2026-05-19T01:59:55.903Z THROUGHPUT bytes=7334515 rate=25202bps elapsed=291.0s
2026-05-19T02:00:05.927Z THROUGHPUT bytes=7588467 rate=25206bps elapsed=301.1s
2026-05-19T02:00:16.021Z THROUGHPUT bytes=7842419 rate=25204bps elapsed=311.1s
2026-05-19T02:00:26.050Z THROUGHPUT bytes=8094323 rate=25202bps elapsed=321.2s
2026-05-19T02:00:36.147Z THROUGHPUT bytes=8348275 rate=25200bps elapsed=331.3s
2026-05-19T02:00:46.212Z THROUGHPUT bytes=8602227 rate=25201bps elapsed=341.3s
2026-05-19T02:00:56.216Z THROUGHPUT bytes=8854131 rate=25200bps elapsed=351.3s
2026-05-19T02:01:06.287Z THROUGHPUT bytes=9108083 rate=25201bps elapsed=361.4s
2026-05-19T02:01:16.294Z THROUGHPUT bytes=9359987 rate=25200bps elapsed=371.4s
2026-05-19T02:01:26.370Z THROUGHPUT bytes=9613939 rate=25200bps elapsed=381.5s
2026-05-19T02:01:36.434Z THROUGHPUT bytes=9867891 rate=25201bps elapsed=391.6s
2026-05-19T02:01:46.446Z THROUGHPUT bytes=10119795 rate=25200bps elapsed=401.6s
2026-05-19T02:01:56.522Z THROUGHPUT bytes=10373747 rate=25200bps elapsed=411.6s
2026-05-19T02:02:06.571Z THROUGHPUT bytes=10627699 rate=25202bps elapsed=421.7s
2026-05-19T02:02:16.578Z THROUGHPUT bytes=10879603 rate=25201bps elapsed=431.7s
2026-05-19T02:02:26.587Z THROUGHPUT bytes=11131507 rate=25200bps elapsed=441.7s
2026-05-19T02:02:36.669Z THROUGHPUT bytes=11385459 rate=25201bps elapsed=451.8s
2026-05-19T02:02:46.726Z THROUGHPUT bytes=11639411 rate=25201bps elapsed=461.9s
2026-05-19T02:02:56.823Z THROUGHPUT bytes=11893363 rate=25200bps elapsed=471.9s
2026-05-19T02:03:06.856Z THROUGHPUT bytes=12147315 rate=25202bps elapsed=482.0s
2026-05-19T02:03:16.966Z THROUGHPUT bytes=12401267 rate=25201bps elapsed=492.1s
2026-05-19T02:03:26.975Z THROUGHPUT bytes=12653171 rate=25200bps elapsed=502.1s
2026-05-19T02:03:37.051Z THROUGHPUT bytes=12907123 rate=25200bps elapsed=512.2s
2026-05-19T02:03:47.125Z THROUGHPUT bytes=13161075 rate=25200bps elapsed=522.3s
2026-05-19T02:03:57.154Z THROUGHPUT bytes=13415027 rate=25202bps elapsed=532.3s
2026-05-19T02:04:07.287Z THROUGHPUT bytes=13668979 rate=25200bps elapsed=542.4s
2026-05-19T02:04:17.342Z THROUGHPUT bytes=13922931 rate=25201bps elapsed=552.5s
2026-05-19T02:04:27.356Z THROUGHPUT bytes=14174835 rate=25200bps elapsed=562.5s
2026-05-19T02:04:35.405Z CLIENT_DISCONNECT send_error
2026-05-19T02:04:40.467Z CLIENT_CONNECT 192.168.1.70:60012
2026-05-19T02:04:40.732Z STALL_START idle=264ms
2026-05-19T02:04:45.137Z STALL_END 4669ms
2026-05-19T02:04:45.570Z CLIENT_DISCONNECT replaced
2026-05-19T02:04:45.571Z CLIENT_CONNECT 192.168.1.70:60015
2026-05-19T02:04:55.637Z THROUGHPUT bytes=253952 rate=25230bps elapsed=10.1s
2026-05-19T02:05:05.638Z THROUGHPUT bytes=505856 rate=25208bps elapsed=20.1s
2026-05-19T02:05:15.686Z THROUGHPUT bytes=759808 rate=25230bps elapsed=30.1s
2026-05-19T02:05:25.757Z THROUGHPUT bytes=1013760 rate=25227bps elapsed=40.2s
2026-05-19T02:05:35.834Z THROUGHPUT bytes=1267712 rate=25221bps elapsed=50.3s
2026-05-19T02:05:45.861Z THROUGHPUT bytes=1519616 rate=25205bps elapsed=60.3s
2026-05-19T02:05:55.915Z THROUGHPUT bytes=1773568 rate=25212bps elapsed=70.3s
2026-05-19T02:06:05.999Z THROUGHPUT bytes=2027520 rate=25209bps elapsed=80.4s
2026-05-19T02:06:16.098Z THROUGHPUT bytes=2281472 rate=25202bps elapsed=90.5s
2026-05-19T02:06:26.139Z THROUGHPUT bytes=2535424 rate=25211bps elapsed=100.6s
2026-05-19T02:06:36.145Z THROUGHPUT bytes=2787328 rate=25207bps elapsed=110.6s
2026-05-19T02:06:46.227Z THROUGHPUT bytes=3041280 rate=25206bps elapsed=120.7s
2026-05-19T02:06:56.323Z THROUGHPUT bytes=3295232 rate=25202bps elapsed=130.8s
2026-05-19T02:07:06.381Z THROUGHPUT bytes=3549184 rate=25205bps elapsed=140.8s
2026-05-19T02:07:16.381Z THROUGHPUT bytes=3801088 rate=25204bps elapsed=150.8s
2026-05-19T02:07:26.396Z THROUGHPUT bytes=4052992 rate=25201bps elapsed=160.8s
2026-05-19T02:07:36.475Z THROUGHPUT bytes=4306944 rate=25201bps elapsed=170.9s
2026-05-19T02:07:46.540Z THROUGHPUT bytes=4560896 rate=25202bps elapsed=181.0s
2026-05-19T02:07:56.614Z THROUGHPUT bytes=4814848 rate=25203bps elapsed=191.0s
2026-05-19T02:08:06.623Z THROUGHPUT bytes=5066752 rate=25201bps elapsed=201.1s
2026-05-19T02:08:16.632Z THROUGHPUT bytes=5320704 rate=25209bps elapsed=211.1s
2026-05-19T02:08:26.636Z THROUGHPUT bytes=5572608 rate=25208bps elapsed=221.1s
2026-05-19T02:08:36.681Z THROUGHPUT bytes=5824512 rate=25202bps elapsed=231.1s
2026-05-19T02:08:46.727Z THROUGHPUT bytes=6078464 rate=25205bps elapsed=241.2s
2026-05-19T02:08:56.752Z THROUGHPUT bytes=6330368 rate=25202bps elapsed=251.2s
2026-05-19T02:09:06.763Z THROUGHPUT bytes=6582272 rate=25201bps elapsed=261.2s
2026-05-19T02:09:16.776Z THROUGHPUT bytes=6836224 rate=25206bps elapsed=271.2s
2026-05-19T02:09:21.539Z CLIENT_DISCONNECT send_error
2026-05-19T02:09:26.830Z THROUGHPUT bytes=7088128 rate=25201bps elapsed=281.3s
2026-05-19T02:09:36.218Z CLIENT_CONNECT 192.168.1.70:60137
2026-05-19T02:09:46.283Z THROUGHPUT bytes=253952 rate=25233bps elapsed=10.1s
2026-05-19T02:09:56.343Z THROUGHPUT bytes=507904 rate=25238bps elapsed=20.1s
2026-05-19T02:10:06.362Z THROUGHPUT bytes=759808 rate=25206bps elapsed=30.1s
2026-05-19T02:10:16.398Z THROUGHPUT bytes=1013760 rate=25230bps elapsed=40.2s
2026-05-19T02:10:26.424Z THROUGHPUT bytes=1265664 rate=25209bps elapsed=50.2s
2026-05-19T02:10:36.512Z THROUGHPUT bytes=1519616 rate=25203bps elapsed=60.3s
2026-05-19T02:10:46.582Z THROUGHPUT bytes=1773568 rate=25206bps elapsed=70.4s
2026-05-19T02:10:56.649Z THROUGHPUT bytes=2027520 rate=25208bps elapsed=80.4s
2026-05-19T02:11:06.736Z THROUGHPUT bytes=2281472 rate=25204bps elapsed=90.5s
2026-05-19T02:11:16.820Z THROUGHPUT bytes=2535424 rate=25202bps elapsed=100.6s
2026-05-19T02:11:26.895Z THROUGHPUT bytes=2789376 rate=25202bps elapsed=110.7s
2026-05-19T02:11:36.958Z THROUGHPUT bytes=3043328 rate=25205bps elapsed=120.7s
2026-05-19T02:11:47.054Z THROUGHPUT bytes=3297280 rate=25201bps elapsed=130.8s
2026-05-19T02:11:57.134Z THROUGHPUT bytes=3551232 rate=25201bps elapsed=140.9s
2026-05-19T02:12:07.171Z THROUGHPUT bytes=3805184 rate=25207bps elapsed=151.0s
2026-05-19T02:12:17.270Z THROUGHPUT bytes=4059136 rate=25204bps elapsed=161.1s
2026-05-19T02:12:27.279Z THROUGHPUT bytes=4311040 rate=25201bps elapsed=171.1s
2026-05-19T02:12:37.337Z THROUGHPUT bytes=4564992 rate=25204bps elapsed=181.1s
2026-05-19T02:12:47.394Z THROUGHPUT bytes=4818944 rate=25207bps elapsed=191.2s
2026-05-19T02:12:57.430Z THROUGHPUT bytes=5070848 rate=25201bps elapsed=201.2s
2026-05-19T02:13:07.477Z THROUGHPUT bytes=5324800 rate=25205bps elapsed=211.3s
2026-05-19T02:13:17.523Z THROUGHPUT bytes=5578752 rate=25208bps elapsed=221.3s
2026-05-19T02:13:27.576Z THROUGHPUT bytes=5830656 rate=25201bps elapsed=231.4s
2026-05-19T02:13:37.666Z THROUGHPUT bytes=6084608 rate=25200bps elapsed=241.4s
2026-05-19T02:13:47.744Z THROUGHPUT bytes=6338560 rate=25200bps elapsed=251.5s
2026-05-19T02:13:57.803Z THROUGHPUT bytes=6592512 rate=25202bps elapsed=261.6s
2026-05-19T02:14:07.899Z THROUGHPUT bytes=6846464 rate=25200bps elapsed=271.7s
2026-05-19T02:14:17.910Z THROUGHPUT bytes=7100416 rate=25206bps elapsed=281.7s
2026-05-19T02:14:27.938Z THROUGHPUT bytes=7352320 rate=25202bps elapsed=291.7s
2026-05-19T02:14:37.925Z THROUGHPUT bytes=7604224 rate=25202bps elapsed=301.7s
2026-05-19T02:14:47.962Z THROUGHPUT bytes=7858176 rate=25204bps elapsed=311.8s
2026-05-19T02:14:58.089Z THROUGHPUT bytes=8112128 rate=25200bps elapsed=321.9s
2026-05-19T02:15:08.162Z THROUGHPUT bytes=8366080 rate=25200bps elapsed=332.0s
2026-05-19T02:15:18.239Z THROUGHPUT bytes=8620032 rate=25200bps elapsed=342.1s
2026-05-19T02:15:28.313Z THROUGHPUT bytes=8873984 rate=25200bps elapsed=352.1s
2026-05-19T02:15:38.389Z THROUGHPUT bytes=9127936 rate=25200bps elapsed=362.2s
2026-05-19T02:15:48.391Z THROUGHPUT bytes=9379840 rate=25200bps elapsed=372.2s
2026-05-19T02:15:58.447Z THROUGHPUT bytes=9633792 rate=25201bps elapsed=382.3s
2026-05-19T02:16:08.546Z THROUGHPUT bytes=9887744 rate=25200bps elapsed=392.4s
2026-05-19T02:16:18.646Z THROUGHPUT bytes=10141696 rate=25201bps elapsed=402.4s
2026-05-19T02:16:28.700Z THROUGHPUT bytes=10395648 rate=25200bps elapsed=412.5s
2026-05-19T02:16:38.745Z THROUGHPUT bytes=10649600 rate=25202bps elapsed=422.6s
2026-05-19T02:16:48.774Z THROUGHPUT bytes=10901504 rate=25200bps elapsed=432.6s
2026-05-19T02:16:58.802Z THROUGHPUT bytes=11155456 rate=25203bps elapsed=442.6s
2026-05-19T02:17:08.834Z THROUGHPUT bytes=11407360 rate=25201bps elapsed=452.7s
2026-05-19T02:17:18.908Z THROUGHPUT bytes=11661312 rate=25201bps elapsed=462.7s
2026-05-19T02:17:28.999Z THROUGHPUT bytes=11915264 rate=25200bps elapsed=472.8s
2026-05-19T02:17:39.038Z THROUGHPUT bytes=12169216 rate=25202bps elapsed=482.9s
2026-05-19T02:17:49.151Z THROUGHPUT bytes=12423168 rate=25200bps elapsed=493.0s
2026-05-19T02:17:59.235Z THROUGHPUT bytes=12677120 rate=25200bps elapsed=503.1s
2026-05-19T02:18:09.310Z THROUGHPUT bytes=12931072 rate=25200bps elapsed=513.1s
2026-05-19T02:18:19.363Z THROUGHPUT bytes=13185024 rate=25201bps elapsed=523.2s
2026-05-19T02:18:29.383Z THROUGHPUT bytes=13436928 rate=25200bps elapsed=533.2s
2026-05-19T02:18:31.171Z CLIENT_DISCONNECT replaced
2026-05-19T02:18:31.171Z CLIENT_CONNECT 192.168.1.70:60464
2026-05-19T02:18:41.234Z THROUGHPUT bytes=253952 rate=25243bps elapsed=10.1s
2026-05-19T02:18:43.648Z CLIENT_DISCONNECT send_error
2026-05-19T02:18:48.764Z CLIENT_CONNECT 192.168.1.70:60469
2026-05-19T02:18:49.039Z STALL_START idle=274ms
2026-05-19T02:24:18.040Z STALL_END 329276ms
2026-05-19T02:24:18.047Z THROUGHPUT bytes=1881 rate=5bps elapsed=329.3s
2026-05-19T02:24:18.051Z CLIENT_DISCONNECT send_error
2026-05-19T02:24:18.251Z CLIENT_CONNECT 192.168.1.70:60639
2026-05-19T02:24:28.362Z THROUGHPUT bytes=255206 rate=25242bps elapsed=10.1s
2026-05-19T02:24:38.403Z THROUGHPUT bytes=509158 rate=25268bps elapsed=20.2s
2026-05-19T02:24:48.443Z THROUGHPUT bytes=761062 rate=25210bps elapsed=30.2s
2026-05-19T02:24:58.500Z THROUGHPUT bytes=1015014 rate=25218bps elapsed=40.2s
2026-05-19T02:25:08.594Z THROUGHPUT bytes=1268966 rate=25206bps elapsed=50.3s
2026-05-19T02:25:18.671Z THROUGHPUT bytes=1522918 rate=25205bps elapsed=60.4s
2026-05-19T02:25:28.754Z THROUGHPUT bytes=1776870 rate=25202bps elapsed=70.5s
2026-05-19T02:25:38.827Z THROUGHPUT bytes=2030822 rate=25203bps elapsed=80.6s
2026-05-19T02:25:48.901Z THROUGHPUT bytes=2284774 rate=25204bps elapsed=90.6s
2026-05-19T02:25:58.903Z THROUGHPUT bytes=2536678 rate=25202bps elapsed=100.7s
2026-05-19T02:26:08.948Z THROUGHPUT bytes=2790630 rate=25209bps elapsed=110.7s
2026-05-19T02:26:19.048Z THROUGHPUT bytes=3044582 rate=25204bps elapsed=120.8s
2026-05-19T02:26:29.113Z THROUGHPUT bytes=3298534 rate=25206bps elapsed=130.9s
2026-05-19T02:26:39.116Z THROUGHPUT bytes=3550438 rate=25204bps elapsed=140.9s
2026-05-19T02:26:49.178Z THROUGHPUT bytes=3804390 rate=25206bps elapsed=150.9s
2026-05-19T02:26:59.275Z THROUGHPUT bytes=4058342 rate=25203bps elapsed=161.0s
2026-05-19T02:27:09.276Z THROUGHPUT bytes=4310246 rate=25202bps elapsed=171.0s
2026-05-19T02:27:19.295Z THROUGHPUT bytes=4564198 rate=25210bps elapsed=181.0s
2026-05-19T02:27:29.409Z THROUGHPUT bytes=4818150 rate=25205bps elapsed=191.2s
2026-05-19T02:27:39.524Z THROUGHPUT bytes=5072102 rate=25200bps elapsed=201.3s
2026-05-19T02:27:49.522Z THROUGHPUT bytes=5326054 rate=25209bps elapsed=211.3s
2026-05-19T02:27:59.538Z THROUGHPUT bytes=5577958 rate=25206bps elapsed=221.3s
2026-05-19T02:28:09.655Z THROUGHPUT bytes=5831910 rate=25202bps elapsed=231.4s
2026-05-19T02:28:19.738Z THROUGHPUT bytes=6085862 rate=25201bps elapsed=241.5s
2026-05-19T02:28:29.808Z THROUGHPUT bytes=6339814 rate=25202bps elapsed=251.6s
2026-05-19T02:28:39.819Z THROUGHPUT bytes=6591718 rate=25200bps elapsed=261.6s
2026-05-19T02:28:49.880Z THROUGHPUT bytes=6845670 rate=25202bps elapsed=271.6s
2026-05-19T02:28:59.906Z THROUGHPUT bytes=7099622 rate=25206bps elapsed=281.7s
2026-05-19T02:29:09.964Z THROUGHPUT bytes=7351526 rate=25201bps elapsed=291.7s
2026-05-19T02:29:19.992Z THROUGHPUT bytes=7605478 rate=25205bps elapsed=301.7s
2026-05-19T02:29:30.010Z THROUGHPUT bytes=7857382 rate=25203bps elapsed=311.8s
2026-05-19T02:29:40.038Z THROUGHPUT bytes=8109286 rate=25200bps elapsed=321.8s
2026-05-19T02:29:50.102Z THROUGHPUT bytes=8363238 rate=25201bps elapsed=331.9s
2026-05-19T02:30:00.190Z THROUGHPUT bytes=8617190 rate=25200bps elapsed=341.9s
2026-05-19T02:30:10.263Z THROUGHPUT bytes=8871142 rate=25201bps elapsed=352.0s
2026-05-19T02:39:12.676Z THROUGHPUT bytes=45 rate=0bps elapsed=400.9s
2026-05-19T02:39:12.836Z CLIENT_CONNECT 192.168.1.70:61218
2026-05-19T02:39:22.952Z THROUGHPUT bytes=255206 rate=25228bps elapsed=10.1s
2026-05-19T02:39:31.136Z CLIENT_DISCONNECT replaced
2026-05-19T02:39:31.137Z CLIENT_CONNECT 192.168.1.70:61250
2026-05-19T02:39:41.173Z THROUGHPUT bytes=253952 rate=25305bps elapsed=10.0s
2026-05-19T02:39:51.282Z THROUGHPUT bytes=507904 rate=25213bps elapsed=20.1s
2026-05-19T02:40:01.361Z THROUGHPUT bytes=761856 rate=25207bps elapsed=30.2s
2026-05-19T02:40:11.424Z THROUGHPUT bytes=1015808 rate=25214bps elapsed=40.3s
2026-05-19T02:40:21.485Z THROUGHPUT bytes=1269760 rate=25220bps elapsed=50.3s
2026-05-19T02:40:31.514Z THROUGHPUT bytes=1521664 rate=25202bps elapsed=60.4s
2026-05-19T02:40:41.518Z THROUGHPUT bytes=1775616 rate=25228bps elapsed=70.4s
2026-05-19T02:40:51.536Z THROUGHPUT bytes=2027520 rate=25219bps elapsed=80.4s
2026-05-19T02:41:01.551Z THROUGHPUT bytes=2279424 rate=25211bps elapsed=90.4s
2026-05-19T02:41:11.572Z THROUGHPUT bytes=2531328 rate=25203bps elapsed=100.4s
2026-05-19T02:41:21.656Z THROUGHPUT bytes=2785280 rate=25201bps elapsed=110.5s
2026-05-19T02:41:31.733Z THROUGHPUT bytes=3039232 rate=25201bps elapsed=120.6s
2026-05-19T02:41:41.741Z THROUGHPUT bytes=3293184 rate=25215bps elapsed=130.6s
2026-05-19T02:41:51.797Z THROUGHPUT bytes=3545088 rate=25203bps elapsed=140.7s
2026-05-19T02:42:01.798Z THROUGHPUT bytes=3796992 rate=25202bps elapsed=150.7s
2026-05-19T02:42:11.822Z THROUGHPUT bytes=4050944 rate=25210bps elapsed=160.7s
2026-05-19T02:42:21.935Z THROUGHPUT bytes=4304896 rate=25204bps elapsed=170.8s
2026-05-19T02:42:31.939Z THROUGHPUT bytes=4556800 rate=25203bps elapsed=180.8s
2026-05-19T02:42:42.018Z THROUGHPUT bytes=4810752 rate=25203bps elapsed=190.9s
2026-05-19T02:42:52.027Z THROUGHPUT bytes=5062656 rate=25201bps elapsed=200.9s
2026-05-19T02:43:02.046Z THROUGHPUT bytes=5316608 rate=25207bps elapsed=210.9s
2026-05-19T02:43:12.086Z THROUGHPUT bytes=5568512 rate=25202bps elapsed=220.9s
2026-05-19T02:43:22.130Z THROUGHPUT bytes=5822464 rate=25206bps elapsed=231.0s
2026-05-19T02:43:32.177Z THROUGHPUT bytes=6074368 rate=25200bps elapsed=241.0s
2026-05-19T02:43:42.186Z THROUGHPUT bytes=6328320 rate=25207bps elapsed=251.0s
2026-05-19T02:43:52.251Z THROUGHPUT bytes=6580224 rate=25200bps elapsed=261.1s
2026-05-19T02:44:02.313Z THROUGHPUT bytes=6834176 rate=25201bps elapsed=271.2s
2026-05-19T02:44:12.393Z THROUGHPUT bytes=7088128 rate=25201bps elapsed=281.3s
2026-05-19T02:44:22.407Z THROUGHPUT bytes=7342080 rate=25206bps elapsed=291.3s
2026-05-19T02:44:32.446Z THROUGHPUT bytes=7593984 rate=25202bps elapsed=301.3s
2026-05-19T02:44:42.504Z THROUGHPUT bytes=7847936 rate=25203bps elapsed=311.4s
2026-05-19T02:44:52.621Z THROUGHPUT bytes=8101888 rate=25200bps elapsed=321.5s
2026-05-19T02:45:02.691Z THROUGHPUT bytes=8355840 rate=25201bps elapsed=331.6s
2026-05-19T02:45:12.695Z THROUGHPUT bytes=8607744 rate=25200bps elapsed=341.6s
2026-05-19T02:45:22.711Z THROUGHPUT bytes=8861696 rate=25204bps elapsed=351.6s
2026-05-19T02:45:32.718Z THROUGHPUT bytes=9113600 rate=25204bps elapsed=361.6s
2026-05-19T02:45:42.751Z THROUGHPUT bytes=9365504 rate=25201bps elapsed=371.6s
2026-05-19T02:45:52.761Z THROUGHPUT bytes=9617408 rate=25200bps elapsed=381.6s
2026-05-19T02:46:02.792Z THROUGHPUT bytes=9871360 rate=25203bps elapsed=391.7s
2026-05-19T02:46:12.865Z THROUGHPUT bytes=10125312 rate=25203bps elapsed=401.7s
2026-05-19T02:46:22.886Z THROUGHPUT bytes=10377216 rate=25202bps elapsed=411.8s
2026-05-19T02:46:32.955Z THROUGHPUT bytes=10631168 rate=25202bps elapsed=421.8s
2026-05-19T02:46:42.968Z THROUGHPUT bytes=10883072 rate=25201bps elapsed=431.8s
2026-05-19T02:46:53.051Z THROUGHPUT bytes=11137024 rate=25201bps elapsed=441.9s
2026-05-19T02:47:03.134Z THROUGHPUT bytes=11390976 rate=25200bps elapsed=452.0s
2026-05-19T02:47:13.223Z THROUGHPUT bytes=11644928 rate=25200bps elapsed=462.1s
2026-05-19T02:47:23.256Z THROUGHPUT bytes=11898880 rate=25202bps elapsed=472.1s
2026-05-19T02:47:33.283Z THROUGHPUT bytes=12150784 rate=25200bps elapsed=482.2s
2026-05-19T02:47:43.312Z THROUGHPUT bytes=12404736 rate=25203bps elapsed=492.2s
2026-05-19T02:47:53.316Z THROUGHPUT bytes=12656640 rate=25202bps elapsed=502.2s
2026-05-19T02:48:03.349Z THROUGHPUT bytes=12908544 rate=25200bps elapsed=512.2s
2026-05-19T02:48:13.355Z THROUGHPUT bytes=13160448 rate=25200bps elapsed=522.2s
2026-05-19T02:48:23.408Z THROUGHPUT bytes=13414400 rate=25201bps elapsed=532.3s
2026-05-19T02:48:33.502Z THROUGHPUT bytes=13668352 rate=25200bps elapsed=542.4s
2026-05-19T02:48:43.587Z THROUGHPUT bytes=13922304 rate=25200bps elapsed=552.5s
2026-05-19T02:48:53.639Z THROUGHPUT bytes=14176256 rate=25201bps elapsed=562.5s
2026-05-19T02:49:03.731Z THROUGHPUT bytes=14430208 rate=25200bps elapsed=572.6s
2026-05-19T02:49:13.778Z THROUGHPUT bytes=14684160 rate=25202bps elapsed=582.7s
2026-05-19T02:49:23.814Z THROUGHPUT bytes=14936064 rate=25200bps elapsed=592.7s
2026-05-19T02:49:33.880Z THROUGHPUT bytes=15190016 rate=25200bps elapsed=602.8s
2026-05-19T02:49:43.884Z THROUGHPUT bytes=15441920 rate=25200bps elapsed=612.8s
2026-05-19T02:49:53.931Z THROUGHPUT bytes=15695872 rate=25201bps elapsed=622.8s
2026-05-19T02:50:04.042Z THROUGHPUT bytes=15949824 rate=25200bps elapsed=632.9s
2026-05-19T02:50:14.112Z THROUGHPUT bytes=16203776 rate=25200bps elapsed=643.0s
2026-05-19T02:50:24.145Z THROUGHPUT bytes=16457728 rate=25202bps elapsed=653.0s
2026-05-19T02:50:34.181Z THROUGHPUT bytes=16709632 rate=25200bps elapsed=663.1s
2026-05-19T02:50:44.213Z THROUGHPUT bytes=16963584 rate=25202bps elapsed=673.1s
2026-05-19T02:50:54.230Z THROUGHPUT bytes=17215488 rate=25201bps elapsed=683.1s
2026-05-19T02:51:04.346Z THROUGHPUT bytes=17469440 rate=25200bps elapsed=693.2s
2026-05-19T02:51:04.765Z STALL_START idle=258ms
2026-05-19T02:51:28.473Z STALL_END 23966ms
2026-05-19T02:51:28.480Z THROUGHPUT bytes=17472324 rate=24356bps elapsed=717.4s
2026-05-19T02:51:38.529Z THROUGHPUT bytes=18331355 rate=25200bps elapsed=727.4s
2026-05-19T02:51:48.626Z THROUGHPUT bytes=18585307 rate=25200bps elapsed=737.5s
2026-05-19T02:51:58.695Z THROUGHPUT bytes=18839259 rate=25200bps elapsed=747.6s
2026-05-19T02:52:08.770Z THROUGHPUT bytes=19093211 rate=25200bps elapsed=757.6s
2026-05-19T02:52:18.857Z THROUGHPUT bytes=19347163 rate=25200bps elapsed=767.7s
2026-05-19T02:52:28.923Z THROUGHPUT bytes=19601115 rate=25200bps elapsed=777.8s
2026-05-19T02:52:39.009Z THROUGHPUT bytes=19855067 rate=25200bps elapsed=787.9s
2026-05-19T02:52:49.066Z THROUGHPUT bytes=20109019 rate=25200bps elapsed=797.9s
2026-05-19T02:52:59.075Z THROUGHPUT bytes=20360923 rate=25200bps elapsed=808.0s
2026-05-19T02:53:09.082Z THROUGHPUT bytes=20612827 rate=25200bps elapsed=818.0s
2026-05-19T02:53:19.132Z THROUGHPUT bytes=20866779 rate=25201bps elapsed=828.0s
2026-05-19T02:53:29.224Z THROUGHPUT bytes=21120731 rate=25200bps elapsed=838.1s
2026-05-19T02:53:39.311Z THROUGHPUT bytes=21374683 rate=25200bps elapsed=848.2s
2026-05-19T02:53:49.350Z THROUGHPUT bytes=21628635 rate=25201bps elapsed=858.2s
2026-05-19T02:53:59.361Z THROUGHPUT bytes=21880539 rate=25200bps elapsed=868.2s
2026-05-19T02:54:09.384Z THROUGHPUT bytes=22132443 rate=25200bps elapsed=878.3s
2026-05-19T02:54:19.417Z THROUGHPUT bytes=22386395 rate=25201bps elapsed=888.3s
2026-05-19T02:54:29.426Z THROUGHPUT bytes=22638299 rate=25201bps elapsed=898.3s
2026-05-19T02:54:39.524Z THROUGHPUT bytes=22892251 rate=25200bps elapsed=908.4s
2026-05-19T02:54:49.568Z THROUGHPUT bytes=23146203 rate=25201bps elapsed=918.4s
2026-05-19T02:54:59.585Z THROUGHPUT bytes=23398107 rate=25200bps elapsed=928.5s
2026-05-19T02:55:09.591Z THROUGHPUT bytes=23647963 rate=25198bps elapsed=938.5s
2026-05-19T02:55:19.652Z THROUGHPUT bytes=23901915 rate=25198bps elapsed=948.5s
2026-05-19T02:55:29.727Z THROUGHPUT bytes=24157915 rate=25201bps elapsed=958.6s
2026-05-19T02:55:39.748Z THROUGHPUT bytes=24407771 rate=25198bps elapsed=968.6s
2026-05-19T02:55:49.762Z THROUGHPUT bytes=24661723 rate=25199bps elapsed=978.6s
2026-05-19T02:55:59.872Z THROUGHPUT bytes=24915675 rate=25199bps elapsed=988.8s
2026-05-19T02:56:09.937Z THROUGHPUT bytes=25169627 rate=25199bps elapsed=998.8s
2026-05-19T02:56:20.052Z THROUGHPUT bytes=25423579 rate=25198bps elapsed=1008.9s
2026-05-19T02:56:30.116Z THROUGHPUT bytes=25677531 rate=25198bps elapsed=1019.0s
2026-05-19T02:56:40.118Z THROUGHPUT bytes=25929435 rate=25198bps elapsed=1029.0s
2026-05-19T02:56:50.193Z THROUGHPUT bytes=26183387 rate=25198bps elapsed=1039.1s
2026-05-19T02:57:00.344Z THROUGHPUT bytes=26439387 rate=25198bps elapsed=1049.2s
2026-05-19T02:57:10.426Z THROUGHPUT bytes=26693339 rate=25198bps elapsed=1059.3s
2026-05-19T02:57:20.603Z THROUGHPUT bytes=26949339 rate=25198bps elapsed=1069.5s
2026-05-19T02:57:30.629Z THROUGHPUT bytes=27205339 rate=25201bps elapsed=1079.5s
2026-05-19T02:57:40.745Z THROUGHPUT bytes=27457243 rate=25198bps elapsed=1089.6s
2026-05-19T02:57:50.793Z THROUGHPUT bytes=27711195 rate=25199bps elapsed=1099.7s
2026-05-19T02:58:00.890Z THROUGHPUT bytes=27965147 rate=25198bps elapsed=1109.8s
2026-05-19T02:58:10.908Z THROUGHPUT bytes=28219099 rate=25200bps elapsed=1119.8s
2026-05-19T02:58:20.943Z THROUGHPUT bytes=28473051 rate=25201bps elapsed=1129.8s
2026-05-19T02:58:31.067Z THROUGHPUT bytes=28727003 rate=25200bps elapsed=1139.9s
2026-05-19T02:58:41.102Z THROUGHPUT bytes=28980955 rate=25201bps elapsed=1150.0s
2026-05-19T02:58:51.108Z THROUGHPUT bytes=29232859 rate=25200bps elapsed=1160.0s
2026-05-19T02:59:01.115Z THROUGHPUT bytes=29484763 rate=25200bps elapsed=1170.0s
2026-05-19T02:59:11.128Z THROUGHPUT bytes=29736667 rate=25200bps elapsed=1180.0s
2026-05-19T02:59:21.196Z THROUGHPUT bytes=29990619 rate=25200bps elapsed=1190.1s
2026-05-19T02:59:31.208Z THROUGHPUT bytes=30242523 rate=25200bps elapsed=1200.1s
2026-05-19T02:59:41.273Z THROUGHPUT bytes=30496475 rate=25200bps elapsed=1210.2s
2026-05-19T02:59:51.282Z THROUGHPUT bytes=30748379 rate=25200bps elapsed=1220.2s
2026-05-19T03:00:01.312Z THROUGHPUT bytes=31002331 rate=25201bps elapsed=1230.2s
2026-05-19T03:00:11.396Z THROUGHPUT bytes=31256283 rate=25200bps elapsed=1240.3s
2026-05-19T03:00:21.467Z THROUGHPUT bytes=31510235 rate=25201bps elapsed=1250.4s
2026-05-19T03:00:31.583Z THROUGHPUT bytes=31764187 rate=25200bps elapsed=1260.5s
2026-05-19T03:00:41.615Z THROUGHPUT bytes=32018139 rate=25201bps elapsed=1270.5s
2026-05-19T03:00:51.743Z THROUGHPUT bytes=32272091 rate=25200bps elapsed=1280.6s
2026-05-19T03:01:01.818Z THROUGHPUT bytes=32526043 rate=25200bps elapsed=1290.7s
2026-05-19T03:01:10.458Z STALL_START idle=326ms
2026-05-20T12:14:55.084Z THROUGHPUT bytes=45 rate=0bps elapsed=28684.6s
2026-05-20T12:14:55.089Z STDIN_EOF pipeline_exited
2026-05-20T12:14:55.448Z STDIN_EOF pipeline_exited
2026-05-27T01:17:51.026Z CLIENT_CONNECT 192.168.1.70:54489
2026-05-27T01:17:51.286Z STALL_START idle=252ms
2026-05-31T01:57:13.681Z THROUGHPUT bytes=2048 rate=0bps elapsed=158171.3s
2026-05-31T01:57:14.230Z CLIENT_CONNECT 192.168.1.70:50461
2026-05-31T01:57:22.135Z CLIENT_DISCONNECT send_error
2026-05-31T02:15:56.498Z THROUGHPUT bytes=216461 rate=192bps elapsed=1122.3s
2026-05-31T02:16:06.684Z THROUGHPUT bytes=12076094 rate=10663bps elapsed=1132.4s
2026-05-31T02:16:16.684Z THROUGHPUT bytes=20958563 rate=18345bps elapsed=1142.4s
2026-05-31T02:16:26.808Z THROUGHPUT bytes=29044903 rate=25200bps elapsed=1152.6s
2026-05-31T02:16:36.841Z THROUGHPUT bytes=29298855 rate=25201bps elapsed=1162.6s
2026-05-31T02:16:46.844Z THROUGHPUT bytes=29550759 rate=25201bps elapsed=1172.6s
2026-05-31T02:16:56.845Z THROUGHPUT bytes=29802663 rate=25200bps elapsed=1182.6s
2026-05-31T02:17:06.954Z THROUGHPUT bytes=30056615 rate=25200bps elapsed=1192.7s
2026-05-31T02:17:17.024Z THROUGHPUT bytes=30310567 rate=25200bps elapsed=1202.8s
2026-05-31T02:17:27.031Z THROUGHPUT bytes=30562471 rate=25200bps elapsed=1212.8s
2026-05-31T02:17:37.090Z THROUGHPUT bytes=30816423 rate=25200bps elapsed=1222.8s
2026-05-31T02:17:47.104Z THROUGHPUT bytes=31068327 rate=25200bps elapsed=1232.9s
2026-05-31T02:17:57.118Z THROUGHPUT bytes=31322279 rate=25201bps elapsed=1242.9s
2026-05-31T02:18:02.169Z CLIENT_CONNECT 192.168.1.70:51097
2026-05-31T02:18:12.218Z THROUGHPUT bytes=253952 rate=25281bps elapsed=10.0s
2026-05-31T02:18:22.305Z THROUGHPUT bytes=507904 rate=25228bps elapsed=20.1s
2026-05-31T02:18:32.397Z THROUGHPUT bytes=761856 rate=25206bps elapsed=30.2s
2026-05-31T02:18:42.404Z THROUGHPUT bytes=1015808 rate=25250bps elapsed=40.2s
2026-05-31T02:18:52.406Z THROUGHPUT bytes=1267712 rate=25237bps elapsed=50.2s
2026-05-31T02:19:02.469Z THROUGHPUT bytes=1519616 rate=25204bps elapsed=60.3s
2026-05-31T02:19:12.599Z THROUGHPUT bytes=1773568 rate=25203bps elapsed=70.4s
2026-05-31T02:19:22.616Z THROUGHPUT bytes=2027520 rate=25204bps elapsed=80.4s
2026-05-31T02:19:32.686Z THROUGHPUT bytes=2281472 rate=25206bps elapsed=90.5s
2026-05-31T02:19:42.771Z THROUGHPUT bytes=2535424 rate=25203bps elapsed=100.6s
2026-05-31T02:19:52.840Z THROUGHPUT bytes=2789376 rate=25205bps elapsed=110.7s
2026-05-31T02:20:02.915Z THROUGHPUT bytes=3043328 rate=25205bps elapsed=120.7s
2026-05-31T02:20:13.005Z THROUGHPUT bytes=3297280 rate=25202bps elapsed=130.8s
2026-05-31T02:20:17.646Z CLIENT_DISCONNECT send_error
2026-05-31T02:20:19.978Z CLIENT_CONNECT 192.168.1.70:51162
2026-05-31T02:20:30.009Z THROUGHPUT bytes=253952 rate=25323bps elapsed=10.0s
2026-05-31T02:20:33.459Z CLIENT_DISCONNECT send_error
2026-05-31T02:20:38.571Z CLIENT_CONNECT 192.168.1.70:51179
2026-05-31T02:20:38.839Z STALL_START idle=262ms
2026-05-31T02:25:55.094Z STALL_END 316512ms
2026-05-31T02:25:55.098Z THROUGHPUT bytes=1254 rate=3bps elapsed=316.5s
2026-05-31T02:25:55.101Z CLIENT_DISCONNECT send_error
2026-05-31T02:25:55.351Z CLIENT_CONNECT 192.168.1.70:51383
2026-05-31T02:26:05.385Z THROUGHPUT bytes=253158 rate=25229bps elapsed=10.0s
2026-05-31T02:26:15.177Z CLIENT_DISCONNECT send_error
2026-05-31T02:26:15.443Z THROUGHPUT bytes=507110 rate=25239bps elapsed=20.1s
2026-05-31T02:31:47.097Z THROUGHPUT bytes=515511 rate=1465bps elapsed=351.8s
2026-05-31T02:31:47.418Z CLIENT_CONNECT 192.168.1.70:51616
2026-05-31T02:31:57.466Z THROUGHPUT bytes=253785 rate=25259bps elapsed=10.0s
2026-05-31T02:32:03.976Z CLIENT_DISCONNECT send_error
2026-05-31T02:32:37.297Z THROUGHPUT bytes=436976 rate=8760bps elapsed=49.9s
2026-05-31T02:32:37.669Z CLIENT_CONNECT 192.168.1.70:51646
2026-05-31T02:32:47.706Z THROUGHPUT bytes=253785 rate=25287bps elapsed=10.0s
2026-05-31T02:32:48.463Z CLIENT_DISCONNECT send_error
2026-05-31T02:32:53.537Z CLIENT_CONNECT 192.168.1.70:51664
2026-05-31T02:32:53.742Z STALL_START idle=203ms
2026-05-31T02:33:04.456Z STALL_END 10917ms
2026-05-31T02:33:04.466Z THROUGHPUT bytes=627 rate=57bps elapsed=10.9s
2026-05-31T02:33:04.519Z CLIENT_DISCONNECT send_error
2026-05-31T02:33:04.863Z CLIENT_CONNECT 192.168.1.70:51671
2026-05-31T02:33:14.927Z THROUGHPUT bytes=253952 rate=25236bps elapsed=10.1s
2026-05-31T02:33:18.506Z CLIENT_DISCONNECT send_error
2026-05-31T02:33:23.701Z CLIENT_CONNECT 192.168.1.70:51679
2026-05-31T02:33:23.972Z STALL_START idle=270ms
2026-05-31T02:40:02.006Z STALL_END 398299ms
2026-05-31T02:40:02.018Z THROUGHPUT bytes=2048 rate=5bps elapsed=398.3s
2026-05-31T02:40:02.018Z CLIENT_DISCONNECT send_error
2026-05-31T02:40:02.209Z CLIENT_CONNECT 192.168.1.70:52004
2026-05-31T02:40:12.242Z THROUGHPUT bytes=253158 rate=25234bps elapsed=10.0s
2026-05-31T02:40:15.942Z CLIENT_DISCONNECT send_error
2026-05-31T02:41:03.950Z CLIENT_CONNECT 192.168.1.70:52050
2026-05-31T02:41:04.196Z STALL_START idle=244ms
2026-05-31T02:41:22.093Z CLIENT_DISCONNECT replaced
2026-05-31T02:41:22.099Z CLIENT_CONNECT 192.168.1.70:52063
2026-05-31T02:41:22.366Z STALL_START idle=267ms
2026-05-31T02:41:26.805Z CLIENT_DISCONNECT replaced
2026-05-31T02:41:26.808Z CLIENT_CONNECT 192.168.1.70:52067
2026-05-31T02:41:27.078Z STALL_START idle=269ms
2026-05-31T02:44:58.492Z CLIENT_DISCONNECT replaced
2026-05-31T02:44:58.502Z CLIENT_CONNECT 192.168.1.70:52273
2026-05-31T02:44:58.776Z STALL_START idle=273ms
2026-05-31T02:45:07.593Z CLIENT_DISCONNECT replaced
2026-05-31T02:45:07.595Z CLIENT_CONNECT 192.168.1.70:52289
2026-05-31T02:45:07.848Z STALL_START idle=253ms
2026-05-31T02:45:12.458Z CLIENT_DISCONNECT replaced
2026-05-31T02:45:12.459Z CLIENT_CONNECT 192.168.1.70:52296
2026-05-31T02:45:12.730Z STALL_START idle=271ms
2026-05-31T02:45:17.562Z CLIENT_DISCONNECT replaced
2026-05-31T02:45:17.563Z CLIENT_CONNECT 192.168.1.70:52302
2026-05-31T02:45:17.834Z STALL_START idle=271ms
2026-05-31T02:45:22.700Z CLIENT_DISCONNECT replaced
2026-05-31T02:45:22.701Z CLIENT_CONNECT 192.168.1.70:52309
2026-05-31T02:45:22.953Z STALL_START idle=251ms
2026-05-31T02:45:27.954Z CLIENT_DISCONNECT replaced
2026-05-31T02:45:27.955Z CLIENT_CONNECT 192.168.1.70:52316
2026-05-31T02:45:28.227Z STALL_START idle=271ms
2026-05-31T02:45:37.321Z CLIENT_DISCONNECT replaced
2026-05-31T02:45:37.327Z CLIENT_CONNECT 192.168.1.70:52353
2026-05-31T02:45:37.601Z STALL_START idle=272ms
2026-05-31T02:58:22.451Z STALL_END 765104ms
2026-05-31T02:58:22.463Z THROUGHPUT bytes=2048 rate=2bps elapsed=765.1s
2026-05-31T02:58:22.687Z STALL_START idle=224ms
2026-05-31T02:58:22.776Z STALL_END 312ms
2026-05-31T02:58:22.776Z CLIENT_DISCONNECT send_error
2026-05-31T02:58:23.393Z CLIENT_CONNECT 192.168.1.70:53230
2026-05-31T02:58:33.441Z THROUGHPUT bytes=253785 rate=25272bps elapsed=10.0s
2026-05-31T02:58:34.070Z STALL_START idle=228ms
2026-05-31T02:59:10.130Z STALL_END 36287ms
2026-05-31T02:59:10.151Z THROUGHPUT bytes=264568 rate=5658bps elapsed=46.8s
2026-05-31T02:59:10.152Z CLIENT_DISCONNECT send_error
2026-05-31T02:59:20.214Z THROUGHPUT bytes=1433015 rate=25220bps elapsed=56.8s
2026-05-31T02:59:31.660Z THROUGHPUT bytes=1451990 rate=21269bps elapsed=68.3s
2026-05-31T02:59:41.446Z CLIENT_CONNECT 192.168.1.70:53348
2026-05-31T02:59:51.514Z THROUGHPUT bytes=253952 rate=25228bps elapsed=10.1s
2026-05-31T03:00:01.599Z THROUGHPUT bytes=507904 rate=25217bps elapsed=20.1s
2026-05-31T03:00:11.638Z THROUGHPUT bytes=761856 rate=25235bps elapsed=30.2s
2026-05-31T03:00:21.643Z THROUGHPUT bytes=1013760 rate=25220bps elapsed=40.2s
2026-05-31T03:00:31.755Z THROUGHPUT bytes=1267712 rate=25201bps elapsed=50.3s
2026-05-31T03:00:41.900Z THROUGHPUT bytes=1521664 rate=25231bps elapsed=60.3s
2026-05-31T03:00:51.840Z THROUGHPUT bytes=1773568 rate=25224bps elapsed=70.3s
2026-05-31T03:01:01.772Z THROUGHPUT bytes=2025472 rate=25216bps elapsed=80.3s
2026-05-31T03:01:02.222Z CLIENT_DISCONNECT send_error
2026-05-31T03:01:26.733Z THROUGHPUT bytes=2043068 rate=19405bps elapsed=105.3s
2026-05-31T03:01:27.013Z CLIENT_CONNECT 192.168.1.70:53550
2026-05-31T03:01:34.206Z CLIENT_DISCONNECT replaced
2026-05-31T03:01:34.212Z CLIENT_CONNECT 192.168.1.70:53552
2026-05-31T03:01:41.186Z CLIENT_DISCONNECT send_error
2026-05-31T03:01:43.474Z CLIENT_CONNECT 192.168.1.70:53561
2026-05-31T03:01:52.982Z CLIENT_DISCONNECT send_error
2026-05-31T03:01:53.552Z THROUGHPUT bytes=253952 rate=25228bps elapsed=10.1s
2026-05-31T03:01:58.129Z CLIENT_CONNECT 192.168.1.70:53599
2026-05-31T03:01:58.335Z STALL_START idle=204ms
2026-05-31T03:02:46.681Z STALL_END 48547ms
2026-05-31T03:02:46.687Z THROUGHPUT bytes=2048 rate=42bps elapsed=48.6s
2026-05-31T03:02:46.687Z CLIENT_DISCONNECT send_error
2026-05-31T03:02:46.936Z CLIENT_CONNECT 192.168.1.70:53651
2026-05-31T03:02:57.032Z THROUGHPUT bytes=254579 rate=25217bps elapsed=10.1s
2026-05-31T03:03:03.808Z CLIENT_DISCONNECT send_error
2026-05-31T03:03:20.270Z THROUGHPUT bytes=446380 rate=13391bps elapsed=33.3s
2026-05-31T03:03:20.875Z CLIENT_CONNECT 192.168.1.70:53715
2026-05-31T03:03:29.101Z CLIENT_DISCONNECT send_error
2026-05-31T03:03:31.506Z THROUGHPUT bytes=225656 rate=21226bps elapsed=10.6s
2026-05-31T03:03:32.136Z CLIENT_CONNECT 192.168.1.70:53724
2026-05-31T03:03:39.918Z CLIENT_DISCONNECT send_error
2026-05-31T03:03:45.066Z CLIENT_CONNECT 192.168.1.70:53728
2026-05-31T03:03:45.344Z STALL_START idle=274ms
2026-05-31T03:04:16.812Z STALL_END 31735ms
2026-05-31T03:04:16.818Z THROUGHPUT bytes=1881 rate=59bps elapsed=31.7s
2026-05-31T03:04:16.819Z CLIENT_DISCONNECT send_error
2026-05-31T03:04:17.178Z CLIENT_CONNECT 192.168.1.70:53762
2026-05-31T03:04:27.227Z THROUGHPUT bytes=255206 rate=25398bps elapsed=10.0s
2026-05-31T03:04:37.238Z THROUGHPUT bytes=507110 rate=25280bps elapsed=20.1s
2026-05-31T03:04:47.368Z THROUGHPUT bytes=761062 rate=25209bps elapsed=30.2s
2026-05-31T03:04:57.441Z THROUGHPUT bytes=1015014 rate=25213bps elapsed=40.3s
2026-05-31T03:05:07.444Z THROUGHPUT bytes=1266918 rate=25206bps elapsed=50.3s
2026-05-31T03:05:17.486Z THROUGHPUT bytes=1520870 rate=25218bps elapsed=60.3s
2026-05-31T03:05:27.585Z THROUGHPUT bytes=1774822 rate=25208bps elapsed=70.4s
2026-05-31T03:05:37.664Z THROUGHPUT bytes=2028774 rate=25207bps elapsed=80.5s
2026-05-31T03:05:46.586Z CLIENT_DISCONNECT send_error
2026-05-31T03:05:50.688Z THROUGHPUT bytes=2272653 rate=24304bps elapsed=93.5s
2026-05-31T03:05:51.045Z CLIENT_CONNECT 192.168.1.70:53875
2026-05-31T03:06:01.068Z THROUGHPUT bytes=253952 rate=25343bps elapsed=10.0s
2026-05-31T03:06:11.115Z THROUGHPUT bytes=505856 rate=25207bps elapsed=20.1s
2026-05-31T03:06:21.143Z THROUGHPUT bytes=759808 rate=25245bps elapsed=30.1s
2026-05-31T03:06:31.150Z THROUGHPUT bytes=1011712 rate=25229bps elapsed=40.1s
2026-05-31T03:06:41.237Z THROUGHPUT bytes=1265664 rate=25216bps elapsed=50.2s
2026-05-31T03:06:51.258Z THROUGHPUT bytes=1517568 rate=25204bps elapsed=60.2s
2026-05-31T03:07:01.289Z THROUGHPUT bytes=1771520 rate=25220bps elapsed=70.2s
2026-05-31T03:07:11.312Z THROUGHPUT bytes=2023424 rate=25210bps elapsed=80.3s
2026-05-31T03:07:21.398Z THROUGHPUT bytes=2277376 rate=25205bps elapsed=90.4s
2026-05-31T03:07:31.487Z THROUGHPUT bytes=2531328 rate=25202bps elapsed=100.4s
2026-05-31T03:07:41.578Z THROUGHPUT bytes=2785280 rate=25199bps elapsed=110.5s
2026-05-31T03:07:43.709Z CLIENT_DISCONNECT send_error
2026-05-31T03:07:48.819Z CLIENT_CONNECT 192.168.1.70:53976
2026-05-31T03:07:49.055Z STALL_START idle=232ms
2026-05-31T03:07:57.713Z STALL_END 8891ms
2026-05-31T03:07:58.097Z CLIENT_DISCONNECT replaced
2026-05-31T03:07:58.099Z CLIENT_CONNECT 192.168.1.70:54006
2026-05-31T03:08:05.316Z CLIENT_DISCONNECT send_error
2026-05-31T03:08:08.693Z THROUGHPUT bytes=205929 rate=19442bps elapsed=10.6s
2026-05-31T03:08:09.041Z CLIENT_CONNECT 192.168.1.70:54015
2026-05-31T03:08:15.192Z CLIENT_DISCONNECT send_error
2026-05-31T03:08:18.645Z CLIENT_CONNECT 192.168.1.70:54025
2026-05-31T03:08:28.714Z THROUGHPUT bytes=253952 rate=25223bps elapsed=10.1s
2026-05-31T03:08:38.791Z THROUGHPUT bytes=507904 rate=25213bps elapsed=20.1s
2026-05-31T03:08:48.844Z THROUGHPUT bytes=761856 rate=25229bps elapsed=30.2s
2026-05-31T03:08:49.923Z CLIENT_DISCONNECT send_error
2026-05-31T03:08:55.191Z CLIENT_CONNECT 192.168.1.70:54073
2026-05-31T03:08:55.444Z STALL_START idle=251ms
2026-05-31T03:08:55.692Z STALL_END 499ms
2026-05-31T03:08:56.884Z CLIENT_DISCONNECT replaced
2026-05-31T03:08:56.885Z CLIENT_CONNECT 192.168.1.70:54076
2026-05-31T03:09:04.679Z CLIENT_DISCONNECT send_error
2026-05-31T03:10:36.256Z THROUGHPUT bytes=215082 rate=2164bps elapsed=99.4s
2026-05-31T03:10:36.468Z CLIENT_CONNECT 192.168.1.70:54224
2026-05-31T03:10:46.517Z THROUGHPUT bytes=253952 rate=25271bps elapsed=10.0s
2026-05-31T03:10:49.448Z CLIENT_DISCONNECT send_error
2026-05-31T03:13:44.890Z THROUGHPUT bytes=347324 rate=1843bps elapsed=188.4s
2026-05-31T03:13:45.255Z CLIENT_CONNECT 192.168.1.70:54429
2026-05-31T03:13:55.308Z THROUGHPUT bytes=253785 rate=25247bps elapsed=10.1s
2026-05-31T03:14:00.275Z CLIENT_DISCONNECT send_error
2026-05-31T03:14:06.101Z THROUGHPUT bytes=390583 rate=18737bps elapsed=20.8s
2026-05-31T03:14:06.427Z CLIENT_CONNECT 192.168.1.70:54462
2026-05-31T03:14:16.499Z THROUGHPUT bytes=253952 rate=25215bps elapsed=10.1s
2026-05-31T03:14:19.988Z CLIENT_DISCONNECT send_error
2026-05-31T03:15:05.207Z THROUGHPUT bytes=362663 rate=6169bps elapsed=58.8s
2026-05-31T03:15:05.471Z CLIENT_CONNECT 192.168.1.70:54543
2026-05-31T03:15:14.852Z CLIENT_DISCONNECT send_error
2026-05-31T03:15:15.472Z THROUGHPUT bytes=252531 rate=25251bps elapsed=10.0s
2026-05-31T03:19:46.917Z THROUGHPUT bytes=257839 rate=916bps elapsed=281.4s
2026-05-31T03:19:47.128Z CLIENT_CONNECT 192.168.1.70:54683
2026-05-31T03:19:57.180Z THROUGHPUT bytes=254412 rate=25311bps elapsed=10.1s
2026-05-31T03:20:07.195Z THROUGHPUT bytes=506316 rate=25233bps elapsed=20.1s
2026-05-31T03:20:17.242Z THROUGHPUT bytes=760268 rate=25247bps elapsed=30.1s
2026-05-31T03:20:27.287Z THROUGHPUT bytes=1012172 rate=25204bps elapsed=40.2s
2026-05-31T03:20:37.298Z THROUGHPUT bytes=1266124 rate=25237bps elapsed=50.2s
2026-05-31T03:20:47.315Z THROUGHPUT bytes=1518028 rate=25222bps elapsed=60.2s
2026-05-31T03:20:57.320Z THROUGHPUT bytes=1769932 rate=25215bps elapsed=70.2s
2026-05-31T03:21:07.322Z THROUGHPUT bytes=2021836 rate=25212bps elapsed=80.2s
2026-05-31T03:21:17.428Z THROUGHPUT bytes=2275788 rate=25203bps elapsed=90.3s
2026-05-31T03:21:27.439Z THROUGHPUT bytes=2529740 rate=25219bps elapsed=100.3s
2026-05-31T03:21:37.487Z THROUGHPUT bytes=2781644 rate=25205bps elapsed=110.4s
2026-05-31T03:21:47.549Z THROUGHPUT bytes=3035596 rate=25208bps elapsed=120.4s
2026-05-31T03:21:57.629Z THROUGHPUT bytes=3289548 rate=25207bps elapsed=130.5s
2026-05-31T03:22:07.653Z THROUGHPUT bytes=3541452 rate=25201bps elapsed=140.5s
2026-05-31T03:22:17.718Z THROUGHPUT bytes=3795404 rate=25203bps elapsed=150.6s
2026-05-31T03:22:27.797Z THROUGHPUT bytes=4049356 rate=25203bps elapsed=160.7s
2026-05-31T03:22:37.805Z THROUGHPUT bytes=4301260 rate=25201bps elapsed=170.7s
2026-05-31T03:22:47.884Z THROUGHPUT bytes=4555212 rate=25201bps elapsed=180.8s
2026-05-31T03:22:57.945Z THROUGHPUT bytes=4809164 rate=25203bps elapsed=190.8s
2026-05-31T03:23:07.957Z THROUGHPUT bytes=5061068 rate=25201bps elapsed=200.8s
2026-05-31T03:23:17.988Z THROUGHPUT bytes=5315020 rate=25206bps elapsed=210.9s
2026-05-31T03:23:27.930Z THROUGHPUT bytes=5566924 rate=25201bps elapsed=220.9s
2026-05-31T03:23:38.004Z THROUGHPUT bytes=5820876 rate=25201bps elapsed=231.0s
2026-05-31T03:23:48.158Z THROUGHPUT bytes=6074828 rate=25193bps elapsed=241.1s
2026-05-31T03:23:58.227Z THROUGHPUT bytes=6330828 rate=25202bps elapsed=251.2s
2026-05-31T03:24:08.290Z THROUGHPUT bytes=6582732 rate=25196bps elapsed=261.3s
2026-05-31T03:24:18.347Z THROUGHPUT bytes=6836684 rate=25198bps elapsed=271.3s
2026-05-31T03:24:28.383Z THROUGHPUT bytes=7088588 rate=25194bps elapsed=281.4s
2026-05-31T03:24:38.524Z THROUGHPUT bytes=7344588 rate=25196bps elapsed=291.5s
2026-05-31T03:24:48.537Z THROUGHPUT bytes=7596492 rate=25194bps elapsed=301.5s
2026-05-31T03:24:48.688Z CLIENT_DISCONNECT send_error
2026-06-01T01:14:14.117Z CLIENT_CONNECT 192.168.1.70:56697
2026-06-01T01:14:14.359Z STALL_START idle=233ms
2026-06-01T01:14:51.008Z CLIENT_DISCONNECT replaced
2026-06-01T01:14:51.011Z CLIENT_CONNECT 192.168.1.70:56714
2026-06-01T01:14:51.276Z STALL_START idle=265ms
2026-06-01T01:15:28.000Z CLIENT_DISCONNECT replaced
2026-06-01T01:15:28.004Z CLIENT_CONNECT 192.168.1.70:56726
2026-06-01T01:15:28.330Z STALL_START idle=326ms
2026-06-01T01:16:04.961Z CLIENT_DISCONNECT replaced
2026-06-01T01:16:04.964Z CLIENT_CONNECT 192.168.1.70:56740
2026-06-01T01:16:05.287Z STALL_START idle=322ms
2026-06-01T01:16:41.775Z CLIENT_DISCONNECT replaced
2026-06-01T01:16:41.778Z CLIENT_CONNECT 192.168.1.70:56750
2026-06-01T01:16:42.120Z STALL_START idle=341ms
2026-06-01T01:17:18.643Z CLIENT_DISCONNECT replaced
2026-06-01T01:17:18.645Z CLIENT_CONNECT 192.168.1.70:56757
2026-06-01T01:17:18.994Z STALL_START idle=348ms
2026-06-01T01:17:55.504Z CLIENT_DISCONNECT replaced
2026-06-01T01:17:55.506Z CLIENT_CONNECT 192.168.1.70:56767
2026-06-01T01:17:55.849Z STALL_START idle=342ms
2026-06-01T01:18:32.391Z CLIENT_DISCONNECT replaced
2026-06-01T01:18:32.393Z CLIENT_CONNECT 192.168.1.70:56775
2026-06-01T01:18:32.678Z STALL_START idle=284ms
2026-06-01T01:19:09.219Z CLIENT_DISCONNECT replaced
2026-06-01T01:19:09.223Z CLIENT_CONNECT 192.168.1.70:56785
2026-06-01T01:19:09.556Z STALL_START idle=333ms
2026-06-01T01:19:46.081Z CLIENT_DISCONNECT replaced
2026-06-01T01:19:46.087Z CLIENT_CONNECT 192.168.1.70:56796
2026-06-01T01:19:46.320Z STALL_START idle=232ms
2026-06-01T01:20:23.039Z CLIENT_DISCONNECT replaced
2026-06-01T01:20:23.043Z CLIENT_CONNECT 192.168.1.70:56818
2026-06-01T01:20:23.383Z STALL_START idle=340ms
2026-06-01T01:20:59.943Z CLIENT_DISCONNECT replaced
2026-06-01T01:20:59.946Z CLIENT_CONNECT 192.168.1.70:56824
2026-06-01T01:21:00.290Z STALL_START idle=343ms
2026-06-01T01:21:36.891Z CLIENT_DISCONNECT replaced
2026-06-01T01:21:36.895Z CLIENT_CONNECT 192.168.1.70:56834
2026-06-01T01:21:37.106Z STALL_START idle=209ms
2026-06-01T01:22:13.837Z CLIENT_DISCONNECT replaced
2026-06-01T01:22:13.843Z CLIENT_CONNECT 192.168.1.70:56857
2026-06-01T01:22:14.135Z STALL_START idle=292ms
2026-06-01T01:22:50.702Z CLIENT_DISCONNECT replaced
2026-06-01T01:22:50.705Z CLIENT_CONNECT 192.168.1.70:56868
2026-06-01T01:22:51.038Z STALL_START idle=333ms
2026-06-01T01:23:27.607Z CLIENT_DISCONNECT replaced
2026-06-01T01:23:27.610Z CLIENT_CONNECT 192.168.1.70:56880
2026-06-01T01:23:27.903Z STALL_START idle=292ms
2026-06-01T01:24:04.452Z CLIENT_DISCONNECT replaced
2026-06-01T01:24:04.455Z CLIENT_CONNECT 192.168.1.70:56891
2026-06-01T01:24:04.785Z STALL_START idle=329ms
2026-06-01T01:24:41.324Z CLIENT_DISCONNECT replaced
2026-06-01T01:24:41.327Z CLIENT_CONNECT 192.168.1.70:56904
2026-06-01T01:24:41.676Z STALL_START idle=349ms
2026-06-01T01:25:18.348Z CLIENT_DISCONNECT replaced
2026-06-01T01:25:18.350Z CLIENT_CONNECT 192.168.1.70:56916
2026-06-01T01:25:18.694Z STALL_START idle=343ms
2026-06-01T01:25:55.239Z CLIENT_DISCONNECT replaced
2026-06-01T01:25:55.242Z CLIENT_CONNECT 192.168.1.70:56923
2026-06-01T01:25:55.588Z STALL_START idle=345ms
2026-06-01T01:26:32.095Z CLIENT_DISCONNECT replaced
2026-06-01T01:26:32.098Z CLIENT_CONNECT 192.168.1.70:56930
2026-06-01T01:26:32.351Z STALL_START idle=252ms
2026-06-01T01:27:08.976Z CLIENT_DISCONNECT replaced
2026-06-01T01:27:08.979Z CLIENT_CONNECT 192.168.1.70:56938
2026-06-01T01:27:09.328Z STALL_START idle=349ms
2026-06-01T01:27:45.831Z CLIENT_DISCONNECT replaced
2026-06-01T01:27:45.834Z CLIENT_CONNECT 192.168.1.70:56953
2026-06-01T01:27:46.116Z STALL_START idle=282ms
2026-06-01T01:28:22.694Z CLIENT_DISCONNECT replaced
2026-06-01T01:28:22.696Z CLIENT_CONNECT 192.168.1.70:56960
2026-06-01T01:28:22.995Z STALL_START idle=299ms
2026-06-01T01:28:59.566Z CLIENT_DISCONNECT replaced
2026-06-01T01:28:59.571Z CLIENT_CONNECT 192.168.1.70:56968
2026-06-01T01:28:59.914Z STALL_START idle=342ms
2026-06-01T01:29:36.439Z CLIENT_DISCONNECT replaced
2026-06-01T01:29:36.441Z CLIENT_CONNECT 192.168.1.70:56976
2026-06-01T01:29:36.780Z STALL_START idle=338ms
2026-06-01T01:30:13.330Z CLIENT_DISCONNECT replaced
2026-06-01T01:30:13.333Z CLIENT_CONNECT 192.168.1.70:56994
2026-06-01T01:30:13.680Z STALL_START idle=347ms
2026-06-01T01:30:50.143Z CLIENT_DISCONNECT replaced
2026-06-01T01:30:50.146Z CLIENT_CONNECT 192.168.1.70:57003
2026-06-01T01:30:50.382Z STALL_START idle=236ms
2026-06-01T01:31:27.040Z CLIENT_DISCONNECT replaced
2026-06-01T01:31:27.042Z CLIENT_CONNECT 192.168.1.70:57011
2026-06-01T01:31:27.391Z STALL_START idle=348ms
2026-06-01T01:32:04.163Z CLIENT_DISCONNECT replaced
2026-06-01T01:32:04.165Z CLIENT_CONNECT 192.168.1.70:57018
2026-06-01T01:32:04.423Z STALL_START idle=258ms
2026-06-01T01:32:41.063Z CLIENT_DISCONNECT replaced
2026-06-01T01:32:41.065Z CLIENT_CONNECT 192.168.1.70:57025
2026-06-01T01:32:41.396Z STALL_START idle=330ms
2026-06-01T01:33:17.923Z CLIENT_DISCONNECT replaced
2026-06-01T01:33:17.926Z CLIENT_CONNECT 192.168.1.70:57037
2026-06-01T01:33:18.264Z STALL_START idle=338ms
2026-06-01T01:33:54.770Z CLIENT_DISCONNECT replaced
2026-06-01T01:33:54.772Z CLIENT_CONNECT 192.168.1.70:57043
2026-06-01T01:33:55.120Z STALL_START idle=348ms
2026-06-01T01:34:31.672Z CLIENT_DISCONNECT replaced
2026-06-01T01:34:31.674Z CLIENT_CONNECT 192.168.1.70:57050
2026-06-01T01:34:31.996Z STALL_START idle=321ms
2026-06-01T01:35:08.664Z CLIENT_DISCONNECT replaced
2026-06-01T01:35:08.667Z CLIENT_CONNECT 192.168.1.70:57058
2026-06-01T01:35:08.978Z STALL_START idle=311ms
2026-06-01T01:35:45.620Z CLIENT_DISCONNECT replaced
2026-06-01T01:35:45.622Z CLIENT_CONNECT 192.168.1.70:57070
2026-06-01T01:35:45.970Z STALL_START idle=348ms
2026-06-02T00:05:53.177Z THROUGHPUT bytes=2048 rate=0bps elapsed=15494.0s
2026-06-02T00:05:53.376Z CLIENT_CONNECT 192.168.1.70:56280
2026-06-02T00:06:03.427Z THROUGHPUT bytes=251737 rate=25047bps elapsed=10.1s
2026-06-02T00:06:13.466Z THROUGHPUT bytes=505689 rate=25171bps elapsed=20.1s
2026-06-02T00:06:23.575Z THROUGHPUT bytes=759641 rate=25154bps elapsed=30.2s
2026-06-02T00:06:33.584Z THROUGHPUT bytes=1011545 rate=25157bps elapsed=40.2s
2026-06-02T00:06:43.661Z THROUGHPUT bytes=1265497 rate=25166bps elapsed=50.3s
2026-06-02T00:06:53.792Z THROUGHPUT bytes=1521497 rate=25183bps elapsed=60.4s
2026-06-02T00:07:03.804Z THROUGHPUT bytes=1775449 rate=25209bps elapsed=70.4s
2026-06-02T00:07:13.805Z THROUGHPUT bytes=2025305 rate=25181bps elapsed=80.4s
2026-06-02T00:07:23.835Z THROUGHPUT bytes=2279257 rate=25196bps elapsed=90.5s
2026-06-02T00:07:33.908Z THROUGHPUT bytes=2533209 rate=25197bps elapsed=100.5s
2026-06-02T00:07:43.938Z THROUGHPUT bytes=2787161 rate=25208bps elapsed=110.6s
2026-06-02T00:07:54.041Z THROUGHPUT bytes=3039065 rate=25185bps elapsed=120.7s
2026-06-02T00:08:04.066Z THROUGHPUT bytes=3295065 rate=25212bps elapsed=130.7s
2026-06-02T00:08:14.164Z THROUGHPUT bytes=3546969 rate=25193bps elapsed=140.8s
2026-06-02T00:08:24.190Z THROUGHPUT bytes=3798873 rate=25188bps elapsed=150.8s
2026-06-02T00:08:34.227Z THROUGHPUT bytes=4052825 rate=25195bps elapsed=160.9s
2026-06-02T00:08:44.317Z THROUGHPUT bytes=4306777 rate=25194bps elapsed=170.9s
2026-06-02T00:08:54.340Z THROUGHPUT bytes=4558681 rate=25190bps elapsed=181.0s
2026-06-02T00:09:04.418Z THROUGHPUT bytes=4812633 rate=25191bps elapsed=191.0s
2026-06-02T00:09:14.546Z THROUGHPUT bytes=5068633 rate=25195bps elapsed=201.2s
2026-06-02T00:09:24.749Z THROUGHPUT bytes=5324633 rate=25196bps elapsed=211.3s
2026-06-02T00:09:34.932Z THROUGHPUT bytes=5580633 rate=25194bps elapsed=221.5s
2026-06-02T00:09:45.017Z THROUGHPUT bytes=5834585 rate=25193bps elapsed=231.6s
2026-06-02T00:09:55.058Z THROUGHPUT bytes=6090585 rate=25206bps elapsed=241.6s
2026-06-02T00:10:05.105Z THROUGHPUT bytes=6342489 rate=25200bps elapsed=251.7s
2026-06-02T00:10:15.236Z THROUGHPUT bytes=6596441 rate=25195bps elapsed=261.8s
2026-06-02T00:10:25.328Z THROUGHPUT bytes=6850393 rate=25194bps elapsed=271.9s
2026-06-02T00:10:35.330Z THROUGHPUT bytes=7102297 rate=25194bps elapsed=281.9s
2026-06-02T00:10:45.488Z THROUGHPUT bytes=7358297 rate=25194bps elapsed=292.1s
2026-06-02T00:10:55.535Z THROUGHPUT bytes=7612249 rate=25197bps elapsed=302.1s
2026-06-02T00:11:05.718Z THROUGHPUT bytes=7868249 rate=25195bps elapsed=312.3s
2026-06-02T00:11:15.791Z THROUGHPUT bytes=8122201 rate=25195bps elapsed=322.4s
2026-06-02T00:11:25.961Z THROUGHPUT bytes=8378201 rate=25194bps elapsed=332.5s
2026-06-02T00:11:36.022Z THROUGHPUT bytes=8632153 rate=25196bps elapsed=342.6s
2026-06-02T00:11:46.092Z THROUGHPUT bytes=8886105 rate=25196bps elapsed=352.7s
2026-06-02T00:11:56.121Z THROUGHPUT bytes=9140057 rate=25200bps elapsed=362.7s
2026-06-02T00:12:06.125Z THROUGHPUT bytes=9391961 rate=25199bps elapsed=372.7s
2026-06-02T00:12:16.186Z THROUGHPUT bytes=9643865 rate=25195bps elapsed=382.8s
2026-06-02T00:12:26.342Z THROUGHPUT bytes=9899865 rate=25195bps elapsed=392.9s
2026-06-02T00:12:36.469Z THROUGHPUT bytes=10155865 rate=25197bps elapsed=403.0s
2026-06-02T00:12:46.518Z THROUGHPUT bytes=10409817 rate=25199bps elapsed=413.1s
2026-06-02T00:12:56.624Z THROUGHPUT bytes=10663769 rate=25198bps elapsed=423.2s
2026-06-02T00:13:06.637Z THROUGHPUT bytes=10915673 rate=25197bps elapsed=433.2s
2026-06-02T00:13:16.671Z THROUGHPUT bytes=11169625 rate=25199bps elapsed=443.2s
2026-06-02T00:13:26.855Z THROUGHPUT bytes=11425625 rate=25198bps elapsed=453.4s
2026-06-02T00:13:36.948Z THROUGHPUT bytes=11679577 rate=25197bps elapsed=463.5s
2026-06-02T00:13:47.000Z THROUGHPUT bytes=11935577 rate=25203bps elapsed=473.6s
2026-06-02T00:13:57.120Z THROUGHPUT bytes=12187481 rate=25196bps elapsed=483.7s
2026-06-02T00:14:07.211Z THROUGHPUT bytes=12443481 rate=25200bps elapsed=493.8s
2026-06-02T00:14:17.300Z THROUGHPUT bytes=12697433 rate=25199bps elapsed=503.9s
2026-06-02T00:14:27.434Z THROUGHPUT bytes=12951385 rate=25196bps elapsed=514.0s
2026-06-02T00:14:37.552Z THROUGHPUT bytes=13207385 rate=25198bps elapsed=524.1s
2026-06-02T00:14:47.558Z THROUGHPUT bytes=13459289 rate=25198bps elapsed=534.1s
2026-06-02T00:14:57.744Z THROUGHPUT bytes=13715289 rate=25197bps elapsed=544.3s
2026-06-02T00:15:07.825Z THROUGHPUT bytes=13969241 rate=25197bps elapsed=554.4s
2026-06-02T00:15:17.850Z THROUGHPUT bytes=14223193 rate=25199bps elapsed=564.4s
2026-06-02T00:15:27.854Z THROUGHPUT bytes=14475097 rate=25199bps elapsed=574.4s
2026-06-02T00:15:37.968Z THROUGHPUT bytes=14729049 rate=25197bps elapsed=584.5s
2026-06-02T00:15:48.023Z THROUGHPUT bytes=14983001 rate=25198bps elapsed=594.6s
2026-06-02T00:15:58.085Z THROUGHPUT bytes=15236953 rate=25199bps elapsed=604.7s
2026-06-02T00:16:08.096Z THROUGHPUT bytes=15488857 rate=25198bps elapsed=614.7s
2026-06-02T00:16:18.109Z THROUGHPUT bytes=15740761 rate=25198bps elapsed=624.7s
2026-06-02T00:16:28.195Z THROUGHPUT bytes=15994713 rate=25197bps elapsed=634.8s
2026-06-02T00:16:38.233Z THROUGHPUT bytes=16250713 rate=25202bps elapsed=644.8s
2026-06-02T00:16:48.318Z THROUGHPUT bytes=16502617 rate=25198bps elapsed=654.9s
2026-06-02T00:16:58.329Z THROUGHPUT bytes=16756569 rate=25201bps elapsed=664.9s
2026-06-02T00:17:08.336Z THROUGHPUT bytes=17006425 rate=25198bps elapsed=674.9s
2026-06-02T00:17:18.416Z THROUGHPUT bytes=17260377 rate=25197bps elapsed=685.0s
2026-06-02T00:17:28.521Z THROUGHPUT bytes=17516377 rate=25199bps elapsed=695.1s
2026-06-02T00:17:38.695Z THROUGHPUT bytes=17772377 rate=25199bps elapsed=705.3s
2026-06-02T00:17:48.727Z THROUGHPUT bytes=18024281 rate=25198bps elapsed=715.3s
2026-06-02T00:17:58.765Z THROUGHPUT bytes=18278233 rate=25199bps elapsed=725.3s
2026-06-02T00:18:08.869Z THROUGHPUT bytes=18532185 rate=25198bps elapsed=735.4s
2026-06-02T00:18:18.872Z THROUGHPUT bytes=18784089 rate=25198bps elapsed=745.4s
2026-06-02T00:18:28.965Z THROUGHPUT bytes=19038041 rate=25197bps elapsed=755.5s
2026-06-02T00:18:39.005Z THROUGHPUT bytes=19291993 rate=25199bps elapsed=765.6s
2026-06-02T00:18:49.122Z THROUGHPUT bytes=19545945 rate=25197bps elapsed=775.7s
2026-06-02T00:18:59.249Z THROUGHPUT bytes=19801945 rate=25198bps elapsed=785.8s
2026-06-02T00:19:09.334Z THROUGHPUT bytes=20055897 rate=25198bps elapsed=795.9s
2026-06-02T00:19:19.351Z THROUGHPUT bytes=20307801 rate=25198bps elapsed=805.9s
2026-06-02T00:19:29.490Z THROUGHPUT bytes=20563801 rate=25198bps elapsed=816.1s
2026-06-02T00:19:39.555Z THROUGHPUT bytes=20817753 rate=25199bps elapsed=826.1s
2026-06-02T00:19:49.641Z THROUGHPUT bytes=21071705 rate=25198bps elapsed=836.2s
2026-06-02T00:19:59.736Z THROUGHPUT bytes=21325657 rate=25198bps elapsed=846.3s
2026-06-02T00:20:09.810Z THROUGHPUT bytes=21579609 rate=25198bps elapsed=856.4s
2026-06-02T00:20:19.906Z THROUGHPUT bytes=21835609 rate=25200bps elapsed=866.5s
2026-06-02T00:20:29.972Z THROUGHPUT bytes=22087513 rate=25198bps elapsed=876.5s
2026-06-02T00:20:40.109Z THROUGHPUT bytes=22343513 rate=25198bps elapsed=886.7s
2026-06-02T00:20:45.240Z CLIENT_DISCONNECT send_error
2026-06-02T00:20:50.113Z THROUGHPUT bytes=22595417 rate=25198bps elapsed=896.7s
2026-06-02T00:20:51.335Z CLIENT_CONNECT 192.168.1.70:56534
2026-06-02T00:21:01.349Z THROUGHPUT bytes=251904 rate=25159bps elapsed=10.0s
2026-06-02T00:21:11.391Z THROUGHPUT bytes=503808 rate=25121bps elapsed=20.1s
2026-06-02T00:21:21.428Z THROUGHPUT bytes=757760 rate=25181bps elapsed=30.1s
2026-06-02T00:21:31.527Z THROUGHPUT bytes=1011712 rate=25172bps elapsed=40.2s
2026-06-02T00:21:41.551Z THROUGHPUT bytes=1265664 rate=25205bps elapsed=50.2s
2026-06-02T00:21:51.621Z THROUGHPUT bytes=1517568 rate=25173bps elapsed=60.3s
2026-06-02T00:22:01.780Z THROUGHPUT bytes=1773568 rate=25176bps elapsed=70.4s
2026-06-02T00:22:11.910Z THROUGHPUT bytes=2029568 rate=25188bps elapsed=80.6s
2026-06-02T00:22:22.069Z THROUGHPUT bytes=2285568 rate=25189bps elapsed=90.7s
2026-06-02T00:22:32.257Z THROUGHPUT bytes=2541568 rate=25183bps elapsed=100.9s
2026-06-02T00:22:42.416Z THROUGHPUT bytes=2797568 rate=25185bps elapsed=111.1s
2026-06-02T00:22:52.533Z THROUGHPUT bytes=3053568 rate=25195bps elapsed=121.2s
2026-06-02T00:23:02.652Z THROUGHPUT bytes=3307520 rate=25187bps elapsed=131.3s
2026-06-02T00:23:12.685Z THROUGHPUT bytes=3561472 rate=25196bps elapsed=141.3s
2026-06-02T00:23:22.702Z THROUGHPUT bytes=3813376 rate=25193bps elapsed=151.4s
2026-06-02T00:23:32.702Z THROUGHPUT bytes=4065280 rate=25192bps elapsed=161.4s
2026-06-02T00:23:42.719Z THROUGHPUT bytes=4317184 rate=25190bps elapsed=171.4s
2026-06-02T00:23:52.848Z THROUGHPUT bytes=4573184 rate=25194bps elapsed=181.5s
2026-06-02T00:24:02.907Z THROUGHPUT bytes=4827136 rate=25197bps elapsed=191.6s
2026-06-02T00:24:13.033Z THROUGHPUT bytes=5081088 rate=25191bps elapsed=201.7s
2026-06-02T00:24:23.190Z THROUGHPUT bytes=5337088 rate=25192bps elapsed=211.9s
2026-06-02T00:24:33.275Z THROUGHPUT bytes=5593088 rate=25200bps elapsed=221.9s
2026-06-02T00:24:43.338Z THROUGHPUT bytes=5847040 rate=25202bps elapsed=232.0s
2026-06-02T00:24:53.408Z THROUGHPUT bytes=6100992 rate=25203bps elapsed=242.1s
2026-06-02T00:25:03.485Z THROUGHPUT bytes=6352896 rate=25194bps elapsed=252.1s
2026-06-02T00:25:13.662Z THROUGHPUT bytes=6608896 rate=25193bps elapsed=262.3s
2026-06-02T00:25:23.746Z THROUGHPUT bytes=6864896 rate=25200bps elapsed=272.4s
2026-06-02T00:25:33.812Z THROUGHPUT bytes=7116800 rate=25194bps elapsed=282.5s
2026-06-02T00:25:43.816Z THROUGHPUT bytes=7370752 rate=25200bps elapsed=292.5s
2026-06-02T00:25:53.878Z THROUGHPUT bytes=7622656 rate=25195bps elapsed=302.5s
2026-06-02T00:26:04.048Z THROUGHPUT bytes=7878656 rate=25194bps elapsed=312.7s
2026-06-02T00:26:14.056Z THROUGHPUT bytes=8132608 rate=25200bps elapsed=322.7s
2026-06-02T00:26:24.061Z THROUGHPUT bytes=8386560 rate=25205bps elapsed=332.7s
2026-06-02T00:26:34.260Z THROUGHPUT bytes=8640512 rate=25196bps elapsed=342.9s
2026-06-02T00:26:44.306Z THROUGHPUT bytes=8894464 rate=25198bps elapsed=353.0s
2026-06-02T00:26:54.422Z THROUGHPUT bytes=9148416 rate=25196bps elapsed=363.1s
2026-06-02T00:27:04.435Z THROUGHPUT bytes=9402368 rate=25200bps elapsed=373.1s
2026-06-02T00:27:14.491Z THROUGHPUT bytes=9654272 rate=25196bps elapsed=383.2s
2026-06-02T00:27:24.632Z THROUGHPUT bytes=9910272 rate=25197bps elapsed=393.3s
2026-06-02T00:27:34.656Z THROUGHPUT bytes=10162176 rate=25196bps elapsed=403.3s
2026-06-02T00:27:44.705Z THROUGHPUT bytes=10416128 rate=25198bps elapsed=413.4s
2026-06-02T00:27:54.873Z THROUGHPUT bytes=10672128 rate=25197bps elapsed=423.5s
2026-06-02T00:28:04.968Z THROUGHPUT bytes=10926080 rate=25196bps elapsed=433.6s
2026-06-02T00:28:15.101Z THROUGHPUT bytes=11182080 rate=25198bps elapsed=443.8s
2026-06-02T00:28:25.109Z THROUGHPUT bytes=11433984 rate=25197bps elapsed=453.8s
2026-06-02T00:28:35.158Z THROUGHPUT bytes=11687936 rate=25199bps elapsed=463.8s
2026-06-02T00:28:45.197Z THROUGHPUT bytes=11939840 rate=25196bps elapsed=473.9s
2026-06-02T00:28:55.254Z THROUGHPUT bytes=12193792 rate=25197bps elapsed=483.9s
2026-06-02T00:29:05.254Z THROUGHPUT bytes=12445696 rate=25197bps elapsed=493.9s
2026-06-02T00:29:15.279Z THROUGHPUT bytes=12699648 rate=25200bps elapsed=503.9s
2026-06-02T00:29:25.290Z THROUGHPUT bytes=12951552 rate=25199bps elapsed=514.0s
2026-06-02T00:29:35.409Z THROUGHPUT bytes=13205504 rate=25197bps elapsed=524.1s
2026-06-02T00:29:45.413Z THROUGHPUT bytes=13457408 rate=25197bps elapsed=534.1s
2026-06-02T00:29:55.421Z THROUGHPUT bytes=13711360 rate=25200bps elapsed=544.1s
2026-06-02T00:30:05.428Z THROUGHPUT bytes=13963264 rate=25200bps elapsed=554.1s
2026-06-02T00:30:15.462Z THROUGHPUT bytes=14217216 rate=25202bps elapsed=564.1s
2026-06-02T00:30:25.484Z THROUGHPUT bytes=14467072 rate=25197bps elapsed=574.1s
2026-06-02T00:30:35.528Z THROUGHPUT bytes=14721024 rate=25198bps elapsed=584.2s
2026-06-02T00:30:45.540Z THROUGHPUT bytes=14974976 rate=25201bps elapsed=594.2s
2026-06-02T00:30:55.724Z THROUGHPUT bytes=15228928 rate=25197bps elapsed=604.4s
2026-06-02T00:31:05.880Z THROUGHPUT bytes=15484928 rate=25197bps elapsed=614.5s
2026-06-02T00:31:16.040Z THROUGHPUT bytes=15740928 rate=25197bps elapsed=624.7s
2026-06-02T00:31:26.192Z THROUGHPUT bytes=15996928 rate=25197bps elapsed=634.9s
2026-06-02T00:31:36.274Z THROUGHPUT bytes=16250880 rate=25197bps elapsed=644.9s
2026-06-02T00:31:46.436Z THROUGHPUT bytes=16506880 rate=25197bps elapsed=655.1s
2026-06-02T00:31:56.471Z THROUGHPUT bytes=16760832 rate=25199bps elapsed=665.1s
2026-06-02T00:32:06.486Z THROUGHPUT bytes=17012736 rate=25198bps elapsed=675.2s
2026-06-02T00:32:16.578Z THROUGHPUT bytes=17266688 rate=25197bps elapsed=685.2s
2026-06-02T00:32:26.742Z THROUGHPUT bytes=17522688 rate=25197bps elapsed=695.4s
2026-06-02T00:32:36.789Z THROUGHPUT bytes=17776640 rate=25198bps elapsed=705.5s
2026-06-02T00:32:46.833Z THROUGHPUT bytes=18030592 rate=25200bps elapsed=715.5s
2026-06-02T00:32:56.919Z THROUGHPUT bytes=18284544 rate=25199bps elapsed=725.6s
2026-06-02T00:33:07.015Z THROUGHPUT bytes=18538496 rate=25199bps elapsed=735.7s
2026-06-02T00:33:17.214Z THROUGHPUT bytes=18794496 rate=25197bps elapsed=745.9s
2026-06-02T00:33:27.376Z THROUGHPUT bytes=19050496 rate=25197bps elapsed=756.0s
2026-06-02T00:33:37.422Z THROUGHPUT bytes=19304448 rate=25198bps elapsed=766.1s
2026-06-02T00:33:47.443Z THROUGHPUT bytes=19556352 rate=25197bps elapsed=776.1s
2026-06-02T00:33:57.521Z THROUGHPUT bytes=19810304 rate=25197bps elapsed=786.2s
2026-06-02T00:34:07.603Z THROUGHPUT bytes=20064256 rate=25197bps elapsed=796.3s
2026-06-02T00:34:32.700Z CLIENT_DISCONNECT send_error
2026-06-02T00:34:32.704Z THROUGHPUT bytes=20252672 rate=24657bps elapsed=821.4s
2026-06-02T00:34:42.728Z THROUGHPUT bytes=20950036 rate=25198bps elapsed=831.4s
2026-06-02T00:34:52.902Z THROUGHPUT bytes=21206036 rate=25198bps elapsed=841.6s
2026-06-02T00:35:02.982Z THROUGHPUT bytes=21459988 rate=25198bps elapsed=851.6s
2026-06-02T00:35:13.060Z THROUGHPUT bytes=21713940 rate=25198bps elapsed=861.7s
2026-06-02T00:35:23.191Z THROUGHPUT bytes=21969940 rate=25199bps elapsed=871.9s
2026-06-02T00:36:36.481Z THROUGHPUT bytes=22104231 rate=23387bps elapsed=945.1s
2026-06-02T00:36:46.622Z THROUGHPUT bytes=24072066 rate=25199bps elapsed=955.3s
2026-06-02T00:36:56.810Z THROUGHPUT bytes=24328066 rate=25198bps elapsed=965.5s
2026-06-03T22:40:01.736Z THROUGHPUT bytes=45 rate=0bps elapsed=113.8s
2026-06-03T22:40:03.669Z CLIENT_CONNECT 192.168.1.70:59224
2026-06-03T22:40:13.683Z THROUGHPUT bytes=252656 rate=25233bps elapsed=10.0s
2026-06-03T22:40:23.751Z THROUGHPUT bytes=506608 rate=25228bps elapsed=20.1s
2026-06-03T22:40:33.841Z THROUGHPUT bytes=760560 rate=25208bps elapsed=30.2s
2026-06-03T22:40:43.869Z THROUGHPUT bytes=1014512 rate=25237bps elapsed=40.2s
2026-06-03T22:40:53.869Z THROUGHPUT bytes=1266416 rate=25227bps elapsed=50.2s
2026-06-03T22:41:03.900Z THROUGHPUT bytes=1518320 rate=25208bps elapsed=60.2s
2026-06-03T22:41:13.950Z THROUGHPUT bytes=1772272 rate=25217bps elapsed=70.3s
2026-06-03T22:41:23.953Z THROUGHPUT bytes=2024176 rate=25213bps elapsed=80.3s
2026-06-03T22:41:34.063Z THROUGHPUT bytes=2278128 rate=25202bps elapsed=90.4s
2026-06-03T22:41:44.133Z THROUGHPUT bytes=2532080 rate=25204bps elapsed=100.5s
2026-06-03T22:41:54.188Z THROUGHPUT bytes=2786032 rate=25208bps elapsed=110.5s
2026-06-03T22:42:04.213Z THROUGHPUT bytes=3037936 rate=25202bps elapsed=120.5s
2026-06-03T22:42:14.255Z THROUGHPUT bytes=3291888 rate=25208bps elapsed=130.6s
2026-06-03T22:42:24.288Z THROUGHPUT bytes=3543792 rate=25201bps elapsed=140.6s
2026-06-03T22:42:34.367Z THROUGHPUT bytes=3797744 rate=25201bps elapsed=150.7s
2026-06-03T22:42:44.400Z THROUGHPUT bytes=4051696 rate=25208bps elapsed=160.7s
2026-06-03T22:42:54.517Z THROUGHPUT bytes=4305648 rate=25201bps elapsed=170.8s
2026-06-03T22:43:04.527Z THROUGHPUT bytes=4559600 rate=25211bps elapsed=180.9s
2026-06-03T22:43:14.576Z THROUGHPUT bytes=4811504 rate=25203bps elapsed=190.9s
2026-06-03T22:43:24.588Z THROUGHPUT bytes=5063408 rate=25201bps elapsed=200.9s
2026-06-03T22:43:34.588Z THROUGHPUT bytes=5315312 rate=25200bps elapsed=210.9s
2026-06-03T22:43:44.618Z THROUGHPUT bytes=5569264 rate=25206bps elapsed=220.9s
2026-06-03T22:43:54.742Z THROUGHPUT bytes=5823216 rate=25200bps elapsed=231.1s
2026-06-03T22:44:04.748Z THROUGHPUT bytes=6077168 rate=25208bps elapsed=241.1s
2026-06-03T22:44:14.817Z THROUGHPUT bytes=6329072 rate=25200bps elapsed=251.1s
2026-06-03T22:44:24.889Z THROUGHPUT bytes=6580976 rate=25193bps elapsed=261.2s
2026-06-03T22:44:35.040Z THROUGHPUT bytes=6836976 rate=25194bps elapsed=271.4s
2026-06-03T22:44:45.102Z THROUGHPUT bytes=7090928 rate=25195bps elapsed=281.4s
2026-06-03T22:44:55.199Z THROUGHPUT bytes=7344880 rate=25194bps elapsed=291.5s
2026-06-03T22:45:05.274Z THROUGHPUT bytes=7598832 rate=25194bps elapsed=301.6s
2026-06-03T22:45:15.415Z THROUGHPUT bytes=7854832 rate=25196bps elapsed=311.7s
2026-06-03T22:45:25.514Z THROUGHPUT bytes=8108784 rate=25194bps elapsed=321.8s
2026-06-03T22:45:35.530Z THROUGHPUT bytes=8362736 rate=25199bps elapsed=331.9s
2026-06-03T22:45:45.632Z THROUGHPUT bytes=8616688 rate=25197bps elapsed=342.0s
2026-06-03T22:45:55.710Z THROUGHPUT bytes=8870640 rate=25197bps elapsed=352.0s
2026-06-03T22:46:05.715Z THROUGHPUT bytes=9124592 rate=25202bps elapsed=362.0s
2026-06-03T22:46:15.810Z THROUGHPUT bytes=9376496 rate=25196bps elapsed=372.1s
2026-06-03T22:46:17.281Z STALL_START idle=251ms
