DEBUG:__main__:Namespace(bridge='/Users/media/containers/home-automation/mac-whisper-speedtest/tools/whisperkit-bridge/.build/release/whisperkit-bridge', model='small', uri='tcp://0.0.0.0:7892', debug=True, log_format='%(levelname)s:%(name)s:%(message)s', vad=True)
INFO:__main__:Using whisperkit-bridge: /Users/media/containers/home-automation/mac-whisper-speedtest/tools/whisperkit-bridge/.build/release/whisperkit-bridge
INFO:__main__:Warming up WhisperKit model (small) — first run loads CoreML graphs…
INFO:__main__:WhisperKit warm ✓
INFO:__main__:Loading Silero-VAD (ONNX backend)…
DEBUG:torio._extension.utils:Loading FFmpeg6
DEBUG:torio._extension.utils:Failed to load FFmpeg6 extension.
Traceback (most recent call last):
  File "/Users/media/containers/home-automation/wyoming-whisperkit/.venv/lib/python3.9/site-packages/torio/_extension/utils.py", line 116, in _find_ffmpeg_extension
    ext = _find_versionsed_ffmpeg_extension(ffmpeg_ver)
  File "/Users/media/containers/home-automation/wyoming-whisperkit/.venv/lib/python3.9/site-packages/torio/_extension/utils.py", line 108, in _find_versionsed_ffmpeg_extension
    _load_lib(lib)
  File "/Users/media/containers/home-automation/wyoming-whisperkit/.venv/lib/python3.9/site-packages/torio/_extension/utils.py", line 94, in _load_lib
    torch.ops.load_library(path)
  File "/Users/media/containers/home-automation/wyoming-whisperkit/.venv/lib/python3.9/site-packages/torch/_ops.py", line 1478, in load_library
    ctypes.CDLL(path)
  File "/Library/Developer/CommandLineTools/Library/Frameworks/Python3.framework/Versions/3.9/lib/python3.9/ctypes/__init__.py", line 366, in __init__
    self._handle = _dlopen(self._name, mode)
OSError: dlopen(/Users/media/containers/home-automation/wyoming-whisperkit/.venv/lib/python3.9/site-packages/torio/lib/libtorio_ffmpeg6.so, 0x0006): Library not loaded: @rpath/libavutil.58.dylib
  Referenced from: <D0BF8BE2-7386-31C9-B6EE-5916A74CB5FE> /Users/media/containers/home-automation/wyoming-whisperkit/.venv/lib/python3.9/site-packages/torio/lib/libtorio_ffmpeg6.so
  Reason: no LC_RPATH's found
DEBUG:torio._extension.utils:Loading FFmpeg5
DEBUG:torio._extension.utils:Failed to load FFmpeg5 extension.
Traceback (most recent call last):
  File "/Users/media/containers/home-automation/wyoming-whisperkit/.venv/lib/python3.9/site-packages/torio/_extension/utils.py", line 116, in _find_ffmpeg_extension
    ext = _find_versionsed_ffmpeg_extension(ffmpeg_ver)
  File "/Users/media/containers/home-automation/wyoming-whisperkit/.venv/lib/python3.9/site-packages/torio/_extension/utils.py", line 108, in _find_versionsed_ffmpeg_extension
    _load_lib(lib)
  File "/Users/media/containers/home-automation/wyoming-whisperkit/.venv/lib/python3.9/site-packages/torio/_extension/utils.py", line 94, in _load_lib
    torch.ops.load_library(path)
  File "/Users/media/containers/home-automation/wyoming-whisperkit/.venv/lib/python3.9/site-packages/torch/_ops.py", line 1478, in load_library
    ctypes.CDLL(path)
  File "/Library/Developer/CommandLineTools/Library/Frameworks/Python3.framework/Versions/3.9/lib/python3.9/ctypes/__init__.py", line 366, in __init__
    self._handle = _dlopen(self._name, mode)
OSError: dlopen(/Users/media/containers/home-automation/wyoming-whisperkit/.venv/lib/python3.9/site-packages/torio/lib/libtorio_ffmpeg5.so, 0x0006): Library not loaded: @rpath/libavutil.57.dylib
  Referenced from: <E89DCAAE-7EC0-3ED8-B59D-1022058313DB> /Users/media/containers/home-automation/wyoming-whisperkit/.venv/lib/python3.9/site-packages/torio/lib/libtorio_ffmpeg5.so
  Reason: no LC_RPATH's found
DEBUG:torio._extension.utils:Loading FFmpeg4
DEBUG:torio._extension.utils:Failed to load FFmpeg4 extension.
Traceback (most recent call last):
  File "/Users/media/containers/home-automation/wyoming-whisperkit/.venv/lib/python3.9/site-packages/torio/_extension/utils.py", line 116, in _find_ffmpeg_extension
    ext = _find_versionsed_ffmpeg_extension(ffmpeg_ver)
  File "/Users/media/containers/home-automation/wyoming-whisperkit/.venv/lib/python3.9/site-packages/torio/_extension/utils.py", line 108, in _find_versionsed_ffmpeg_extension
    _load_lib(lib)
  File "/Users/media/containers/home-automation/wyoming-whisperkit/.venv/lib/python3.9/site-packages/torio/_extension/utils.py", line 94, in _load_lib
    torch.ops.load_library(path)
  File "/Users/media/containers/home-automation/wyoming-whisperkit/.venv/lib/python3.9/site-packages/torch/_ops.py", line 1478, in load_library
    ctypes.CDLL(path)
  File "/Library/Developer/CommandLineTools/Library/Frameworks/Python3.framework/Versions/3.9/lib/python3.9/ctypes/__init__.py", line 366, in __init__
    self._handle = _dlopen(self._name, mode)
OSError: dlopen(/Users/media/containers/home-automation/wyoming-whisperkit/.venv/lib/python3.9/site-packages/torio/lib/libtorio_ffmpeg4.so, 0x0006): Library not loaded: @rpath/libavutil.56.dylib
  Referenced from: <F144F519-5261-3419-86B8-D8167D854D9A> /Users/media/containers/home-automation/wyoming-whisperkit/.venv/lib/python3.9/site-packages/torio/lib/libtorio_ffmpeg4.so
  Reason: no LC_RPATH's found
DEBUG:torio._extension.utils:Loading FFmpeg
DEBUG:torio._extension.utils:Failed to load FFmpeg extension.
Traceback (most recent call last):
  File "/Users/media/containers/home-automation/wyoming-whisperkit/.venv/lib/python3.9/site-packages/torio/_extension/utils.py", line 116, in _find_ffmpeg_extension
    ext = _find_versionsed_ffmpeg_extension(ffmpeg_ver)
  File "/Users/media/containers/home-automation/wyoming-whisperkit/.venv/lib/python3.9/site-packages/torio/_extension/utils.py", line 106, in _find_versionsed_ffmpeg_extension
    raise RuntimeError(f"FFmpeg{version} extension is not available.")
RuntimeError: FFmpeg extension is not available.
INFO:__main__:Silero-VAD ready ✓
INFO:__main__:wyoming-whisperkit ready on tcp://0.0.0.0:7892
DEBUG:wyoming_whisperkit.handler:Sent info
DEBUG:wyoming_whisperkit.handler:Sent info
DEBUG:wyoming_whisperkit.handler:Transcribe event
DEBUG:wyoming_whisperkit.handler:Receiving audio
DEBUG:wyoming_whisperkit.handler:VAD armed (608 ms speech)
INFO:wyoming_whisperkit.handler:VAD early trigger — 1.8 s audio collected (speech=928 ms, silence=480 ms)
DEBUG:wyoming_whisperkit.handler:Transcribing 1.8 s of audio via WhisperKit (trigger=vad)
DEBUG:wyoming_whisperkit.handler:WhisperKit internal time: 1121 ms  wall: 3267 ms
INFO:wyoming_whisperkit.handler:Play the Pixies!
DEBUG:wyoming_whisperkit.handler:Completed request
DEBUG:wyoming_whisperkit.handler:Receiving audio
DEBUG:wyoming_whisperkit.handler:AudioStop received (vad_triggered=False)
DEBUG:wyoming_whisperkit.handler:Transcribing 0.8 s of audio via WhisperKit (trigger=audio_stop)
DEBUG:wyoming_whisperkit.handler:WhisperKit internal time: 4 ms  wall: 1282 ms
INFO:wyoming_whisperkit.handler:
DEBUG:wyoming_whisperkit.handler:Completed request
DEBUG:wyoming_whisperkit.handler:Transcribe event
DEBUG:wyoming_whisperkit.handler:Receiving audio
DEBUG:wyoming_whisperkit.handler:VAD armed (608 ms speech)
INFO:wyoming_whisperkit.handler:VAD early trigger — 1.3 s audio collected (speech=608 ms, silence=480 ms)
DEBUG:wyoming_whisperkit.handler:Transcribing 1.3 s of audio via WhisperKit (trigger=vad)
DEBUG:wyoming_whisperkit.handler:WhisperKit internal time: 542 ms  wall: 2344 ms
INFO:wyoming_whisperkit.handler:What time is it?
DEBUG:wyoming_whisperkit.handler:Completed request
DEBUG:wyoming_whisperkit.handler:Receiving audio
DEBUG:wyoming_whisperkit.handler:AudioStop received (vad_triggered=False)
DEBUG:wyoming_whisperkit.handler:Transcribing 0.6 s of audio via WhisperKit (trigger=audio_stop)
DEBUG:wyoming_whisperkit.handler:WhisperKit internal time: 25 ms  wall: 1653 ms
INFO:wyoming_whisperkit.handler:
DEBUG:wyoming_whisperkit.handler:Completed request
DEBUG:wyoming_whisperkit.handler:Transcribe event
DEBUG:wyoming_whisperkit.handler:Receiving audio
DEBUG:wyoming_whisperkit.handler:VAD armed (608 ms speech)
INFO:wyoming_whisperkit.handler:VAD early trigger — 2.3 s audio collected (speech=992 ms, silence=480 ms)
DEBUG:wyoming_whisperkit.handler:Transcribing 2.3 s of audio via WhisperKit (trigger=vad)
DEBUG:wyoming_whisperkit.handler:WhisperKit internal time: 581 ms  wall: 3670 ms
INFO:wyoming_whisperkit.handler:Play the Pixies!
DEBUG:wyoming_whisperkit.handler:Completed request
DEBUG:wyoming_whisperkit.handler:Receiving audio
DEBUG:wyoming_whisperkit.handler:AudioStop received (vad_triggered=False)
DEBUG:wyoming_whisperkit.handler:Transcribing 0.8 s of audio via WhisperKit (trigger=audio_stop)
DEBUG:wyoming_whisperkit.handler:WhisperKit internal time: 26 ms  wall: 2434 ms
INFO:wyoming_whisperkit.handler:
DEBUG:wyoming_whisperkit.handler:Completed request
DEBUG:wyoming_whisperkit.handler:Transcribe event
DEBUG:wyoming_whisperkit.handler:Receiving audio
DEBUG:wyoming_whisperkit.handler:VAD armed (608 ms speech)
INFO:wyoming_whisperkit.handler:VAD early trigger — 2.0 s audio collected (speech=864 ms, silence=480 ms)
DEBUG:wyoming_whisperkit.handler:Transcribing 2.0 s of audio via WhisperKit (trigger=vad)
DEBUG:wyoming_whisperkit.handler:WhisperKit internal time: 385 ms  wall: 1927 ms
INFO:wyoming_whisperkit.handler:Play the Pixies.
DEBUG:wyoming_whisperkit.handler:Completed request
DEBUG:wyoming_whisperkit.handler:Receiving audio
DEBUG:wyoming_whisperkit.handler:AudioStop received (vad_triggered=False)
DEBUG:wyoming_whisperkit.handler:Transcribing 0.6 s of audio via WhisperKit (trigger=audio_stop)
DEBUG:wyoming_whisperkit.handler:WhisperKit internal time: 40 ms  wall: 1182 ms
INFO:wyoming_whisperkit.handler:
DEBUG:wyoming_whisperkit.handler:Completed request
DEBUG:wyoming_whisperkit.handler:Transcribe event
DEBUG:wyoming_whisperkit.handler:Receiving audio
DEBUG:wyoming_whisperkit.handler:VAD armed (608 ms speech)
INFO:wyoming_whisperkit.handler:VAD early trigger — 1.8 s audio collected (speech=1056 ms, silence=480 ms)
DEBUG:wyoming_whisperkit.handler:Transcribing 1.8 s of audio via WhisperKit (trigger=vad)
DEBUG:wyoming_whisperkit.handler:WhisperKit internal time: 693 ms  wall: 1958 ms
INFO:wyoming_whisperkit.handler:3W-FMU
DEBUG:wyoming_whisperkit.handler:Completed request
DEBUG:wyoming_whisperkit.handler:Receiving audio
DEBUG:wyoming_whisperkit.handler:AudioStop received (vad_triggered=False)
DEBUG:wyoming_whisperkit.handler:Transcribing 0.7 s of audio via WhisperKit (trigger=audio_stop)
DEBUG:wyoming_whisperkit.handler:WhisperKit internal time: 4 ms  wall: 1287 ms
INFO:wyoming_whisperkit.handler:
DEBUG:wyoming_whisperkit.handler:Completed request
DEBUG:wyoming_whisperkit.handler:Transcribe event
DEBUG:wyoming_whisperkit.handler:Receiving audio
DEBUG:wyoming_whisperkit.handler:AudioStop received (vad_triggered=False)
DEBUG:wyoming_whisperkit.handler:Transcribing 2.3 s of audio via WhisperKit (trigger=audio_stop)
DEBUG:wyoming_whisperkit.handler:WhisperKit internal time: 429 ms  wall: 2365 ms
INFO:wyoming_whisperkit.handler:What time is it?
DEBUG:wyoming_whisperkit.handler:Completed request
DEBUG:wyoming_whisperkit.handler:Transcribe event
DEBUG:wyoming_whisperkit.handler:Receiving audio
DEBUG:wyoming_whisperkit.handler:VAD armed (608 ms speech)
INFO:wyoming_whisperkit.handler:VAD early trigger — 1.3 s audio collected (speech=640 ms, silence=480 ms)
DEBUG:wyoming_whisperkit.handler:Transcribing 1.3 s of audio via WhisperKit (trigger=vad)
DEBUG:wyoming_whisperkit.handler:WhisperKit internal time: 337 ms  wall: 1509 ms
INFO:wyoming_whisperkit.handler:What time is it?
DEBUG:wyoming_whisperkit.handler:Completed request
DEBUG:wyoming_whisperkit.handler:Receiving audio
DEBUG:wyoming_whisperkit.handler:AudioStop received (vad_triggered=False)
DEBUG:wyoming_whisperkit.handler:Transcribing 0.5 s of audio via WhisperKit (trigger=audio_stop)
DEBUG:wyoming_whisperkit.handler:WhisperKit internal time: 4 ms  wall: 898 ms
INFO:wyoming_whisperkit.handler:
DEBUG:wyoming_whisperkit.handler:Completed request
DEBUG:wyoming_whisperkit.handler:Transcribe event
DEBUG:wyoming_whisperkit.handler:Receiving audio
DEBUG:wyoming_whisperkit.handler:VAD armed (608 ms speech)
INFO:wyoming_whisperkit.handler:VAD early trigger — 1.7 s audio collected (speech=896 ms, silence=480 ms)
DEBUG:wyoming_whisperkit.handler:Transcribing 1.7 s of audio via WhisperKit (trigger=vad)
DEBUG:wyoming_whisperkit.handler:WhisperKit internal time: 334 ms  wall: 1484 ms
INFO:wyoming_whisperkit.handler:Play the Pixies.
DEBUG:wyoming_whisperkit.handler:Completed request
DEBUG:wyoming_whisperkit.handler:Receiving audio
DEBUG:wyoming_whisperkit.handler:AudioStop received (vad_triggered=False)
DEBUG:wyoming_whisperkit.handler:Transcribing 0.8 s of audio via WhisperKit (trigger=audio_stop)
DEBUG:wyoming_whisperkit.handler:WhisperKit internal time: 8 ms  wall: 919 ms
INFO:wyoming_whisperkit.handler:
DEBUG:wyoming_whisperkit.handler:Completed request
DEBUG:wyoming_whisperkit.handler:Transcribe event
DEBUG:wyoming_whisperkit.handler:Receiving audio
DEBUG:wyoming_whisperkit.handler:VAD armed (608 ms speech)
INFO:wyoming_whisperkit.handler:VAD early trigger — 2.6 s audio collected (speech=1248 ms, silence=480 ms)
DEBUG:wyoming_whisperkit.handler:Transcribing 2.6 s of audio via WhisperKit (trigger=vad)
DEBUG:wyoming_whisperkit.handler:WhisperKit internal time: 344 ms  wall: 1614 ms
INFO:wyoming_whisperkit.handler:Play the replacements.
DEBUG:wyoming_whisperkit.handler:Completed request
DEBUG:wyoming_whisperkit.handler:Receiving audio
DEBUG:wyoming_whisperkit.handler:AudioStop received (vad_triggered=False)
DEBUG:wyoming_whisperkit.handler:Transcribing 0.8 s of audio via WhisperKit (trigger=audio_stop)
DEBUG:wyoming_whisperkit.handler:WhisperKit internal time: 5 ms  wall: 1055 ms
INFO:wyoming_whisperkit.handler:
DEBUG:wyoming_whisperkit.handler:Completed request
DEBUG:wyoming_whisperkit.handler:Transcribe event
DEBUG:wyoming_whisperkit.handler:Receiving audio
DEBUG:wyoming_whisperkit.handler:VAD armed (608 ms speech)
INFO:wyoming_whisperkit.handler:VAD early trigger — 2.4 s audio collected (speech=1280 ms, silence=480 ms)
DEBUG:wyoming_whisperkit.handler:Transcribing 2.4 s of audio via WhisperKit (trigger=vad)
DEBUG:wyoming_whisperkit.handler:WhisperKit internal time: 335 ms  wall: 1408 ms
INFO:wyoming_whisperkit.handler:Clay WFMU
DEBUG:wyoming_whisperkit.handler:Completed request
DEBUG:wyoming_whisperkit.handler:Receiving audio
DEBUG:wyoming_whisperkit.handler:AudioStop received (vad_triggered=False)
DEBUG:wyoming_whisperkit.handler:Transcribing 0.7 s of audio via WhisperKit (trigger=audio_stop)
DEBUG:wyoming_whisperkit.handler:WhisperKit internal time: 6 ms  wall: 1112 ms
INFO:wyoming_whisperkit.handler:
DEBUG:wyoming_whisperkit.handler:Completed request
DEBUG:wyoming_whisperkit.handler:Transcribe event
DEBUG:wyoming_whisperkit.handler:Receiving audio
DEBUG:wyoming_whisperkit.handler:VAD armed (608 ms speech)
INFO:wyoming_whisperkit.handler:VAD early trigger — 2.7 s audio collected (speech=1408 ms, silence=480 ms)
DEBUG:wyoming_whisperkit.handler:Transcribing 2.7 s of audio via WhisperKit (trigger=vad)
DEBUG:wyoming_whisperkit.handler:WhisperKit internal time: 348 ms  wall: 1423 ms
INFO:wyoming_whisperkit.handler:Play WFMU
DEBUG:wyoming_whisperkit.handler:Completed request
DEBUG:wyoming_whisperkit.handler:Receiving audio
DEBUG:wyoming_whisperkit.handler:AudioStop received (vad_triggered=False)
DEBUG:wyoming_whisperkit.handler:Transcribing 0.6 s of audio via WhisperKit (trigger=audio_stop)
DEBUG:wyoming_whisperkit.handler:WhisperKit internal time: 4 ms  wall: 915 ms
INFO:wyoming_whisperkit.handler:
DEBUG:wyoming_whisperkit.handler:Completed request
DEBUG:wyoming_whisperkit.handler:Transcribe event
DEBUG:wyoming_whisperkit.handler:Receiving audio
DEBUG:wyoming_whisperkit.handler:VAD armed (608 ms speech)
INFO:wyoming_whisperkit.handler:VAD early trigger — 2.2 s audio collected (speech=1152 ms, silence=480 ms)
DEBUG:wyoming_whisperkit.handler:Transcribing 2.2 s of audio via WhisperKit (trigger=vad)
DEBUG:wyoming_whisperkit.handler:WhisperKit internal time: 385 ms  wall: 1459 ms
INFO:wyoming_whisperkit.handler:What's the weather today?
DEBUG:wyoming_whisperkit.handler:Completed request
DEBUG:wyoming_whisperkit.handler:Receiving audio
DEBUG:wyoming_whisperkit.handler:AudioStop received (vad_triggered=False)
DEBUG:wyoming_whisperkit.handler:Transcribing 0.7 s of audio via WhisperKit (trigger=audio_stop)
DEBUG:wyoming_whisperkit.handler:WhisperKit internal time: 5 ms  wall: 937 ms
INFO:wyoming_whisperkit.handler:
DEBUG:wyoming_whisperkit.handler:Completed request
DEBUG:wyoming_whisperkit.handler:Transcribe event
DEBUG:wyoming_whisperkit.handler:Receiving audio
DEBUG:wyoming_whisperkit.handler:VAD armed (608 ms speech)
INFO:wyoming_whisperkit.handler:VAD early trigger — 2.5 s audio collected (speech=1344 ms, silence=480 ms)
DEBUG:wyoming_whisperkit.handler:Transcribing 2.5 s of audio via WhisperKit (trigger=vad)
DEBUG:wyoming_whisperkit.handler:WhisperKit internal time: 357 ms  wall: 2186 ms
INFO:wyoming_whisperkit.handler:Play KEXP.
DEBUG:wyoming_whisperkit.handler:Completed request
DEBUG:wyoming_whisperkit.handler:Receiving audio
DEBUG:wyoming_whisperkit.handler:AudioStop received (vad_triggered=False)
DEBUG:wyoming_whisperkit.handler:Transcribing 0.8 s of audio via WhisperKit (trigger=audio_stop)
DEBUG:wyoming_whisperkit.handler:WhisperKit internal time: 5 ms  wall: 1150 ms
INFO:wyoming_whisperkit.handler:
DEBUG:wyoming_whisperkit.handler:Completed request
DEBUG:wyoming_whisperkit.handler:Transcribe event
DEBUG:wyoming_whisperkit.handler:Receiving audio
DEBUG:wyoming_whisperkit.handler:VAD armed (608 ms speech)
INFO:wyoming_whisperkit.handler:VAD early trigger — 2.2 s audio collected (speech=896 ms, silence=480 ms)
DEBUG:wyoming_whisperkit.handler:Transcribing 2.2 s of audio via WhisperKit (trigger=vad)
DEBUG:wyoming_whisperkit.handler:WhisperKit internal time: 448 ms  wall: 1708 ms
INFO:wyoming_whisperkit.handler:Turn on the light.
DEBUG:wyoming_whisperkit.handler:Completed request
DEBUG:wyoming_whisperkit.handler:Receiving audio
DEBUG:wyoming_whisperkit.handler:AudioStop received (vad_triggered=False)
DEBUG:wyoming_whisperkit.handler:Transcribing 0.8 s of audio via WhisperKit (trigger=audio_stop)
DEBUG:wyoming_whisperkit.handler:WhisperKit internal time: 4 ms  wall: 1097 ms
INFO:wyoming_whisperkit.handler:
DEBUG:wyoming_whisperkit.handler:Completed request
DEBUG:wyoming_whisperkit.handler:Transcribe event
DEBUG:wyoming_whisperkit.handler:Receiving audio
DEBUG:wyoming_whisperkit.handler:VAD armed (608 ms speech)
INFO:wyoming_whisperkit.handler:VAD early trigger — 1.9 s audio collected (speech=992 ms, silence=480 ms)
DEBUG:wyoming_whisperkit.handler:Transcribing 1.9 s of audio via WhisperKit (trigger=vad)
DEBUG:wyoming_whisperkit.handler:WhisperKit internal time: 307 ms  wall: 1498 ms
INFO:wyoming_whisperkit.handler:Turn off the light.
DEBUG:wyoming_whisperkit.handler:Completed request
DEBUG:wyoming_whisperkit.handler:Receiving audio
DEBUG:wyoming_whisperkit.handler:AudioStop received (vad_triggered=False)
DEBUG:wyoming_whisperkit.handler:Transcribing 0.8 s of audio via WhisperKit (trigger=audio_stop)
DEBUG:wyoming_whisperkit.handler:WhisperKit internal time: 5 ms  wall: 1138 ms
INFO:wyoming_whisperkit.handler:
DEBUG:wyoming_whisperkit.handler:Completed request
DEBUG:wyoming_whisperkit.handler:Transcribe event
DEBUG:wyoming_whisperkit.handler:Receiving audio
DEBUG:wyoming_whisperkit.handler:VAD armed (608 ms speech)
INFO:wyoming_whisperkit.handler:VAD early trigger — 1.8 s audio collected (speech=928 ms, silence=480 ms)
DEBUG:wyoming_whisperkit.handler:Transcribing 1.8 s of audio via WhisperKit (trigger=vad)
DEBUG:wyoming_whisperkit.handler:WhisperKit internal time: 342 ms  wall: 1391 ms
INFO:wyoming_whisperkit.handler:Turn off the speaker.
DEBUG:wyoming_whisperkit.handler:Completed request
DEBUG:wyoming_whisperkit.handler:Receiving audio
DEBUG:wyoming_whisperkit.handler:AudioStop received (vad_triggered=False)
DEBUG:wyoming_whisperkit.handler:Transcribing 0.8 s of audio via WhisperKit (trigger=audio_stop)
DEBUG:wyoming_whisperkit.handler:WhisperKit internal time: 4 ms  wall: 1027 ms
INFO:wyoming_whisperkit.handler:
DEBUG:wyoming_whisperkit.handler:Completed request
DEBUG:wyoming_whisperkit.handler:Transcribe event
DEBUG:wyoming_whisperkit.handler:Receiving audio
DEBUG:wyoming_whisperkit.handler:VAD armed (608 ms speech)
INFO:wyoming_whisperkit.handler:VAD early trigger — 1.8 s audio collected (speech=992 ms, silence=480 ms)
DEBUG:wyoming_whisperkit.handler:Transcribing 1.8 s of audio via WhisperKit (trigger=vad)
DEBUG:wyoming_whisperkit.handler:WhisperKit internal time: 321 ms  wall: 1555 ms
INFO:wyoming_whisperkit.handler:Turn on the speaker.
DEBUG:wyoming_whisperkit.handler:Completed request
DEBUG:wyoming_whisperkit.handler:Receiving audio
DEBUG:wyoming_whisperkit.handler:AudioStop received (vad_triggered=False)
DEBUG:wyoming_whisperkit.handler:Transcribing 0.8 s of audio via WhisperKit (trigger=audio_stop)
DEBUG:wyoming_whisperkit.handler:WhisperKit internal time: 4 ms  wall: 1066 ms
INFO:wyoming_whisperkit.handler:
DEBUG:wyoming_whisperkit.handler:Completed request
DEBUG:wyoming_whisperkit.handler:Transcribe event
DEBUG:wyoming_whisperkit.handler:Receiving audio
DEBUG:wyoming_whisperkit.handler:AudioStop received (vad_triggered=False)
DEBUG:wyoming_whisperkit.handler:Transcribing 1.9 s of audio via WhisperKit (trigger=audio_stop)
DEBUG:wyoming_whisperkit.handler:WhisperKit internal time: 552 ms  wall: 2339 ms
INFO:wyoming_whisperkit.handler:What's up?
DEBUG:wyoming_whisperkit.handler:Completed request
DEBUG:wyoming_whisperkit.handler:Transcribe event
DEBUG:wyoming_whisperkit.handler:Receiving audio
DEBUG:wyoming_whisperkit.handler:AudioStop received (vad_triggered=False)
DEBUG:wyoming_whisperkit.handler:Transcribing 14.7 s of audio via WhisperKit (trigger=audio_stop)
DEBUG:wyoming_whisperkit.handler:WhisperKit internal time: 259 ms  wall: 1511 ms
INFO:wyoming_whisperkit.handler:Stop.
DEBUG:wyoming_whisperkit.handler:Completed request
DEBUG:wyoming_whisperkit.handler:Transcribe event
DEBUG:wyoming_whisperkit.handler:Receiving audio
DEBUG:wyoming_whisperkit.handler:VAD armed (608 ms speech)
INFO:wyoming_whisperkit.handler:VAD early trigger — 2.0 s audio collected (speech=960 ms, silence=480 ms)
DEBUG:wyoming_whisperkit.handler:Transcribing 2.0 s of audio via WhisperKit (trigger=vad)
DEBUG:wyoming_whisperkit.handler:WhisperKit internal time: 314 ms  wall: 1559 ms
INFO:wyoming_whisperkit.handler:Stop the music.
DEBUG:wyoming_whisperkit.handler:Completed request
DEBUG:wyoming_whisperkit.handler:Receiving audio
DEBUG:wyoming_whisperkit.handler:AudioStop received (vad_triggered=False)
DEBUG:wyoming_whisperkit.handler:Transcribing 0.6 s of audio via WhisperKit (trigger=audio_stop)
DEBUG:wyoming_whisperkit.handler:WhisperKit internal time: 4 ms  wall: 852 ms
INFO:wyoming_whisperkit.handler:
DEBUG:wyoming_whisperkit.handler:Completed request
DEBUG:wyoming_whisperkit.handler:Transcribe event
DEBUG:wyoming_whisperkit.handler:Receiving audio
DEBUG:wyoming_whisperkit.handler:VAD armed (608 ms speech)
INFO:wyoming_whisperkit.handler:VAD early trigger — 1.8 s audio collected (speech=864 ms, silence=480 ms)
DEBUG:wyoming_whisperkit.handler:Transcribing 1.8 s of audio via WhisperKit (trigger=vad)
DEBUG:wyoming_whisperkit.handler:WhisperKit internal time: 354 ms  wall: 2102 ms
INFO:wyoming_whisperkit.handler:Stop the music.
DEBUG:wyoming_whisperkit.handler:Completed request
DEBUG:wyoming_whisperkit.handler:Receiving audio
DEBUG:wyoming_whisperkit.handler:AudioStop received (vad_triggered=False)
DEBUG:wyoming_whisperkit.handler:Transcribing 0.6 s of audio via WhisperKit (trigger=audio_stop)
DEBUG:wyoming_whisperkit.handler:WhisperKit internal time: 4 ms  wall: 957 ms
INFO:wyoming_whisperkit.handler:
DEBUG:wyoming_whisperkit.handler:Completed request
DEBUG:wyoming_whisperkit.handler:Transcribe event
DEBUG:wyoming_whisperkit.handler:Receiving audio
DEBUG:wyoming_whisperkit.handler:AudioStop received (vad_triggered=False)
DEBUG:wyoming_whisperkit.handler:Transcribing 2.0 s of audio via WhisperKit (trigger=audio_stop)
DEBUG:wyoming_whisperkit.handler:WhisperKit internal time: 448 ms  wall: 1920 ms
INFO:wyoming_whisperkit.handler:Stop!
DEBUG:wyoming_whisperkit.handler:Completed request
DEBUG:wyoming_whisperkit.handler:Transcribe event
DEBUG:wyoming_whisperkit.handler:Receiving audio
DEBUG:wyoming_whisperkit.handler:VAD armed (608 ms speech)
INFO:wyoming_whisperkit.handler:VAD early trigger — 2.0 s audio collected (speech=800 ms, silence=480 ms)
DEBUG:wyoming_whisperkit.handler:Transcribing 2.0 s of audio via WhisperKit (trigger=vad)
DEBUG:wyoming_whisperkit.handler:WhisperKit internal time: 488 ms  wall: 1916 ms
INFO:wyoming_whisperkit.handler:Play the breeders.
DEBUG:wyoming_whisperkit.handler:Completed request
DEBUG:wyoming_whisperkit.handler:Receiving audio
DEBUG:wyoming_whisperkit.handler:AudioStop received (vad_triggered=False)
DEBUG:wyoming_whisperkit.handler:Transcribing 1.4 s of audio via WhisperKit (trigger=audio_stop)
DEBUG:wyoming_whisperkit.handler:WhisperKit internal time: 271 ms  wall: 1660 ms
INFO:wyoming_whisperkit.handler:[water running]
DEBUG:wyoming_whisperkit.handler:Completed request
DEBUG:wyoming_whisperkit.handler:Transcribe event
DEBUG:wyoming_whisperkit.handler:Receiving audio
DEBUG:wyoming_whisperkit.handler:AudioStop received (vad_triggered=False)
DEBUG:wyoming_whisperkit.handler:Transcribing 2.3 s of audio via WhisperKit (trigger=audio_stop)
DEBUG:wyoming_whisperkit.handler:WhisperKit internal time: 351 ms  wall: 1687 ms
INFO:wyoming_whisperkit.handler:(audience laughing)
DEBUG:wyoming_whisperkit.handler:Completed request
DEBUG:wyoming_whisperkit.handler:Transcribe event
DEBUG:wyoming_whisperkit.handler:Receiving audio
DEBUG:wyoming_whisperkit.handler:AudioStop received (vad_triggered=False)
DEBUG:wyoming_whisperkit.handler:Transcribing 2.2 s of audio via WhisperKit (trigger=audio_stop)
DEBUG:wyoming_whisperkit.handler:WhisperKit internal time: 271 ms  wall: 1396 ms
INFO:wyoming_whisperkit.handler:Stop.
DEBUG:wyoming_whisperkit.handler:Completed request
DEBUG:wyoming_whisperkit.handler:Transcribe event
DEBUG:wyoming_whisperkit.handler:Receiving audio
DEBUG:wyoming_whisperkit.handler:VAD armed (608 ms speech)
INFO:wyoming_whisperkit.handler:VAD early trigger — 2.5 s audio collected (speech=1184 ms, silence=480 ms)
DEBUG:wyoming_whisperkit.handler:Transcribing 2.5 s of audio via WhisperKit (trigger=vad)
DEBUG:wyoming_whisperkit.handler:WhisperKit internal time: 366 ms  wall: 1788 ms
INFO:wyoming_whisperkit.handler:3WQVR
DEBUG:wyoming_whisperkit.handler:Completed request
DEBUG:wyoming_whisperkit.handler:Receiving audio
DEBUG:wyoming_whisperkit.handler:AudioStop received (vad_triggered=False)
DEBUG:wyoming_whisperkit.handler:Transcribing 0.7 s of audio via WhisperKit (trigger=audio_stop)
DEBUG:wyoming_whisperkit.handler:WhisperKit internal time: 4 ms  wall: 988 ms
INFO:wyoming_whisperkit.handler:
DEBUG:wyoming_whisperkit.handler:Completed request
DEBUG:wyoming_whisperkit.handler:Transcribe event
DEBUG:wyoming_whisperkit.handler:Receiving audio
DEBUG:wyoming_whisperkit.handler:VAD armed (608 ms speech)
INFO:wyoming_whisperkit.handler:VAD early trigger — 2.3 s audio collected (speech=1152 ms, silence=480 ms)
DEBUG:wyoming_whisperkit.handler:Transcribing 2.3 s of audio via WhisperKit (trigger=vad)
DEBUG:wyoming_whisperkit.handler:WhisperKit internal time: 334 ms  wall: 1346 ms
INFO:wyoming_whisperkit.handler:Play WQBR.
DEBUG:wyoming_whisperkit.handler:Completed request
DEBUG:wyoming_whisperkit.handler:Receiving audio
DEBUG:wyoming_whisperkit.handler:AudioStop received (vad_triggered=False)
DEBUG:wyoming_whisperkit.handler:Transcribing 0.8 s of audio via WhisperKit (trigger=audio_stop)
DEBUG:wyoming_whisperkit.handler:WhisperKit internal time: 4 ms  wall: 1031 ms
INFO:wyoming_whisperkit.handler:
DEBUG:wyoming_whisperkit.handler:Completed request
DEBUG:wyoming_whisperkit.handler:Transcribe event
DEBUG:wyoming_whisperkit.handler:Receiving audio
DEBUG:wyoming_whisperkit.handler:VAD armed (608 ms speech)
INFO:wyoming_whisperkit.handler:VAD early trigger — 2.1 s audio collected (speech=1184 ms, silence=480 ms)
DEBUG:wyoming_whisperkit.handler:Transcribing 2.1 s of audio via WhisperKit (trigger=vad)
DEBUG:wyoming_whisperkit.handler:WhisperKit internal time: 378 ms  wall: 1589 ms
INFO:wyoming_whisperkit.handler:Play WQXR.
DEBUG:wyoming_whisperkit.handler:Completed request
DEBUG:wyoming_whisperkit.handler:Receiving audio
DEBUG:wyoming_whisperkit.handler:AudioStop received (vad_triggered=False)
DEBUG:wyoming_whisperkit.handler:Transcribing 2.3 s of audio via WhisperKit (trigger=audio_stop)
DEBUG:wyoming_whisperkit.handler:WhisperKit internal time: 355 ms  wall: 1337 ms
INFO:wyoming_whisperkit.handler:Do you have time, sir?
DEBUG:wyoming_whisperkit.handler:Completed request
DEBUG:wyoming_whisperkit.handler:Transcribe event
DEBUG:wyoming_whisperkit.handler:Receiving audio
DEBUG:wyoming_whisperkit.handler:VAD armed (608 ms speech)
INFO:wyoming_whisperkit.handler:VAD early trigger — 2.3 s audio collected (speech=1120 ms, silence=480 ms)
DEBUG:wyoming_whisperkit.handler:Transcribing 2.3 s of audio via WhisperKit (trigger=vad)
DEBUG:wyoming_whisperkit.handler:WhisperKit internal time: 361 ms  wall: 1941 ms
INFO:wyoming_whisperkit.handler:Play Etta James.
DEBUG:wyoming_whisperkit.handler:Completed request
DEBUG:wyoming_whisperkit.handler:Receiving audio
DEBUG:wyoming_whisperkit.handler:AudioStop received (vad_triggered=False)
DEBUG:wyoming_whisperkit.handler:Transcribing 0.8 s of audio via WhisperKit (trigger=audio_stop)
DEBUG:wyoming_whisperkit.handler:WhisperKit internal time: 9 ms  wall: 1129 ms
INFO:wyoming_whisperkit.handler:
DEBUG:wyoming_whisperkit.handler:Completed request
DEBUG:wyoming_whisperkit.handler:Transcribe event
DEBUG:wyoming_whisperkit.handler:Receiving audio
DEBUG:wyoming_whisperkit.handler:AudioStop received (vad_triggered=False)
DEBUG:wyoming_whisperkit.handler:Transcribing 2.3 s of audio via WhisperKit (trigger=audio_stop)
DEBUG:wyoming_whisperkit.handler:WhisperKit internal time: 314 ms  wall: 1704 ms
INFO:wyoming_whisperkit.handler:Skip.
DEBUG:wyoming_whisperkit.handler:Completed request
DEBUG:wyoming_whisperkit.handler:Transcribe event
DEBUG:wyoming_whisperkit.handler:Receiving audio
DEBUG:wyoming_whisperkit.handler:VAD armed (608 ms speech)
INFO:wyoming_whisperkit.handler:VAD early trigger — 3.0 s audio collected (speech=1888 ms, silence=480 ms)
DEBUG:wyoming_whisperkit.handler:Transcribing 3.0 s of audio via WhisperKit (trigger=vad)
DEBUG:wyoming_whisperkit.handler:WhisperKit internal time: 542 ms  wall: 3240 ms
INFO:wyoming_whisperkit.handler:Play Frank Black in the Catholics.
DEBUG:wyoming_whisperkit.handler:Completed request
DEBUG:wyoming_whisperkit.handler:Receiving audio
DEBUG:wyoming_whisperkit.handler:AudioStop received (vad_triggered=False)
DEBUG:wyoming_whisperkit.handler:Transcribing 0.8 s of audio via WhisperKit (trigger=audio_stop)
DEBUG:wyoming_whisperkit.handler:WhisperKit internal time: 5 ms  wall: 2138 ms
INFO:wyoming_whisperkit.handler:
DEBUG:wyoming_whisperkit.handler:Completed request
DEBUG:wyoming_whisperkit.handler:Transcribe event
DEBUG:wyoming_whisperkit.handler:Receiving audio
DEBUG:wyoming_whisperkit.handler:AudioStop received (vad_triggered=False)
DEBUG:wyoming_whisperkit.handler:Transcribing 2.3 s of audio via WhisperKit (trigger=audio_stop)
DEBUG:wyoming_whisperkit.handler:WhisperKit internal time: 377 ms  wall: 2070 ms
INFO:wyoming_whisperkit.handler:Stop.
DEBUG:wyoming_whisperkit.handler:Completed request
DEBUG:wyoming_whisperkit.handler:Transcribe event
DEBUG:wyoming_whisperkit.handler:Receiving audio
DEBUG:wyoming_whisperkit.handler:AudioStop received (vad_triggered=False)
DEBUG:wyoming_whisperkit.handler:Transcribing 15.0 s of audio via WhisperKit (trigger=audio_stop)
DEBUG:wyoming_whisperkit.handler:WhisperKit internal time: 352 ms  wall: 1780 ms
INFO:wyoming_whisperkit.handler:Good night!
DEBUG:wyoming_whisperkit.handler:Completed request
DEBUG:wyoming_whisperkit.handler:Transcribe event
DEBUG:wyoming_whisperkit.handler:Receiving audio
DEBUG:wyoming_whisperkit.handler:VAD armed (608 ms speech)
INFO:wyoming_whisperkit.handler:VAD early trigger — 1.8 s audio collected (speech=672 ms, silence=480 ms)
DEBUG:wyoming_whisperkit.handler:Transcribing 1.8 s of audio via WhisperKit (trigger=vad)
DEBUG:wyoming_whisperkit.handler:WhisperKit internal time: 398 ms  wall: 2149 ms
INFO:wyoming_whisperkit.handler:Turn on the light.
DEBUG:wyoming_whisperkit.handler:Completed request
DEBUG:wyoming_whisperkit.handler:Receiving audio
DEBUG:wyoming_whisperkit.handler:AudioStop received (vad_triggered=False)
DEBUG:wyoming_whisperkit.handler:Transcribing 0.7 s of audio via WhisperKit (trigger=audio_stop)
DEBUG:wyoming_whisperkit.handler:WhisperKit internal time: 10 ms  wall: 1037 ms
INFO:wyoming_whisperkit.handler:
DEBUG:wyoming_whisperkit.handler:Completed request
DEBUG:wyoming_whisperkit.handler:Transcribe event
DEBUG:wyoming_whisperkit.handler:Receiving audio
DEBUG:wyoming_whisperkit.handler:VAD armed (608 ms speech)
INFO:wyoming_whisperkit.handler:VAD early trigger — 2.2 s audio collected (speech=960 ms, silence=480 ms)
DEBUG:wyoming_whisperkit.handler:Transcribing 2.2 s of audio via WhisperKit (trigger=vad)
DEBUG:wyoming_whisperkit.handler:WhisperKit internal time: 376 ms  wall: 2055 ms
INFO:wyoming_whisperkit.handler:Join the speaker, everyone.
DEBUG:wyoming_whisperkit.handler:Completed request
DEBUG:wyoming_whisperkit.handler:Receiving audio
DEBUG:wyoming_whisperkit.handler:AudioStop received (vad_triggered=False)
DEBUG:wyoming_whisperkit.handler:Transcribing 0.6 s of audio via WhisperKit (trigger=audio_stop)
DEBUG:wyoming_whisperkit.handler:WhisperKit internal time: 5 ms  wall: 1255 ms
INFO:wyoming_whisperkit.handler:
DEBUG:wyoming_whisperkit.handler:Completed request
DEBUG:wyoming_whisperkit.handler:Transcribe event
DEBUG:wyoming_whisperkit.handler:Receiving audio
DEBUG:wyoming_whisperkit.handler:VAD armed (608 ms speech)
INFO:wyoming_whisperkit.handler:VAD early trigger — 2.9 s audio collected (speech=1216 ms, silence=480 ms)
DEBUG:wyoming_whisperkit.handler:Transcribing 2.9 s of audio via WhisperKit (trigger=vad)
DEBUG:wyoming_whisperkit.handler:WhisperKit internal time: 337 ms  wall: 1562 ms
INFO:wyoming_whisperkit.handler:Turn the speaker on.
DEBUG:wyoming_whisperkit.handler:Completed request
DEBUG:wyoming_whisperkit.handler:Receiving audio
DEBUG:wyoming_whisperkit.handler:AudioStop received (vad_triggered=False)
DEBUG:wyoming_whisperkit.handler:Transcribing 0.8 s of audio via WhisperKit (trigger=audio_stop)
DEBUG:wyoming_whisperkit.handler:WhisperKit internal time: 4 ms  wall: 934 ms
INFO:wyoming_whisperkit.handler:
DEBUG:wyoming_whisperkit.handler:Completed request
DEBUG:wyoming_whisperkit.handler:Transcribe event
DEBUG:wyoming_whisperkit.handler:Receiving audio
DEBUG:wyoming_whisperkit.handler:VAD armed (608 ms speech)
INFO:wyoming_whisperkit.handler:VAD early trigger — 2.3 s audio collected (speech=1440 ms, silence=480 ms)
DEBUG:wyoming_whisperkit.handler:Transcribing 2.3 s of audio via WhisperKit (trigger=vad)
DEBUG:wyoming_whisperkit.handler:WhisperKit internal time: 414 ms  wall: 1566 ms
INFO:wyoming_whisperkit.handler:Play WNYC.
DEBUG:wyoming_whisperkit.handler:Completed request
DEBUG:wyoming_whisperkit.handler:Receiving audio
DEBUG:wyoming_whisperkit.handler:AudioStop received (vad_triggered=False)
DEBUG:wyoming_whisperkit.handler:Transcribing 0.7 s of audio via WhisperKit (trigger=audio_stop)
DEBUG:wyoming_whisperkit.handler:WhisperKit internal time: 14 ms  wall: 1167 ms
INFO:wyoming_whisperkit.handler:
DEBUG:wyoming_whisperkit.handler:Completed request
DEBUG:wyoming_whisperkit.handler:Transcribe event
DEBUG:wyoming_whisperkit.handler:Receiving audio
DEBUG:wyoming_whisperkit.handler:AudioStop received (vad_triggered=False)
DEBUG:wyoming_whisperkit.handler:Transcribing 4.4 s of audio via WhisperKit (trigger=audio_stop)
DEBUG:wyoming_whisperkit.handler:WhisperKit internal time: 388 ms  wall: 2459 ms
INFO:wyoming_whisperkit.handler:Stop!
DEBUG:wyoming_whisperkit.handler:Completed request
DEBUG:wyoming_whisperkit.handler:Sent info
DEBUG:wyoming_whisperkit.handler:Transcribe event
DEBUG:wyoming_whisperkit.handler:Receiving audio
DEBUG:wyoming_whisperkit.handler:VAD armed (608 ms speech)
INFO:wyoming_whisperkit.handler:VAD early trigger — 6.3 s audio collected (speech=5120 ms, silence=480 ms)
DEBUG:wyoming_whisperkit.handler:Transcribing 6.3 s of audio via WhisperKit (trigger=vad)
DEBUG:wyoming_whisperkit.handler:WhisperKit internal time: 3841 ms  wall: 5678 ms
INFO:wyoming_whisperkit.handler:Good night.
DEBUG:wyoming_whisperkit.handler:Completed request
DEBUG:wyoming_whisperkit.handler:Receiving audio
DEBUG:wyoming_whisperkit.handler:VAD armed (608 ms speech)
DEBUG:wyoming_whisperkit.handler:AudioStop received (vad_triggered=False)
DEBUG:wyoming_whisperkit.handler:Transcribing 8.7 s of audio via WhisperKit (trigger=audio_stop)
DEBUG:wyoming_whisperkit.handler:WhisperKit internal time: 665 ms  wall: 1802 ms
INFO:wyoming_whisperkit.handler:It has been impact, oh this is a word I don't usually use, I think it fits here, but it has not been as disruptive
DEBUG:wyoming_whisperkit.handler:Completed request
DEBUG:wyoming_whisperkit.handler:Transcribe event
DEBUG:wyoming_whisperkit.handler:Receiving audio
DEBUG:wyoming_whisperkit.handler:VAD armed (608 ms speech)
INFO:wyoming_whisperkit.handler:VAD early trigger — 2.1 s audio collected (speech=736 ms, silence=480 ms)
DEBUG:wyoming_whisperkit.handler:Transcribing 2.1 s of audio via WhisperKit (trigger=vad)
DEBUG:wyoming_whisperkit.handler:WhisperKit internal time: 493 ms  wall: 2203 ms
INFO:wyoming_whisperkit.handler:Turn on the light.
DEBUG:wyoming_whisperkit.handler:Completed request
DEBUG:wyoming_whisperkit.handler:Receiving audio
DEBUG:wyoming_whisperkit.handler:AudioStop received (vad_triggered=False)
DEBUG:wyoming_whisperkit.handler:Transcribing 0.7 s of audio via WhisperKit (trigger=audio_stop)
DEBUG:wyoming_whisperkit.handler:WhisperKit internal time: 6 ms  wall: 1146 ms
INFO:wyoming_whisperkit.handler:
DEBUG:wyoming_whisperkit.handler:Completed request
DEBUG:wyoming_whisperkit.handler:Transcribe event
DEBUG:wyoming_whisperkit.handler:Receiving audio
DEBUG:wyoming_whisperkit.handler:VAD armed (608 ms speech)
INFO:wyoming_whisperkit.handler:VAD early trigger — 2.2 s audio collected (speech=1024 ms, silence=480 ms)
DEBUG:wyoming_whisperkit.handler:Transcribing 2.2 s of audio via WhisperKit (trigger=vad)
DEBUG:wyoming_whisperkit.handler:WhisperKit internal time: 368 ms  wall: 2042 ms
INFO:wyoming_whisperkit.handler:Turn the speaker on.
DEBUG:wyoming_whisperkit.handler:Completed request
DEBUG:wyoming_whisperkit.handler:Receiving audio
DEBUG:wyoming_whisperkit.handler:AudioStop received (vad_triggered=False)
DEBUG:wyoming_whisperkit.handler:Transcribing 0.5 s of audio via WhisperKit (trigger=audio_stop)
DEBUG:wyoming_whisperkit.handler:WhisperKit internal time: 8 ms  wall: 1219 ms
INFO:wyoming_whisperkit.handler:
DEBUG:wyoming_whisperkit.handler:Completed request
DEBUG:wyoming_whisperkit.handler:Transcribe event
DEBUG:wyoming_whisperkit.handler:Receiving audio
DEBUG:wyoming_whisperkit.handler:VAD armed (608 ms speech)
INFO:wyoming_whisperkit.handler:VAD early trigger — 2.6 s audio collected (speech=896 ms, silence=480 ms)
DEBUG:wyoming_whisperkit.handler:Transcribing 2.6 s of audio via WhisperKit (trigger=vad)
DEBUG:wyoming_whisperkit.handler:WhisperKit internal time: 329 ms  wall: 1446 ms
INFO:wyoming_whisperkit.handler:Play WNYC.
DEBUG:wyoming_whisperkit.handler:Completed request
DEBUG:wyoming_whisperkit.handler:Receiving audio
DEBUG:wyoming_whisperkit.handler:AudioStop received (vad_triggered=False)
DEBUG:wyoming_whisperkit.handler:Transcribing 0.7 s of audio via WhisperKit (trigger=audio_stop)
DEBUG:wyoming_whisperkit.handler:WhisperKit internal time: 4 ms  wall: 924 ms
INFO:wyoming_whisperkit.handler:
DEBUG:wyoming_whisperkit.handler:Completed request
DEBUG:wyoming_whisperkit.handler:Transcribe event
DEBUG:wyoming_whisperkit.handler:Receiving audio
DEBUG:wyoming_whisperkit.handler:VAD armed (608 ms speech)
INFO:wyoming_whisperkit.handler:VAD early trigger — 1.7 s audio collected (speech=960 ms, silence=480 ms)
DEBUG:wyoming_whisperkit.handler:Transcribing 1.7 s of audio via WhisperKit (trigger=vad)
DEBUG:wyoming_whisperkit.handler:WhisperKit internal time: 371 ms  wall: 1809 ms
INFO:wyoming_whisperkit.handler:Stop, stop.
DEBUG:wyoming_whisperkit.handler:Completed request
DEBUG:wyoming_whisperkit.handler:Receiving audio
DEBUG:wyoming_whisperkit.handler:AudioStop received (vad_triggered=False)
DEBUG:wyoming_whisperkit.handler:Transcribing 0.5 s of audio via WhisperKit (trigger=audio_stop)
DEBUG:wyoming_whisperkit.handler:WhisperKit internal time: 4 ms  wall: 970 ms
INFO:wyoming_whisperkit.handler:
DEBUG:wyoming_whisperkit.handler:Completed request
DEBUG:wyoming_whisperkit.handler:Transcribe event
DEBUG:wyoming_whisperkit.handler:Receiving audio
DEBUG:wyoming_whisperkit.handler:VAD armed (608 ms speech)
INFO:wyoming_whisperkit.handler:VAD early trigger — 2.3 s audio collected (speech=992 ms, silence=480 ms)
DEBUG:wyoming_whisperkit.handler:Transcribing 2.3 s of audio via WhisperKit (trigger=vad)
DEBUG:wyoming_whisperkit.handler:WhisperKit internal time: 343 ms  wall: 1798 ms
INFO:wyoming_whisperkit.handler:Turn the speaker off.
DEBUG:wyoming_whisperkit.handler:Completed request
DEBUG:wyoming_whisperkit.handler:Receiving audio
DEBUG:wyoming_whisperkit.handler:AudioStop received (vad_triggered=False)
DEBUG:wyoming_whisperkit.handler:Transcribing 0.6 s of audio via WhisperKit (trigger=audio_stop)
DEBUG:wyoming_whisperkit.handler:WhisperKit internal time: 4 ms  wall: 835 ms
INFO:wyoming_whisperkit.handler:
DEBUG:wyoming_whisperkit.handler:Completed request
DEBUG:wyoming_whisperkit.handler:Transcribe event
DEBUG:wyoming_whisperkit.handler:Receiving audio
DEBUG:wyoming_whisperkit.handler:VAD armed (608 ms speech)
INFO:wyoming_whisperkit.handler:VAD early trigger — 2.1 s audio collected (speech=960 ms, silence=480 ms)
DEBUG:wyoming_whisperkit.handler:Transcribing 2.1 s of audio via WhisperKit (trigger=vad)
DEBUG:wyoming_whisperkit.handler:WhisperKit internal time: 400 ms  wall: 1847 ms
INFO:wyoming_whisperkit.handler:Turn the speaker on.
DEBUG:wyoming_whisperkit.handler:Completed request
DEBUG:wyoming_whisperkit.handler:Receiving audio
DEBUG:wyoming_whisperkit.handler:AudioStop received (vad_triggered=False)
DEBUG:wyoming_whisperkit.handler:Transcribing 0.6 s of audio via WhisperKit (trigger=audio_stop)
DEBUG:wyoming_whisperkit.handler:WhisperKit internal time: 4 ms  wall: 954 ms
INFO:wyoming_whisperkit.handler:
DEBUG:wyoming_whisperkit.handler:Completed request
DEBUG:wyoming_whisperkit.handler:Transcribe event
DEBUG:wyoming_whisperkit.handler:Receiving audio
DEBUG:wyoming_whisperkit.handler:VAD armed (608 ms speech)
INFO:wyoming_whisperkit.handler:VAD early trigger — 1.7 s audio collected (speech=1152 ms, silence=480 ms)
DEBUG:wyoming_whisperkit.handler:Transcribing 1.7 s of audio via WhisperKit (trigger=vad)
DEBUG:wyoming_whisperkit.handler:WhisperKit internal time: 304 ms  wall: 1408 ms
INFO:wyoming_whisperkit.handler:Click WNYC.
DEBUG:wyoming_whisperkit.handler:Completed request
DEBUG:wyoming_whisperkit.handler:Receiving audio
DEBUG:wyoming_whisperkit.handler:AudioStop received (vad_triggered=False)
DEBUG:wyoming_whisperkit.handler:Transcribing 1.5 s of audio via WhisperKit (trigger=audio_stop)
DEBUG:wyoming_whisperkit.handler:WhisperKit internal time: 315 ms  wall: 1085 ms
INFO:wyoming_whisperkit.handler:(water running)
DEBUG:wyoming_whisperkit.handler:Completed request
DEBUG:wyoming_whisperkit.handler:Transcribe event
DEBUG:wyoming_whisperkit.handler:Receiving audio
DEBUG:wyoming_whisperkit.handler:VAD armed (608 ms speech)
INFO:wyoming_whisperkit.handler:VAD early trigger — 2.0 s audio collected (speech=1472 ms, silence=480 ms)
DEBUG:wyoming_whisperkit.handler:Transcribing 2.0 s of audio via WhisperKit (trigger=vad)
DEBUG:wyoming_whisperkit.handler:WhisperKit internal time: 343 ms  wall: 1370 ms
INFO:wyoming_whisperkit.handler:Play WNYC.
DEBUG:wyoming_whisperkit.handler:Completed request
DEBUG:wyoming_whisperkit.handler:Receiving audio
DEBUG:wyoming_whisperkit.handler:AudioStop received (vad_triggered=False)
DEBUG:wyoming_whisperkit.handler:Transcribing 1.5 s of audio via WhisperKit (trigger=audio_stop)
DEBUG:wyoming_whisperkit.handler:WhisperKit internal time: 296 ms  wall: 1437 ms
INFO:wyoming_whisperkit.handler:(water splashing)
DEBUG:wyoming_whisperkit.handler:Completed request
DEBUG:wyoming_whisperkit.handler:Sent info
DEBUG:wyoming_whisperkit.handler:Transcribe event
DEBUG:wyoming_whisperkit.handler:Receiving audio
DEBUG:wyoming_whisperkit.handler:VAD armed (608 ms speech)
INFO:wyoming_whisperkit.handler:VAD early trigger — 2.2 s audio collected (speech=1152 ms, silence=480 ms)
DEBUG:wyoming_whisperkit.handler:Transcribing 2.2 s of audio via WhisperKit (trigger=vad)
DEBUG:wyoming_whisperkit.handler:WhisperKit internal time: 420 ms  wall: 2482 ms
INFO:wyoming_whisperkit.handler:Play WNYC.
DEBUG:wyoming_whisperkit.handler:Completed request
DEBUG:wyoming_whisperkit.handler:Receiving audio
DEBUG:wyoming_whisperkit.handler:AudioStop received (vad_triggered=False)
DEBUG:wyoming_whisperkit.handler:Transcribing 0.8 s of audio via WhisperKit (trigger=audio_stop)
DEBUG:wyoming_whisperkit.handler:WhisperKit internal time: 13 ms  wall: 1141 ms
INFO:wyoming_whisperkit.handler:
DEBUG:wyoming_whisperkit.handler:Completed request
DEBUG:wyoming_whisperkit.handler:Transcribe event
DEBUG:wyoming_whisperkit.handler:Receiving audio
DEBUG:wyoming_whisperkit.handler:VAD armed (608 ms speech)
INFO:wyoming_whisperkit.handler:VAD early trigger — 2.0 s audio collected (speech=1152 ms, silence=480 ms)
DEBUG:wyoming_whisperkit.handler:Transcribing 2.0 s of audio via WhisperKit (trigger=vad)
DEBUG:wyoming_whisperkit.handler:WhisperKit internal time: 527 ms  wall: 4323 ms
INFO:wyoming_whisperkit.handler:Bye WBGM
DEBUG:wyoming_whisperkit.handler:Completed request
DEBUG:wyoming_whisperkit.handler:Receiving audio
DEBUG:wyoming_whisperkit.handler:AudioStop received (vad_triggered=False)
DEBUG:wyoming_whisperkit.handler:Transcribing 0.8 s of audio via WhisperKit (trigger=audio_stop)
DEBUG:wyoming_whisperkit.handler:WhisperKit internal time: 12 ms  wall: 2040 ms
INFO:wyoming_whisperkit.handler:
DEBUG:wyoming_whisperkit.handler:Completed request
DEBUG:wyoming_whisperkit.handler:Transcribe event
DEBUG:wyoming_whisperkit.handler:Receiving audio
DEBUG:wyoming_whisperkit.handler:VAD armed (608 ms speech)
INFO:wyoming_whisperkit.handler:VAD early trigger — 2.4 s audio collected (speech=1248 ms, silence=480 ms)
DEBUG:wyoming_whisperkit.handler:Transcribing 2.4 s of audio via WhisperKit (trigger=vad)
DEBUG:wyoming_whisperkit.handler:WhisperKit internal time: 370 ms  wall: 1780 ms
INFO:wyoming_whisperkit.handler:Play WBGO.
DEBUG:wyoming_whisperkit.handler:Completed request
DEBUG:wyoming_whisperkit.handler:Receiving audio
DEBUG:wyoming_whisperkit.handler:AudioStop received (vad_triggered=False)
DEBUG:wyoming_whisperkit.handler:Transcribing 1.5 s of audio via WhisperKit (trigger=audio_stop)
DEBUG:wyoming_whisperkit.handler:WhisperKit internal time: 362 ms  wall: 1456 ms
INFO:wyoming_whisperkit.handler:(water splashing)
DEBUG:wyoming_whisperkit.handler:Completed request
DEBUG:wyoming_whisperkit.handler:Transcribe event
DEBUG:wyoming_whisperkit.handler:Receiving audio
DEBUG:wyoming_whisperkit.handler:VAD armed (608 ms speech)
INFO:wyoming_whisperkit.handler:VAD early trigger — 1.9 s audio collected (speech=1216 ms, silence=480 ms)
DEBUG:wyoming_whisperkit.handler:Transcribing 1.9 s of audio via WhisperKit (trigger=vad)
DEBUG:wyoming_whisperkit.handler:WhisperKit internal time: 414 ms  wall: 1672 ms
INFO:wyoming_whisperkit.handler:Play WQXR.
DEBUG:wyoming_whisperkit.handler:Completed request
DEBUG:wyoming_whisperkit.handler:Receiving audio
DEBUG:wyoming_whisperkit.handler:AudioStop received (vad_triggered=False)
DEBUG:wyoming_whisperkit.handler:Transcribing 0.7 s of audio via WhisperKit (trigger=audio_stop)
DEBUG:wyoming_whisperkit.handler:WhisperKit internal time: 4 ms  wall: 1261 ms
INFO:wyoming_whisperkit.handler:
DEBUG:wyoming_whisperkit.handler:Completed request
DEBUG:wyoming_whisperkit.handler:Sent info
DEBUG:wyoming_whisperkit.handler:Transcribe event
DEBUG:wyoming_whisperkit.handler:Receiving audio
DEBUG:wyoming_whisperkit.handler:VAD armed (608 ms speech)
INFO:wyoming_whisperkit.handler:VAD early trigger — 3.5 s audio collected (speech=2240 ms, silence=480 ms)
DEBUG:wyoming_whisperkit.handler:Transcribing 3.5 s of audio via WhisperKit (trigger=vad)
DEBUG:wyoming_whisperkit.handler:WhisperKit internal time: 487 ms  wall: 2448 ms
INFO:wyoming_whisperkit.handler:Play WBGO Jazz!
DEBUG:wyoming_whisperkit.handler:Completed request
DEBUG:wyoming_whisperkit.handler:Receiving audio
DEBUG:wyoming_whisperkit.handler:AudioStop received (vad_triggered=False)
DEBUG:wyoming_whisperkit.handler:Transcribing 0.7 s of audio via WhisperKit (trigger=audio_stop)
DEBUG:wyoming_whisperkit.handler:WhisperKit internal time: 4 ms  wall: 1076 ms
INFO:wyoming_whisperkit.handler:
DEBUG:wyoming_whisperkit.handler:Completed request
DEBUG:wyoming_whisperkit.handler:Transcribe event
DEBUG:wyoming_whisperkit.handler:Receiving audio
DEBUG:wyoming_whisperkit.handler:VAD armed (608 ms speech)
INFO:wyoming_whisperkit.handler:VAD early trigger — 2.2 s audio collected (speech=1504 ms, silence=480 ms)
DEBUG:wyoming_whisperkit.handler:Transcribing 2.2 s of audio via WhisperKit (trigger=vad)
DEBUG:wyoming_whisperkit.handler:WhisperKit internal time: 462 ms  wall: 2686 ms
INFO:wyoming_whisperkit.handler:Played Julie in London.
DEBUG:wyoming_whisperkit.handler:Completed request
DEBUG:wyoming_whisperkit.handler:Receiving audio
DEBUG:wyoming_whisperkit.handler:AudioStop received (vad_triggered=False)
DEBUG:wyoming_whisperkit.handler:Transcribing 2.0 s of audio via WhisperKit (trigger=audio_stop)
DEBUG:wyoming_whisperkit.handler:WhisperKit internal time: 267 ms  wall: 1421 ms
INFO:wyoming_whisperkit.handler:Julie.
DEBUG:wyoming_whisperkit.handler:Completed request
DEBUG:wyoming_whisperkit.handler:Transcribe event
DEBUG:wyoming_whisperkit.handler:Receiving audio
DEBUG:wyoming_whisperkit.handler:VAD armed (608 ms speech)
INFO:wyoming_whisperkit.handler:VAD early trigger — 2.2 s audio collected (speech=1152 ms, silence=480 ms)
DEBUG:wyoming_whisperkit.handler:Transcribing 2.2 s of audio via WhisperKit (trigger=vad)
DEBUG:wyoming_whisperkit.handler:WhisperKit internal time: 293 ms  wall: 1450 ms
INFO:wyoming_whisperkit.handler:playing Julie London
DEBUG:wyoming_whisperkit.handler:Completed request
DEBUG:wyoming_whisperkit.handler:Receiving audio
DEBUG:wyoming_whisperkit.handler:AudioStop received (vad_triggered=False)
DEBUG:wyoming_whisperkit.handler:Transcribing 0.8 s of audio via WhisperKit (trigger=audio_stop)
DEBUG:wyoming_whisperkit.handler:WhisperKit internal time: 5 ms  wall: 1033 ms
INFO:wyoming_whisperkit.handler:
DEBUG:wyoming_whisperkit.handler:Completed request
DEBUG:wyoming_whisperkit.handler:Transcribe event
DEBUG:wyoming_whisperkit.handler:Receiving audio
DEBUG:wyoming_whisperkit.handler:VAD armed (608 ms speech)
INFO:wyoming_whisperkit.handler:VAD early trigger — 3.3 s audio collected (speech=1696 ms, silence=480 ms)
DEBUG:wyoming_whisperkit.handler:Transcribing 3.3 s of audio via WhisperKit (trigger=vad)
DEBUG:wyoming_whisperkit.handler:WhisperKit internal time: 325 ms  wall: 1369 ms
INFO:wyoming_whisperkit.handler:Play Julie London.
DEBUG:wyoming_whisperkit.handler:Completed request
DEBUG:wyoming_whisperkit.handler:Receiving audio
DEBUG:wyoming_whisperkit.handler:AudioStop received (vad_triggered=False)
DEBUG:wyoming_whisperkit.handler:Transcribing 1.4 s of audio via WhisperKit (trigger=audio_stop)
DEBUG:wyoming_whisperkit.handler:WhisperKit internal time: 326 ms  wall: 1679 ms
INFO:wyoming_whisperkit.handler:[water splashing]
DEBUG:wyoming_whisperkit.handler:Completed request
DEBUG:wyoming_whisperkit.handler:Transcribe event
DEBUG:wyoming_whisperkit.handler:Receiving audio
DEBUG:wyoming_whisperkit.handler:VAD armed (608 ms speech)
INFO:wyoming_whisperkit.handler:VAD early trigger — 2.5 s audio collected (speech=1024 ms, silence=480 ms)
DEBUG:wyoming_whisperkit.handler:Transcribing 2.5 s of audio via WhisperKit (trigger=vad)
DEBUG:wyoming_whisperkit.handler:WhisperKit internal time: 601 ms  wall: 2974 ms
INFO:wyoming_whisperkit.handler:Play Julie London.
DEBUG:wyoming_whisperkit.handler:Completed request
DEBUG:wyoming_whisperkit.handler:Receiving audio
DEBUG:wyoming_whisperkit.handler:AudioStop received (vad_triggered=False)
DEBUG:wyoming_whisperkit.handler:Transcribing 0.6 s of audio via WhisperKit (trigger=audio_stop)
DEBUG:wyoming_whisperkit.handler:WhisperKit internal time: 6 ms  wall: 1189 ms
INFO:wyoming_whisperkit.handler:
DEBUG:wyoming_whisperkit.handler:Completed request
DEBUG:wyoming_whisperkit.handler:Transcribe event
DEBUG:wyoming_whisperkit.handler:Receiving audio
DEBUG:wyoming_whisperkit.handler:VAD armed (608 ms speech)
INFO:wyoming_whisperkit.handler:VAD early trigger — 2.4 s audio collected (speech=1312 ms, silence=480 ms)
DEBUG:wyoming_whisperkit.handler:Transcribing 2.4 s of audio via WhisperKit (trigger=vad)
DEBUG:wyoming_whisperkit.handler:WhisperKit internal time: 442 ms  wall: 2553 ms
INFO:wyoming_whisperkit.handler:Play WFMU.
DEBUG:wyoming_whisperkit.handler:Completed request
DEBUG:wyoming_whisperkit.handler:Receiving audio
DEBUG:wyoming_whisperkit.handler:AudioStop received (vad_triggered=False)
DEBUG:wyoming_whisperkit.handler:Transcribing 0.7 s of audio via WhisperKit (trigger=audio_stop)
DEBUG:wyoming_whisperkit.handler:WhisperKit internal time: 4 ms  wall: 907 ms
INFO:wyoming_whisperkit.handler:
DEBUG:wyoming_whisperkit.handler:Completed request
DEBUG:wyoming_whisperkit.handler:Transcribe event
DEBUG:wyoming_whisperkit.handler:Receiving audio
DEBUG:wyoming_whisperkit.handler:VAD armed (608 ms speech)
INFO:wyoming_whisperkit.handler:VAD early trigger — 2.1 s audio collected (speech=1024 ms, silence=480 ms)
DEBUG:wyoming_whisperkit.handler:Transcribing 2.1 s of audio via WhisperKit (trigger=vad)
DEBUG:wyoming_whisperkit.handler:WhisperKit internal time: 437 ms  wall: 1740 ms
INFO:wyoming_whisperkit.handler:Play the Pixies!
DEBUG:wyoming_whisperkit.handler:Completed request
DEBUG:wyoming_whisperkit.handler:Receiving audio
DEBUG:wyoming_whisperkit.handler:AudioStop received (vad_triggered=False)
DEBUG:wyoming_whisperkit.handler:Transcribing 0.8 s of audio via WhisperKit (trigger=audio_stop)
DEBUG:wyoming_whisperkit.handler:WhisperKit internal time: 5 ms  wall: 1349 ms
INFO:wyoming_whisperkit.handler:
DEBUG:wyoming_whisperkit.handler:Completed request
DEBUG:wyoming_whisperkit.handler:Transcribe event
DEBUG:wyoming_whisperkit.handler:Receiving audio
DEBUG:wyoming_whisperkit.handler:VAD armed (608 ms speech)
INFO:wyoming_whisperkit.handler:VAD early trigger — 11.1 s audio collected (speech=8800 ms, silence=480 ms)
DEBUG:wyoming_whisperkit.handler:Transcribing 11.1 s of audio via WhisperKit (trigger=vad)
DEBUG:wyoming_whisperkit.handler:WhisperKit internal time: 1069 ms  wall: 3763 ms
INFO:wyoming_whisperkit.handler:And good night to the thing that gets me the thing that you guys are all liking yeah, because that does I think involved like a lot of quiet Yeah, yeah, and then a lot of
DEBUG:wyoming_whisperkit.handler:Completed request
DEBUG:wyoming_whisperkit.handler:Receiving audio
DEBUG:wyoming_whisperkit.handler:AudioStop received (vad_triggered=False)
DEBUG:wyoming_whisperkit.handler:Transcribing 0.5 s of audio via WhisperKit (trigger=audio_stop)
DEBUG:wyoming_whisperkit.handler:WhisperKit internal time: 4 ms  wall: 1300 ms
INFO:wyoming_whisperkit.handler:
DEBUG:wyoming_whisperkit.handler:Completed request
DEBUG:wyoming_whisperkit.handler:Transcribe event
DEBUG:wyoming_whisperkit.handler:Receiving audio
DEBUG:wyoming_whisperkit.handler:AudioStop received (vad_triggered=False)
DEBUG:wyoming_whisperkit.handler:Transcribing 2.1 s of audio via WhisperKit (trigger=audio_stop)
DEBUG:wyoming_whisperkit.handler:WhisperKit internal time: 279 ms  wall: 1329 ms
INFO:wyoming_whisperkit.handler:Good night.
DEBUG:wyoming_whisperkit.handler:Completed request
DEBUG:wyoming_whisperkit.handler:Transcribe event
DEBUG:wyoming_whisperkit.handler:Receiving audio
DEBUG:wyoming_whisperkit.handler:VAD armed (608 ms speech)
INFO:wyoming_whisperkit.handler:VAD early trigger — 1.8 s audio collected (speech=736 ms, silence=480 ms)
DEBUG:wyoming_whisperkit.handler:Transcribing 1.8 s of audio via WhisperKit (trigger=vad)
DEBUG:wyoming_whisperkit.handler:WhisperKit internal time: 391 ms  wall: 2170 ms
INFO:wyoming_whisperkit.handler:Turn on the lights.
DEBUG:wyoming_whisperkit.handler:Completed request
DEBUG:wyoming_whisperkit.handler:Receiving audio
DEBUG:wyoming_whisperkit.handler:AudioStop received (vad_triggered=False)
DEBUG:wyoming_whisperkit.handler:Transcribing 0.7 s of audio via WhisperKit (trigger=audio_stop)
DEBUG:wyoming_whisperkit.handler:WhisperKit internal time: 7 ms  wall: 1269 ms
INFO:wyoming_whisperkit.handler:
DEBUG:wyoming_whisperkit.handler:Completed request
DEBUG:wyoming_whisperkit.handler:Transcribe event
DEBUG:wyoming_whisperkit.handler:Receiving audio
DEBUG:wyoming_whisperkit.handler:VAD armed (608 ms speech)
INFO:wyoming_whisperkit.handler:VAD early trigger — 2.0 s audio collected (speech=704 ms, silence=480 ms)
DEBUG:wyoming_whisperkit.handler:Transcribing 2.0 s of audio via WhisperKit (trigger=vad)
DEBUG:wyoming_whisperkit.handler:WhisperKit internal time: 312 ms  wall: 1480 ms
INFO:wyoming_whisperkit.handler:Turn on the light.
DEBUG:wyoming_whisperkit.handler:Completed request
DEBUG:wyoming_whisperkit.handler:Receiving audio
DEBUG:wyoming_whisperkit.handler:AudioStop received (vad_triggered=False)
DEBUG:wyoming_whisperkit.handler:Transcribing 0.7 s of audio via WhisperKit (trigger=audio_stop)
DEBUG:wyoming_whisperkit.handler:WhisperKit internal time: 4 ms  wall: 1060 ms
INFO:wyoming_whisperkit.handler:
DEBUG:wyoming_whisperkit.handler:Completed request
DEBUG:wyoming_whisperkit.handler:Transcribe event
DEBUG:wyoming_whisperkit.handler:Receiving audio
DEBUG:wyoming_whisperkit.handler:VAD armed (608 ms speech)
INFO:wyoming_whisperkit.handler:VAD early trigger — 1.8 s audio collected (speech=832 ms, silence=480 ms)
DEBUG:wyoming_whisperkit.handler:Transcribing 1.8 s of audio via WhisperKit (trigger=vad)
DEBUG:wyoming_whisperkit.handler:WhisperKit internal time: 401 ms  wall: 2045 ms
INFO:wyoming_whisperkit.handler:Turn on the speaker.
DEBUG:wyoming_whisperkit.handler:Completed request
DEBUG:wyoming_whisperkit.handler:Receiving audio
DEBUG:wyoming_whisperkit.handler:AudioStop received (vad_triggered=False)
DEBUG:wyoming_whisperkit.handler:Transcribing 0.8 s of audio via WhisperKit (trigger=audio_stop)
DEBUG:wyoming_whisperkit.handler:WhisperKit internal time: 4 ms  wall: 1172 ms
INFO:wyoming_whisperkit.handler:
DEBUG:wyoming_whisperkit.handler:Completed request
DEBUG:wyoming_whisperkit.handler:Transcribe event
DEBUG:wyoming_whisperkit.handler:Receiving audio
DEBUG:wyoming_whisperkit.handler:VAD armed (608 ms speech)
INFO:wyoming_whisperkit.handler:VAD early trigger — 2.6 s audio collected (speech=1120 ms, silence=480 ms)
DEBUG:wyoming_whisperkit.handler:Transcribing 2.6 s of audio via WhisperKit (trigger=vad)
DEBUG:wyoming_whisperkit.handler:WhisperKit internal time: 324 ms  wall: 1563 ms
INFO:wyoming_whisperkit.handler:Play the replacements.
DEBUG:wyoming_whisperkit.handler:Completed request
DEBUG:wyoming_whisperkit.handler:Receiving audio
DEBUG:wyoming_whisperkit.handler:AudioStop received (vad_triggered=False)
DEBUG:wyoming_whisperkit.handler:Transcribing 0.7 s of audio via WhisperKit (trigger=audio_stop)
DEBUG:wyoming_whisperkit.handler:WhisperKit internal time: 4 ms  wall: 802 ms
INFO:wyoming_whisperkit.handler:
DEBUG:wyoming_whisperkit.handler:Completed request
DEBUG:wyoming_whisperkit.handler:Transcribe event
DEBUG:wyoming_whisperkit.handler:Receiving audio
DEBUG:wyoming_whisperkit.handler:AudioStop received (vad_triggered=False)
DEBUG:wyoming_whisperkit.handler:Transcribing 2.0 s of audio via WhisperKit (trigger=audio_stop)
DEBUG:wyoming_whisperkit.handler:WhisperKit internal time: 378 ms  wall: 1872 ms
INFO:wyoming_whisperkit.handler:Stop.
DEBUG:wyoming_whisperkit.handler:Completed request
DEBUG:wyoming_whisperkit.handler:Transcribe event
DEBUG:wyoming_whisperkit.handler:Receiving audio
DEBUG:wyoming_whisperkit.handler:VAD armed (608 ms speech)
INFO:wyoming_whisperkit.handler:VAD early trigger — 2.9 s audio collected (speech=1600 ms, silence=480 ms)
DEBUG:wyoming_whisperkit.handler:Transcribing 2.9 s of audio via WhisperKit (trigger=vad)
DEBUG:wyoming_whisperkit.handler:WhisperKit internal time: 391 ms  wall: 2351 ms
INFO:wyoming_whisperkit.handler:Play the podcast the Daily.
DEBUG:wyoming_whisperkit.handler:Completed request
DEBUG:wyoming_whisperkit.handler:Receiving audio
DEBUG:wyoming_whisperkit.handler:AudioStop received (vad_triggered=False)
DEBUG:wyoming_whisperkit.handler:Transcribing 0.7 s of audio via WhisperKit (trigger=audio_stop)
DEBUG:wyoming_whisperkit.handler:WhisperKit internal time: 5 ms  wall: 1124 ms
INFO:wyoming_whisperkit.handler:
DEBUG:wyoming_whisperkit.handler:Completed request
DEBUG:wyoming_whisperkit.handler:Transcribe event
DEBUG:wyoming_whisperkit.handler:Receiving audio
DEBUG:wyoming_whisperkit.handler:VAD armed (608 ms speech)
INFO:wyoming_whisperkit.handler:VAD early trigger — 3.8 s audio collected (speech=2752 ms, silence=480 ms)
DEBUG:wyoming_whisperkit.handler:Transcribing 3.8 s of audio via WhisperKit (trigger=vad)
DEBUG:wyoming_whisperkit.handler:WhisperKit internal time: 427 ms  wall: 1567 ms
INFO:wyoming_whisperkit.handler:Play the podcast 99% Invisible.
DEBUG:wyoming_whisperkit.handler:Completed request
DEBUG:wyoming_whisperkit.handler:Receiving audio
DEBUG:wyoming_whisperkit.handler:AudioStop received (vad_triggered=False)
DEBUG:wyoming_whisperkit.handler:Transcribing 0.9 s of audio via WhisperKit (trigger=audio_stop)
DEBUG:wyoming_whisperkit.handler:WhisperKit internal time: 4 ms  wall: 874 ms
INFO:wyoming_whisperkit.handler:
DEBUG:wyoming_whisperkit.handler:Completed request
DEBUG:wyoming_whisperkit.handler:Transcribe event
DEBUG:wyoming_whisperkit.handler:Receiving audio
DEBUG:wyoming_whisperkit.handler:VAD armed (608 ms speech)
INFO:wyoming_whisperkit.handler:VAD early trigger — 2.7 s audio collected (speech=1504 ms, silence=480 ms)
DEBUG:wyoming_whisperkit.handler:Transcribing 2.7 s of audio via WhisperKit (trigger=vad)
DEBUG:wyoming_whisperkit.handler:WhisperKit internal time: 584 ms  wall: 2802 ms
INFO:wyoming_whisperkit.handler:Play the podcast the Daily.
DEBUG:wyoming_whisperkit.handler:Completed request
DEBUG:wyoming_whisperkit.handler:Receiving audio
DEBUG:wyoming_whisperkit.handler:AudioStop received (vad_triggered=False)
DEBUG:wyoming_whisperkit.handler:Transcribing 0.8 s of audio via WhisperKit (trigger=audio_stop)
DEBUG:wyoming_whisperkit.handler:WhisperKit internal time: 4 ms  wall: 1434 ms
INFO:wyoming_whisperkit.handler:
DEBUG:wyoming_whisperkit.handler:Completed request
DEBUG:wyoming_whisperkit.handler:Sent info
DEBUG:wyoming_whisperkit.handler:Transcribe event
DEBUG:wyoming_whisperkit.handler:Receiving audio
DEBUG:wyoming_whisperkit.handler:VAD armed (608 ms speech)
INFO:wyoming_whisperkit.handler:VAD early trigger — 2.6 s audio collected (speech=1472 ms, silence=480 ms)
DEBUG:wyoming_whisperkit.handler:Transcribing 2.6 s of audio via WhisperKit (trigger=vad)
DEBUG:wyoming_whisperkit.handler:WhisperKit internal time: 401 ms  wall: 2260 ms
INFO:wyoming_whisperkit.handler:Play the podcast the Daily.
DEBUG:wyoming_whisperkit.handler:Completed request
DEBUG:wyoming_whisperkit.handler:Receiving audio
DEBUG:wyoming_whisperkit.handler:AudioStop received (vad_triggered=False)
DEBUG:wyoming_whisperkit.handler:Transcribing 0.6 s of audio via WhisperKit (trigger=audio_stop)
DEBUG:wyoming_whisperkit.handler:WhisperKit internal time: 4 ms  wall: 977 ms
INFO:wyoming_whisperkit.handler:
DEBUG:wyoming_whisperkit.handler:Completed request
DEBUG:wyoming_whisperkit.handler:Transcribe event
DEBUG:wyoming_whisperkit.handler:Receiving audio
DEBUG:wyoming_whisperkit.handler:VAD armed (608 ms speech)
INFO:wyoming_whisperkit.handler:VAD early trigger — 2.6 s audio collected (speech=1600 ms, silence=480 ms)
DEBUG:wyoming_whisperkit.handler:Transcribing 2.6 s of audio via WhisperKit (trigger=vad)
DEBUG:wyoming_whisperkit.handler:WhisperKit internal time: 523 ms  wall: 1803 ms
INFO:wyoming_whisperkit.handler:Play the podcast the Daily.
DEBUG:wyoming_whisperkit.handler:Completed request
DEBUG:wyoming_whisperkit.handler:Receiving audio
DEBUG:wyoming_whisperkit.handler:AudioStop received (vad_triggered=False)
DEBUG:wyoming_whisperkit.handler:Transcribing 0.7 s of audio via WhisperKit (trigger=audio_stop)
DEBUG:wyoming_whisperkit.handler:WhisperKit internal time: 7 ms  wall: 924 ms
INFO:wyoming_whisperkit.handler:
DEBUG:wyoming_whisperkit.handler:Completed request
DEBUG:wyoming_whisperkit.handler:Transcribe event
DEBUG:wyoming_whisperkit.handler:Receiving audio
DEBUG:wyoming_whisperkit.handler:VAD armed (608 ms speech)
INFO:wyoming_whisperkit.handler:VAD early trigger — 2.2 s audio collected (speech=1376 ms, silence=480 ms)
DEBUG:wyoming_whisperkit.handler:Transcribing 2.2 s of audio via WhisperKit (trigger=vad)
DEBUG:wyoming_whisperkit.handler:WhisperKit internal time: 415 ms  wall: 1803 ms
INFO:wyoming_whisperkit.handler:Play the podcast the daily.
DEBUG:wyoming_whisperkit.handler:Completed request
DEBUG:wyoming_whisperkit.handler:Receiving audio
DEBUG:wyoming_whisperkit.handler:AudioStop received (vad_triggered=False)
DEBUG:wyoming_whisperkit.handler:Transcribing 0.7 s of audio via WhisperKit (trigger=audio_stop)
DEBUG:wyoming_whisperkit.handler:WhisperKit internal time: 5 ms  wall: 1035 ms
INFO:wyoming_whisperkit.handler:
DEBUG:wyoming_whisperkit.handler:Completed request
DEBUG:wyoming_whisperkit.handler:Transcribe event
DEBUG:wyoming_whisperkit.handler:Receiving audio
DEBUG:wyoming_whisperkit.handler:VAD armed (608 ms speech)
INFO:wyoming_whisperkit.handler:VAD early trigger — 5.8 s audio collected (speech=4032 ms, silence=480 ms)
DEBUG:wyoming_whisperkit.handler:Transcribing 5.8 s of audio via WhisperKit (trigger=vad)
DEBUG:wyoming_whisperkit.handler:WhisperKit internal time: 517 ms  wall: 2595 ms
INFO:wyoming_whisperkit.handler:Friday morning. We just announced that the whole...
DEBUG:wyoming_whisperkit.handler:Completed request
DEBUG:wyoming_whisperkit.handler:Receiving audio
DEBUG:wyoming_whisperkit.handler:VAD armed (608 ms speech)
DEBUG:wyoming_whisperkit.handler:Sent info
DEBUG:wyoming_whisperkit.handler:Transcribe event
DEBUG:wyoming_whisperkit.handler:Receiving audio
DEBUG:wyoming_whisperkit.handler:VAD armed (608 ms speech)
INFO:wyoming_whisperkit.handler:VAD early trigger — 2.5 s audio collected (speech=1408 ms, silence=480 ms)
DEBUG:wyoming_whisperkit.handler:Transcribing 2.5 s of audio via WhisperKit (trigger=vad)
DEBUG:wyoming_whisperkit.handler:WhisperKit internal time: 546 ms  wall: 2404 ms
INFO:wyoming_whisperkit.handler:Play the Daily Podcast.
DEBUG:wyoming_whisperkit.handler:Completed request
DEBUG:wyoming_whisperkit.handler:Receiving audio
DEBUG:wyoming_whisperkit.handler:AudioStop received (vad_triggered=False)
DEBUG:wyoming_whisperkit.handler:Transcribing 0.7 s of audio via WhisperKit (trigger=audio_stop)
DEBUG:wyoming_whisperkit.handler:WhisperKit internal time: 4 ms  wall: 1159 ms
INFO:wyoming_whisperkit.handler:
DEBUG:wyoming_whisperkit.handler:Completed request
DEBUG:wyoming_whisperkit.handler:Transcribe event
DEBUG:wyoming_whisperkit.handler:Receiving audio
DEBUG:wyoming_whisperkit.handler:VAD armed (608 ms speech)
INFO:wyoming_whisperkit.handler:VAD early trigger — 2.7 s audio collected (speech=1536 ms, silence=480 ms)
DEBUG:wyoming_whisperkit.handler:Transcribing 2.7 s of audio via WhisperKit (trigger=vad)
DEBUG:wyoming_whisperkit.handler:WhisperKit internal time: 511 ms  wall: 1944 ms
INFO:wyoming_whisperkit.handler:Play the podcast the daily.
DEBUG:wyoming_whisperkit.handler:Completed request
DEBUG:wyoming_whisperkit.handler:Receiving audio
DEBUG:wyoming_whisperkit.handler:AudioStop received (vad_triggered=False)
DEBUG:wyoming_whisperkit.handler:Transcribing 0.7 s of audio via WhisperKit (trigger=audio_stop)
DEBUG:wyoming_whisperkit.handler:WhisperKit internal time: 10 ms  wall: 1064 ms
INFO:wyoming_whisperkit.handler:
DEBUG:wyoming_whisperkit.handler:Completed request
DEBUG:wyoming_whisperkit.handler:Transcribe event
DEBUG:wyoming_whisperkit.handler:Receiving audio
DEBUG:wyoming_whisperkit.handler:VAD armed (608 ms speech)
INFO:wyoming_whisperkit.handler:VAD early trigger — 3.3 s audio collected (speech=1408 ms, silence=480 ms)
DEBUG:wyoming_whisperkit.handler:Transcribing 3.3 s of audio via WhisperKit (trigger=vad)
DEBUG:wyoming_whisperkit.handler:WhisperKit internal time: 331 ms  wall: 1627 ms
INFO:wyoming_whisperkit.handler:Play Nina Simone.
DEBUG:wyoming_whisperkit.handler:Completed request
DEBUG:wyoming_whisperkit.handler:Receiving audio
DEBUG:wyoming_whisperkit.handler:AudioStop received (vad_triggered=False)
DEBUG:wyoming_whisperkit.handler:Transcribing 0.7 s of audio via WhisperKit (trigger=audio_stop)
DEBUG:wyoming_whisperkit.handler:WhisperKit internal time: 126 ms  wall: 1525 ms
INFO:wyoming_whisperkit.handler:
DEBUG:wyoming_whisperkit.handler:Completed request
DEBUG:wyoming_whisperkit.handler:Transcribe event
DEBUG:wyoming_whisperkit.handler:Receiving audio
DEBUG:wyoming_whisperkit.handler:VAD armed (608 ms speech)
INFO:wyoming_whisperkit.handler:VAD early trigger — 2.1 s audio collected (speech=1024 ms, silence=480 ms)
DEBUG:wyoming_whisperkit.handler:Transcribing 2.1 s of audio via WhisperKit (trigger=vad)
DEBUG:wyoming_whisperkit.handler:WhisperKit internal time: 323 ms  wall: 1612 ms
INFO:wyoming_whisperkit.handler:Play Nina Simone.
DEBUG:wyoming_whisperkit.handler:Completed request
DEBUG:wyoming_whisperkit.handler:Receiving audio
DEBUG:wyoming_whisperkit.handler:AudioStop received (vad_triggered=False)
DEBUG:wyoming_whisperkit.handler:Transcribing 0.7 s of audio via WhisperKit (trigger=audio_stop)
DEBUG:wyoming_whisperkit.handler:WhisperKit internal time: 6 ms  wall: 1196 ms
INFO:wyoming_whisperkit.handler:
DEBUG:wyoming_whisperkit.handler:Completed request
DEBUG:wyoming_whisperkit.handler:Transcribe event
DEBUG:wyoming_whisperkit.handler:Receiving audio
DEBUG:wyoming_whisperkit.handler:VAD armed (608 ms speech)
INFO:wyoming_whisperkit.handler:VAD early trigger — 9.0 s audio collected (speech=6368 ms, silence=480 ms)
DEBUG:wyoming_whisperkit.handler:Transcribing 9.0 s of audio via WhisperKit (trigger=vad)
DEBUG:wyoming_whisperkit.handler:WhisperKit internal time: 922 ms  wall: 2803 ms
INFO:wyoming_whisperkit.handler:Skip. And then you walked in and you said a Scientology thing and I was like, "Oh, I wonder if there was like some kind of like..."
DEBUG:wyoming_whisperkit.handler:Completed request
DEBUG:wyoming_whisperkit.handler:Receiving audio
DEBUG:wyoming_whisperkit.handler:VAD armed (608 ms speech)
INFO:wyoming_whisperkit.handler:VAD early trigger — 2.3 s audio collected (speech=1312 ms, silence=480 ms)
DEBUG:wyoming_whisperkit.handler:Transcribing 2.3 s of audio via WhisperKit (trigger=vad)
DEBUG:wyoming_whisperkit.handler:WhisperKit internal time: 348 ms  wall: 2010 ms
INFO:wyoming_whisperkit.handler:Lack of nations.
DEBUG:wyoming_whisperkit.handler:Completed request
DEBUG:wyoming_whisperkit.handler:Receiving audio
DEBUG:wyoming_whisperkit.handler:AudioStop received (vad_triggered=False)
DEBUG:wyoming_whisperkit.handler:Transcribing 0.1 s of audio via WhisperKit (trigger=audio_stop)
DEBUG:wyoming_whisperkit.handler:WhisperKit internal time: 4 ms  wall: 948 ms
INFO:wyoming_whisperkit.handler:
DEBUG:wyoming_whisperkit.handler:Completed request
DEBUG:wyoming_whisperkit.handler:Transcribe event
DEBUG:wyoming_whisperkit.handler:Receiving audio
DEBUG:wyoming_whisperkit.handler:VAD armed (608 ms speech)
INFO:wyoming_whisperkit.handler:VAD early trigger — 2.1 s audio collected (speech=1216 ms, silence=480 ms)
DEBUG:wyoming_whisperkit.handler:Transcribing 2.1 s of audio via WhisperKit (trigger=vad)
DEBUG:wyoming_whisperkit.handler:WhisperKit internal time: 354 ms  wall: 1437 ms
INFO:wyoming_whisperkit.handler:Play WQBR.
DEBUG:wyoming_whisperkit.handler:Completed request
DEBUG:wyoming_whisperkit.handler:Receiving audio
DEBUG:wyoming_whisperkit.handler:AudioStop received (vad_triggered=False)
DEBUG:wyoming_whisperkit.handler:Transcribing 0.7 s of audio via WhisperKit (trigger=audio_stop)
DEBUG:wyoming_whisperkit.handler:WhisperKit internal time: 4 ms  wall: 905 ms
INFO:wyoming_whisperkit.handler:
DEBUG:wyoming_whisperkit.handler:Completed request
DEBUG:wyoming_whisperkit.handler:Transcribe event
DEBUG:wyoming_whisperkit.handler:Receiving audio
DEBUG:wyoming_whisperkit.handler:VAD armed (608 ms speech)
INFO:wyoming_whisperkit.handler:VAD early trigger — 2.7 s audio collected (speech=1184 ms, silence=480 ms)
DEBUG:wyoming_whisperkit.handler:Transcribing 2.7 s of audio via WhisperKit (trigger=vad)
DEBUG:wyoming_whisperkit.handler:WhisperKit internal time: 361 ms  wall: 1443 ms
INFO:wyoming_whisperkit.handler:Play WQXR.
DEBUG:wyoming_whisperkit.handler:Completed request
DEBUG:wyoming_whisperkit.handler:Receiving audio
DEBUG:wyoming_whisperkit.handler:AudioStop received (vad_triggered=False)
DEBUG:wyoming_whisperkit.handler:Transcribing 0.7 s of audio via WhisperKit (trigger=audio_stop)
DEBUG:wyoming_whisperkit.handler:WhisperKit internal time: 4 ms  wall: 978 ms
INFO:wyoming_whisperkit.handler:
DEBUG:wyoming_whisperkit.handler:Completed request
DEBUG:wyoming_whisperkit.handler:Transcribe event
DEBUG:wyoming_whisperkit.handler:Receiving audio
DEBUG:wyoming_whisperkit.handler:VAD armed (608 ms speech)
INFO:wyoming_whisperkit.handler:VAD early trigger — 3.5 s audio collected (speech=2112 ms, silence=480 ms)
DEBUG:wyoming_whisperkit.handler:Transcribing 3.5 s of audio via WhisperKit (trigger=vad)
DEBUG:wyoming_whisperkit.handler:WhisperKit internal time: 364 ms  wall: 2125 ms
INFO:wyoming_whisperkit.handler:Play the Daily Podcast.
DEBUG:wyoming_whisperkit.handler:Completed request
DEBUG:wyoming_whisperkit.handler:Receiving audio
DEBUG:wyoming_whisperkit.handler:AudioStop received (vad_triggered=False)
DEBUG:wyoming_whisperkit.handler:Transcribing 1.2 s of audio via WhisperKit (trigger=audio_stop)
DEBUG:wyoming_whisperkit.handler:WhisperKit internal time: 262 ms  wall: 1390 ms
INFO:wyoming_whisperkit.handler:these
DEBUG:wyoming_whisperkit.handler:Completed request
DEBUG:wyoming_whisperkit.handler:Transcribe event
DEBUG:wyoming_whisperkit.handler:Receiving audio
DEBUG:wyoming_whisperkit.handler:VAD armed (608 ms speech)
INFO:wyoming_whisperkit.handler:VAD early trigger — 2.8 s audio collected (speech=1728 ms, silence=480 ms)
DEBUG:wyoming_whisperkit.handler:Transcribing 2.8 s of audio via WhisperKit (trigger=vad)
DEBUG:wyoming_whisperkit.handler:WhisperKit internal time: 352 ms  wall: 1540 ms
INFO:wyoming_whisperkit.handler:Play the podcast the Daily.
DEBUG:wyoming_whisperkit.handler:Completed request
DEBUG:wyoming_whisperkit.handler:Receiving audio
DEBUG:wyoming_whisperkit.handler:AudioStop received (vad_triggered=False)
DEBUG:wyoming_whisperkit.handler:Transcribing 0.7 s of audio via WhisperKit (trigger=audio_stop)
DEBUG:wyoming_whisperkit.handler:WhisperKit internal time: 4 ms  wall: 1161 ms
INFO:wyoming_whisperkit.handler:
DEBUG:wyoming_whisperkit.handler:Completed request
DEBUG:wyoming_whisperkit.handler:Transcribe event
DEBUG:wyoming_whisperkit.handler:Receiving audio
DEBUG:wyoming_whisperkit.handler:VAD armed (608 ms speech)
INFO:wyoming_whisperkit.handler:VAD early trigger — 2.8 s audio collected (speech=1664 ms, silence=480 ms)
DEBUG:wyoming_whisperkit.handler:Transcribing 2.8 s of audio via WhisperKit (trigger=vad)
DEBUG:wyoming_whisperkit.handler:WhisperKit internal time: 448 ms  wall: 2057 ms
INFO:wyoming_whisperkit.handler:Play the podcast The Daily.
DEBUG:wyoming_whisperkit.handler:Completed request
DEBUG:wyoming_whisperkit.handler:Receiving audio
DEBUG:wyoming_whisperkit.handler:AudioStop received (vad_triggered=False)
DEBUG:wyoming_whisperkit.handler:Transcribing 0.6 s of audio via WhisperKit (trigger=audio_stop)
DEBUG:wyoming_whisperkit.handler:WhisperKit internal time: 5 ms  wall: 1042 ms
INFO:wyoming_whisperkit.handler:
DEBUG:wyoming_whisperkit.handler:Completed request
DEBUG:wyoming_whisperkit.handler:Transcribe event
DEBUG:wyoming_whisperkit.handler:Receiving audio
DEBUG:wyoming_whisperkit.handler:VAD armed (608 ms speech)
INFO:wyoming_whisperkit.handler:VAD early trigger — 3.1 s audio collected (speech=1664 ms, silence=480 ms)
DEBUG:wyoming_whisperkit.handler:Transcribing 3.1 s of audio via WhisperKit (trigger=vad)
DEBUG:wyoming_whisperkit.handler:WhisperKit internal time: 411 ms  wall: 1902 ms
INFO:wyoming_whisperkit.handler:Play the replacements.
DEBUG:wyoming_whisperkit.handler:Completed request
DEBUG:wyoming_whisperkit.handler:Receiving audio
DEBUG:wyoming_whisperkit.handler:AudioStop received (vad_triggered=False)
DEBUG:wyoming_whisperkit.handler:Transcribing 0.9 s of audio via WhisperKit (trigger=audio_stop)
DEBUG:wyoming_whisperkit.handler:WhisperKit internal time: 4 ms  wall: 1011 ms
INFO:wyoming_whisperkit.handler:
DEBUG:wyoming_whisperkit.handler:Completed request
DEBUG:wyoming_whisperkit.handler:Transcribe event
DEBUG:wyoming_whisperkit.handler:Receiving audio
DEBUG:wyoming_whisperkit.handler:AudioStop received (vad_triggered=False)
DEBUG:wyoming_whisperkit.handler:Transcribing 2.1 s of audio via WhisperKit (trigger=audio_stop)
DEBUG:wyoming_whisperkit.handler:WhisperKit internal time: 451 ms  wall: 2942 ms
INFO:wyoming_whisperkit.handler:Stop.
DEBUG:wyoming_whisperkit.handler:Completed request
DEBUG:wyoming_whisperkit.handler:Transcribe event
DEBUG:wyoming_whisperkit.handler:Receiving audio
DEBUG:wyoming_whisperkit.handler:VAD armed (608 ms speech)
INFO:wyoming_whisperkit.handler:VAD early trigger — 2.8 s audio collected (speech=1536 ms, silence=480 ms)
DEBUG:wyoming_whisperkit.handler:Transcribing 2.8 s of audio via WhisperKit (trigger=vad)
DEBUG:wyoming_whisperkit.handler:WhisperKit internal time: 469 ms  wall: 2706 ms
INFO:wyoming_whisperkit.handler:Play the podcast the Daily.
DEBUG:wyoming_whisperkit.handler:Completed request
DEBUG:wyoming_whisperkit.handler:Receiving audio
DEBUG:wyoming_whisperkit.handler:AudioStop received (vad_triggered=False)
DEBUG:wyoming_whisperkit.handler:Transcribing 0.6 s of audio via WhisperKit (trigger=audio_stop)
DEBUG:wyoming_whisperkit.handler:WhisperKit internal time: 53 ms  wall: 1188 ms
INFO:wyoming_whisperkit.handler:
DEBUG:wyoming_whisperkit.handler:Completed request
DEBUG:wyoming_whisperkit.handler:Transcribe event
DEBUG:wyoming_whisperkit.handler:Receiving audio
DEBUG:wyoming_whisperkit.handler:VAD armed (608 ms speech)
INFO:wyoming_whisperkit.handler:VAD early trigger — 3.0 s audio collected (speech=1568 ms, silence=480 ms)
DEBUG:wyoming_whisperkit.handler:Transcribing 3.0 s of audio via WhisperKit (trigger=vad)
DEBUG:wyoming_whisperkit.handler:WhisperKit internal time: 355 ms  wall: 1920 ms
INFO:wyoming_whisperkit.handler:Play the podcast the Daily.
DEBUG:wyoming_whisperkit.handler:Completed request
DEBUG:wyoming_whisperkit.handler:Receiving audio
DEBUG:wyoming_whisperkit.handler:AudioStop received (vad_triggered=False)
DEBUG:wyoming_whisperkit.handler:Transcribing 0.7 s of audio via WhisperKit (trigger=audio_stop)
DEBUG:wyoming_whisperkit.handler:WhisperKit internal time: 4 ms  wall: 1034 ms
INFO:wyoming_whisperkit.handler:
DEBUG:wyoming_whisperkit.handler:Completed request
DEBUG:wyoming_whisperkit.handler:Sent info
DEBUG:wyoming_whisperkit.handler:Transcribe event
DEBUG:wyoming_whisperkit.handler:Receiving audio
DEBUG:wyoming_whisperkit.handler:VAD armed (608 ms speech)
INFO:wyoming_whisperkit.handler:VAD early trigger — 3.2 s audio collected (speech=1632 ms, silence=480 ms)
DEBUG:wyoming_whisperkit.handler:Transcribing 3.2 s of audio via WhisperKit (trigger=vad)
DEBUG:wyoming_whisperkit.handler:WhisperKit internal time: 427 ms  wall: 2200 ms
INFO:wyoming_whisperkit.handler:Play the podcast the daily.
DEBUG:wyoming_whisperkit.handler:Completed request
DEBUG:wyoming_whisperkit.handler:Receiving audio
DEBUG:wyoming_whisperkit.handler:AudioStop received (vad_triggered=False)
DEBUG:wyoming_whisperkit.handler:Transcribing 0.6 s of audio via WhisperKit (trigger=audio_stop)
DEBUG:wyoming_whisperkit.handler:WhisperKit internal time: 6 ms  wall: 930 ms
INFO:wyoming_whisperkit.handler:
DEBUG:wyoming_whisperkit.handler:Completed request
DEBUG:wyoming_whisperkit.handler:Transcribe event
DEBUG:wyoming_whisperkit.handler:Receiving audio
DEBUG:wyoming_whisperkit.handler:VAD armed (608 ms speech)
INFO:wyoming_whisperkit.handler:VAD early trigger — 2.6 s audio collected (speech=992 ms, silence=480 ms)
DEBUG:wyoming_whisperkit.handler:Transcribing 2.6 s of audio via WhisperKit (trigger=vad)
DEBUG:wyoming_whisperkit.handler:WhisperKit internal time: 328 ms  wall: 1494 ms
INFO:wyoming_whisperkit.handler:Play the Pixies.
DEBUG:wyoming_whisperkit.handler:Completed request
DEBUG:wyoming_whisperkit.handler:Receiving audio
DEBUG:wyoming_whisperkit.handler:AudioStop received (vad_triggered=False)
DEBUG:wyoming_whisperkit.handler:Transcribing 1.5 s of audio via WhisperKit (trigger=audio_stop)
DEBUG:wyoming_whisperkit.handler:WhisperKit internal time: 327 ms  wall: 1247 ms
INFO:wyoming_whisperkit.handler:(coughing)
DEBUG:wyoming_whisperkit.handler:Completed request
DEBUG:wyoming_whisperkit.handler:Transcribe event
DEBUG:wyoming_whisperkit.handler:Receiving audio
DEBUG:wyoming_whisperkit.handler:VAD armed (608 ms speech)
INFO:wyoming_whisperkit.handler:VAD early trigger — 3.4 s audio collected (speech=1856 ms, silence=480 ms)
DEBUG:wyoming_whisperkit.handler:Transcribing 3.4 s of audio via WhisperKit (trigger=vad)
DEBUG:wyoming_whisperkit.handler:WhisperKit internal time: 348 ms  wall: 1579 ms
INFO:wyoming_whisperkit.handler:Play the podcast the daily.
DEBUG:wyoming_whisperkit.handler:Completed request
DEBUG:wyoming_whisperkit.handler:Receiving audio
DEBUG:wyoming_whisperkit.handler:AudioStop received (vad_triggered=False)
DEBUG:wyoming_whisperkit.handler:Transcribing 0.6 s of audio via WhisperKit (trigger=audio_stop)
DEBUG:wyoming_whisperkit.handler:WhisperKit internal time: 4 ms  wall: 1059 ms
INFO:wyoming_whisperkit.handler:
DEBUG:wyoming_whisperkit.handler:Completed request
DEBUG:wyoming_whisperkit.handler:Transcribe event
DEBUG:wyoming_whisperkit.handler:Receiving audio
DEBUG:wyoming_whisperkit.handler:VAD armed (608 ms speech)
INFO:wyoming_whisperkit.handler:VAD early trigger — 2.6 s audio collected (speech=1216 ms, silence=480 ms)
DEBUG:wyoming_whisperkit.handler:Transcribing 2.6 s of audio via WhisperKit (trigger=vad)
DEBUG:wyoming_whisperkit.handler:WhisperKit internal time: 300 ms  wall: 1571 ms
INFO:wyoming_whisperkit.handler:play the replacements
DEBUG:wyoming_whisperkit.handler:Completed request
DEBUG:wyoming_whisperkit.handler:Receiving audio
DEBUG:wyoming_whisperkit.handler:AudioStop received (vad_triggered=False)
DEBUG:wyoming_whisperkit.handler:Transcribing 0.7 s of audio via WhisperKit (trigger=audio_stop)
DEBUG:wyoming_whisperkit.handler:WhisperKit internal time: 5 ms  wall: 1162 ms
INFO:wyoming_whisperkit.handler:
DEBUG:wyoming_whisperkit.handler:Completed request
DEBUG:wyoming_whisperkit.handler:Transcribe event
DEBUG:wyoming_whisperkit.handler:Receiving audio
DEBUG:wyoming_whisperkit.handler:VAD armed (608 ms speech)
INFO:wyoming_whisperkit.handler:VAD early trigger — 1.8 s audio collected (speech=704 ms, silence=480 ms)
DEBUG:wyoming_whisperkit.handler:Transcribing 1.8 s of audio via WhisperKit (trigger=vad)
DEBUG:wyoming_whisperkit.handler:WhisperKit internal time: 328 ms  wall: 1373 ms
INFO:wyoming_whisperkit.handler:What time is it?
DEBUG:wyoming_whisperkit.handler:Completed request
DEBUG:wyoming_whisperkit.handler:Receiving audio
DEBUG:wyoming_whisperkit.handler:AudioStop received (vad_triggered=False)
DEBUG:wyoming_whisperkit.handler:Transcribing 0.7 s of audio via WhisperKit (trigger=audio_stop)
DEBUG:wyoming_whisperkit.handler:WhisperKit internal time: 4 ms  wall: 1450 ms
INFO:wyoming_whisperkit.handler:
DEBUG:wyoming_whisperkit.handler:Completed request
DEBUG:wyoming_whisperkit.handler:Transcribe event
DEBUG:wyoming_whisperkit.handler:Receiving audio
DEBUG:wyoming_whisperkit.handler:VAD armed (608 ms speech)
INFO:wyoming_whisperkit.handler:VAD early trigger — 2.2 s audio collected (speech=1088 ms, silence=480 ms)
DEBUG:wyoming_whisperkit.handler:Transcribing 2.2 s of audio via WhisperKit (trigger=vad)
DEBUG:wyoming_whisperkit.handler:WhisperKit internal time: 401 ms  wall: 2061 ms
INFO:wyoming_whisperkit.handler:Play the replacements.
DEBUG:wyoming_whisperkit.handler:Completed request
DEBUG:wyoming_whisperkit.handler:Receiving audio
DEBUG:wyoming_whisperkit.handler:AudioStop received (vad_triggered=False)
DEBUG:wyoming_whisperkit.handler:Transcribing 0.7 s of audio via WhisperKit (trigger=audio_stop)
DEBUG:wyoming_whisperkit.handler:WhisperKit internal time: 7 ms  wall: 1026 ms
INFO:wyoming_whisperkit.handler:
DEBUG:wyoming_whisperkit.handler:Completed request
DEBUG:wyoming_whisperkit.handler:Transcribe event
DEBUG:wyoming_whisperkit.handler:Receiving audio
DEBUG:wyoming_whisperkit.handler:AudioStop received (vad_triggered=False)
DEBUG:wyoming_whisperkit.handler:Transcribing 2.4 s of audio via WhisperKit (trigger=audio_stop)
DEBUG:wyoming_whisperkit.handler:WhisperKit internal time: 326 ms  wall: 1490 ms
INFO:wyoming_whisperkit.handler:Play the Pixies.
DEBUG:wyoming_whisperkit.handler:Completed request
DEBUG:wyoming_whisperkit.handler:Transcribe event
DEBUG:wyoming_whisperkit.handler:Receiving audio
DEBUG:wyoming_whisperkit.handler:VAD armed (608 ms speech)
INFO:wyoming_whisperkit.handler:VAD early trigger — 2.2 s audio collected (speech=1056 ms, silence=480 ms)
DEBUG:wyoming_whisperkit.handler:Transcribing 2.2 s of audio via WhisperKit (trigger=vad)
DEBUG:wyoming_whisperkit.handler:WhisperKit internal time: 387 ms  wall: 2188 ms
INFO:wyoming_whisperkit.handler:Play WFMU.
DEBUG:wyoming_whisperkit.handler:Completed request
DEBUG:wyoming_whisperkit.handler:Receiving audio
DEBUG:wyoming_whisperkit.handler:AudioStop received (vad_triggered=False)
DEBUG:wyoming_whisperkit.handler:Transcribing 0.7 s of audio via WhisperKit (trigger=audio_stop)
DEBUG:wyoming_whisperkit.handler:WhisperKit internal time: 4 ms  wall: 957 ms
INFO:wyoming_whisperkit.handler:
DEBUG:wyoming_whisperkit.handler:Completed request
DEBUG:wyoming_whisperkit.handler:Transcribe event
DEBUG:wyoming_whisperkit.handler:Receiving audio
DEBUG:wyoming_whisperkit.handler:AudioStop received (vad_triggered=False)
DEBUG:wyoming_whisperkit.handler:Transcribing 2.0 s of audio via WhisperKit (trigger=audio_stop)
DEBUG:wyoming_whisperkit.handler:WhisperKit internal time: 405 ms  wall: 2193 ms
INFO:wyoming_whisperkit.handler:Stop.
DEBUG:wyoming_whisperkit.handler:Completed request
DEBUG:wyoming_whisperkit.handler:Transcribe event
DEBUG:wyoming_whisperkit.handler:Receiving audio
DEBUG:wyoming_whisperkit.handler:VAD armed (608 ms speech)
INFO:wyoming_whisperkit.handler:VAD early trigger — 2.2 s audio collected (speech=704 ms, silence=480 ms)
DEBUG:wyoming_whisperkit.handler:Transcribing 2.2 s of audio via WhisperKit (trigger=vad)
DEBUG:wyoming_whisperkit.handler:WhisperKit internal time: 535 ms  wall: 2470 ms
INFO:wyoming_whisperkit.handler:Play the Pixies.
DEBUG:wyoming_whisperkit.handler:Completed request
DEBUG:wyoming_whisperkit.handler:Receiving audio
DEBUG:wyoming_whisperkit.handler:AudioStop received (vad_triggered=False)
DEBUG:wyoming_whisperkit.handler:Transcribing 0.7 s of audio via WhisperKit (trigger=audio_stop)
DEBUG:wyoming_whisperkit.handler:WhisperKit internal time: 4 ms  wall: 1072 ms
INFO:wyoming_whisperkit.handler:
DEBUG:wyoming_whisperkit.handler:Completed request
DEBUG:wyoming_whisperkit.handler:Transcribe event
DEBUG:wyoming_whisperkit.handler:Receiving audio
DEBUG:wyoming_whisperkit.handler:VAD armed (608 ms speech)
INFO:wyoming_whisperkit.handler:VAD early trigger — 2.9 s audio collected (speech=992 ms, silence=480 ms)
DEBUG:wyoming_whisperkit.handler:Transcribing 2.9 s of audio via WhisperKit (trigger=vad)
DEBUG:wyoming_whisperkit.handler:WhisperKit internal time: 468 ms  wall: 2320 ms
INFO:wyoming_whisperkit.handler:Play the replacements.
DEBUG:wyoming_whisperkit.handler:Completed request
DEBUG:wyoming_whisperkit.handler:Receiving audio
DEBUG:wyoming_whisperkit.handler:AudioStop received (vad_triggered=False)
DEBUG:wyoming_whisperkit.handler:Transcribing 1.0 s of audio via WhisperKit (trigger=audio_stop)
DEBUG:wyoming_whisperkit.handler:WhisperKit internal time: 5 ms  wall: 1085 ms
INFO:wyoming_whisperkit.handler:
DEBUG:wyoming_whisperkit.handler:Completed request
DEBUG:wyoming_whisperkit.handler:Transcribe event
DEBUG:wyoming_whisperkit.handler:Receiving audio
DEBUG:wyoming_whisperkit.handler:VAD armed (608 ms speech)
INFO:wyoming_whisperkit.handler:VAD early trigger — 2.2 s audio collected (speech=928 ms, silence=480 ms)
DEBUG:wyoming_whisperkit.handler:Transcribing 2.2 s of audio via WhisperKit (trigger=vad)
DEBUG:wyoming_whisperkit.handler:WhisperKit internal time: 475 ms  wall: 2035 ms
INFO:wyoming_whisperkit.handler:Play the replacements.
DEBUG:wyoming_whisperkit.handler:Completed request
DEBUG:wyoming_whisperkit.handler:Receiving audio
DEBUG:wyoming_whisperkit.handler:AudioStop received (vad_triggered=False)
DEBUG:wyoming_whisperkit.handler:Transcribing 0.9 s of audio via WhisperKit (trigger=audio_stop)
DEBUG:wyoming_whisperkit.handler:WhisperKit internal time: 24 ms  wall: 1311 ms
INFO:wyoming_whisperkit.handler:
DEBUG:wyoming_whisperkit.handler:Completed request
DEBUG:wyoming_whisperkit.handler:Transcribe event
DEBUG:wyoming_whisperkit.handler:Receiving audio
DEBUG:wyoming_whisperkit.handler:VAD armed (608 ms speech)
INFO:wyoming_whisperkit.handler:VAD early trigger — 3.3 s audio collected (speech=1408 ms, silence=480 ms)
DEBUG:wyoming_whisperkit.handler:Transcribing 3.3 s of audio via WhisperKit (trigger=vad)
DEBUG:wyoming_whisperkit.handler:WhisperKit internal time: 334 ms  wall: 1634 ms
INFO:wyoming_whisperkit.handler:Play the replacements.
DEBUG:wyoming_whisperkit.handler:Completed request
DEBUG:wyoming_whisperkit.handler:Receiving audio
DEBUG:wyoming_whisperkit.handler:AudioStop received (vad_triggered=False)
DEBUG:wyoming_whisperkit.handler:Transcribing 0.7 s of audio via WhisperKit (trigger=audio_stop)
DEBUG:wyoming_whisperkit.handler:WhisperKit internal time: 6 ms  wall: 961 ms
INFO:wyoming_whisperkit.handler:
DEBUG:wyoming_whisperkit.handler:Completed request
DEBUG:wyoming_whisperkit.handler:Transcribe event
DEBUG:wyoming_whisperkit.handler:Receiving audio
DEBUG:wyoming_whisperkit.handler:VAD armed (608 ms speech)
INFO:wyoming_whisperkit.handler:VAD early trigger — 2.2 s audio collected (speech=1216 ms, silence=480 ms)
DEBUG:wyoming_whisperkit.handler:Transcribing 2.2 s of audio via WhisperKit (trigger=vad)
DEBUG:wyoming_whisperkit.handler:WhisperKit internal time: 353 ms  wall: 2007 ms
INFO:wyoming_whisperkit.handler:Play the replacements.
DEBUG:wyoming_whisperkit.handler:Completed request
DEBUG:wyoming_whisperkit.handler:Receiving audio
DEBUG:wyoming_whisperkit.handler:AudioStop received (vad_triggered=False)
DEBUG:wyoming_whisperkit.handler:Transcribing 0.8 s of audio via WhisperKit (trigger=audio_stop)
DEBUG:wyoming_whisperkit.handler:WhisperKit internal time: 6 ms  wall: 938 ms
INFO:wyoming_whisperkit.handler:
DEBUG:wyoming_whisperkit.handler:Completed request
DEBUG:wyoming_whisperkit.handler:Transcribe event
DEBUG:wyoming_whisperkit.handler:Receiving audio
DEBUG:wyoming_whisperkit.handler:VAD armed (608 ms speech)
INFO:wyoming_whisperkit.handler:VAD early trigger — 2.0 s audio collected (speech=1120 ms, silence=480 ms)
DEBUG:wyoming_whisperkit.handler:Transcribing 2.0 s of audio via WhisperKit (trigger=vad)
DEBUG:wyoming_whisperkit.handler:WhisperKit internal time: 458 ms  wall: 3125 ms
INFO:wyoming_whisperkit.handler:3 WSMU
DEBUG:wyoming_whisperkit.handler:Completed request
DEBUG:wyoming_whisperkit.handler:Receiving audio
DEBUG:wyoming_whisperkit.handler:AudioStop received (vad_triggered=False)
DEBUG:wyoming_whisperkit.handler:Transcribing 1.5 s of audio via WhisperKit (trigger=audio_stop)
DEBUG:wyoming_whisperkit.handler:WhisperKit internal time: 432 ms  wall: 1989 ms
INFO:wyoming_whisperkit.handler:(water splashing)
DEBUG:wyoming_whisperkit.handler:Completed request
DEBUG:wyoming_whisperkit.handler:Transcribe event
DEBUG:wyoming_whisperkit.handler:Receiving audio
DEBUG:wyoming_whisperkit.handler:VAD armed (608 ms speech)
INFO:wyoming_whisperkit.handler:VAD early trigger — 1.9 s audio collected (speech=1024 ms, silence=480 ms)
DEBUG:wyoming_whisperkit.handler:Transcribing 1.9 s of audio via WhisperKit (trigger=vad)
DEBUG:wyoming_whisperkit.handler:WhisperKit internal time: 332 ms  wall: 1995 ms
INFO:wyoming_whisperkit.handler:Play the replacements.
DEBUG:wyoming_whisperkit.handler:Completed request
DEBUG:wyoming_whisperkit.handler:Receiving audio
DEBUG:wyoming_whisperkit.handler:AudioStop received (vad_triggered=False)
DEBUG:wyoming_whisperkit.handler:Transcribing 1.4 s of audio via WhisperKit (trigger=audio_stop)
DEBUG:wyoming_whisperkit.handler:WhisperKit internal time: 285 ms  wall: 1296 ms
INFO:wyoming_whisperkit.handler:(water splashing)
DEBUG:wyoming_whisperkit.handler:Completed request
DEBUG:wyoming_whisperkit.handler:Transcribe event
DEBUG:wyoming_whisperkit.handler:Receiving audio
DEBUG:wyoming_whisperkit.handler:VAD armed (608 ms speech)
INFO:wyoming_whisperkit.handler:VAD early trigger — 1.9 s audio collected (speech=992 ms, silence=480 ms)
DEBUG:wyoming_whisperkit.handler:Transcribing 1.9 s of audio via WhisperKit (trigger=vad)
DEBUG:wyoming_whisperkit.handler:WhisperKit internal time: 336 ms  wall: 1516 ms
INFO:wyoming_whisperkit.handler:Play the Pixies.
DEBUG:wyoming_whisperkit.handler:Completed request
DEBUG:wyoming_whisperkit.handler:Receiving audio
DEBUG:wyoming_whisperkit.handler:AudioStop received (vad_triggered=False)
DEBUG:wyoming_whisperkit.handler:Transcribing 1.3 s of audio via WhisperKit (trigger=audio_stop)
DEBUG:wyoming_whisperkit.handler:WhisperKit internal time: 316 ms  wall: 1330 ms
INFO:wyoming_whisperkit.handler:(water splashing)
DEBUG:wyoming_whisperkit.handler:Completed request
DEBUG:wyoming_whisperkit.handler:Transcribe event
DEBUG:wyoming_whisperkit.handler:Receiving audio
DEBUG:wyoming_whisperkit.handler:VAD armed (608 ms speech)
INFO:wyoming_whisperkit.handler:VAD early trigger — 2.4 s audio collected (speech=1280 ms, silence=480 ms)
DEBUG:wyoming_whisperkit.handler:Transcribing 2.4 s of audio via WhisperKit (trigger=vad)
DEBUG:wyoming_whisperkit.handler:WhisperKit internal time: 435 ms  wall: 2134 ms
INFO:wyoming_whisperkit.handler:Play the Rolling Stones.
DEBUG:wyoming_whisperkit.handler:Completed request
DEBUG:wyoming_whisperkit.handler:Receiving audio
DEBUG:wyoming_whisperkit.handler:AudioStop received (vad_triggered=False)
DEBUG:wyoming_whisperkit.handler:Transcribing 1.4 s of audio via WhisperKit (trigger=audio_stop)
DEBUG:wyoming_whisperkit.handler:WhisperKit internal time: 407 ms  wall: 1443 ms
INFO:wyoming_whisperkit.handler:(water splashing)
DEBUG:wyoming_whisperkit.handler:Completed request
DEBUG:wyoming_whisperkit.handler:Transcribe event
DEBUG:wyoming_whisperkit.handler:Receiving audio
DEBUG:wyoming_whisperkit.handler:VAD armed (608 ms speech)
INFO:wyoming_whisperkit.handler:VAD early trigger — 2.2 s audio collected (speech=1120 ms, silence=480 ms)
DEBUG:wyoming_whisperkit.handler:Transcribing 2.2 s of audio via WhisperKit (trigger=vad)
DEBUG:wyoming_whisperkit.handler:WhisperKit internal time: 426 ms  wall: 1495 ms
INFO:wyoming_whisperkit.handler:Play the Rolling Stones.
DEBUG:wyoming_whisperkit.handler:Completed request
DEBUG:wyoming_whisperkit.handler:Receiving audio
DEBUG:wyoming_whisperkit.handler:AudioStop received (vad_triggered=False)
DEBUG:wyoming_whisperkit.handler:Transcribing 1.4 s of audio via WhisperKit (trigger=audio_stop)
DEBUG:wyoming_whisperkit.handler:WhisperKit internal time: 343 ms  wall: 1358 ms
INFO:wyoming_whisperkit.handler:(water splashing)
DEBUG:wyoming_whisperkit.handler:Completed request
DEBUG:wyoming_whisperkit.handler:Transcribe event
DEBUG:wyoming_whisperkit.handler:Receiving audio
DEBUG:wyoming_whisperkit.handler:VAD armed (608 ms speech)
INFO:wyoming_whisperkit.handler:VAD early trigger — 2.6 s audio collected (speech=1120 ms, silence=480 ms)
DEBUG:wyoming_whisperkit.handler:Transcribing 2.6 s of audio via WhisperKit (trigger=vad)
DEBUG:wyoming_whisperkit.handler:WhisperKit internal time: 477 ms  wall: 2064 ms
INFO:wyoming_whisperkit.handler:Play the Rolling Stones.
DEBUG:wyoming_whisperkit.handler:Completed request
DEBUG:wyoming_whisperkit.handler:Receiving audio
DEBUG:wyoming_whisperkit.handler:AudioStop received (vad_triggered=False)
DEBUG:wyoming_whisperkit.handler:Transcribing 1.1 s of audio via WhisperKit (trigger=audio_stop)
DEBUG:wyoming_whisperkit.handler:WhisperKit internal time: 315 ms  wall: 1356 ms
INFO:wyoming_whisperkit.handler:(water splashing)
DEBUG:wyoming_whisperkit.handler:Completed request
DEBUG:__main__:Namespace(bridge='/Users/media/containers/home-automation/mac-whisper-speedtest/tools/whisperkit-bridge/.build/release/whisperkit-bridge', model='small', uri='tcp://0.0.0.0:7892', debug=True, log_format='%(levelname)s:%(name)s:%(message)s', vad=True)
INFO:__main__:Using whisperkit-bridge: /Users/media/containers/home-automation/mac-whisper-speedtest/tools/whisperkit-bridge/.build/release/whisperkit-bridge
INFO:__main__:Warming up WhisperKit model (small) — first run loads CoreML graphs…
INFO:__main__:WhisperKit warm ✓
INFO:__main__:Loading Silero-VAD (ONNX backend)…
DEBUG:torio._extension.utils:Loading FFmpeg6
DEBUG:torio._extension.utils:Failed to load FFmpeg6 extension.
Traceback (most recent call last):
  File "/Users/media/containers/home-automation/wyoming-whisperkit/.venv/lib/python3.9/site-packages/torio/_extension/utils.py", line 116, in _find_ffmpeg_extension
    ext = _find_versionsed_ffmpeg_extension(ffmpeg_ver)
  File "/Users/media/containers/home-automation/wyoming-whisperkit/.venv/lib/python3.9/site-packages/torio/_extension/utils.py", line 108, in _find_versionsed_ffmpeg_extension
    _load_lib(lib)
  File "/Users/media/containers/home-automation/wyoming-whisperkit/.venv/lib/python3.9/site-packages/torio/_extension/utils.py", line 94, in _load_lib
    torch.ops.load_library(path)
  File "/Users/media/containers/home-automation/wyoming-whisperkit/.venv/lib/python3.9/site-packages/torch/_ops.py", line 1478, in load_library
    ctypes.CDLL(path)
  File "/Library/Developer/CommandLineTools/Library/Frameworks/Python3.framework/Versions/3.9/lib/python3.9/ctypes/__init__.py", line 366, in __init__
    self._handle = _dlopen(self._name, mode)
OSError: dlopen(/Users/media/containers/home-automation/wyoming-whisperkit/.venv/lib/python3.9/site-packages/torio/lib/libtorio_ffmpeg6.so, 0x0006): Library not loaded: @rpath/libavutil.58.dylib
  Referenced from: <D0BF8BE2-7386-31C9-B6EE-5916A74CB5FE> /Users/media/containers/home-automation/wyoming-whisperkit/.venv/lib/python3.9/site-packages/torio/lib/libtorio_ffmpeg6.so
  Reason: no LC_RPATH's found
DEBUG:torio._extension.utils:Loading FFmpeg5
DEBUG:torio._extension.utils:Failed to load FFmpeg5 extension.
Traceback (most recent call last):
  File "/Users/media/containers/home-automation/wyoming-whisperkit/.venv/lib/python3.9/site-packages/torio/_extension/utils.py", line 116, in _find_ffmpeg_extension
    ext = _find_versionsed_ffmpeg_extension(ffmpeg_ver)
  File "/Users/media/containers/home-automation/wyoming-whisperkit/.venv/lib/python3.9/site-packages/torio/_extension/utils.py", line 108, in _find_versionsed_ffmpeg_extension
    _load_lib(lib)
  File "/Users/media/containers/home-automation/wyoming-whisperkit/.venv/lib/python3.9/site-packages/torio/_extension/utils.py", line 94, in _load_lib
    torch.ops.load_library(path)
  File "/Users/media/containers/home-automation/wyoming-whisperkit/.venv/lib/python3.9/site-packages/torch/_ops.py", line 1478, in load_library
    ctypes.CDLL(path)
  File "/Library/Developer/CommandLineTools/Library/Frameworks/Python3.framework/Versions/3.9/lib/python3.9/ctypes/__init__.py", line 366, in __init__
    self._handle = _dlopen(self._name, mode)
OSError: dlopen(/Users/media/containers/home-automation/wyoming-whisperkit/.venv/lib/python3.9/site-packages/torio/lib/libtorio_ffmpeg5.so, 0x0006): Library not loaded: @rpath/libavutil.57.dylib
  Referenced from: <E89DCAAE-7EC0-3ED8-B59D-1022058313DB> /Users/media/containers/home-automation/wyoming-whisperkit/.venv/lib/python3.9/site-packages/torio/lib/libtorio_ffmpeg5.so
  Reason: no LC_RPATH's found
DEBUG:torio._extension.utils:Loading FFmpeg4
DEBUG:torio._extension.utils:Failed to load FFmpeg4 extension.
Traceback (most recent call last):
  File "/Users/media/containers/home-automation/wyoming-whisperkit/.venv/lib/python3.9/site-packages/torio/_extension/utils.py", line 116, in _find_ffmpeg_extension
    ext = _find_versionsed_ffmpeg_extension(ffmpeg_ver)
  File "/Users/media/containers/home-automation/wyoming-whisperkit/.venv/lib/python3.9/site-packages/torio/_extension/utils.py", line 108, in _find_versionsed_ffmpeg_extension
    _load_lib(lib)
  File "/Users/media/containers/home-automation/wyoming-whisperkit/.venv/lib/python3.9/site-packages/torio/_extension/utils.py", line 94, in _load_lib
    torch.ops.load_library(path)
  File "/Users/media/containers/home-automation/wyoming-whisperkit/.venv/lib/python3.9/site-packages/torch/_ops.py", line 1478, in load_library
    ctypes.CDLL(path)
  File "/Library/Developer/CommandLineTools/Library/Frameworks/Python3.framework/Versions/3.9/lib/python3.9/ctypes/__init__.py", line 366, in __init__
    self._handle = _dlopen(self._name, mode)
OSError: dlopen(/Users/media/containers/home-automation/wyoming-whisperkit/.venv/lib/python3.9/site-packages/torio/lib/libtorio_ffmpeg4.so, 0x0006): Library not loaded: @rpath/libavutil.56.dylib
  Referenced from: <F144F519-5261-3419-86B8-D8167D854D9A> /Users/media/containers/home-automation/wyoming-whisperkit/.venv/lib/python3.9/site-packages/torio/lib/libtorio_ffmpeg4.so
  Reason: no LC_RPATH's found
DEBUG:torio._extension.utils:Loading FFmpeg
DEBUG:torio._extension.utils:Failed to load FFmpeg extension.
Traceback (most recent call last):
  File "/Users/media/containers/home-automation/wyoming-whisperkit/.venv/lib/python3.9/site-packages/torio/_extension/utils.py", line 116, in _find_ffmpeg_extension
    ext = _find_versionsed_ffmpeg_extension(ffmpeg_ver)
  File "/Users/media/containers/home-automation/wyoming-whisperkit/.venv/lib/python3.9/site-packages/torio/_extension/utils.py", line 106, in _find_versionsed_ffmpeg_extension
    raise RuntimeError(f"FFmpeg{version} extension is not available.")
RuntimeError: FFmpeg extension is not available.
INFO:__main__:Silero-VAD ready ✓
INFO:__main__:wyoming-whisperkit ready on tcp://0.0.0.0:7892
DEBUG:__main__:Namespace(bridge='/Users/media/containers/home-automation/mac-whisper-speedtest/tools/whisperkit-bridge/.build/release/whisperkit-bridge', model='small', uri='tcp://0.0.0.0:7892', debug=True, log_format='%(levelname)s:%(name)s:%(message)s', vad=True)
INFO:__main__:Using whisperkit-bridge: /Users/media/containers/home-automation/mac-whisper-speedtest/tools/whisperkit-bridge/.build/release/whisperkit-bridge
INFO:__main__:Warming up WhisperKit model (small) — first run loads CoreML graphs…
INFO:__main__:WhisperKit warm ✓
INFO:__main__:Loading Silero-VAD (ONNX backend)…
DEBUG:torio._extension.utils:Loading FFmpeg6
DEBUG:torio._extension.utils:Failed to load FFmpeg6 extension.
Traceback (most recent call last):
  File "/Users/media/containers/home-automation/wyoming-whisperkit/.venv/lib/python3.9/site-packages/torio/_extension/utils.py", line 116, in _find_ffmpeg_extension
    ext = _find_versionsed_ffmpeg_extension(ffmpeg_ver)
  File "/Users/media/containers/home-automation/wyoming-whisperkit/.venv/lib/python3.9/site-packages/torio/_extension/utils.py", line 108, in _find_versionsed_ffmpeg_extension
    _load_lib(lib)
  File "/Users/media/containers/home-automation/wyoming-whisperkit/.venv/lib/python3.9/site-packages/torio/_extension/utils.py", line 94, in _load_lib
    torch.ops.load_library(path)
  File "/Users/media/containers/home-automation/wyoming-whisperkit/.venv/lib/python3.9/site-packages/torch/_ops.py", line 1478, in load_library
    ctypes.CDLL(path)
  File "/Library/Developer/CommandLineTools/Library/Frameworks/Python3.framework/Versions/3.9/lib/python3.9/ctypes/__init__.py", line 366, in __init__
    self._handle = _dlopen(self._name, mode)
OSError: dlopen(/Users/media/containers/home-automation/wyoming-whisperkit/.venv/lib/python3.9/site-packages/torio/lib/libtorio_ffmpeg6.so, 0x0006): Library not loaded: @rpath/libavutil.58.dylib
  Referenced from: <D0BF8BE2-7386-31C9-B6EE-5916A74CB5FE> /Users/media/containers/home-automation/wyoming-whisperkit/.venv/lib/python3.9/site-packages/torio/lib/libtorio_ffmpeg6.so
  Reason: no LC_RPATH's found
DEBUG:torio._extension.utils:Loading FFmpeg5
DEBUG:torio._extension.utils:Failed to load FFmpeg5 extension.
Traceback (most recent call last):
  File "/Users/media/containers/home-automation/wyoming-whisperkit/.venv/lib/python3.9/site-packages/torio/_extension/utils.py", line 116, in _find_ffmpeg_extension
    ext = _find_versionsed_ffmpeg_extension(ffmpeg_ver)
  File "/Users/media/containers/home-automation/wyoming-whisperkit/.venv/lib/python3.9/site-packages/torio/_extension/utils.py", line 108, in _find_versionsed_ffmpeg_extension
    _load_lib(lib)
  File "/Users/media/containers/home-automation/wyoming-whisperkit/.venv/lib/python3.9/site-packages/torio/_extension/utils.py", line 94, in _load_lib
    torch.ops.load_library(path)
  File "/Users/media/containers/home-automation/wyoming-whisperkit/.venv/lib/python3.9/site-packages/torch/_ops.py", line 1478, in load_library
    ctypes.CDLL(path)
  File "/Library/Developer/CommandLineTools/Library/Frameworks/Python3.framework/Versions/3.9/lib/python3.9/ctypes/__init__.py", line 366, in __init__
    self._handle = _dlopen(self._name, mode)
OSError: dlopen(/Users/media/containers/home-automation/wyoming-whisperkit/.venv/lib/python3.9/site-packages/torio/lib/libtorio_ffmpeg5.so, 0x0006): Library not loaded: @rpath/libavutil.57.dylib
  Referenced from: <E89DCAAE-7EC0-3ED8-B59D-1022058313DB> /Users/media/containers/home-automation/wyoming-whisperkit/.venv/lib/python3.9/site-packages/torio/lib/libtorio_ffmpeg5.so
  Reason: no LC_RPATH's found
DEBUG:torio._extension.utils:Loading FFmpeg4
DEBUG:torio._extension.utils:Failed to load FFmpeg4 extension.
Traceback (most recent call last):
  File "/Users/media/containers/home-automation/wyoming-whisperkit/.venv/lib/python3.9/site-packages/torio/_extension/utils.py", line 116, in _find_ffmpeg_extension
    ext = _find_versionsed_ffmpeg_extension(ffmpeg_ver)
  File "/Users/media/containers/home-automation/wyoming-whisperkit/.venv/lib/python3.9/site-packages/torio/_extension/utils.py", line 108, in _find_versionsed_ffmpeg_extension
    _load_lib(lib)
  File "/Users/media/containers/home-automation/wyoming-whisperkit/.venv/lib/python3.9/site-packages/torio/_extension/utils.py", line 94, in _load_lib
    torch.ops.load_library(path)
  File "/Users/media/containers/home-automation/wyoming-whisperkit/.venv/lib/python3.9/site-packages/torch/_ops.py", line 1478, in load_library
    ctypes.CDLL(path)
  File "/Library/Developer/CommandLineTools/Library/Frameworks/Python3.framework/Versions/3.9/lib/python3.9/ctypes/__init__.py", line 366, in __init__
    self._handle = _dlopen(self._name, mode)
OSError: dlopen(/Users/media/containers/home-automation/wyoming-whisperkit/.venv/lib/python3.9/site-packages/torio/lib/libtorio_ffmpeg4.so, 0x0006): Library not loaded: @rpath/libavutil.56.dylib
  Referenced from: <F144F519-5261-3419-86B8-D8167D854D9A> /Users/media/containers/home-automation/wyoming-whisperkit/.venv/lib/python3.9/site-packages/torio/lib/libtorio_ffmpeg4.so
  Reason: no LC_RPATH's found
DEBUG:torio._extension.utils:Loading FFmpeg
DEBUG:torio._extension.utils:Failed to load FFmpeg extension.
Traceback (most recent call last):
  File "/Users/media/containers/home-automation/wyoming-whisperkit/.venv/lib/python3.9/site-packages/torio/_extension/utils.py", line 116, in _find_ffmpeg_extension
    ext = _find_versionsed_ffmpeg_extension(ffmpeg_ver)
  File "/Users/media/containers/home-automation/wyoming-whisperkit/.venv/lib/python3.9/site-packages/torio/_extension/utils.py", line 106, in _find_versionsed_ffmpeg_extension
    raise RuntimeError(f"FFmpeg{version} extension is not available.")
RuntimeError: FFmpeg extension is not available.
INFO:__main__:Silero-VAD ready ✓
INFO:__main__:wyoming-whisperkit ready on tcp://0.0.0.0:7892
DEBUG:wyoming_whisperkit.handler:Sent info
DEBUG:wyoming_whisperkit.handler:Transcribe event
DEBUG:wyoming_whisperkit.handler:Receiving audio
DEBUG:wyoming_whisperkit.handler:VAD armed (608 ms speech)
INFO:wyoming_whisperkit.handler:VAD early trigger — 3.5 s audio collected (speech=1344 ms, silence=928 ms)
DEBUG:wyoming_whisperkit.handler:Transcribing 3.5 s of audio via WhisperKit (trigger=vad)
DEBUG:wyoming_whisperkit.handler:WhisperKit internal time: 443 ms  wall: 2493 ms
INFO:wyoming_whisperkit.handler:Play the Rolling Stones.
DEBUG:wyoming_whisperkit.handler:Completed request
DEBUG:wyoming_whisperkit.handler:Receiving audio
DEBUG:wyoming_whisperkit.handler:AudioStop received (vad_triggered=False)
DEBUG:wyoming_whisperkit.handler:Transcribing 0.9 s of audio via WhisperKit (trigger=audio_stop)
DEBUG:wyoming_whisperkit.handler:WhisperKit internal time: 4 ms  wall: 1158 ms
INFO:wyoming_whisperkit.handler:
DEBUG:wyoming_whisperkit.handler:Completed request
DEBUG:wyoming_whisperkit.handler:Transcribe event
DEBUG:wyoming_whisperkit.handler:Receiving audio
DEBUG:wyoming_whisperkit.handler:VAD armed (608 ms speech)
INFO:wyoming_whisperkit.handler:VAD early trigger — 2.8 s audio collected (speech=1248 ms, silence=928 ms)
DEBUG:wyoming_whisperkit.handler:Transcribing 2.8 s of audio via WhisperKit (trigger=vad)
DEBUG:wyoming_whisperkit.handler:WhisperKit internal time: 322 ms  wall: 1574 ms
INFO:wyoming_whisperkit.handler:Clay W, FMU.
DEBUG:wyoming_whisperkit.handler:Completed request
DEBUG:wyoming_whisperkit.handler:Receiving audio
DEBUG:wyoming_whisperkit.handler:AudioStop received (vad_triggered=False)
DEBUG:wyoming_whisperkit.handler:Transcribing 0.8 s of audio via WhisperKit (trigger=audio_stop)
DEBUG:wyoming_whisperkit.handler:WhisperKit internal time: 4 ms  wall: 1459 ms
INFO:wyoming_whisperkit.handler:
DEBUG:wyoming_whisperkit.handler:Completed request
DEBUG:wyoming_whisperkit.handler:Transcribe event
DEBUG:wyoming_whisperkit.handler:Receiving audio
DEBUG:wyoming_whisperkit.handler:VAD armed (608 ms speech)
INFO:wyoming_whisperkit.handler:VAD early trigger — 2.8 s audio collected (speech=1184 ms, silence=928 ms)
DEBUG:wyoming_whisperkit.handler:Transcribing 2.8 s of audio via WhisperKit (trigger=vad)
DEBUG:wyoming_whisperkit.handler:WhisperKit internal time: 393 ms  wall: 1459 ms
INFO:wyoming_whisperkit.handler:Play it Wax a Hatchie.
DEBUG:wyoming_whisperkit.handler:Completed request
DEBUG:wyoming_whisperkit.handler:Receiving audio
DEBUG:wyoming_whisperkit.handler:AudioStop received (vad_triggered=False)
DEBUG:wyoming_whisperkit.handler:Transcribing 0.9 s of audio via WhisperKit (trigger=audio_stop)
DEBUG:wyoming_whisperkit.handler:WhisperKit internal time: 8 ms  wall: 1066 ms
INFO:wyoming_whisperkit.handler:
DEBUG:wyoming_whisperkit.handler:Completed request
DEBUG:wyoming_whisperkit.handler:Transcribe event
DEBUG:wyoming_whisperkit.handler:Receiving audio
DEBUG:wyoming_whisperkit.handler:AudioStop received (vad_triggered=False)
DEBUG:wyoming_whisperkit.handler:Transcribing 14.6 s of audio via WhisperKit (trigger=audio_stop)
DEBUG:wyoming_whisperkit.handler:WhisperKit internal time: 316 ms  wall: 1495 ms
INFO:wyoming_whisperkit.handler:(water running)
DEBUG:wyoming_whisperkit.handler:Completed request
DEBUG:wyoming_whisperkit.handler:Transcribe event
DEBUG:wyoming_whisperkit.handler:Receiving audio
DEBUG:wyoming_whisperkit.handler:VAD armed (608 ms speech)
INFO:wyoming_whisperkit.handler:VAD early trigger — 2.3 s audio collected (speech=608 ms, silence=928 ms)
DEBUG:wyoming_whisperkit.handler:Transcribing 2.3 s of audio via WhisperKit (trigger=vad)
DEBUG:wyoming_whisperkit.handler:WhisperKit internal time: 369 ms  wall: 1714 ms
INFO:wyoming_whisperkit.handler:What time is it?
DEBUG:wyoming_whisperkit.handler:Completed request
DEBUG:wyoming_whisperkit.handler:Receiving audio
DEBUG:wyoming_whisperkit.handler:AudioStop received (vad_triggered=False)
DEBUG:wyoming_whisperkit.handler:Transcribing 0.8 s of audio via WhisperKit (trigger=audio_stop)
DEBUG:wyoming_whisperkit.handler:WhisperKit internal time: 4 ms  wall: 1475 ms
INFO:wyoming_whisperkit.handler:
DEBUG:wyoming_whisperkit.handler:Completed request
DEBUG:wyoming_whisperkit.handler:Transcribe event
DEBUG:wyoming_whisperkit.handler:Receiving audio
DEBUG:wyoming_whisperkit.handler:VAD armed (608 ms speech)
INFO:wyoming_whisperkit.handler:VAD early trigger — 2.7 s audio collected (speech=1152 ms, silence=928 ms)
DEBUG:wyoming_whisperkit.handler:Transcribing 2.7 s of audio via WhisperKit (trigger=vad)
DEBUG:wyoming_whisperkit.handler:WhisperKit internal time: 338 ms  wall: 1437 ms
INFO:wyoming_whisperkit.handler:Play the Rolex Stones.
DEBUG:wyoming_whisperkit.handler:Completed request
DEBUG:wyoming_whisperkit.handler:Receiving audio
DEBUG:wyoming_whisperkit.handler:AudioStop received (vad_triggered=False)
DEBUG:wyoming_whisperkit.handler:Transcribing 0.9 s of audio via WhisperKit (trigger=audio_stop)
DEBUG:wyoming_whisperkit.handler:WhisperKit internal time: 4 ms  wall: 937 ms
INFO:wyoming_whisperkit.handler:
DEBUG:wyoming_whisperkit.handler:Completed request
DEBUG:wyoming_whisperkit.handler:Transcribe event
DEBUG:wyoming_whisperkit.handler:Receiving audio
DEBUG:wyoming_whisperkit.handler:VAD armed (608 ms speech)
INFO:wyoming_whisperkit.handler:VAD early trigger — 3.4 s audio collected (speech=1056 ms, silence=928 ms)
DEBUG:wyoming_whisperkit.handler:Transcribing 3.4 s of audio via WhisperKit (trigger=vad)
DEBUG:wyoming_whisperkit.handler:WhisperKit internal time: 444 ms  wall: 1878 ms
INFO:wyoming_whisperkit.handler:Clay Waxahatchie
DEBUG:wyoming_whisperkit.handler:Completed request
DEBUG:wyoming_whisperkit.handler:Receiving audio
DEBUG:wyoming_whisperkit.handler:AudioStop received (vad_triggered=False)
DEBUG:wyoming_whisperkit.handler:Transcribing 1.0 s of audio via WhisperKit (trigger=audio_stop)
DEBUG:wyoming_whisperkit.handler:WhisperKit internal time: 5 ms  wall: 1049 ms
INFO:wyoming_whisperkit.handler:
DEBUG:wyoming_whisperkit.handler:Completed request
DEBUG:wyoming_whisperkit.handler:Transcribe event
DEBUG:wyoming_whisperkit.handler:Receiving audio
DEBUG:wyoming_whisperkit.handler:VAD armed (608 ms speech)
INFO:wyoming_whisperkit.handler:VAD early trigger — 3.2 s audio collected (speech=1120 ms, silence=928 ms)
DEBUG:wyoming_whisperkit.handler:Transcribing 3.2 s of audio via WhisperKit (trigger=vad)
DEBUG:wyoming_whisperkit.handler:WhisperKit internal time: 373 ms  wall: 1692 ms
INFO:wyoming_whisperkit.handler:Clay WFMU
DEBUG:wyoming_whisperkit.handler:Completed request
DEBUG:wyoming_whisperkit.handler:Receiving audio
DEBUG:wyoming_whisperkit.handler:AudioStop received (vad_triggered=False)
DEBUG:wyoming_whisperkit.handler:Transcribing 0.2 s of audio via WhisperKit (trigger=audio_stop)
DEBUG:wyoming_whisperkit.handler:WhisperKit internal time: 4 ms  wall: 1092 ms
INFO:wyoming_whisperkit.handler:
DEBUG:wyoming_whisperkit.handler:Completed request
DEBUG:wyoming_whisperkit.handler:Transcribe event
DEBUG:wyoming_whisperkit.handler:Receiving audio
DEBUG:wyoming_whisperkit.handler:VAD armed (608 ms speech)
INFO:wyoming_whisperkit.handler:VAD early trigger — 2.8 s audio collected (speech=1216 ms, silence=928 ms)
DEBUG:wyoming_whisperkit.handler:Transcribing 2.8 s of audio via WhisperKit (trigger=vad)
DEBUG:wyoming_whisperkit.handler:WhisperKit internal time: 383 ms  wall: 2137 ms
INFO:wyoming_whisperkit.handler:Play WFMU
DEBUG:wyoming_whisperkit.handler:Completed request
DEBUG:wyoming_whisperkit.handler:Receiving audio
DEBUG:wyoming_whisperkit.handler:AudioStop received (vad_triggered=False)
DEBUG:wyoming_whisperkit.handler:Transcribing 0.9 s of audio via WhisperKit (trigger=audio_stop)
DEBUG:wyoming_whisperkit.handler:WhisperKit internal time: 5 ms  wall: 1090 ms
INFO:wyoming_whisperkit.handler:
DEBUG:wyoming_whisperkit.handler:Completed request
DEBUG:wyoming_whisperkit.handler:Transcribe event
DEBUG:wyoming_whisperkit.handler:Receiving audio
DEBUG:wyoming_whisperkit.handler:AudioStop received (vad_triggered=False)
DEBUG:wyoming_whisperkit.handler:Transcribing 2.6 s of audio via WhisperKit (trigger=audio_stop)
DEBUG:wyoming_whisperkit.handler:WhisperKit internal time: 280 ms  wall: 1564 ms
INFO:wyoming_whisperkit.handler:Stop.
DEBUG:wyoming_whisperkit.handler:Completed request
DEBUG:wyoming_whisperkit.handler:Transcribe event
DEBUG:wyoming_whisperkit.handler:Receiving audio
DEBUG:wyoming_whisperkit.handler:AudioStop received (vad_triggered=False)
DEBUG:wyoming_whisperkit.handler:Transcribing 3.6 s of audio via WhisperKit (trigger=audio_stop)
DEBUG:wyoming_whisperkit.handler:WhisperKit internal time: 352 ms  wall: 2019 ms
INFO:wyoming_whisperkit.handler:Goodnight!
DEBUG:wyoming_whisperkit.handler:Completed request
DEBUG:wyoming_whisperkit.handler:Transcribe event
DEBUG:wyoming_whisperkit.handler:Receiving audio
DEBUG:wyoming_whisperkit.handler:VAD armed (608 ms speech)
DEBUG:wyoming_whisperkit.handler:VAD disarmed — speech exceeded cap
DEBUG:wyoming_whisperkit.handler:Receiving audio
DEBUG:wyoming_whisperkit.handler:VAD armed (608 ms speech)
DEBUG:wyoming_whisperkit.handler:AudioStop received (vad_triggered=False)
DEBUG:wyoming_whisperkit.handler:Transcribing 1.7 s of audio via WhisperKit (trigger=audio_stop)
DEBUG:wyoming_whisperkit.handler:WhisperKit internal time: 379 ms  wall: 2312 ms
INFO:wyoming_whisperkit.handler:I'm gonna be
DEBUG:wyoming_whisperkit.handler:Completed request
DEBUG:wyoming_whisperkit.handler:Transcribe event
DEBUG:wyoming_whisperkit.handler:Receiving audio
DEBUG:wyoming_whisperkit.handler:VAD armed (608 ms speech)
INFO:wyoming_whisperkit.handler:VAD early trigger — 2.9 s audio collected (speech=672 ms, silence=928 ms)
DEBUG:wyoming_whisperkit.handler:Transcribing 2.9 s of audio via WhisperKit (trigger=vad)
DEBUG:wyoming_whisperkit.handler:WhisperKit internal time: 556 ms  wall: 2114 ms
INFO:wyoming_whisperkit.handler:Turn on the light.
DEBUG:wyoming_whisperkit.handler:Completed request
DEBUG:wyoming_whisperkit.handler:Receiving audio
DEBUG:wyoming_whisperkit.handler:AudioStop received (vad_triggered=False)
DEBUG:wyoming_whisperkit.handler:Transcribing 0.3 s of audio via WhisperKit (trigger=audio_stop)
DEBUG:wyoming_whisperkit.handler:WhisperKit internal time: 5 ms  wall: 1634 ms
INFO:wyoming_whisperkit.handler:
DEBUG:wyoming_whisperkit.handler:Completed request
DEBUG:wyoming_whisperkit.handler:Transcribe event
DEBUG:wyoming_whisperkit.handler:Receiving audio
DEBUG:wyoming_whisperkit.handler:VAD armed (608 ms speech)
INFO:wyoming_whisperkit.handler:VAD early trigger — 2.5 s audio collected (speech=992 ms, silence=928 ms)
DEBUG:wyoming_whisperkit.handler:Transcribing 2.5 s of audio via WhisperKit (trigger=vad)
DEBUG:wyoming_whisperkit.handler:WhisperKit internal time: 379 ms  wall: 2003 ms
INFO:wyoming_whisperkit.handler:Turn on the speaker.
DEBUG:wyoming_whisperkit.handler:Completed request
DEBUG:wyoming_whisperkit.handler:Receiving audio
DEBUG:wyoming_whisperkit.handler:AudioStop received (vad_triggered=False)
DEBUG:wyoming_whisperkit.handler:Transcribing 0.9 s of audio via WhisperKit (trigger=audio_stop)
DEBUG:wyoming_whisperkit.handler:WhisperKit internal time: 6 ms  wall: 1080 ms
INFO:wyoming_whisperkit.handler:
DEBUG:wyoming_whisperkit.handler:Completed request
DEBUG:wyoming_whisperkit.handler:Transcribe event
DEBUG:wyoming_whisperkit.handler:Receiving audio
DEBUG:wyoming_whisperkit.handler:AudioStop received (vad_triggered=False)
DEBUG:wyoming_whisperkit.handler:Transcribing 6.8 s of audio via WhisperKit (trigger=audio_stop)
DEBUG:wyoming_whisperkit.handler:WhisperKit internal time: 608 ms  wall: 1729 ms
INFO:wyoming_whisperkit.handler:(water splashing) Mm. [BLANK_AUDIO]
DEBUG:wyoming_whisperkit.handler:Completed request
DEBUG:wyoming_whisperkit.handler:Transcribe event
DEBUG:wyoming_whisperkit.handler:Receiving audio
DEBUG:wyoming_whisperkit.handler:VAD armed (608 ms speech)
INFO:wyoming_whisperkit.handler:VAD early trigger — 3.1 s audio collected (speech=1344 ms, silence=928 ms)
DEBUG:wyoming_whisperkit.handler:Transcribing 3.1 s of audio via WhisperKit (trigger=vad)
DEBUG:wyoming_whisperkit.handler:WhisperKit internal time: 382 ms  wall: 1854 ms
INFO:wyoming_whisperkit.handler:Play the replacements.
DEBUG:wyoming_whisperkit.handler:Completed request
DEBUG:wyoming_whisperkit.handler:Receiving audio
DEBUG:wyoming_whisperkit.handler:VAD armed (608 ms speech)
DEBUG:wyoming_whisperkit.handler:AudioStop received (vad_triggered=False)
DEBUG:wyoming_whisperkit.handler:Transcribing 6.1 s of audio via WhisperKit (trigger=audio_stop)
DEBUG:wyoming_whisperkit.handler:WhisperKit internal time: 585 ms  wall: 1796 ms
INFO:wyoming_whisperkit.handler:I think I wrote this last thing, but Spotify can still work.
DEBUG:wyoming_whisperkit.handler:Completed request
DEBUG:wyoming_whisperkit.handler:Sent info
DEBUG:__main__:Namespace(bridge='/Users/media/containers/home-automation/mac-whisper-speedtest/tools/whisperkit-bridge/.build/release/whisperkit-bridge', model='small', uri='tcp://0.0.0.0:7892', debug=True, log_format='%(levelname)s:%(name)s:%(message)s', vad=True)
INFO:__main__:Using whisperkit-bridge: /Users/media/containers/home-automation/mac-whisper-speedtest/tools/whisperkit-bridge/.build/release/whisperkit-bridge
INFO:__main__:Warming up WhisperKit model (small) — first run loads CoreML graphs…
INFO:__main__:WhisperKit warm ✓
INFO:__main__:Loading Silero-VAD (ONNX backend)…
DEBUG:torio._extension.utils:Loading FFmpeg6
DEBUG:torio._extension.utils:Failed to load FFmpeg6 extension.
Traceback (most recent call last):
  File "/Users/media/containers/home-automation/wyoming-whisperkit/.venv/lib/python3.9/site-packages/torio/_extension/utils.py", line 116, in _find_ffmpeg_extension
    ext = _find_versionsed_ffmpeg_extension(ffmpeg_ver)
  File "/Users/media/containers/home-automation/wyoming-whisperkit/.venv/lib/python3.9/site-packages/torio/_extension/utils.py", line 108, in _find_versionsed_ffmpeg_extension
    _load_lib(lib)
  File "/Users/media/containers/home-automation/wyoming-whisperkit/.venv/lib/python3.9/site-packages/torio/_extension/utils.py", line 94, in _load_lib
    torch.ops.load_library(path)
  File "/Users/media/containers/home-automation/wyoming-whisperkit/.venv/lib/python3.9/site-packages/torch/_ops.py", line 1478, in load_library
    ctypes.CDLL(path)
  File "/Library/Developer/CommandLineTools/Library/Frameworks/Python3.framework/Versions/3.9/lib/python3.9/ctypes/__init__.py", line 366, in __init__
    self._handle = _dlopen(self._name, mode)
OSError: dlopen(/Users/media/containers/home-automation/wyoming-whisperkit/.venv/lib/python3.9/site-packages/torio/lib/libtorio_ffmpeg6.so, 0x0006): Library not loaded: @rpath/libavutil.58.dylib
  Referenced from: <D0BF8BE2-7386-31C9-B6EE-5916A74CB5FE> /Users/media/containers/home-automation/wyoming-whisperkit/.venv/lib/python3.9/site-packages/torio/lib/libtorio_ffmpeg6.so
  Reason: no LC_RPATH's found
DEBUG:torio._extension.utils:Loading FFmpeg5
DEBUG:torio._extension.utils:Failed to load FFmpeg5 extension.
Traceback (most recent call last):
  File "/Users/media/containers/home-automation/wyoming-whisperkit/.venv/lib/python3.9/site-packages/torio/_extension/utils.py", line 116, in _find_ffmpeg_extension
    ext = _find_versionsed_ffmpeg_extension(ffmpeg_ver)
  File "/Users/media/containers/home-automation/wyoming-whisperkit/.venv/lib/python3.9/site-packages/torio/_extension/utils.py", line 108, in _find_versionsed_ffmpeg_extension
    _load_lib(lib)
  File "/Users/media/containers/home-automation/wyoming-whisperkit/.venv/lib/python3.9/site-packages/torio/_extension/utils.py", line 94, in _load_lib
    torch.ops.load_library(path)
  File "/Users/media/containers/home-automation/wyoming-whisperkit/.venv/lib/python3.9/site-packages/torch/_ops.py", line 1478, in load_library
    ctypes.CDLL(path)
  File "/Library/Developer/CommandLineTools/Library/Frameworks/Python3.framework/Versions/3.9/lib/python3.9/ctypes/__init__.py", line 366, in __init__
    self._handle = _dlopen(self._name, mode)
OSError: dlopen(/Users/media/containers/home-automation/wyoming-whisperkit/.venv/lib/python3.9/site-packages/torio/lib/libtorio_ffmpeg5.so, 0x0006): Library not loaded: @rpath/libavutil.57.dylib
  Referenced from: <E89DCAAE-7EC0-3ED8-B59D-1022058313DB> /Users/media/containers/home-automation/wyoming-whisperkit/.venv/lib/python3.9/site-packages/torio/lib/libtorio_ffmpeg5.so
  Reason: no LC_RPATH's found
DEBUG:torio._extension.utils:Loading FFmpeg4
DEBUG:torio._extension.utils:Failed to load FFmpeg4 extension.
Traceback (most recent call last):
  File "/Users/media/containers/home-automation/wyoming-whisperkit/.venv/lib/python3.9/site-packages/torio/_extension/utils.py", line 116, in _find_ffmpeg_extension
    ext = _find_versionsed_ffmpeg_extension(ffmpeg_ver)
  File "/Users/media/containers/home-automation/wyoming-whisperkit/.venv/lib/python3.9/site-packages/torio/_extension/utils.py", line 108, in _find_versionsed_ffmpeg_extension
    _load_lib(lib)
  File "/Users/media/containers/home-automation/wyoming-whisperkit/.venv/lib/python3.9/site-packages/torio/_extension/utils.py", line 94, in _load_lib
    torch.ops.load_library(path)
  File "/Users/media/containers/home-automation/wyoming-whisperkit/.venv/lib/python3.9/site-packages/torch/_ops.py", line 1478, in load_library
    ctypes.CDLL(path)
  File "/Library/Developer/CommandLineTools/Library/Frameworks/Python3.framework/Versions/3.9/lib/python3.9/ctypes/__init__.py", line 366, in __init__
    self._handle = _dlopen(self._name, mode)
OSError: dlopen(/Users/media/containers/home-automation/wyoming-whisperkit/.venv/lib/python3.9/site-packages/torio/lib/libtorio_ffmpeg4.so, 0x0006): Library not loaded: @rpath/libavutil.56.dylib
  Referenced from: <F144F519-5261-3419-86B8-D8167D854D9A> /Users/media/containers/home-automation/wyoming-whisperkit/.venv/lib/python3.9/site-packages/torio/lib/libtorio_ffmpeg4.so
  Reason: no LC_RPATH's found
DEBUG:torio._extension.utils:Loading FFmpeg
DEBUG:torio._extension.utils:Failed to load FFmpeg extension.
Traceback (most recent call last):
  File "/Users/media/containers/home-automation/wyoming-whisperkit/.venv/lib/python3.9/site-packages/torio/_extension/utils.py", line 116, in _find_ffmpeg_extension
    ext = _find_versionsed_ffmpeg_extension(ffmpeg_ver)
  File "/Users/media/containers/home-automation/wyoming-whisperkit/.venv/lib/python3.9/site-packages/torio/_extension/utils.py", line 106, in _find_versionsed_ffmpeg_extension
    raise RuntimeError(f"FFmpeg{version} extension is not available.")
RuntimeError: FFmpeg extension is not available.
INFO:__main__:Silero-VAD ready ✓
INFO:__main__:wyoming-whisperkit ready on tcp://0.0.0.0:7892
DEBUG:wyoming_whisperkit.handler:Transcribe event
DEBUG:wyoming_whisperkit.handler:Receiving audio
DEBUG:wyoming_whisperkit.handler:VAD armed (608 ms speech)
INFO:wyoming_whisperkit.handler:VAD early trigger — 2.6 s audio collected (speech=1056 ms, silence=928 ms)
DEBUG:wyoming_whisperkit.handler:Transcribing 2.6 s of audio via WhisperKit (trigger=vad)
DEBUG:wyoming_whisperkit.handler:WhisperKit internal time: 600 ms  wall: 3251 ms
INFO:wyoming_whisperkit.handler:Play the replacements.
DEBUG:wyoming_whisperkit.handler:Completed request
DEBUG:wyoming_whisperkit.handler:Receiving audio
DEBUG:wyoming_whisperkit.handler:AudioStop received (vad_triggered=False)
DEBUG:wyoming_whisperkit.handler:Transcribing 0.9 s of audio via WhisperKit (trigger=audio_stop)
DEBUG:wyoming_whisperkit.handler:WhisperKit internal time: 4 ms  wall: 2157 ms
INFO:wyoming_whisperkit.handler:
DEBUG:wyoming_whisperkit.handler:Completed request
DEBUG:wyoming_whisperkit.handler:Transcribe event
DEBUG:wyoming_whisperkit.handler:Receiving audio
DEBUG:wyoming_whisperkit.handler:VAD armed (608 ms speech)
INFO:wyoming_whisperkit.handler:VAD early trigger — 3.3 s audio collected (speech=1792 ms, silence=928 ms)
DEBUG:wyoming_whisperkit.handler:Transcribing 3.3 s of audio via WhisperKit (trigger=vad)
DEBUG:wyoming_whisperkit.handler:WhisperKit internal time: 493 ms  wall: 1916 ms
INFO:wyoming_whisperkit.handler:Play the album please to meet me.
DEBUG:wyoming_whisperkit.handler:Completed request
DEBUG:wyoming_whisperkit.handler:Receiving audio
DEBUG:wyoming_whisperkit.handler:AudioStop received (vad_triggered=False)
DEBUG:wyoming_whisperkit.handler:Transcribing 1.1 s of audio via WhisperKit (trigger=audio_stop)
DEBUG:wyoming_whisperkit.handler:WhisperKit internal time: 393 ms  wall: 1742 ms
INFO:wyoming_whisperkit.handler:Okay.
DEBUG:wyoming_whisperkit.handler:Completed request
DEBUG:wyoming_whisperkit.handler:Transcribe event
DEBUG:wyoming_whisperkit.handler:Receiving audio
DEBUG:wyoming_whisperkit.handler:AudioStop received (vad_triggered=False)
DEBUG:wyoming_whisperkit.handler:Transcribing 9.8 s of audio via WhisperKit (trigger=audio_stop)
DEBUG:wyoming_whisperkit.handler:WhisperKit internal time: 1129 ms  wall: 2412 ms
INFO:wyoming_whisperkit.handler:[Sounds of water running] Play it. Play it.
DEBUG:wyoming_whisperkit.handler:Completed request
DEBUG:wyoming_whisperkit.handler:Transcribe event
DEBUG:wyoming_whisperkit.handler:Receiving audio
DEBUG:wyoming_whisperkit.handler:VAD armed (608 ms speech)
INFO:wyoming_whisperkit.handler:VAD early trigger — 2.9 s audio collected (speech=1504 ms, silence=928 ms)
DEBUG:wyoming_whisperkit.handler:Transcribing 2.9 s of audio via WhisperKit (trigger=vad)
DEBUG:wyoming_whisperkit.handler:WhisperKit internal time: 339 ms  wall: 1569 ms
INFO:wyoming_whisperkit.handler:Play the podcast the daily.
DEBUG:wyoming_whisperkit.handler:Completed request
DEBUG:wyoming_whisperkit.handler:Receiving audio
DEBUG:wyoming_whisperkit.handler:AudioStop received (vad_triggered=False)
DEBUG:wyoming_whisperkit.handler:Transcribing 0.7 s of audio via WhisperKit (trigger=audio_stop)
DEBUG:wyoming_whisperkit.handler:WhisperKit internal time: 11 ms  wall: 1251 ms
INFO:wyoming_whisperkit.handler:
DEBUG:wyoming_whisperkit.handler:Completed request
DEBUG:wyoming_whisperkit.handler:Transcribe event
DEBUG:wyoming_whisperkit.handler:Receiving audio
DEBUG:wyoming_whisperkit.handler:VAD armed (608 ms speech)
INFO:wyoming_whisperkit.handler:VAD early trigger — 3.4 s audio collected (speech=1760 ms, silence=928 ms)
DEBUG:wyoming_whisperkit.handler:Transcribing 3.4 s of audio via WhisperKit (trigger=vad)
DEBUG:wyoming_whisperkit.handler:WhisperKit internal time: 325 ms  wall: 1913 ms
INFO:wyoming_whisperkit.handler:Play the podcast the daily.
DEBUG:wyoming_whisperkit.handler:Completed request
DEBUG:wyoming_whisperkit.handler:Receiving audio
DEBUG:wyoming_whisperkit.handler:AudioStop received (vad_triggered=False)
DEBUG:wyoming_whisperkit.handler:Transcribing 0.8 s of audio via WhisperKit (trigger=audio_stop)
DEBUG:wyoming_whisperkit.handler:WhisperKit internal time: 4 ms  wall: 1300 ms
INFO:wyoming_whisperkit.handler:
DEBUG:wyoming_whisperkit.handler:Completed request
DEBUG:wyoming_whisperkit.handler:Transcribe event
DEBUG:wyoming_whisperkit.handler:Receiving audio
DEBUG:wyoming_whisperkit.handler:AudioStop received (vad_triggered=False)
DEBUG:wyoming_whisperkit.handler:Transcribing 2.4 s of audio via WhisperKit (trigger=audio_stop)
DEBUG:wyoming_whisperkit.handler:WhisperKit internal time: 452 ms  wall: 2010 ms
INFO:wyoming_whisperkit.handler:Paws!
DEBUG:wyoming_whisperkit.handler:Completed request
DEBUG:wyoming_whisperkit.handler:Transcribe event
DEBUG:wyoming_whisperkit.handler:Receiving audio
DEBUG:wyoming_whisperkit.handler:VAD armed (608 ms speech)
INFO:wyoming_whisperkit.handler:VAD early trigger — 2.7 s audio collected (speech=1024 ms, silence=928 ms)
DEBUG:wyoming_whisperkit.handler:Transcribing 2.7 s of audio via WhisperKit (trigger=vad)
DEBUG:wyoming_whisperkit.handler:WhisperKit internal time: 389 ms  wall: 2281 ms
INFO:wyoming_whisperkit.handler:Play the replacements.
DEBUG:wyoming_whisperkit.handler:Completed request
DEBUG:wyoming_whisperkit.handler:Receiving audio
DEBUG:wyoming_whisperkit.handler:AudioStop received (vad_triggered=False)
DEBUG:wyoming_whisperkit.handler:Transcribing 1.0 s of audio via WhisperKit (trigger=audio_stop)
DEBUG:wyoming_whisperkit.handler:WhisperKit internal time: 5 ms  wall: 1003 ms
INFO:wyoming_whisperkit.handler:
DEBUG:wyoming_whisperkit.handler:Completed request
DEBUG:wyoming_whisperkit.handler:Transcribe event
DEBUG:wyoming_whisperkit.handler:Receiving audio
DEBUG:wyoming_whisperkit.handler:VAD armed (608 ms speech)
INFO:wyoming_whisperkit.handler:VAD early trigger — 2.4 s audio collected (speech=928 ms, silence=928 ms)
DEBUG:wyoming_whisperkit.handler:Transcribing 2.4 s of audio via WhisperKit (trigger=vad)
DEBUG:wyoming_whisperkit.handler:WhisperKit internal time: 376 ms  wall: 1620 ms
INFO:wyoming_whisperkit.handler:Play the Pixies!
DEBUG:wyoming_whisperkit.handler:Completed request
DEBUG:wyoming_whisperkit.handler:Receiving audio
DEBUG:wyoming_whisperkit.handler:AudioStop received (vad_triggered=False)
DEBUG:wyoming_whisperkit.handler:Transcribing 1.4 s of audio via WhisperKit (trigger=audio_stop)
DEBUG:wyoming_whisperkit.handler:WhisperKit internal time: 319 ms  wall: 1694 ms
INFO:wyoming_whisperkit.handler:(paper rustling)
DEBUG:wyoming_whisperkit.handler:Completed request
DEBUG:wyoming_whisperkit.handler:Transcribe event
DEBUG:wyoming_whisperkit.handler:Receiving audio
DEBUG:wyoming_whisperkit.handler:VAD armed (608 ms speech)
INFO:wyoming_whisperkit.handler:VAD early trigger — 2.7 s audio collected (speech=1120 ms, silence=928 ms)
DEBUG:wyoming_whisperkit.handler:Transcribing 2.7 s of audio via WhisperKit (trigger=vad)
DEBUG:wyoming_whisperkit.handler:WhisperKit internal time: 709 ms  wall: 3072 ms
INFO:wyoming_whisperkit.handler:Play the replacements.
DEBUG:wyoming_whisperkit.handler:Completed request
DEBUG:wyoming_whisperkit.handler:Receiving audio
DEBUG:wyoming_whisperkit.handler:AudioStop received (vad_triggered=False)
DEBUG:wyoming_whisperkit.handler:Transcribing 0.9 s of audio via WhisperKit (trigger=audio_stop)
DEBUG:wyoming_whisperkit.handler:WhisperKit internal time: 5 ms  wall: 2040 ms
INFO:wyoming_whisperkit.handler:
DEBUG:wyoming_whisperkit.handler:Completed request
DEBUG:wyoming_whisperkit.handler:Transcribe event
DEBUG:wyoming_whisperkit.handler:Receiving audio
DEBUG:wyoming_whisperkit.handler:VAD armed (608 ms speech)
INFO:wyoming_whisperkit.handler:VAD early trigger — 3.0 s audio collected (speech=1248 ms, silence=928 ms)
DEBUG:wyoming_whisperkit.handler:Transcribing 3.0 s of audio via WhisperKit (trigger=vad)
DEBUG:wyoming_whisperkit.handler:WhisperKit internal time: 402 ms  wall: 2374 ms
INFO:wyoming_whisperkit.handler:Play the Pixies.
DEBUG:wyoming_whisperkit.handler:Completed request
DEBUG:wyoming_whisperkit.handler:Receiving audio
DEBUG:wyoming_whisperkit.handler:AudioStop received (vad_triggered=False)
DEBUG:wyoming_whisperkit.handler:Transcribing 1.8 s of audio via WhisperKit (trigger=audio_stop)
DEBUG:wyoming_whisperkit.handler:WhisperKit internal time: 286 ms  wall: 1472 ms
INFO:wyoming_whisperkit.handler:(water running)
DEBUG:wyoming_whisperkit.handler:Completed request
DEBUG:wyoming_whisperkit.handler:Transcribe event
DEBUG:wyoming_whisperkit.handler:Receiving audio
DEBUG:wyoming_whisperkit.handler:VAD armed (608 ms speech)
INFO:wyoming_whisperkit.handler:VAD early trigger — 2.9 s audio collected (speech=1024 ms, silence=928 ms)
DEBUG:wyoming_whisperkit.handler:Transcribing 2.9 s of audio via WhisperKit (trigger=vad)
DEBUG:wyoming_whisperkit.handler:WhisperKit internal time: 390 ms  wall: 1602 ms
INFO:wyoming_whisperkit.handler:Play the replacements.
DEBUG:wyoming_whisperkit.handler:Completed request
DEBUG:wyoming_whisperkit.handler:Receiving audio
DEBUG:wyoming_whisperkit.handler:AudioStop received (vad_triggered=False)
DEBUG:wyoming_whisperkit.handler:Transcribing 2.4 s of audio via WhisperKit (trigger=audio_stop)
DEBUG:wyoming_whisperkit.handler:WhisperKit internal time: 387 ms  wall: 1454 ms
INFO:wyoming_whisperkit.handler:(water splashing)
DEBUG:wyoming_whisperkit.handler:Completed request
DEBUG:wyoming_whisperkit.handler:Transcribe event
DEBUG:wyoming_whisperkit.handler:Receiving audio
DEBUG:wyoming_whisperkit.handler:VAD armed (608 ms speech)
INFO:wyoming_whisperkit.handler:VAD early trigger — 2.6 s audio collected (speech=928 ms, silence=928 ms)
DEBUG:wyoming_whisperkit.handler:Transcribing 2.6 s of audio via WhisperKit (trigger=vad)
DEBUG:wyoming_whisperkit.handler:WhisperKit internal time: 358 ms  wall: 1931 ms
INFO:wyoming_whisperkit.handler:Play WFMU.
DEBUG:wyoming_whisperkit.handler:Completed request
DEBUG:wyoming_whisperkit.handler:Receiving audio
DEBUG:wyoming_whisperkit.handler:AudioStop received (vad_triggered=False)
DEBUG:wyoming_whisperkit.handler:Transcribing 0.9 s of audio via WhisperKit (trigger=audio_stop)
DEBUG:wyoming_whisperkit.handler:WhisperKit internal time: 4 ms  wall: 1209 ms
INFO:wyoming_whisperkit.handler:
DEBUG:wyoming_whisperkit.handler:Completed request
DEBUG:wyoming_whisperkit.handler:Transcribe event
DEBUG:wyoming_whisperkit.handler:Receiving audio
DEBUG:wyoming_whisperkit.handler:VAD armed (608 ms speech)
INFO:wyoming_whisperkit.handler:VAD early trigger — 2.2 s audio collected (speech=768 ms, silence=928 ms)
DEBUG:wyoming_whisperkit.handler:Transcribing 2.2 s of audio via WhisperKit (trigger=vad)
DEBUG:wyoming_whisperkit.handler:WhisperKit internal time: 521 ms  wall: 2293 ms
INFO:wyoming_whisperkit.handler:What's the time?
DEBUG:wyoming_whisperkit.handler:Completed request
DEBUG:wyoming_whisperkit.handler:Receiving audio
DEBUG:wyoming_whisperkit.handler:AudioStop received (vad_triggered=False)
DEBUG:wyoming_whisperkit.handler:Transcribing 0.8 s of audio via WhisperKit (trigger=audio_stop)
DEBUG:wyoming_whisperkit.handler:WhisperKit internal time: 4 ms  wall: 1507 ms
INFO:wyoming_whisperkit.handler:
DEBUG:wyoming_whisperkit.handler:Completed request
DEBUG:wyoming_whisperkit.handler:Transcribe event
DEBUG:wyoming_whisperkit.handler:Receiving audio
DEBUG:wyoming_whisperkit.handler:VAD armed (608 ms speech)
INFO:wyoming_whisperkit.handler:VAD early trigger — 3.0 s audio collected (speech=1440 ms, silence=928 ms)
DEBUG:wyoming_whisperkit.handler:Transcribing 3.0 s of audio via WhisperKit (trigger=vad)
DEBUG:wyoming_whisperkit.handler:WhisperKit internal time: 365 ms  wall: 1567 ms
INFO:wyoming_whisperkit.handler:Play the Daily Podcast.
DEBUG:wyoming_whisperkit.handler:Completed request
DEBUG:wyoming_whisperkit.handler:Receiving audio
DEBUG:wyoming_whisperkit.handler:AudioStop received (vad_triggered=False)
DEBUG:wyoming_whisperkit.handler:Transcribing 0.9 s of audio via WhisperKit (trigger=audio_stop)
DEBUG:wyoming_whisperkit.handler:WhisperKit internal time: 39 ms  wall: 1060 ms
INFO:wyoming_whisperkit.handler:
DEBUG:wyoming_whisperkit.handler:Completed request
DEBUG:wyoming_whisperkit.handler:Transcribe event
DEBUG:wyoming_whisperkit.handler:Receiving audio
DEBUG:wyoming_whisperkit.handler:VAD armed (608 ms speech)
INFO:wyoming_whisperkit.handler:VAD early trigger — 3.5 s audio collected (speech=1088 ms, silence=928 ms)
DEBUG:wyoming_whisperkit.handler:Transcribing 3.5 s of audio via WhisperKit (trigger=vad)
DEBUG:wyoming_whisperkit.handler:WhisperKit internal time: 358 ms  wall: 1525 ms
INFO:wyoming_whisperkit.handler:Play the replacements.
DEBUG:wyoming_whisperkit.handler:Completed request
DEBUG:wyoming_whisperkit.handler:Receiving audio
DEBUG:wyoming_whisperkit.handler:AudioStop received (vad_triggered=False)
DEBUG:wyoming_whisperkit.handler:Transcribing 2.2 s of audio via WhisperKit (trigger=audio_stop)
DEBUG:wyoming_whisperkit.handler:WhisperKit internal time: 351 ms  wall: 1743 ms
INFO:wyoming_whisperkit.handler:(crunching)
DEBUG:wyoming_whisperkit.handler:Completed request
DEBUG:wyoming_whisperkit.handler:Transcribe event
DEBUG:wyoming_whisperkit.handler:Receiving audio
DEBUG:wyoming_whisperkit.handler:VAD armed (608 ms speech)
INFO:wyoming_whisperkit.handler:VAD early trigger — 2.5 s audio collected (speech=896 ms, silence=928 ms)
DEBUG:wyoming_whisperkit.handler:Transcribing 2.5 s of audio via WhisperKit (trigger=vad)
DEBUG:wyoming_whisperkit.handler:WhisperKit internal time: 415 ms  wall: 2352 ms
INFO:wyoming_whisperkit.handler:Play the Pixies!
DEBUG:wyoming_whisperkit.handler:Completed request
DEBUG:wyoming_whisperkit.handler:Receiving audio
DEBUG:wyoming_whisperkit.handler:AudioStop received (vad_triggered=False)
DEBUG:wyoming_whisperkit.handler:Transcribing 1.3 s of audio via WhisperKit (trigger=audio_stop)
DEBUG:wyoming_whisperkit.handler:WhisperKit internal time: 331 ms  wall: 2019 ms
INFO:wyoming_whisperkit.handler:(water splashing)
DEBUG:wyoming_whisperkit.handler:Completed request
DEBUG:wyoming_whisperkit.handler:Transcribe event
DEBUG:wyoming_whisperkit.handler:Receiving audio
DEBUG:wyoming_whisperkit.handler:VAD armed (608 ms speech)
INFO:wyoming_whisperkit.handler:VAD early trigger — 2.4 s audio collected (speech=960 ms, silence=928 ms)
DEBUG:wyoming_whisperkit.handler:Transcribing 2.4 s of audio via WhisperKit (trigger=vad)
DEBUG:wyoming_whisperkit.handler:WhisperKit internal time: 340 ms  wall: 1543 ms
INFO:wyoming_whisperkit.handler:Play the replacements.
DEBUG:wyoming_whisperkit.handler:Completed request
DEBUG:wyoming_whisperkit.handler:Receiving audio
DEBUG:wyoming_whisperkit.handler:AudioStop received (vad_triggered=False)
DEBUG:wyoming_whisperkit.handler:Transcribing 0.9 s of audio via WhisperKit (trigger=audio_stop)
DEBUG:wyoming_whisperkit.handler:WhisperKit internal time: 5 ms  wall: 1069 ms
INFO:wyoming_whisperkit.handler:
DEBUG:wyoming_whisperkit.handler:Completed request
DEBUG:wyoming_whisperkit.handler:Transcribe event
DEBUG:wyoming_whisperkit.handler:Receiving audio
DEBUG:wyoming_whisperkit.handler:VAD armed (608 ms speech)
INFO:wyoming_whisperkit.handler:VAD early trigger — 2.4 s audio collected (speech=960 ms, silence=928 ms)
DEBUG:wyoming_whisperkit.handler:Transcribing 2.4 s of audio via WhisperKit (trigger=vad)
DEBUG:wyoming_whisperkit.handler:WhisperKit internal time: 762 ms  wall: 1900 ms
INFO:wyoming_whisperkit.handler:KWFNN
DEBUG:wyoming_whisperkit.handler:Completed request
DEBUG:wyoming_whisperkit.handler:Receiving audio
DEBUG:wyoming_whisperkit.handler:AudioStop received (vad_triggered=False)
DEBUG:wyoming_whisperkit.handler:Transcribing 0.8 s of audio via WhisperKit (trigger=audio_stop)
DEBUG:wyoming_whisperkit.handler:WhisperKit internal time: 6 ms  wall: 947 ms
INFO:wyoming_whisperkit.handler:
DEBUG:wyoming_whisperkit.handler:Completed request
DEBUG:wyoming_whisperkit.handler:Transcribe event
DEBUG:wyoming_whisperkit.handler:Receiving audio
DEBUG:wyoming_whisperkit.handler:VAD armed (608 ms speech)
INFO:wyoming_whisperkit.handler:VAD early trigger — 2.5 s audio collected (speech=1024 ms, silence=928 ms)
DEBUG:wyoming_whisperkit.handler:Transcribing 2.5 s of audio via WhisperKit (trigger=vad)
DEBUG:wyoming_whisperkit.handler:WhisperKit internal time: 337 ms  wall: 1598 ms
INFO:wyoming_whisperkit.handler:Play WFMU.
DEBUG:wyoming_whisperkit.handler:Completed request
DEBUG:wyoming_whisperkit.handler:Receiving audio
DEBUG:wyoming_whisperkit.handler:AudioStop received (vad_triggered=False)
DEBUG:wyoming_whisperkit.handler:Transcribing 1.6 s of audio via WhisperKit (trigger=audio_stop)
DEBUG:wyoming_whisperkit.handler:WhisperKit internal time: 285 ms  wall: 1398 ms
INFO:wyoming_whisperkit.handler:(water splashing)
DEBUG:wyoming_whisperkit.handler:Completed request
DEBUG:wyoming_whisperkit.handler:Transcribe event
DEBUG:wyoming_whisperkit.handler:Receiving audio
DEBUG:wyoming_whisperkit.handler:VAD armed (608 ms speech)
INFO:wyoming_whisperkit.handler:VAD early trigger — 2.9 s audio collected (speech=1440 ms, silence=928 ms)
DEBUG:wyoming_whisperkit.handler:Transcribing 2.9 s of audio via WhisperKit (trigger=vad)
DEBUG:wyoming_whisperkit.handler:WhisperKit internal time: 344 ms  wall: 1526 ms
INFO:wyoming_whisperkit.handler:Play the Daily Podcast.
DEBUG:wyoming_whisperkit.handler:Completed request
DEBUG:wyoming_whisperkit.handler:Receiving audio
DEBUG:wyoming_whisperkit.handler:AudioStop received (vad_triggered=False)
DEBUG:wyoming_whisperkit.handler:Transcribing 0.8 s of audio via WhisperKit (trigger=audio_stop)
DEBUG:wyoming_whisperkit.handler:WhisperKit internal time: 4 ms  wall: 1041 ms
INFO:wyoming_whisperkit.handler:
DEBUG:wyoming_whisperkit.handler:Completed request
DEBUG:wyoming_whisperkit.handler:Transcribe event
DEBUG:wyoming_whisperkit.handler:Receiving audio
DEBUG:wyoming_whisperkit.handler:VAD armed (608 ms speech)
INFO:wyoming_whisperkit.handler:VAD early trigger — 2.7 s audio collected (speech=1248 ms, silence=928 ms)
DEBUG:wyoming_whisperkit.handler:Transcribing 2.7 s of audio via WhisperKit (trigger=vad)
DEBUG:wyoming_whisperkit.handler:WhisperKit internal time: 342 ms  wall: 1493 ms
INFO:wyoming_whisperkit.handler:Play the Daily Podcast.
DEBUG:wyoming_whisperkit.handler:Completed request
DEBUG:wyoming_whisperkit.handler:Receiving audio
DEBUG:wyoming_whisperkit.handler:AudioStop received (vad_triggered=False)
DEBUG:wyoming_whisperkit.handler:Transcribing 0.9 s of audio via WhisperKit (trigger=audio_stop)
DEBUG:wyoming_whisperkit.handler:WhisperKit internal time: 4 ms  wall: 951 ms
INFO:wyoming_whisperkit.handler:
DEBUG:wyoming_whisperkit.handler:Completed request
DEBUG:wyoming_whisperkit.handler:Transcribe event
DEBUG:wyoming_whisperkit.handler:Receiving audio
DEBUG:wyoming_whisperkit.handler:AudioStop received (vad_triggered=False)
DEBUG:wyoming_whisperkit.handler:Transcribing 2.5 s of audio via WhisperKit (trigger=audio_stop)
DEBUG:wyoming_whisperkit.handler:WhisperKit internal time: 289 ms  wall: 1763 ms
INFO:wyoming_whisperkit.handler:Stop!
DEBUG:wyoming_whisperkit.handler:Completed request
DEBUG:wyoming_whisperkit.handler:Transcribe event
DEBUG:wyoming_whisperkit.handler:Receiving audio
DEBUG:wyoming_whisperkit.handler:AudioStop received (vad_triggered=False)
DEBUG:wyoming_whisperkit.handler:Transcribing 3.5 s of audio via WhisperKit (trigger=audio_stop)
DEBUG:wyoming_whisperkit.handler:WhisperKit internal time: 392 ms  wall: 2345 ms
INFO:wyoming_whisperkit.handler:Good night.
DEBUG:wyoming_whisperkit.handler:Completed request
DEBUG:wyoming_whisperkit.handler:Transcribe event
DEBUG:wyoming_whisperkit.handler:Receiving audio
DEBUG:wyoming_whisperkit.handler:VAD armed (608 ms speech)
DEBUG:wyoming_whisperkit.handler:AudioStop received (vad_triggered=False)
DEBUG:wyoming_whisperkit.handler:Transcribing 5.3 s of audio via WhisperKit (trigger=audio_stop)
DEBUG:wyoming_whisperkit.handler:WhisperKit internal time: 854 ms  wall: 2627 ms
INFO:wyoming_whisperkit.handler:What's the temperature outside? You're trying to speak your heart out. (laughing)
DEBUG:wyoming_whisperkit.handler:Completed request
DEBUG:wyoming_whisperkit.handler:Transcribe event
DEBUG:wyoming_whisperkit.handler:Receiving audio
DEBUG:wyoming_whisperkit.handler:VAD armed (608 ms speech)
INFO:wyoming_whisperkit.handler:VAD early trigger — 2.5 s audio collected (speech=864 ms, silence=928 ms)
DEBUG:wyoming_whisperkit.handler:Transcribing 2.5 s of audio via WhisperKit (trigger=vad)
DEBUG:wyoming_whisperkit.handler:WhisperKit internal time: 682 ms  wall: 119130 ms
INFO:wyoming_whisperkit.handler:Turn on the speaker.
DEBUG:wyoming_whisperkit.handler:Completed request
DEBUG:wyoming_whisperkit.handler:Receiving audio
DEBUG:wyoming_whisperkit.handler:AudioStop received (vad_triggered=False)
DEBUG:wyoming_whisperkit.handler:Transcribing 0.8 s of audio via WhisperKit (trigger=audio_stop)
DEBUG:wyoming_whisperkit.handler:WhisperKit internal time: 5 ms  wall: 2825 ms
INFO:wyoming_whisperkit.handler:
DEBUG:wyoming_whisperkit.handler:Completed request
DEBUG:wyoming_whisperkit.handler:Sent info
DEBUG:wyoming_whisperkit.handler:Transcribe event
DEBUG:wyoming_whisperkit.handler:Receiving audio
DEBUG:wyoming_whisperkit.handler:VAD armed (608 ms speech)
INFO:wyoming_whisperkit.handler:VAD early trigger — 3.9 s audio collected (speech=928 ms, silence=928 ms)
DEBUG:wyoming_whisperkit.handler:Transcribing 3.9 s of audio via WhisperKit (trigger=vad)
DEBUG:wyoming_whisperkit.handler:WhisperKit internal time: 587 ms  wall: 114527 ms
INFO:wyoming_whisperkit.handler:Turn the speaker on.
DEBUG:wyoming_whisperkit.handler:Completed request
DEBUG:wyoming_whisperkit.handler:Receiving audio
DEBUG:wyoming_whisperkit.handler:AudioStop received (vad_triggered=False)
DEBUG:wyoming_whisperkit.handler:Transcribing 0.8 s of audio via WhisperKit (trigger=audio_stop)
DEBUG:wyoming_whisperkit.handler:WhisperKit internal time: 5 ms  wall: 1850 ms
INFO:wyoming_whisperkit.handler:
DEBUG:wyoming_whisperkit.handler:Completed request
DEBUG:wyoming_whisperkit.handler:Transcribe event
DEBUG:wyoming_whisperkit.handler:Receiving audio
DEBUG:wyoming_whisperkit.handler:VAD armed (608 ms speech)
INFO:wyoming_whisperkit.handler:VAD early trigger — 2.9 s audio collected (speech=928 ms, silence=928 ms)
DEBUG:wyoming_whisperkit.handler:Transcribing 2.9 s of audio via WhisperKit (trigger=vad)
DEBUG:wyoming_whisperkit.handler:Transcribe event
DEBUG:wyoming_whisperkit.handler:Receiving audio
DEBUG:wyoming_whisperkit.handler:VAD armed (608 ms speech)
INFO:wyoming_whisperkit.handler:VAD early trigger — 3.7 s audio collected (speech=1728 ms, silence=928 ms)
DEBUG:wyoming_whisperkit.handler:Transcribing 3.7 s of audio via WhisperKit (trigger=vad)
DEBUG:wyoming_whisperkit.handler:WhisperKit internal time: 598 ms  wall: 116349 ms
INFO:wyoming_whisperkit.handler:Turn the speaker on.
DEBUG:wyoming_whisperkit.handler:Completed request
DEBUG:wyoming_whisperkit.handler:Receiving audio
DEBUG:wyoming_whisperkit.handler:AudioStop received (vad_triggered=False)
DEBUG:wyoming_whisperkit.handler:Transcribing 0.8 s of audio via WhisperKit (trigger=audio_stop)
DEBUG:wyoming_whisperkit.handler:WhisperKit internal time: 13 ms  wall: 2137 ms
INFO:wyoming_whisperkit.handler:
DEBUG:wyoming_whisperkit.handler:Completed request
DEBUG:wyoming_whisperkit.handler:WhisperKit internal time: 545 ms  wall: 162607 ms
INFO:wyoming_whisperkit.handler:Play WQXR.
DEBUG:wyoming_whisperkit.handler:Completed request
DEBUG:wyoming_whisperkit.handler:Receiving audio
DEBUG:wyoming_whisperkit.handler:AudioStop received (vad_triggered=False)
DEBUG:wyoming_whisperkit.handler:Transcribing 0.8 s of audio via WhisperKit (trigger=audio_stop)
DEBUG:wyoming_whisperkit.handler:WhisperKit internal time: 15 ms  wall: 2317 ms
INFO:wyoming_whisperkit.handler:
DEBUG:wyoming_whisperkit.handler:Completed request
DEBUG:wyoming_whisperkit.handler:Transcribe event
DEBUG:wyoming_whisperkit.handler:Receiving audio
DEBUG:wyoming_whisperkit.handler:AudioStop received (vad_triggered=False)
DEBUG:wyoming_whisperkit.handler:Transcribing 2.4 s of audio via WhisperKit (trigger=audio_stop)
DEBUG:wyoming_whisperkit.handler:WhisperKit internal time: 543 ms  wall: 127820 ms
INFO:wyoming_whisperkit.handler:Stop!
DEBUG:wyoming_whisperkit.handler:Completed request
DEBUG:wyoming_whisperkit.handler:Transcribe event
DEBUG:wyoming_whisperkit.handler:Receiving audio
DEBUG:wyoming_whisperkit.handler:VAD armed (608 ms speech)
INFO:wyoming_whisperkit.handler:VAD early trigger — 3.6 s audio collected (speech=1344 ms, silence=928 ms)
DEBUG:wyoming_whisperkit.handler:Transcribing 3.6 s of audio via WhisperKit (trigger=vad)
DEBUG:wyoming_whisperkit.handler:WhisperKit internal time: 761 ms  wall: 125314 ms
INFO:wyoming_whisperkit.handler:Bye, WQXR.
DEBUG:wyoming_whisperkit.handler:Completed request
DEBUG:wyoming_whisperkit.handler:Receiving audio
DEBUG:wyoming_whisperkit.handler:AudioStop received (vad_triggered=False)
DEBUG:wyoming_whisperkit.handler:Transcribing 1.9 s of audio via WhisperKit (trigger=audio_stop)
DEBUG:wyoming_whisperkit.handler:WhisperKit internal time: 323 ms  wall: 2293 ms
INFO:wyoming_whisperkit.handler:(sizzling)
DEBUG:wyoming_whisperkit.handler:Completed request
DEBUG:wyoming_whisperkit.handler:Transcribe event
DEBUG:wyoming_whisperkit.handler:Receiving audio
DEBUG:wyoming_whisperkit.handler:VAD armed (608 ms speech)
INFO:wyoming_whisperkit.handler:VAD early trigger — 2.4 s audio collected (speech=640 ms, silence=928 ms)
DEBUG:wyoming_whisperkit.handler:Transcribing 2.4 s of audio via WhisperKit (trigger=vad)
DEBUG:wyoming_whisperkit.handler:WhisperKit internal time: 417 ms  wall: 2224 ms
INFO:wyoming_whisperkit.handler:Turn on the light.
DEBUG:wyoming_whisperkit.handler:Completed request
DEBUG:wyoming_whisperkit.handler:Receiving audio
DEBUG:wyoming_whisperkit.handler:AudioStop received (vad_triggered=False)
DEBUG:wyoming_whisperkit.handler:Transcribing 0.8 s of audio via WhisperKit (trigger=audio_stop)
DEBUG:wyoming_whisperkit.handler:WhisperKit internal time: 4 ms  wall: 1405 ms
INFO:wyoming_whisperkit.handler:
DEBUG:wyoming_whisperkit.handler:Completed request
DEBUG:wyoming_whisperkit.handler:Transcribe event
DEBUG:wyoming_whisperkit.handler:Receiving audio
DEBUG:wyoming_whisperkit.handler:AudioStop received (vad_triggered=False)
DEBUG:wyoming_whisperkit.handler:Transcribing 15.0 s of audio via WhisperKit (trigger=audio_stop)
DEBUG:wyoming_whisperkit.handler:WhisperKit internal time: 395 ms  wall: 2408 ms
INFO:wyoming_whisperkit.handler:Good night!
DEBUG:wyoming_whisperkit.handler:Completed request
DEBUG:wyoming_whisperkit.handler:Transcribe event
DEBUG:wyoming_whisperkit.handler:Receiving audio
DEBUG:wyoming_whisperkit.handler:VAD armed (608 ms speech)
INFO:wyoming_whisperkit.handler:VAD early trigger — 2.3 s audio collected (speech=608 ms, silence=928 ms)
DEBUG:wyoming_whisperkit.handler:Transcribing 2.3 s of audio via WhisperKit (trigger=vad)
DEBUG:wyoming_whisperkit.handler:WhisperKit internal time: 369 ms  wall: 2026 ms
INFO:wyoming_whisperkit.handler:Turn on the light.
DEBUG:wyoming_whisperkit.handler:Completed request
DEBUG:wyoming_whisperkit.handler:Receiving audio
DEBUG:wyoming_whisperkit.handler:AudioStop received (vad_triggered=False)
DEBUG:wyoming_whisperkit.handler:Transcribing 0.9 s of audio via WhisperKit (trigger=audio_stop)
DEBUG:wyoming_whisperkit.handler:WhisperKit internal time: 5 ms  wall: 1541 ms
INFO:wyoming_whisperkit.handler:
DEBUG:wyoming_whisperkit.handler:Completed request
DEBUG:wyoming_whisperkit.handler:Transcribe event
DEBUG:wyoming_whisperkit.handler:Receiving audio
DEBUG:wyoming_whisperkit.handler:VAD armed (608 ms speech)
INFO:wyoming_whisperkit.handler:VAD early trigger — 2.7 s audio collected (speech=1024 ms, silence=928 ms)
DEBUG:wyoming_whisperkit.handler:Transcribing 2.7 s of audio via WhisperKit (trigger=vad)
DEBUG:wyoming_whisperkit.handler:WhisperKit internal time: 364 ms  wall: 2406 ms
INFO:wyoming_whisperkit.handler:Turn the speaker on.
DEBUG:wyoming_whisperkit.handler:Completed request
DEBUG:wyoming_whisperkit.handler:Receiving audio
DEBUG:wyoming_whisperkit.handler:AudioStop received (vad_triggered=False)
DEBUG:wyoming_whisperkit.handler:Transcribing 0.7 s of audio via WhisperKit (trigger=audio_stop)
DEBUG:wyoming_whisperkit.handler:WhisperKit internal time: 4 ms  wall: 1494 ms
INFO:wyoming_whisperkit.handler:
DEBUG:wyoming_whisperkit.handler:Completed request
DEBUG:wyoming_whisperkit.handler:Transcribe event
DEBUG:wyoming_whisperkit.handler:Receiving audio
DEBUG:wyoming_whisperkit.handler:VAD armed (608 ms speech)
INFO:wyoming_whisperkit.handler:VAD early trigger — 2.4 s audio collected (speech=1312 ms, silence=928 ms)
DEBUG:wyoming_whisperkit.handler:Transcribing 2.4 s of audio via WhisperKit (trigger=vad)
DEBUG:wyoming_whisperkit.handler:WhisperKit internal time: 356 ms  wall: 1825 ms
INFO:wyoming_whisperkit.handler:Please WNYC.
DEBUG:wyoming_whisperkit.handler:Completed request
DEBUG:wyoming_whisperkit.handler:Receiving audio
DEBUG:wyoming_whisperkit.handler:AudioStop received (vad_triggered=False)
DEBUG:wyoming_whisperkit.handler:Transcribing 0.8 s of audio via WhisperKit (trigger=audio_stop)
DEBUG:wyoming_whisperkit.handler:WhisperKit internal time: 4 ms  wall: 1062 ms
INFO:wyoming_whisperkit.handler:
DEBUG:wyoming_whisperkit.handler:Completed request
DEBUG:wyoming_whisperkit.handler:Transcribe event
DEBUG:wyoming_whisperkit.handler:Receiving audio
DEBUG:wyoming_whisperkit.handler:VAD armed (608 ms speech)
INFO:wyoming_whisperkit.handler:VAD early trigger — 3.0 s audio collected (speech=1664 ms, silence=928 ms)
DEBUG:wyoming_whisperkit.handler:Transcribing 3.0 s of audio via WhisperKit (trigger=vad)
DEBUG:wyoming_whisperkit.handler:WhisperKit internal time: 311 ms  wall: 1684 ms
INFO:wyoming_whisperkit.handler:Play WNYC.
DEBUG:wyoming_whisperkit.handler:Completed request
DEBUG:wyoming_whisperkit.handler:Receiving audio
DEBUG:wyoming_whisperkit.handler:AudioStop received (vad_triggered=False)
DEBUG:wyoming_whisperkit.handler:Transcribing 1.2 s of audio via WhisperKit (trigger=audio_stop)
DEBUG:wyoming_whisperkit.handler:WhisperKit internal time: 329 ms  wall: 1625 ms
INFO:wyoming_whisperkit.handler:[water splashing]
DEBUG:wyoming_whisperkit.handler:Completed request
DEBUG:wyoming_whisperkit.handler:Transcribe event
DEBUG:wyoming_whisperkit.handler:Receiving audio
DEBUG:wyoming_whisperkit.handler:VAD armed (608 ms speech)
DEBUG:wyoming_whisperkit.handler:AudioStop received (vad_triggered=False)
DEBUG:wyoming_whisperkit.handler:Transcribing 1.8 s of audio via WhisperKit (trigger=audio_stop)
DEBUG:wyoming_whisperkit.handler:WhisperKit internal time: 722 ms  wall: 2914 ms
INFO:wyoming_whisperkit.handler:Stop.
DEBUG:wyoming_whisperkit.handler:Completed request
DEBUG:wyoming_whisperkit.handler:Sent info
DEBUG:wyoming_whisperkit.handler:Transcribe event
DEBUG:wyoming_whisperkit.handler:Receiving audio
DEBUG:wyoming_whisperkit.handler:VAD armed (608 ms speech)
INFO:wyoming_whisperkit.handler:VAD early trigger — 12.4 s audio collected (speech=8960 ms, silence=928 ms)
DEBUG:wyoming_whisperkit.handler:Transcribing 12.4 s of audio via WhisperKit (trigger=vad)
DEBUG:wyoming_whisperkit.handler:WhisperKit internal time: 1322 ms  wall: 3253 ms
INFO:wyoming_whisperkit.handler:in that serious that whatever that was right really I was like that's a really great way to be like like a playfulness and he kind of also - Yeah.
DEBUG:wyoming_whisperkit.handler:Completed request
DEBUG:wyoming_whisperkit.handler:Receiving audio
DEBUG:wyoming_whisperkit.handler:AudioStop received (vad_triggered=False)
DEBUG:wyoming_whisperkit.handler:Transcribing 0.8 s of audio via WhisperKit (trigger=audio_stop)
DEBUG:wyoming_whisperkit.handler:WhisperKit internal time: 5 ms  wall: 1266 ms
INFO:wyoming_whisperkit.handler:
DEBUG:wyoming_whisperkit.handler:Completed request
DEBUG:wyoming_whisperkit.handler:Transcribe event
DEBUG:wyoming_whisperkit.handler:Receiving audio
DEBUG:wyoming_whisperkit.handler:AudioStop received (vad_triggered=False)
DEBUG:wyoming_whisperkit.handler:Transcribing 3.6 s of audio via WhisperKit (trigger=audio_stop)
DEBUG:wyoming_whisperkit.handler:WhisperKit internal time: 294 ms  wall: 1838 ms
INFO:wyoming_whisperkit.handler:Good night.
DEBUG:wyoming_whisperkit.handler:Completed request
DEBUG:wyoming_whisperkit.handler:Transcribe event
DEBUG:wyoming_whisperkit.handler:Receiving audio
DEBUG:wyoming_whisperkit.handler:VAD armed (608 ms speech)
INFO:wyoming_whisperkit.handler:VAD early trigger — 2.4 s audio collected (speech=832 ms, silence=928 ms)
DEBUG:wyoming_whisperkit.handler:Transcribing 2.4 s of audio via WhisperKit (trigger=vad)
DEBUG:wyoming_whisperkit.handler:WhisperKit internal time: 523 ms  wall: 3090 ms
INFO:wyoming_whisperkit.handler:Turn on the speaker.
DEBUG:wyoming_whisperkit.handler:Completed request
DEBUG:wyoming_whisperkit.handler:Receiving audio
DEBUG:wyoming_whisperkit.handler:AudioStop received (vad_triggered=False)
DEBUG:wyoming_whisperkit.handler:Transcribing 0.8 s of audio via WhisperKit (trigger=audio_stop)
DEBUG:wyoming_whisperkit.handler:WhisperKit internal time: 4 ms  wall: 1508 ms
INFO:wyoming_whisperkit.handler:
DEBUG:wyoming_whisperkit.handler:Completed request
DEBUG:wyoming_whisperkit.handler:Transcribe event
DEBUG:wyoming_whisperkit.handler:Receiving audio
DEBUG:wyoming_whisperkit.handler:VAD armed (608 ms speech)
INFO:wyoming_whisperkit.handler:VAD early trigger — 2.7 s audio collected (speech=1120 ms, silence=928 ms)
DEBUG:wyoming_whisperkit.handler:Transcribing 2.7 s of audio via WhisperKit (trigger=vad)
DEBUG:wyoming_whisperkit.handler:WhisperKit internal time: 326 ms  wall: 1790 ms
INFO:wyoming_whisperkit.handler:Play WSMU.
DEBUG:wyoming_whisperkit.handler:Completed request
DEBUG:wyoming_whisperkit.handler:Receiving audio
DEBUG:wyoming_whisperkit.handler:AudioStop received (vad_triggered=False)
DEBUG:wyoming_whisperkit.handler:Transcribing 0.9 s of audio via WhisperKit (trigger=audio_stop)
DEBUG:wyoming_whisperkit.handler:WhisperKit internal time: 13 ms  wall: 1737 ms
INFO:wyoming_whisperkit.handler:
DEBUG:wyoming_whisperkit.handler:Completed request
DEBUG:wyoming_whisperkit.handler:Transcribe event
DEBUG:wyoming_whisperkit.handler:Receiving audio
DEBUG:wyoming_whisperkit.handler:VAD armed (608 ms speech)
INFO:wyoming_whisperkit.handler:VAD early trigger — 3.7 s audio collected (speech=1952 ms, silence=928 ms)
DEBUG:wyoming_whisperkit.handler:Transcribing 3.7 s of audio via WhisperKit (trigger=vad)
DEBUG:wyoming_whisperkit.handler:WhisperKit internal time: 664 ms  wall: 2786 ms
INFO:wyoming_whisperkit.handler:Play WFMU
DEBUG:wyoming_whisperkit.handler:Completed request
DEBUG:wyoming_whisperkit.handler:Receiving audio
DEBUG:wyoming_whisperkit.handler:AudioStop received (vad_triggered=False)
DEBUG:wyoming_whisperkit.handler:Transcribing 0.9 s of audio via WhisperKit (trigger=audio_stop)
DEBUG:wyoming_whisperkit.handler:WhisperKit internal time: 6 ms  wall: 1495 ms
INFO:wyoming_whisperkit.handler:
DEBUG:wyoming_whisperkit.handler:Completed request
DEBUG:wyoming_whisperkit.handler:Transcribe event
DEBUG:wyoming_whisperkit.handler:Receiving audio
DEBUG:wyoming_whisperkit.handler:VAD armed (608 ms speech)
INFO:wyoming_whisperkit.handler:VAD early trigger — 3.1 s audio collected (speech=1344 ms, silence=928 ms)
DEBUG:wyoming_whisperkit.handler:Transcribing 3.1 s of audio via WhisperKit (trigger=vad)
DEBUG:wyoming_whisperkit.handler:WhisperKit internal time: 385 ms  wall: 2469 ms
INFO:wyoming_whisperkit.handler:Play KEXP
DEBUG:wyoming_whisperkit.handler:Completed request
DEBUG:wyoming_whisperkit.handler:Receiving audio
DEBUG:wyoming_whisperkit.handler:AudioStop received (vad_triggered=False)
DEBUG:wyoming_whisperkit.handler:Transcribing 1.1 s of audio via WhisperKit (trigger=audio_stop)
DEBUG:wyoming_whisperkit.handler:WhisperKit internal time: 479 ms  wall: 2565 ms
INFO:wyoming_whisperkit.handler:[BLANK_AUDIO]
DEBUG:wyoming_whisperkit.handler:Completed request
DEBUG:wyoming_whisperkit.handler:Transcribe event
DEBUG:wyoming_whisperkit.handler:Receiving audio
DEBUG:wyoming_whisperkit.handler:VAD armed (608 ms speech)
INFO:wyoming_whisperkit.handler:VAD early trigger — 2.5 s audio collected (speech=1056 ms, silence=928 ms)
DEBUG:wyoming_whisperkit.handler:Transcribing 2.5 s of audio via WhisperKit (trigger=vad)
DEBUG:wyoming_whisperkit.handler:WhisperKit internal time: 614 ms  wall: 3410 ms
INFO:wyoming_whisperkit.handler:Play KEXP.
DEBUG:wyoming_whisperkit.handler:Completed request
DEBUG:wyoming_whisperkit.handler:Receiving audio
DEBUG:wyoming_whisperkit.handler:AudioStop received (vad_triggered=False)
DEBUG:wyoming_whisperkit.handler:Transcribing 1.2 s of audio via WhisperKit (trigger=audio_stop)
DEBUG:wyoming_whisperkit.handler:WhisperKit internal time: 420 ms  wall: 1286 ms
INFO:wyoming_whisperkit.handler:[BLANK_AUDIO]
DEBUG:wyoming_whisperkit.handler:Completed request
DEBUG:wyoming_whisperkit.handler:Transcribe event
DEBUG:wyoming_whisperkit.handler:Receiving audio
DEBUG:wyoming_whisperkit.handler:VAD armed (608 ms speech)
INFO:wyoming_whisperkit.handler:VAD early trigger — 2.6 s audio collected (speech=1248 ms, silence=928 ms)
DEBUG:wyoming_whisperkit.handler:Transcribing 2.6 s of audio via WhisperKit (trigger=vad)
DEBUG:wyoming_whisperkit.handler:WhisperKit internal time: 409 ms  wall: 2492 ms
INFO:wyoming_whisperkit.handler:Play WFMU.
DEBUG:wyoming_whisperkit.handler:Completed request
DEBUG:wyoming_whisperkit.handler:Receiving audio
DEBUG:wyoming_whisperkit.handler:AudioStop received (vad_triggered=False)
DEBUG:wyoming_whisperkit.handler:Transcribing 0.8 s of audio via WhisperKit (trigger=audio_stop)
DEBUG:wyoming_whisperkit.handler:WhisperKit internal time: 7 ms  wall: 1082 ms
INFO:wyoming_whisperkit.handler:
DEBUG:wyoming_whisperkit.handler:Completed request
DEBUG:wyoming_whisperkit.handler:Transcribe event
DEBUG:wyoming_whisperkit.handler:Receiving audio
DEBUG:wyoming_whisperkit.handler:VAD armed (608 ms speech)
INFO:wyoming_whisperkit.handler:VAD early trigger — 2.8 s audio collected (speech=1152 ms, silence=928 ms)
DEBUG:wyoming_whisperkit.handler:Transcribing 2.8 s of audio via WhisperKit (trigger=vad)
DEBUG:wyoming_whisperkit.handler:WhisperKit internal time: 461 ms  wall: 2440 ms
INFO:wyoming_whisperkit.handler:Plankie exp
DEBUG:wyoming_whisperkit.handler:Completed request
DEBUG:wyoming_whisperkit.handler:Receiving audio
DEBUG:wyoming_whisperkit.handler:AudioStop received (vad_triggered=False)
DEBUG:wyoming_whisperkit.handler:Transcribing 1.6 s of audio via WhisperKit (trigger=audio_stop)
DEBUG:wyoming_whisperkit.handler:WhisperKit internal time: 435 ms  wall: 1717 ms
INFO:wyoming_whisperkit.handler:[BLANK_AUDIO]
DEBUG:wyoming_whisperkit.handler:Completed request
DEBUG:wyoming_whisperkit.handler:Transcribe event
DEBUG:wyoming_whisperkit.handler:Receiving audio
DEBUG:wyoming_whisperkit.handler:VAD armed (608 ms speech)
INFO:wyoming_whisperkit.handler:VAD early trigger — 3.6 s audio collected (speech=1536 ms, silence=928 ms)
DEBUG:wyoming_whisperkit.handler:Transcribing 3.6 s of audio via WhisperKit (trigger=vad)
DEBUG:wyoming_whisperkit.handler:WhisperKit internal time: 325 ms  wall: 1859 ms
INFO:wyoming_whisperkit.handler:Play KEXP
DEBUG:wyoming_whisperkit.handler:Completed request
DEBUG:wyoming_whisperkit.handler:Receiving audio
DEBUG:wyoming_whisperkit.handler:AudioStop received (vad_triggered=False)
DEBUG:wyoming_whisperkit.handler:Transcribing 0.9 s of audio via WhisperKit (trigger=audio_stop)
DEBUG:wyoming_whisperkit.handler:WhisperKit internal time: 5 ms  wall: 1359 ms
INFO:wyoming_whisperkit.handler:
DEBUG:wyoming_whisperkit.handler:Completed request
DEBUG:wyoming_whisperkit.handler:Transcribe event
DEBUG:wyoming_whisperkit.handler:Receiving audio
DEBUG:wyoming_whisperkit.handler:VAD armed (608 ms speech)
INFO:wyoming_whisperkit.handler:VAD early trigger — 3.8 s audio collected (speech=1696 ms, silence=928 ms)
DEBUG:wyoming_whisperkit.handler:Transcribing 3.8 s of audio via WhisperKit (trigger=vad)
DEBUG:wyoming_whisperkit.handler:WhisperKit internal time: 391 ms  wall: 2381 ms
INFO:wyoming_whisperkit.handler:Play KCRW.
DEBUG:wyoming_whisperkit.handler:Completed request
DEBUG:wyoming_whisperkit.handler:Receiving audio
DEBUG:wyoming_whisperkit.handler:AudioStop received (vad_triggered=False)
DEBUG:wyoming_whisperkit.handler:Transcribing 0.8 s of audio via WhisperKit (trigger=audio_stop)
DEBUG:wyoming_whisperkit.handler:WhisperKit internal time: 4 ms  wall: 1069 ms
INFO:wyoming_whisperkit.handler:
DEBUG:wyoming_whisperkit.handler:Completed request
DEBUG:wyoming_whisperkit.handler:Transcribe event
DEBUG:wyoming_whisperkit.handler:Receiving audio
DEBUG:wyoming_whisperkit.handler:VAD armed (608 ms speech)
INFO:wyoming_whisperkit.handler:VAD early trigger — 4.3 s audio collected (speech=1248 ms, silence=928 ms)
DEBUG:wyoming_whisperkit.handler:Transcribing 4.3 s of audio via WhisperKit (trigger=vad)
DEBUG:wyoming_whisperkit.handler:WhisperKit internal time: 414 ms  wall: 2831 ms
INFO:wyoming_whisperkit.handler:Play WFMU.
DEBUG:wyoming_whisperkit.handler:Completed request
DEBUG:wyoming_whisperkit.handler:Receiving audio
DEBUG:wyoming_whisperkit.handler:AudioStop received (vad_triggered=False)
DEBUG:wyoming_whisperkit.handler:Transcribing 0.9 s of audio via WhisperKit (trigger=audio_stop)
DEBUG:wyoming_whisperkit.handler:WhisperKit internal time: 7 ms  wall: 1139 ms
INFO:wyoming_whisperkit.handler:
DEBUG:wyoming_whisperkit.handler:Completed request
DEBUG:wyoming_whisperkit.handler:Transcribe event
DEBUG:wyoming_whisperkit.handler:Receiving audio
DEBUG:wyoming_whisperkit.handler:VAD armed (608 ms speech)
INFO:wyoming_whisperkit.handler:VAD early trigger — 3.0 s audio collected (speech=1184 ms, silence=928 ms)
DEBUG:wyoming_whisperkit.handler:Transcribing 3.0 s of audio via WhisperKit (trigger=vad)
DEBUG:wyoming_whisperkit.handler:WhisperKit internal time: 391 ms  wall: 2504 ms
INFO:wyoming_whisperkit.handler:Play KEXP
DEBUG:wyoming_whisperkit.handler:Completed request
DEBUG:wyoming_whisperkit.handler:Receiving audio
DEBUG:wyoming_whisperkit.handler:AudioStop received (vad_triggered=False)
DEBUG:wyoming_whisperkit.handler:Transcribing 0.9 s of audio via WhisperKit (trigger=audio_stop)
DEBUG:wyoming_whisperkit.handler:WhisperKit internal time: 4 ms  wall: 1317 ms
INFO:wyoming_whisperkit.handler:
DEBUG:wyoming_whisperkit.handler:Completed request
DEBUG:wyoming_whisperkit.handler:Transcribe event
DEBUG:wyoming_whisperkit.handler:Receiving audio
DEBUG:wyoming_whisperkit.handler:VAD armed (608 ms speech)
INFO:wyoming_whisperkit.handler:VAD early trigger — 1.9 s audio collected (speech=704 ms, silence=928 ms)
DEBUG:wyoming_whisperkit.handler:Transcribing 1.9 s of audio via WhisperKit (trigger=vad)
DEBUG:wyoming_whisperkit.handler:WhisperKit internal time: 517 ms  wall: 2534 ms
INFO:wyoming_whisperkit.handler:Come on, boss.
DEBUG:wyoming_whisperkit.handler:Completed request
DEBUG:wyoming_whisperkit.handler:Receiving audio
DEBUG:wyoming_whisperkit.handler:AudioStop received (vad_triggered=False)
DEBUG:wyoming_whisperkit.handler:Transcribing 0.4 s of audio via WhisperKit (trigger=audio_stop)
DEBUG:wyoming_whisperkit.handler:WhisperKit internal time: 4 ms  wall: 1639 ms
INFO:wyoming_whisperkit.handler:
DEBUG:wyoming_whisperkit.handler:Completed request
DEBUG:wyoming_whisperkit.handler:Transcribe event
DEBUG:wyoming_whisperkit.handler:Receiving audio
DEBUG:wyoming_whisperkit.handler:VAD armed (608 ms speech)
INFO:wyoming_whisperkit.handler:VAD early trigger — 2.8 s audio collected (speech=1248 ms, silence=928 ms)
DEBUG:wyoming_whisperkit.handler:Transcribing 2.8 s of audio via WhisperKit (trigger=vad)
DEBUG:wyoming_whisperkit.handler:WhisperKit internal time: 469 ms  wall: 2084 ms
INFO:wyoming_whisperkit.handler:Play KEXP.
DEBUG:wyoming_whisperkit.handler:Completed request
DEBUG:wyoming_whisperkit.handler:Receiving audio
DEBUG:wyoming_whisperkit.handler:AudioStop received (vad_triggered=False)
DEBUG:wyoming_whisperkit.handler:Transcribing 0.9 s of audio via WhisperKit (trigger=audio_stop)
DEBUG:wyoming_whisperkit.handler:WhisperKit internal time: 5 ms  wall: 936 ms
INFO:wyoming_whisperkit.handler:
DEBUG:wyoming_whisperkit.handler:Completed request
DEBUG:wyoming_whisperkit.handler:Transcribe event
DEBUG:wyoming_whisperkit.handler:Receiving audio
DEBUG:wyoming_whisperkit.handler:VAD armed (608 ms speech)
INFO:wyoming_whisperkit.handler:VAD early trigger — 2.7 s audio collected (speech=1216 ms, silence=928 ms)
DEBUG:wyoming_whisperkit.handler:Transcribing 2.7 s of audio via WhisperKit (trigger=vad)
DEBUG:wyoming_whisperkit.handler:WhisperKit internal time: 537 ms  wall: 2354 ms
INFO:wyoming_whisperkit.handler:Please WFMU.
DEBUG:wyoming_whisperkit.handler:Completed request
DEBUG:wyoming_whisperkit.handler:Receiving audio
DEBUG:wyoming_whisperkit.handler:AudioStop received (vad_triggered=False)
DEBUG:wyoming_whisperkit.handler:Transcribing 0.8 s of audio via WhisperKit (trigger=audio_stop)
DEBUG:wyoming_whisperkit.handler:WhisperKit internal time: 4 ms  wall: 1236 ms
INFO:wyoming_whisperkit.handler:
DEBUG:wyoming_whisperkit.handler:Completed request
DEBUG:wyoming_whisperkit.handler:Transcribe event
DEBUG:wyoming_whisperkit.handler:Receiving audio
DEBUG:wyoming_whisperkit.handler:VAD armed (608 ms speech)
INFO:wyoming_whisperkit.handler:VAD early trigger — 2.9 s audio collected (speech=1216 ms, silence=928 ms)
DEBUG:wyoming_whisperkit.handler:Transcribing 2.9 s of audio via WhisperKit (trigger=vad)
DEBUG:wyoming_whisperkit.handler:WhisperKit internal time: 339 ms  wall: 1672 ms
INFO:wyoming_whisperkit.handler:Play WQBR.
DEBUG:wyoming_whisperkit.handler:Completed request
DEBUG:wyoming_whisperkit.handler:Receiving audio
DEBUG:wyoming_whisperkit.handler:AudioStop received (vad_triggered=False)
DEBUG:wyoming_whisperkit.handler:Transcribing 0.6 s of audio via WhisperKit (trigger=audio_stop)
DEBUG:wyoming_whisperkit.handler:WhisperKit internal time: 4 ms  wall: 1167 ms
INFO:wyoming_whisperkit.handler:
DEBUG:wyoming_whisperkit.handler:Completed request
DEBUG:wyoming_whisperkit.handler:Transcribe event
DEBUG:wyoming_whisperkit.handler:Receiving audio
DEBUG:wyoming_whisperkit.handler:VAD armed (608 ms speech)
INFO:wyoming_whisperkit.handler:VAD early trigger — 3.6 s audio collected (speech=1376 ms, silence=928 ms)
DEBUG:wyoming_whisperkit.handler:Transcribing 3.6 s of audio via WhisperKit (trigger=vad)
DEBUG:wyoming_whisperkit.handler:WhisperKit internal time: 349 ms  wall: 1805 ms
INFO:wyoming_whisperkit.handler:PlayWQXR
DEBUG:wyoming_whisperkit.handler:Completed request
DEBUG:wyoming_whisperkit.handler:Receiving audio
DEBUG:wyoming_whisperkit.handler:AudioStop received (vad_triggered=False)
DEBUG:wyoming_whisperkit.handler:Transcribing 0.2 s of audio via WhisperKit (trigger=audio_stop)
DEBUG:wyoming_whisperkit.handler:WhisperKit internal time: 7 ms  wall: 966 ms
INFO:wyoming_whisperkit.handler:
DEBUG:wyoming_whisperkit.handler:Completed request
DEBUG:wyoming_whisperkit.handler:Transcribe event
DEBUG:wyoming_whisperkit.handler:Receiving audio
DEBUG:wyoming_whisperkit.handler:VAD armed (608 ms speech)
INFO:wyoming_whisperkit.handler:VAD early trigger — 3.0 s audio collected (speech=1440 ms, silence=928 ms)
DEBUG:wyoming_whisperkit.handler:Transcribing 3.0 s of audio via WhisperKit (trigger=vad)
DEBUG:wyoming_whisperkit.handler:WhisperKit internal time: 323 ms  wall: 1527 ms
INFO:wyoming_whisperkit.handler:PlayWQXR
DEBUG:wyoming_whisperkit.handler:Completed request
DEBUG:wyoming_whisperkit.handler:Receiving audio
DEBUG:wyoming_whisperkit.handler:AudioStop received (vad_triggered=False)
DEBUG:wyoming_whisperkit.handler:Transcribing 0.8 s of audio via WhisperKit (trigger=audio_stop)
DEBUG:wyoming_whisperkit.handler:WhisperKit internal time: 4 ms  wall: 761 ms
INFO:wyoming_whisperkit.handler:
DEBUG:wyoming_whisperkit.handler:Completed request
DEBUG:wyoming_whisperkit.handler:Transcribe event
DEBUG:wyoming_whisperkit.handler:Receiving audio
DEBUG:wyoming_whisperkit.handler:VAD armed (608 ms speech)
INFO:wyoming_whisperkit.handler:VAD early trigger — 2.9 s audio collected (speech=1344 ms, silence=928 ms)
DEBUG:wyoming_whisperkit.handler:Transcribing 2.9 s of audio via WhisperKit (trigger=vad)
DEBUG:wyoming_whisperkit.handler:WhisperKit internal time: 338 ms  wall: 1740 ms
INFO:wyoming_whisperkit.handler:Play Elefant's Gerald.
DEBUG:wyoming_whisperkit.handler:Completed request
DEBUG:wyoming_whisperkit.handler:Receiving audio
DEBUG:wyoming_whisperkit.handler:AudioStop received (vad_triggered=False)
DEBUG:wyoming_whisperkit.handler:Transcribing 0.7 s of audio via WhisperKit (trigger=audio_stop)
DEBUG:wyoming_whisperkit.handler:WhisperKit internal time: 4 ms  wall: 1042 ms
INFO:wyoming_whisperkit.handler:
DEBUG:wyoming_whisperkit.handler:Completed request
DEBUG:wyoming_whisperkit.handler:Transcribe event
DEBUG:wyoming_whisperkit.handler:Receiving audio
DEBUG:wyoming_whisperkit.handler:AudioStop received (vad_triggered=False)
DEBUG:wyoming_whisperkit.handler:Transcribing 4.0 s of audio via WhisperKit (trigger=audio_stop)
DEBUG:wyoming_whisperkit.handler:WhisperKit internal time: 820 ms  wall: 3045 ms
INFO:wyoming_whisperkit.handler:Stop.
DEBUG:wyoming_whisperkit.handler:Completed request
DEBUG:wyoming_whisperkit.handler:Transcribe event
DEBUG:wyoming_whisperkit.handler:Receiving audio
DEBUG:wyoming_whisperkit.handler:VAD armed (608 ms speech)
INFO:wyoming_whisperkit.handler:VAD early trigger — 3.0 s audio collected (speech=1088 ms, silence=928 ms)
DEBUG:wyoming_whisperkit.handler:Transcribing 3.0 s of audio via WhisperKit (trigger=vad)
DEBUG:wyoming_whisperkit.handler:WhisperKit internal time: 1036 ms  wall: 5064 ms
INFO:wyoming_whisperkit.handler:play WFMU
DEBUG:wyoming_whisperkit.handler:Completed request
DEBUG:wyoming_whisperkit.handler:Receiving audio
DEBUG:wyoming_whisperkit.handler:AudioStop received (vad_triggered=False)
DEBUG:wyoming_whisperkit.handler:Transcribing 1.1 s of audio via WhisperKit (trigger=audio_stop)
DEBUG:wyoming_whisperkit.handler:WhisperKit internal time: 755 ms  wall: 3205 ms
INFO:wyoming_whisperkit.handler:(water splashing)
DEBUG:wyoming_whisperkit.handler:Completed request
DEBUG:wyoming_whisperkit.handler:Transcribe event
DEBUG:wyoming_whisperkit.handler:Receiving audio
DEBUG:wyoming_whisperkit.handler:AudioStop received (vad_triggered=False)
DEBUG:wyoming_whisperkit.handler:Transcribing 3.0 s of audio via WhisperKit (trigger=audio_stop)
DEBUG:wyoming_whisperkit.handler:WhisperKit internal time: 784 ms  wall: 3123 ms
INFO:wyoming_whisperkit.handler:pause
DEBUG:wyoming_whisperkit.handler:Completed request
DEBUG:wyoming_whisperkit.handler:Transcribe event
DEBUG:wyoming_whisperkit.handler:Receiving audio
DEBUG:wyoming_whisperkit.handler:AudioStop received (vad_triggered=False)
DEBUG:wyoming_whisperkit.handler:Transcribing 2.5 s of audio via WhisperKit (trigger=audio_stop)
DEBUG:wyoming_whisperkit.handler:WhisperKit internal time: 468 ms  wall: 2603 ms
INFO:wyoming_whisperkit.handler:Stop.
DEBUG:wyoming_whisperkit.handler:Completed request
DEBUG:wyoming_whisperkit.handler:Transcribe event
DEBUG:wyoming_whisperkit.handler:Receiving audio
DEBUG:wyoming_whisperkit.handler:AudioStop received (vad_triggered=False)
DEBUG:wyoming_whisperkit.handler:Transcribing 3.0 s of audio via WhisperKit (trigger=audio_stop)
DEBUG:wyoming_whisperkit.handler:WhisperKit internal time: 482 ms  wall: 2156 ms
INFO:wyoming_whisperkit.handler:Good night.
DEBUG:wyoming_whisperkit.handler:Completed request
DEBUG:wyoming_whisperkit.handler:Transcribe event
DEBUG:wyoming_whisperkit.handler:Receiving audio
DEBUG:wyoming_whisperkit.handler:VAD armed (608 ms speech)
INFO:wyoming_whisperkit.handler:VAD early trigger — 1.9 s audio collected (speech=864 ms, silence=928 ms)
DEBUG:wyoming_whisperkit.handler:Transcribing 1.9 s of audio via WhisperKit (trigger=vad)
DEBUG:wyoming_whisperkit.handler:WhisperKit internal time: 413 ms  wall: 2247 ms
INFO:wyoming_whisperkit.handler:Turn the speaker on.
DEBUG:wyoming_whisperkit.handler:Completed request
DEBUG:wyoming_whisperkit.handler:Receiving audio
DEBUG:wyoming_whisperkit.handler:AudioStop received (vad_triggered=False)
DEBUG:wyoming_whisperkit.handler:Transcribing 0.8 s of audio via WhisperKit (trigger=audio_stop)
DEBUG:wyoming_whisperkit.handler:WhisperKit internal time: 4 ms  wall: 1432 ms
INFO:wyoming_whisperkit.handler:
DEBUG:wyoming_whisperkit.handler:Completed request
DEBUG:wyoming_whisperkit.handler:Transcribe event
DEBUG:wyoming_whisperkit.handler:Receiving audio
DEBUG:wyoming_whisperkit.handler:VAD armed (608 ms speech)
INFO:wyoming_whisperkit.handler:VAD early trigger — 3.3 s audio collected (speech=1376 ms, silence=928 ms)
DEBUG:wyoming_whisperkit.handler:Transcribing 3.3 s of audio via WhisperKit (trigger=vad)
DEBUG:wyoming_whisperkit.handler:WhisperKit internal time: 874 ms  wall: 2958 ms
INFO:wyoming_whisperkit.handler:Play WQXR.
DEBUG:wyoming_whisperkit.handler:Completed request
DEBUG:wyoming_whisperkit.handler:Receiving audio
DEBUG:wyoming_whisperkit.handler:AudioStop received (vad_triggered=False)
DEBUG:wyoming_whisperkit.handler:Transcribing 0.8 s of audio via WhisperKit (trigger=audio_stop)
DEBUG:wyoming_whisperkit.handler:WhisperKit internal time: 4 ms  wall: 1297 ms
INFO:wyoming_whisperkit.handler:
DEBUG:wyoming_whisperkit.handler:Completed request
DEBUG:wyoming_whisperkit.handler:Transcribe event
DEBUG:wyoming_whisperkit.handler:Receiving audio
DEBUG:wyoming_whisperkit.handler:VAD armed (608 ms speech)
INFO:wyoming_whisperkit.handler:VAD early trigger — 3.2 s audio collected (speech=1280 ms, silence=928 ms)
DEBUG:wyoming_whisperkit.handler:Transcribing 3.2 s of audio via WhisperKit (trigger=vad)
DEBUG:wyoming_whisperkit.handler:WhisperKit internal time: 356 ms  wall: 1710 ms
INFO:wyoming_whisperkit.handler:Play KX
DEBUG:wyoming_whisperkit.handler:Completed request
DEBUG:wyoming_whisperkit.handler:Receiving audio
DEBUG:wyoming_whisperkit.handler:AudioStop received (vad_triggered=False)
DEBUG:wyoming_whisperkit.handler:Transcribing 0.8 s of audio via WhisperKit (trigger=audio_stop)
DEBUG:wyoming_whisperkit.handler:WhisperKit internal time: 5 ms  wall: 982 ms
INFO:wyoming_whisperkit.handler:
DEBUG:wyoming_whisperkit.handler:Completed request
DEBUG:wyoming_whisperkit.handler:Transcribe event
DEBUG:wyoming_whisperkit.handler:Receiving audio
DEBUG:wyoming_whisperkit.handler:VAD armed (608 ms speech)
INFO:wyoming_whisperkit.handler:VAD early trigger — 4.6 s audio collected (speech=1984 ms, silence=928 ms)
DEBUG:wyoming_whisperkit.handler:Transcribing 4.6 s of audio via WhisperKit (trigger=vad)
DEBUG:wyoming_whisperkit.handler:WhisperKit internal time: 350 ms  wall: 1702 ms
INFO:wyoming_whisperkit.handler:Play WQXR.
DEBUG:wyoming_whisperkit.handler:Completed request
DEBUG:wyoming_whisperkit.handler:Receiving audio
DEBUG:wyoming_whisperkit.handler:AudioStop received (vad_triggered=False)
DEBUG:wyoming_whisperkit.handler:Transcribing 0.7 s of audio via WhisperKit (trigger=audio_stop)
DEBUG:wyoming_whisperkit.handler:WhisperKit internal time: 12 ms  wall: 977 ms
INFO:wyoming_whisperkit.handler:
DEBUG:wyoming_whisperkit.handler:Completed request
DEBUG:wyoming_whisperkit.handler:Transcribe event
DEBUG:wyoming_whisperkit.handler:Receiving audio
DEBUG:wyoming_whisperkit.handler:VAD armed (608 ms speech)
INFO:wyoming_whisperkit.handler:VAD early trigger — 4.1 s audio collected (speech=2176 ms, silence=928 ms)
DEBUG:wyoming_whisperkit.handler:Transcribing 4.1 s of audio via WhisperKit (trigger=vad)
DEBUG:wyoming_whisperkit.handler:WhisperKit internal time: 314 ms  wall: 1676 ms
INFO:wyoming_whisperkit.handler:play KCRW
DEBUG:wyoming_whisperkit.handler:Completed request
DEBUG:wyoming_whisperkit.handler:Receiving audio
DEBUG:wyoming_whisperkit.handler:AudioStop received (vad_triggered=False)
DEBUG:wyoming_whisperkit.handler:Transcribing 0.7 s of audio via WhisperKit (trigger=audio_stop)
DEBUG:wyoming_whisperkit.handler:WhisperKit internal time: 4 ms  wall: 725 ms
INFO:wyoming_whisperkit.handler:
DEBUG:wyoming_whisperkit.handler:Completed request
DEBUG:wyoming_whisperkit.handler:Transcribe event
DEBUG:wyoming_whisperkit.handler:Receiving audio
DEBUG:wyoming_whisperkit.handler:VAD armed (608 ms speech)
INFO:wyoming_whisperkit.handler:VAD early trigger — 3.9 s audio collected (speech=1888 ms, silence=928 ms)
DEBUG:wyoming_whisperkit.handler:Transcribing 3.9 s of audio via WhisperKit (trigger=vad)
DEBUG:wyoming_whisperkit.handler:WhisperKit internal time: 422 ms  wall: 2275 ms
INFO:wyoming_whisperkit.handler:Play WFMU.
DEBUG:wyoming_whisperkit.handler:Completed request
DEBUG:wyoming_whisperkit.handler:Receiving audio
DEBUG:wyoming_whisperkit.handler:AudioStop received (vad_triggered=False)
DEBUG:wyoming_whisperkit.handler:Transcribing 1.1 s of audio via WhisperKit (trigger=audio_stop)
DEBUG:wyoming_whisperkit.handler:WhisperKit internal time: 308 ms  wall: 1341 ms
INFO:wyoming_whisperkit.handler:[BLANK_AUDIO]
DEBUG:wyoming_whisperkit.handler:Completed request
DEBUG:wyoming_whisperkit.handler:Transcribe event
DEBUG:wyoming_whisperkit.handler:Receiving audio
DEBUG:wyoming_whisperkit.handler:VAD armed (608 ms speech)
INFO:wyoming_whisperkit.handler:VAD early trigger — 2.0 s audio collected (speech=704 ms, silence=928 ms)
DEBUG:wyoming_whisperkit.handler:Transcribing 2.0 s of audio via WhisperKit (trigger=vad)
DEBUG:wyoming_whisperkit.handler:WhisperKit internal time: 355 ms  wall: 2191 ms
INFO:wyoming_whisperkit.handler:Stop.
DEBUG:wyoming_whisperkit.handler:Completed request
DEBUG:wyoming_whisperkit.handler:Receiving audio
DEBUG:wyoming_whisperkit.handler:AudioStop received (vad_triggered=False)
DEBUG:wyoming_whisperkit.handler:Transcribing 0.6 s of audio via WhisperKit (trigger=audio_stop)
DEBUG:wyoming_whisperkit.handler:WhisperKit internal time: 4 ms  wall: 1285 ms
INFO:wyoming_whisperkit.handler:
DEBUG:wyoming_whisperkit.handler:Completed request
DEBUG:wyoming_whisperkit.handler:Transcribe event
DEBUG:wyoming_whisperkit.handler:Receiving audio
DEBUG:wyoming_whisperkit.handler:AudioStop received (vad_triggered=False)
DEBUG:wyoming_whisperkit.handler:Transcribing 3.7 s of audio via WhisperKit (trigger=audio_stop)
DEBUG:wyoming_whisperkit.handler:WhisperKit internal time: 382 ms  wall: 2189 ms
INFO:wyoming_whisperkit.handler:Good night.
DEBUG:wyoming_whisperkit.handler:Completed request
DEBUG:wyoming_whisperkit.handler:Transcribe event
DEBUG:wyoming_whisperkit.handler:Receiving audio
DEBUG:wyoming_whisperkit.handler:VAD armed (608 ms speech)
INFO:wyoming_whisperkit.handler:VAD early trigger — 2.1 s audio collected (speech=992 ms, silence=928 ms)
DEBUG:wyoming_whisperkit.handler:Transcribing 2.1 s of audio via WhisperKit (trigger=vad)
DEBUG:wyoming_whisperkit.handler:WhisperKit internal time: 406 ms  wall: 2339 ms
INFO:wyoming_whisperkit.handler:Turn the speaker on.
DEBUG:wyoming_whisperkit.handler:Completed request
DEBUG:wyoming_whisperkit.handler:Receiving audio
DEBUG:wyoming_whisperkit.handler:AudioStop received (vad_triggered=False)
DEBUG:wyoming_whisperkit.handler:Transcribing 2.4 s of audio via WhisperKit (trigger=audio_stop)
DEBUG:wyoming_whisperkit.handler:WhisperKit internal time: 365 ms  wall: 2192 ms
INFO:wyoming_whisperkit.handler:(water splashing)
DEBUG:wyoming_whisperkit.handler:Completed request
DEBUG:wyoming_whisperkit.handler:Transcribe event
DEBUG:wyoming_whisperkit.handler:Receiving audio
DEBUG:wyoming_whisperkit.handler:VAD armed (608 ms speech)
INFO:wyoming_whisperkit.handler:VAD early trigger — 3.3 s audio collected (speech=1600 ms, silence=928 ms)
DEBUG:wyoming_whisperkit.handler:Transcribing 3.3 s of audio via WhisperKit (trigger=vad)
DEBUG:wyoming_whisperkit.handler:WhisperKit internal time: 383 ms  wall: 2221 ms
INFO:wyoming_whisperkit.handler:Play WQXR.
DEBUG:wyoming_whisperkit.handler:Completed request
DEBUG:wyoming_whisperkit.handler:Receiving audio
DEBUG:wyoming_whisperkit.handler:AudioStop received (vad_triggered=False)
DEBUG:wyoming_whisperkit.handler:Transcribing 0.8 s of audio via WhisperKit (trigger=audio_stop)
DEBUG:wyoming_whisperkit.handler:WhisperKit internal time: 7 ms  wall: 1417 ms
INFO:wyoming_whisperkit.handler:
DEBUG:wyoming_whisperkit.handler:Completed request
DEBUG:wyoming_whisperkit.handler:Transcribe event
DEBUG:wyoming_whisperkit.handler:Receiving audio
DEBUG:wyoming_whisperkit.handler:VAD armed (608 ms speech)
INFO:wyoming_whisperkit.handler:VAD early trigger — 14.6 s audio collected (speech=8320 ms, silence=928 ms)
DEBUG:wyoming_whisperkit.handler:Transcribing 14.6 s of audio via WhisperKit (trigger=vad)
DEBUG:wyoming_whisperkit.handler:WhisperKit internal time: 1482 ms  wall: 3128 ms
INFO:wyoming_whisperkit.handler:Stop. I just want to watch the end of this game. I'll... I'll... Oh, yeah, okay. I'll just... I'll just... the beast was so... Yeah, yeah. No, I'll do the... I'll do the thing. Yeah. So...
DEBUG:wyoming_whisperkit.handler:Completed request
DEBUG:wyoming_whisperkit.handler:Receiving audio
DEBUG:wyoming_whisperkit.handler:AudioStop received (vad_triggered=False)
DEBUG:wyoming_whisperkit.handler:Transcribing 0.4 s of audio via WhisperKit (trigger=audio_stop)
DEBUG:wyoming_whisperkit.handler:WhisperKit internal time: 5 ms  wall: 1708 ms
INFO:wyoming_whisperkit.handler:
DEBUG:wyoming_whisperkit.handler:Completed request
DEBUG:wyoming_whisperkit.handler:Transcribe event
DEBUG:wyoming_whisperkit.handler:Receiving audio
DEBUG:wyoming_whisperkit.handler:AudioStop received (vad_triggered=False)
DEBUG:wyoming_whisperkit.handler:Transcribing 2.8 s of audio via WhisperKit (trigger=audio_stop)
DEBUG:wyoming_whisperkit.handler:WhisperKit internal time: 342 ms  wall: 2271 ms
INFO:wyoming_whisperkit.handler:Stop.
DEBUG:wyoming_whisperkit.handler:Completed request
DEBUG:wyoming_whisperkit.handler:Transcribe event
DEBUG:wyoming_whisperkit.handler:Receiving audio
DEBUG:wyoming_whisperkit.handler:AudioStop received (vad_triggered=False)
DEBUG:wyoming_whisperkit.handler:Transcribing 3.7 s of audio via WhisperKit (trigger=audio_stop)
DEBUG:wyoming_whisperkit.handler:WhisperKit internal time: 374 ms  wall: 2265 ms
INFO:wyoming_whisperkit.handler:Good night.
DEBUG:wyoming_whisperkit.handler:Completed request
DEBUG:wyoming_whisperkit.handler:Transcribe event
DEBUG:wyoming_whisperkit.handler:Receiving audio
DEBUG:wyoming_whisperkit.handler:VAD armed (608 ms speech)
INFO:wyoming_whisperkit.handler:VAD early trigger — 2.2 s audio collected (speech=640 ms, silence=928 ms)
DEBUG:wyoming_whisperkit.handler:Transcribing 2.2 s of audio via WhisperKit (trigger=vad)
DEBUG:wyoming_whisperkit.handler:WhisperKit internal time: 360 ms  wall: 2238 ms
INFO:wyoming_whisperkit.handler:to another fight
DEBUG:wyoming_whisperkit.handler:Completed request
DEBUG:wyoming_whisperkit.handler:Receiving audio
DEBUG:wyoming_whisperkit.handler:AudioStop received (vad_triggered=False)
DEBUG:wyoming_whisperkit.handler:Transcribing 0.8 s of audio via WhisperKit (trigger=audio_stop)
DEBUG:wyoming_whisperkit.handler:WhisperKit internal time: 4 ms  wall: 1492 ms
INFO:wyoming_whisperkit.handler:
DEBUG:wyoming_whisperkit.handler:Completed request
DEBUG:wyoming_whisperkit.handler:Transcribe event
DEBUG:wyoming_whisperkit.handler:Receiving audio
DEBUG:wyoming_whisperkit.handler:VAD armed (608 ms speech)
INFO:wyoming_whisperkit.handler:VAD early trigger — 2.7 s audio collected (speech=640 ms, silence=928 ms)
DEBUG:wyoming_whisperkit.handler:Transcribing 2.7 s of audio via WhisperKit (trigger=vad)
DEBUG:wyoming_whisperkit.handler:WhisperKit internal time: 323 ms  wall: 1826 ms
INFO:wyoming_whisperkit.handler:Turn on the light.
DEBUG:wyoming_whisperkit.handler:Completed request
DEBUG:wyoming_whisperkit.handler:Receiving audio
DEBUG:wyoming_whisperkit.handler:AudioStop received (vad_triggered=False)
DEBUG:wyoming_whisperkit.handler:Transcribing 0.6 s of audio via WhisperKit (trigger=audio_stop)
DEBUG:wyoming_whisperkit.handler:WhisperKit internal time: 4 ms  wall: 1644 ms
INFO:wyoming_whisperkit.handler:
DEBUG:wyoming_whisperkit.handler:Completed request
DEBUG:wyoming_whisperkit.handler:Transcribe event
DEBUG:wyoming_whisperkit.handler:Receiving audio
DEBUG:wyoming_whisperkit.handler:VAD armed (608 ms speech)
INFO:wyoming_whisperkit.handler:VAD early trigger — 2.6 s audio collected (speech=928 ms, silence=928 ms)
DEBUG:wyoming_whisperkit.handler:Transcribing 2.6 s of audio via WhisperKit (trigger=vad)
DEBUG:wyoming_whisperkit.handler:WhisperKit internal time: 469 ms  wall: 2987 ms
INFO:wyoming_whisperkit.handler:Turn the speaker on.
DEBUG:wyoming_whisperkit.handler:Completed request
DEBUG:wyoming_whisperkit.handler:Receiving audio
DEBUG:wyoming_whisperkit.handler:AudioStop received (vad_triggered=False)
DEBUG:wyoming_whisperkit.handler:Transcribing 0.7 s of audio via WhisperKit (trigger=audio_stop)
DEBUG:wyoming_whisperkit.handler:WhisperKit internal time: 5 ms  wall: 1581 ms
INFO:wyoming_whisperkit.handler:
DEBUG:wyoming_whisperkit.handler:Completed request
DEBUG:wyoming_whisperkit.handler:Transcribe event
DEBUG:wyoming_whisperkit.handler:Receiving audio
DEBUG:wyoming_whisperkit.handler:VAD armed (608 ms speech)
INFO:wyoming_whisperkit.handler:VAD early trigger — 2.5 s audio collected (speech=1248 ms, silence=928 ms)
DEBUG:wyoming_whisperkit.handler:Transcribing 2.5 s of audio via WhisperKit (trigger=vad)
DEBUG:wyoming_whisperkit.handler:WhisperKit internal time: 376 ms  wall: 1978 ms
INFO:wyoming_whisperkit.handler:Play WNYC.
DEBUG:wyoming_whisperkit.handler:Completed request
DEBUG:wyoming_whisperkit.handler:Receiving audio
DEBUG:wyoming_whisperkit.handler:AudioStop received (vad_triggered=False)
DEBUG:wyoming_whisperkit.handler:Transcribing 0.8 s of audio via WhisperKit (trigger=audio_stop)
DEBUG:wyoming_whisperkit.handler:WhisperKit internal time: 4 ms  wall: 1314 ms
INFO:wyoming_whisperkit.handler:
DEBUG:wyoming_whisperkit.handler:Completed request
DEBUG:wyoming_whisperkit.handler:Transcribe event
DEBUG:wyoming_whisperkit.handler:Receiving audio
DEBUG:wyoming_whisperkit.handler:VAD armed (608 ms speech)
INFO:wyoming_whisperkit.handler:VAD early trigger — 2.8 s audio collected (speech=1216 ms, silence=928 ms)
DEBUG:wyoming_whisperkit.handler:Transcribing 2.8 s of audio via WhisperKit (trigger=vad)
DEBUG:wyoming_whisperkit.handler:WhisperKit internal time: 406 ms  wall: 2307 ms
INFO:wyoming_whisperkit.handler:Play WNYC.
DEBUG:wyoming_whisperkit.handler:Completed request
DEBUG:wyoming_whisperkit.handler:Receiving audio
DEBUG:wyoming_whisperkit.handler:AudioStop received (vad_triggered=False)
DEBUG:wyoming_whisperkit.handler:Transcribing 0.8 s of audio via WhisperKit (trigger=audio_stop)
DEBUG:wyoming_whisperkit.handler:WhisperKit internal time: 4 ms  wall: 1132 ms
INFO:wyoming_whisperkit.handler:
DEBUG:wyoming_whisperkit.handler:Completed request
DEBUG:wyoming_whisperkit.handler:Sent info
DEBUG:wyoming_whisperkit.handler:Transcribe event
DEBUG:wyoming_whisperkit.handler:Receiving audio
DEBUG:wyoming_whisperkit.handler:VAD armed (608 ms speech)
INFO:wyoming_whisperkit.handler:VAD early trigger — 3.2 s audio collected (speech=1472 ms, silence=928 ms)
DEBUG:wyoming_whisperkit.handler:Transcribing 3.2 s of audio via WhisperKit (trigger=vad)
DEBUG:wyoming_whisperkit.handler:WhisperKit internal time: 469 ms  wall: 3548 ms
INFO:wyoming_whisperkit.handler:PlayWNYC
DEBUG:wyoming_whisperkit.handler:Completed request
DEBUG:wyoming_whisperkit.handler:Receiving audio
DEBUG:wyoming_whisperkit.handler:AudioStop received (vad_triggered=False)
DEBUG:wyoming_whisperkit.handler:Transcribing 0.9 s of audio via WhisperKit (trigger=audio_stop)
DEBUG:wyoming_whisperkit.handler:WhisperKit internal time: 4 ms  wall: 1006 ms
INFO:wyoming_whisperkit.handler:
DEBUG:wyoming_whisperkit.handler:Completed request
DEBUG:wyoming_whisperkit.handler:Transcribe event
DEBUG:wyoming_whisperkit.handler:Receiving audio
DEBUG:wyoming_whisperkit.handler:VAD armed (608 ms speech)
INFO:wyoming_whisperkit.handler:VAD early trigger — 2.9 s audio collected (speech=1632 ms, silence=928 ms)
DEBUG:wyoming_whisperkit.handler:Transcribing 2.9 s of audio via WhisperKit (trigger=vad)
DEBUG:wyoming_whisperkit.handler:WhisperKit internal time: 515 ms  wall: 2559 ms
INFO:wyoming_whisperkit.handler:Play WNYC
DEBUG:wyoming_whisperkit.handler:Completed request
DEBUG:wyoming_whisperkit.handler:Receiving audio
DEBUG:wyoming_whisperkit.handler:AudioStop received (vad_triggered=False)
DEBUG:wyoming_whisperkit.handler:Transcribing 0.9 s of audio via WhisperKit (trigger=audio_stop)
DEBUG:wyoming_whisperkit.handler:WhisperKit internal time: 5 ms  wall: 3077 ms
INFO:wyoming_whisperkit.handler:
DEBUG:wyoming_whisperkit.handler:Completed request
DEBUG:wyoming_whisperkit.handler:Transcribe event
DEBUG:wyoming_whisperkit.handler:Receiving audio
DEBUG:wyoming_whisperkit.handler:VAD armed (608 ms speech)
INFO:wyoming_whisperkit.handler:VAD early trigger — 2.9 s audio collected (speech=1408 ms, silence=928 ms)
DEBUG:wyoming_whisperkit.handler:Transcribing 2.9 s of audio via WhisperKit (trigger=vad)
DEBUG:wyoming_whisperkit.handler:WhisperKit internal time: 488 ms  wall: 2981 ms
INFO:wyoming_whisperkit.handler:Play WNYC.
DEBUG:wyoming_whisperkit.handler:Completed request
DEBUG:wyoming_whisperkit.handler:Receiving audio
DEBUG:wyoming_whisperkit.handler:AudioStop received (vad_triggered=False)
DEBUG:wyoming_whisperkit.handler:Transcribing 0.9 s of audio via WhisperKit (trigger=audio_stop)
DEBUG:wyoming_whisperkit.handler:WhisperKit internal time: 11 ms  wall: 1842 ms
INFO:wyoming_whisperkit.handler:
DEBUG:wyoming_whisperkit.handler:Completed request
DEBUG:wyoming_whisperkit.handler:Transcribe event
DEBUG:wyoming_whisperkit.handler:Receiving audio
DEBUG:wyoming_whisperkit.handler:VAD armed (608 ms speech)
INFO:wyoming_whisperkit.handler:VAD early trigger — 3.8 s audio collected (speech=1216 ms, silence=928 ms)
DEBUG:wyoming_whisperkit.handler:Transcribing 3.8 s of audio via WhisperKit (trigger=vad)
DEBUG:wyoming_whisperkit.handler:WhisperKit internal time: 357 ms  wall: 3281 ms
INFO:wyoming_whisperkit.handler:play WNYC
DEBUG:wyoming_whisperkit.handler:Completed request
DEBUG:wyoming_whisperkit.handler:Receiving audio
DEBUG:wyoming_whisperkit.handler:AudioStop received (vad_triggered=False)
DEBUG:wyoming_whisperkit.handler:Transcribing 0.2 s of audio via WhisperKit (trigger=audio_stop)
DEBUG:wyoming_whisperkit.handler:WhisperKit internal time: 7 ms  wall: 1152 ms
INFO:wyoming_whisperkit.handler:
DEBUG:wyoming_whisperkit.handler:Completed request
DEBUG:wyoming_whisperkit.handler:Transcribe event
DEBUG:wyoming_whisperkit.handler:Receiving audio
DEBUG:wyoming_whisperkit.handler:VAD armed (608 ms speech)
INFO:wyoming_whisperkit.handler:VAD early trigger — 3.4 s audio collected (speech=1440 ms, silence=928 ms)
DEBUG:wyoming_whisperkit.handler:Transcribing 3.4 s of audio via WhisperKit (trigger=vad)
DEBUG:wyoming_whisperkit.handler:WhisperKit internal time: 545 ms  wall: 2918 ms
INFO:wyoming_whisperkit.handler:effect. Play WFMU.
DEBUG:wyoming_whisperkit.handler:Completed request
DEBUG:wyoming_whisperkit.handler:Receiving audio
DEBUG:wyoming_whisperkit.handler:AudioStop received (vad_triggered=False)
DEBUG:wyoming_whisperkit.handler:Transcribing 0.8 s of audio via WhisperKit (trigger=audio_stop)
DEBUG:wyoming_whisperkit.handler:WhisperKit internal time: 5 ms  wall: 1828 ms
INFO:wyoming_whisperkit.handler:
DEBUG:wyoming_whisperkit.handler:Completed request
DEBUG:wyoming_whisperkit.handler:Transcribe event
DEBUG:wyoming_whisperkit.handler:Receiving audio
DEBUG:wyoming_whisperkit.handler:VAD armed (608 ms speech)
INFO:wyoming_whisperkit.handler:VAD early trigger — 3.5 s audio collected (speech=1952 ms, silence=928 ms)
DEBUG:wyoming_whisperkit.handler:Transcribing 3.5 s of audio via WhisperKit (trigger=vad)
DEBUG:wyoming_whisperkit.handler:WhisperKit internal time: 379 ms  wall: 2395 ms
INFO:wyoming_whisperkit.handler:Please type WFMU.
DEBUG:wyoming_whisperkit.handler:Completed request
DEBUG:wyoming_whisperkit.handler:Receiving audio
DEBUG:wyoming_whisperkit.handler:AudioStop received (vad_triggered=False)
DEBUG:wyoming_whisperkit.handler:Transcribing 1.1 s of audio via WhisperKit (trigger=audio_stop)
DEBUG:wyoming_whisperkit.handler:WhisperKit internal time: 304 ms  wall: 1687 ms
INFO:wyoming_whisperkit.handler:[water splashing]
DEBUG:wyoming_whisperkit.handler:Completed request
DEBUG:wyoming_whisperkit.handler:Transcribe event
DEBUG:wyoming_whisperkit.handler:Receiving audio
DEBUG:wyoming_whisperkit.handler:VAD armed (608 ms speech)
INFO:wyoming_whisperkit.handler:VAD early trigger — 2.5 s audio collected (speech=1280 ms, silence=928 ms)
DEBUG:wyoming_whisperkit.handler:Transcribing 2.5 s of audio via WhisperKit (trigger=vad)
DEBUG:wyoming_whisperkit.handler:WhisperKit internal time: 371 ms  wall: 2670 ms
INFO:wyoming_whisperkit.handler:Play WFMU.
DEBUG:wyoming_whisperkit.handler:Completed request
DEBUG:wyoming_whisperkit.handler:Receiving audio
DEBUG:wyoming_whisperkit.handler:AudioStop received (vad_triggered=False)
DEBUG:wyoming_whisperkit.handler:Transcribing 1.5 s of audio via WhisperKit (trigger=audio_stop)
DEBUG:wyoming_whisperkit.handler:WhisperKit internal time: 304 ms  wall: 1771 ms
INFO:wyoming_whisperkit.handler:(water splashing)
DEBUG:wyoming_whisperkit.handler:Completed request
DEBUG:wyoming_whisperkit.handler:Transcribe event
DEBUG:wyoming_whisperkit.handler:Receiving audio
DEBUG:wyoming_whisperkit.handler:VAD armed (608 ms speech)
INFO:wyoming_whisperkit.handler:VAD early trigger — 4.6 s audio collected (speech=2304 ms, silence=928 ms)
DEBUG:wyoming_whisperkit.handler:Transcribing 4.6 s of audio via WhisperKit (trigger=vad)
DEBUG:wyoming_whisperkit.handler:WhisperKit internal time: 535 ms  wall: 2457 ms
INFO:wyoming_whisperkit.handler:Play WQXR.
DEBUG:wyoming_whisperkit.handler:Completed request
DEBUG:wyoming_whisperkit.handler:Receiving audio
DEBUG:wyoming_whisperkit.handler:AudioStop received (vad_triggered=False)
DEBUG:wyoming_whisperkit.handler:Transcribing 0.8 s of audio via WhisperKit (trigger=audio_stop)
DEBUG:wyoming_whisperkit.handler:WhisperKit internal time: 6 ms  wall: 2031 ms
INFO:wyoming_whisperkit.handler:
DEBUG:wyoming_whisperkit.handler:Completed request
DEBUG:wyoming_whisperkit.handler:Transcribe event
DEBUG:wyoming_whisperkit.handler:Receiving audio
DEBUG:wyoming_whisperkit.handler:VAD armed (608 ms speech)
DEBUG:wyoming_whisperkit.handler:AudioStop received (vad_triggered=False)
DEBUG:wyoming_whisperkit.handler:Transcribing 3.4 s of audio via WhisperKit (trigger=audio_stop)
DEBUG:wyoming_whisperkit.handler:WhisperKit internal time: 477 ms  wall: 6539 ms
INFO:wyoming_whisperkit.handler:Okay Naboo, goodnight!
DEBUG:wyoming_whisperkit.handler:Completed request
DEBUG:wyoming_whisperkit.handler:Transcribe event
DEBUG:wyoming_whisperkit.handler:Receiving audio
DEBUG:wyoming_whisperkit.handler:AudioStop received (vad_triggered=False)
DEBUG:wyoming_whisperkit.handler:Transcribing 8.4 s of audio via WhisperKit (trigger=audio_stop)
DEBUG:wyoming_whisperkit.handler:WhisperKit internal time: 338 ms  wall: 6188 ms
INFO:wyoming_whisperkit.handler:Good night!
DEBUG:wyoming_whisperkit.handler:Completed request
DEBUG:wyoming_whisperkit.handler:Transcribe event
DEBUG:wyoming_whisperkit.handler:Receiving audio
DEBUG:wyoming_whisperkit.handler:VAD armed (608 ms speech)
INFO:wyoming_whisperkit.handler:VAD early trigger — 8.3 s audio collected (speech=3392 ms, silence=928 ms)
DEBUG:wyoming_whisperkit.handler:Transcribing 8.3 s of audio via WhisperKit (trigger=vad)
DEBUG:wyoming_whisperkit.handler:WhisperKit internal time: 816 ms  wall: 2564 ms
INFO:wyoming_whisperkit.handler:Well, if you don't, I know someone that could do it for you. Pretty cheap. It's a special price.
DEBUG:wyoming_whisperkit.handler:Completed request
DEBUG:wyoming_whisperkit.handler:Receiving audio
DEBUG:wyoming_whisperkit.handler:AudioStop received (vad_triggered=False)
DEBUG:wyoming_whisperkit.handler:Transcribing 1.0 s of audio via WhisperKit (trigger=audio_stop)
DEBUG:wyoming_whisperkit.handler:WhisperKit internal time: 290 ms  wall: 1650 ms
INFO:wyoming_whisperkit.handler:[MUSIC]
DEBUG:wyoming_whisperkit.handler:Completed request
DEBUG:wyoming_whisperkit.handler:Transcribe event
DEBUG:wyoming_whisperkit.handler:Receiving audio
DEBUG:wyoming_whisperkit.handler:VAD armed (608 ms speech)
INFO:wyoming_whisperkit.handler:VAD early trigger — 2.8 s audio collected (speech=864 ms, silence=928 ms)
DEBUG:wyoming_whisperkit.handler:Transcribing 2.8 s of audio via WhisperKit (trigger=vad)
DEBUG:wyoming_whisperkit.handler:WhisperKit internal time: 375 ms  wall: 2059 ms
INFO:wyoming_whisperkit.handler:Turn the speaker on.
DEBUG:wyoming_whisperkit.handler:Completed request
DEBUG:wyoming_whisperkit.handler:Receiving audio
DEBUG:wyoming_whisperkit.handler:AudioStop received (vad_triggered=False)
DEBUG:wyoming_whisperkit.handler:Transcribing 0.8 s of audio via WhisperKit (trigger=audio_stop)
DEBUG:wyoming_whisperkit.handler:WhisperKit internal time: 4 ms  wall: 1362 ms
INFO:wyoming_whisperkit.handler:
DEBUG:wyoming_whisperkit.handler:Completed request
DEBUG:wyoming_whisperkit.handler:Transcribe event
DEBUG:wyoming_whisperkit.handler:Receiving audio
DEBUG:wyoming_whisperkit.handler:VAD armed (608 ms speech)
INFO:wyoming_whisperkit.handler:VAD early trigger — 2.3 s audio collected (speech=1280 ms, silence=928 ms)
DEBUG:wyoming_whisperkit.handler:Transcribing 2.3 s of audio via WhisperKit (trigger=vad)
DEBUG:wyoming_whisperkit.handler:WhisperKit internal time: 314 ms  wall: 1723 ms
INFO:wyoming_whisperkit.handler:Play WNYC.
DEBUG:wyoming_whisperkit.handler:Completed request
DEBUG:wyoming_whisperkit.handler:Receiving audio
DEBUG:wyoming_whisperkit.handler:AudioStop received (vad_triggered=False)
DEBUG:wyoming_whisperkit.handler:Transcribing 0.8 s of audio via WhisperKit (trigger=audio_stop)
DEBUG:wyoming_whisperkit.handler:WhisperKit internal time: 4 ms  wall: 1036 ms
INFO:wyoming_whisperkit.handler:
DEBUG:wyoming_whisperkit.handler:Completed request
DEBUG:wyoming_whisperkit.handler:Transcribe event
DEBUG:wyoming_whisperkit.handler:Receiving audio
DEBUG:wyoming_whisperkit.handler:VAD armed (608 ms speech)
INFO:wyoming_whisperkit.handler:VAD early trigger — 2.9 s audio collected (speech=1312 ms, silence=928 ms)
DEBUG:wyoming_whisperkit.handler:Transcribing 2.9 s of audio via WhisperKit (trigger=vad)
DEBUG:wyoming_whisperkit.handler:WhisperKit internal time: 486 ms  wall: 2746 ms
INFO:wyoming_whisperkit.handler:play WFMU
DEBUG:wyoming_whisperkit.handler:Completed request
DEBUG:wyoming_whisperkit.handler:Receiving audio
DEBUG:wyoming_whisperkit.handler:AudioStop received (vad_triggered=False)
DEBUG:wyoming_whisperkit.handler:Transcribing 1.2 s of audio via WhisperKit (trigger=audio_stop)
DEBUG:wyoming_whisperkit.handler:WhisperKit internal time: 520 ms  wall: 2709 ms
INFO:wyoming_whisperkit.handler:[BLANK_AUDIO]
DEBUG:wyoming_whisperkit.handler:Completed request
DEBUG:wyoming_whisperkit.handler:Transcribe event
DEBUG:wyoming_whisperkit.handler:Receiving audio
DEBUG:wyoming_whisperkit.handler:AudioStop received (vad_triggered=False)
DEBUG:wyoming_whisperkit.handler:Transcribing 2.9 s of audio via WhisperKit (trigger=audio_stop)
DEBUG:wyoming_whisperkit.handler:WhisperKit internal time: 466 ms  wall: 2532 ms
INFO:wyoming_whisperkit.handler:Pause.
DEBUG:wyoming_whisperkit.handler:Completed request
DEBUG:wyoming_whisperkit.handler:Transcribe event
DEBUG:wyoming_whisperkit.handler:Receiving audio
DEBUG:wyoming_whisperkit.handler:AudioStop received (vad_triggered=False)
DEBUG:wyoming_whisperkit.handler:Transcribing 4.1 s of audio via WhisperKit (trigger=audio_stop)
DEBUG:wyoming_whisperkit.handler:WhisperKit internal time: 399 ms  wall: 2346 ms
INFO:wyoming_whisperkit.handler:Goodnight.
DEBUG:wyoming_whisperkit.handler:Completed request
DEBUG:wyoming_whisperkit.handler:Transcribe event
DEBUG:wyoming_whisperkit.handler:Receiving audio
DEBUG:wyoming_whisperkit.handler:VAD armed (608 ms speech)
INFO:wyoming_whisperkit.handler:VAD early trigger — 2.2 s audio collected (speech=608 ms, silence=928 ms)
DEBUG:wyoming_whisperkit.handler:Transcribing 2.2 s of audio via WhisperKit (trigger=vad)
DEBUG:wyoming_whisperkit.handler:WhisperKit internal time: 402 ms  wall: 2721 ms
INFO:wyoming_whisperkit.handler:Turn on the light.
DEBUG:wyoming_whisperkit.handler:Completed request
DEBUG:wyoming_whisperkit.handler:Receiving audio
DEBUG:wyoming_whisperkit.handler:AudioStop received (vad_triggered=False)
DEBUG:wyoming_whisperkit.handler:Transcribing 1.1 s of audio via WhisperKit (trigger=audio_stop)
DEBUG:wyoming_whisperkit.handler:WhisperKit internal time: 312 ms  wall: 1775 ms
INFO:wyoming_whisperkit.handler:(water splashing)
DEBUG:wyoming_whisperkit.handler:Completed request
DEBUG:wyoming_whisperkit.handler:Transcribe event
DEBUG:wyoming_whisperkit.handler:Receiving audio
DEBUG:wyoming_whisperkit.handler:VAD armed (608 ms speech)
INFO:wyoming_whisperkit.handler:VAD early trigger — 2.6 s audio collected (speech=864 ms, silence=928 ms)
DEBUG:wyoming_whisperkit.handler:Transcribing 2.6 s of audio via WhisperKit (trigger=vad)
DEBUG:wyoming_whisperkit.handler:WhisperKit internal time: 360 ms  wall: 2084 ms
INFO:wyoming_whisperkit.handler:Turn the speaker on.
DEBUG:wyoming_whisperkit.handler:Completed request
DEBUG:wyoming_whisperkit.handler:Receiving audio
DEBUG:wyoming_whisperkit.handler:AudioStop received (vad_triggered=False)
DEBUG:wyoming_whisperkit.handler:Transcribing 0.8 s of audio via WhisperKit (trigger=audio_stop)
DEBUG:wyoming_whisperkit.handler:WhisperKit internal time: 4 ms  wall: 1222 ms
INFO:wyoming_whisperkit.handler:
DEBUG:wyoming_whisperkit.handler:Completed request
DEBUG:wyoming_whisperkit.handler:Transcribe event
DEBUG:wyoming_whisperkit.handler:Receiving audio
DEBUG:wyoming_whisperkit.handler:VAD armed (608 ms speech)
INFO:wyoming_whisperkit.handler:VAD early trigger — 3.1 s audio collected (speech=1696 ms, silence=928 ms)
DEBUG:wyoming_whisperkit.handler:Transcribing 3.1 s of audio via WhisperKit (trigger=vad)
DEBUG:wyoming_whisperkit.handler:WhisperKit internal time: 321 ms  wall: 1573 ms
INFO:wyoming_whisperkit.handler:Play WBGO
DEBUG:wyoming_whisperkit.handler:Completed request
DEBUG:wyoming_whisperkit.handler:Receiving audio
DEBUG:wyoming_whisperkit.handler:AudioStop received (vad_triggered=False)
DEBUG:wyoming_whisperkit.handler:Transcribing 0.8 s of audio via WhisperKit (trigger=audio_stop)
DEBUG:wyoming_whisperkit.handler:WhisperKit internal time: 4 ms  wall: 1391 ms
INFO:wyoming_whisperkit.handler:
DEBUG:wyoming_whisperkit.handler:Completed request
DEBUG:wyoming_whisperkit.handler:Transcribe event
DEBUG:wyoming_whisperkit.handler:Receiving audio
DEBUG:wyoming_whisperkit.handler:VAD armed (608 ms speech)
INFO:wyoming_whisperkit.handler:VAD early trigger — 2.7 s audio collected (speech=1248 ms, silence=928 ms)
DEBUG:wyoming_whisperkit.handler:Transcribing 2.7 s of audio via WhisperKit (trigger=vad)
DEBUG:wyoming_whisperkit.handler:WhisperKit internal time: 334 ms  wall: 1873 ms
INFO:wyoming_whisperkit.handler:Play WBGO.
DEBUG:wyoming_whisperkit.handler:Completed request
DEBUG:wyoming_whisperkit.handler:Receiving audio
DEBUG:wyoming_whisperkit.handler:AudioStop received (vad_triggered=False)
DEBUG:wyoming_whisperkit.handler:Transcribing 0.9 s of audio via WhisperKit (trigger=audio_stop)
DEBUG:wyoming_whisperkit.handler:WhisperKit internal time: 4 ms  wall: 860 ms
INFO:wyoming_whisperkit.handler:
DEBUG:wyoming_whisperkit.handler:Completed request
DEBUG:wyoming_whisperkit.handler:Transcribe event
DEBUG:wyoming_whisperkit.handler:Receiving audio
DEBUG:wyoming_whisperkit.handler:VAD armed (608 ms speech)
INFO:wyoming_whisperkit.handler:VAD early trigger — 5.1 s audio collected (speech=2048 ms, silence=928 ms)
DEBUG:wyoming_whisperkit.handler:Transcribing 5.1 s of audio via WhisperKit (trigger=vad)
DEBUG:wyoming_whisperkit.handler:WhisperKit internal time: 839 ms  wall: 2470 ms
INFO:wyoming_whisperkit.handler:No, I just looked at him. Oh boy, I just broke one. (water splashing)
DEBUG:wyoming_whisperkit.handler:Completed request
DEBUG:wyoming_whisperkit.handler:Receiving audio
DEBUG:wyoming_whisperkit.handler:AudioStop received (vad_triggered=False)
DEBUG:wyoming_whisperkit.handler:Transcribing 0.6 s of audio via WhisperKit (trigger=audio_stop)
DEBUG:wyoming_whisperkit.handler:WhisperKit internal time: 4 ms  wall: 1082 ms
INFO:wyoming_whisperkit.handler:
DEBUG:wyoming_whisperkit.handler:Completed request
DEBUG:wyoming_whisperkit.handler:Transcribe event
DEBUG:wyoming_whisperkit.handler:Receiving audio
DEBUG:wyoming_whisperkit.handler:VAD armed (608 ms speech)
INFO:wyoming_whisperkit.handler:VAD early trigger — 2.6 s audio collected (speech=1152 ms, silence=928 ms)
DEBUG:wyoming_whisperkit.handler:Transcribing 2.6 s of audio via WhisperKit (trigger=vad)
DEBUG:wyoming_whisperkit.handler:WhisperKit internal time: 664 ms  wall: 3154 ms
INFO:wyoming_whisperkit.handler:Play WNYC.
DEBUG:wyoming_whisperkit.handler:Completed request
DEBUG:wyoming_whisperkit.handler:Receiving audio
DEBUG:wyoming_whisperkit.handler:AudioStop received (vad_triggered=False)
DEBUG:wyoming_whisperkit.handler:Transcribing 0.9 s of audio via WhisperKit (trigger=audio_stop)
DEBUG:wyoming_whisperkit.handler:WhisperKit internal time: 4 ms  wall: 1567 ms
INFO:wyoming_whisperkit.handler:
DEBUG:wyoming_whisperkit.handler:Completed request
DEBUG:wyoming_whisperkit.handler:Transcribe event
DEBUG:wyoming_whisperkit.handler:Receiving audio
DEBUG:wyoming_whisperkit.handler:AudioStop received (vad_triggered=False)
DEBUG:wyoming_whisperkit.handler:Transcribing 3.6 s of audio via WhisperKit (trigger=audio_stop)
DEBUG:wyoming_whisperkit.handler:WhisperKit internal time: 355 ms  wall: 2776 ms
INFO:wyoming_whisperkit.handler:Stop!
DEBUG:wyoming_whisperkit.handler:Completed request
DEBUG:wyoming_whisperkit.handler:Transcribe event
DEBUG:wyoming_whisperkit.handler:Receiving audio
DEBUG:wyoming_whisperkit.handler:AudioStop received (vad_triggered=False)
DEBUG:wyoming_whisperkit.handler:Transcribing 2.9 s of audio via WhisperKit (trigger=audio_stop)
DEBUG:wyoming_whisperkit.handler:WhisperKit internal time: 339 ms  wall: 2373 ms
INFO:wyoming_whisperkit.handler:Good night.
DEBUG:wyoming_whisperkit.handler:Completed request
DEBUG:wyoming_whisperkit.handler:Transcribe event
DEBUG:wyoming_whisperkit.handler:Receiving audio
DEBUG:wyoming_whisperkit.handler:VAD armed (608 ms speech)
INFO:wyoming_whisperkit.handler:VAD early trigger — 2.5 s audio collected (speech=640 ms, silence=928 ms)
DEBUG:wyoming_whisperkit.handler:Transcribing 2.5 s of audio via WhisperKit (trigger=vad)
DEBUG:wyoming_whisperkit.handler:WhisperKit internal time: 381 ms  wall: 2488 ms
INFO:wyoming_whisperkit.handler:Turn on the light.
DEBUG:wyoming_whisperkit.handler:Completed request
DEBUG:wyoming_whisperkit.handler:Receiving audio
DEBUG:wyoming_whisperkit.handler:AudioStop received (vad_triggered=False)
DEBUG:wyoming_whisperkit.handler:Transcribing 0.7 s of audio via WhisperKit (trigger=audio_stop)
DEBUG:wyoming_whisperkit.handler:WhisperKit internal time: 4 ms  wall: 1548 ms
INFO:wyoming_whisperkit.handler:
DEBUG:wyoming_whisperkit.handler:Completed request
DEBUG:wyoming_whisperkit.handler:Transcribe event
DEBUG:wyoming_whisperkit.handler:Receiving audio
DEBUG:wyoming_whisperkit.handler:VAD armed (608 ms speech)
INFO:wyoming_whisperkit.handler:VAD early trigger — 2.0 s audio collected (speech=928 ms, silence=928 ms)
DEBUG:wyoming_whisperkit.handler:Transcribing 2.0 s of audio via WhisperKit (trigger=vad)
DEBUG:wyoming_whisperkit.handler:WhisperKit internal time: 490 ms  wall: 2557 ms
INFO:wyoming_whisperkit.handler:Turn the speaker on.
DEBUG:wyoming_whisperkit.handler:Completed request
DEBUG:wyoming_whisperkit.handler:Receiving audio
DEBUG:wyoming_whisperkit.handler:AudioStop received (vad_triggered=False)
DEBUG:wyoming_whisperkit.handler:Transcribing 0.6 s of audio via WhisperKit (trigger=audio_stop)
DEBUG:wyoming_whisperkit.handler:WhisperKit internal time: 4 ms  wall: 1547 ms
INFO:wyoming_whisperkit.handler:
DEBUG:wyoming_whisperkit.handler:Completed request
DEBUG:wyoming_whisperkit.handler:Transcribe event
DEBUG:wyoming_whisperkit.handler:Receiving audio
DEBUG:wyoming_whisperkit.handler:VAD armed (608 ms speech)
INFO:wyoming_whisperkit.handler:VAD early trigger — 2.2 s audio collected (speech=1088 ms, silence=928 ms)
DEBUG:wyoming_whisperkit.handler:Transcribing 2.2 s of audio via WhisperKit (trigger=vad)
DEBUG:wyoming_whisperkit.handler:WhisperKit internal time: 352 ms  wall: 1831 ms
INFO:wyoming_whisperkit.handler:Play WNYC.
DEBUG:wyoming_whisperkit.handler:Completed request
DEBUG:wyoming_whisperkit.handler:Receiving audio
DEBUG:wyoming_whisperkit.handler:AudioStop received (vad_triggered=False)
DEBUG:wyoming_whisperkit.handler:Transcribing 0.8 s of audio via WhisperKit (trigger=audio_stop)
DEBUG:wyoming_whisperkit.handler:WhisperKit internal time: 4 ms  wall: 1041 ms
INFO:wyoming_whisperkit.handler:
DEBUG:wyoming_whisperkit.handler:Completed request
DEBUG:wyoming_whisperkit.handler:Transcribe event
DEBUG:wyoming_whisperkit.handler:Receiving audio
DEBUG:wyoming_whisperkit.handler:AudioStop received (vad_triggered=False)
DEBUG:wyoming_whisperkit.handler:Transcribing 2.8 s of audio via WhisperKit (trigger=audio_stop)
DEBUG:wyoming_whisperkit.handler:WhisperKit internal time: 385 ms  wall: 3232 ms
INFO:wyoming_whisperkit.handler:Stop
DEBUG:wyoming_whisperkit.handler:Completed request
DEBUG:wyoming_whisperkit.handler:Sent info
DEBUG:wyoming_whisperkit.handler:Transcribe event
DEBUG:wyoming_whisperkit.handler:Receiving audio
DEBUG:wyoming_whisperkit.handler:AudioStop received (vad_triggered=False)
DEBUG:wyoming_whisperkit.handler:Transcribing 5.7 s of audio via WhisperKit (trigger=audio_stop)
DEBUG:wyoming_whisperkit.handler:WhisperKit internal time: 423 ms  wall: 2291 ms
INFO:wyoming_whisperkit.handler:Good night.
DEBUG:wyoming_whisperkit.handler:Completed request
DEBUG:wyoming_whisperkit.handler:Transcribe event
DEBUG:wyoming_whisperkit.handler:Receiving audio
DEBUG:wyoming_whisperkit.handler:AudioStop received (vad_triggered=False)
DEBUG:wyoming_whisperkit.handler:Transcribing 3.1 s of audio via WhisperKit (trigger=audio_stop)
DEBUG:wyoming_whisperkit.handler:WhisperKit internal time: 475 ms  wall: 2491 ms
INFO:wyoming_whisperkit.handler:Turn on the lid.
DEBUG:wyoming_whisperkit.handler:Completed request
DEBUG:wyoming_whisperkit.handler:Transcribe event
DEBUG:wyoming_whisperkit.handler:Receiving audio
DEBUG:wyoming_whisperkit.handler:VAD armed (608 ms speech)
DEBUG:wyoming_whisperkit.handler:AudioStop received (vad_triggered=False)
DEBUG:wyoming_whisperkit.handler:Transcribing 2.9 s of audio via WhisperKit (trigger=audio_stop)
DEBUG:wyoming_whisperkit.handler:WhisperKit internal time: 421 ms  wall: 2258 ms
INFO:wyoming_whisperkit.handler:Turn the speaker on.
DEBUG:wyoming_whisperkit.handler:Completed request
DEBUG:wyoming_whisperkit.handler:Transcribe event
DEBUG:wyoming_whisperkit.handler:Receiving audio
DEBUG:wyoming_whisperkit.handler:VAD armed (608 ms speech)
INFO:wyoming_whisperkit.handler:VAD early trigger — 2.2 s audio collected (speech=1248 ms, silence=928 ms)
DEBUG:wyoming_whisperkit.handler:Transcribing 2.2 s of audio via WhisperKit (trigger=vad)
DEBUG:wyoming_whisperkit.handler:WhisperKit internal time: 330 ms  wall: 1766 ms
INFO:wyoming_whisperkit.handler:play WNYC.
DEBUG:wyoming_whisperkit.handler:Completed request
DEBUG:wyoming_whisperkit.handler:Receiving audio
DEBUG:wyoming_whisperkit.handler:AudioStop received (vad_triggered=False)
DEBUG:wyoming_whisperkit.handler:Transcribing 1.4 s of audio via WhisperKit (trigger=audio_stop)
DEBUG:wyoming_whisperkit.handler:WhisperKit internal time: 296 ms  wall: 1288 ms
INFO:wyoming_whisperkit.handler:[water splashing]
DEBUG:wyoming_whisperkit.handler:Completed request
DEBUG:wyoming_whisperkit.handler:Transcribe event
DEBUG:wyoming_whisperkit.handler:Receiving audio
DEBUG:wyoming_whisperkit.handler:AudioStop received (vad_triggered=False)
DEBUG:wyoming_whisperkit.handler:Transcribing 4.3 s of audio via WhisperKit (trigger=audio_stop)
DEBUG:wyoming_whisperkit.handler:WhisperKit internal time: 380 ms  wall: 2355 ms
INFO:wyoming_whisperkit.handler:Goodnight.
DEBUG:wyoming_whisperkit.handler:Completed request
WARNING: Retrying (Retry(total=4, connect=None, read=None, redirect=None, status=None)) after connection broken by 'NewConnectionError('<pip._vendor.urllib3.connection.HTTPSConnection object at 0x1092cd490>: Failed to establish a new connection: [Errno 8] nodename nor servname provided, or not known')': /simple/pip/
WARNING: Retrying (Retry(total=3, connect=None, read=None, redirect=None, status=None)) after connection broken by 'NewConnectionError('<pip._vendor.urllib3.connection.HTTPSConnection object at 0x1092cdd00>: Failed to establish a new connection: [Errno 8] nodename nor servname provided, or not known')': /simple/pip/
WARNING: Retrying (Retry(total=2, connect=None, read=None, redirect=None, status=None)) after connection broken by 'NewConnectionError('<pip._vendor.urllib3.connection.HTTPSConnection object at 0x1092cdee0>: Failed to establish a new connection: [Errno 8] nodename nor servname provided, or not known')': /simple/pip/
WARNING: Retrying (Retry(total=1, connect=None, read=None, redirect=None, status=None)) after connection broken by 'NewConnectionError('<pip._vendor.urllib3.connection.HTTPSConnection object at 0x1092cdfa0>: Failed to establish a new connection: [Errno 8] nodename nor servname provided, or not known')': /simple/pip/
WARNING: Retrying (Retry(total=0, connect=None, read=None, redirect=None, status=None)) after connection broken by 'NewConnectionError('<pip._vendor.urllib3.connection.HTTPSConnection object at 0x109300400>: Failed to establish a new connection: [Errno 8] nodename nor servname provided, or not known')': /simple/pip/
WARNING: Retrying (Retry(total=4, connect=None, read=None, redirect=None, status=None)) after connection broken by 'NewConnectionError('<pip._vendor.urllib3.connection.HTTPSConnection object at 0x10a50cd30>: Failed to establish a new connection: [Errno 8] nodename nor servname provided, or not known')': /simple/setuptools/
WARNING: Retrying (Retry(total=3, connect=None, read=None, redirect=None, status=None)) after connection broken by 'NewConnectionError('<pip._vendor.urllib3.connection.HTTPSConnection object at 0x10a50cfd0>: Failed to establish a new connection: [Errno 8] nodename nor servname provided, or not known')': /simple/setuptools/
WARNING: Retrying (Retry(total=2, connect=None, read=None, redirect=None, status=None)) after connection broken by 'NewConnectionError('<pip._vendor.urllib3.connection.HTTPSConnection object at 0x10a53e250>: Failed to establish a new connection: [Errno 8] nodename nor servname provided, or not known')': /simple/setuptools/
WARNING: Retrying (Retry(total=1, connect=None, read=None, redirect=None, status=None)) after connection broken by 'NewConnectionError('<pip._vendor.urllib3.connection.HTTPSConnection object at 0x10a53e400>: Failed to establish a new connection: [Errno 8] nodename nor servname provided, or not known')': /simple/setuptools/
WARNING: Retrying (Retry(total=0, connect=None, read=None, redirect=None, status=None)) after connection broken by 'NewConnectionError('<pip._vendor.urllib3.connection.HTTPSConnection object at 0x10a53e5b0>: Failed to establish a new connection: [Errno 8] nodename nor servname provided, or not known')': /simple/setuptools/
WARNING: Retrying (Retry(total=4, connect=None, read=None, redirect=None, status=None)) after connection broken by 'NewConnectionError('<pip._vendor.urllib3.connection.HTTPSConnection object at 0x10a5d3520>: Failed to establish a new connection: [Errno 8] nodename nor servname provided, or not known')': /simple/wheel/
WARNING: Retrying (Retry(total=3, connect=None, read=None, redirect=None, status=None)) after connection broken by 'NewConnectionError('<pip._vendor.urllib3.connection.HTTPSConnection object at 0x10a5d3820>: Failed to establish a new connection: [Errno 8] nodename nor servname provided, or not known')': /simple/wheel/
WARNING: Retrying (Retry(total=2, connect=None, read=None, redirect=None, status=None)) after connection broken by 'NewConnectionError('<pip._vendor.urllib3.connection.HTTPSConnection object at 0x10a53e6d0>: Failed to establish a new connection: [Errno 8] nodename nor servname provided, or not known')': /simple/wheel/
WARNING: Retrying (Retry(total=1, connect=None, read=None, redirect=None, status=None)) after connection broken by 'NewConnectionError('<pip._vendor.urllib3.connection.HTTPSConnection object at 0x10a5d3a60>: Failed to establish a new connection: [Errno 8] nodename nor servname provided, or not known')': /simple/wheel/
WARNING: Retrying (Retry(total=0, connect=None, read=None, redirect=None, status=None)) after connection broken by 'NewConnectionError('<pip._vendor.urllib3.connection.HTTPSConnection object at 0x10a5d3c40>: Failed to establish a new connection: [Errno 8] nodename nor servname provided, or not known')': /simple/wheel/
  error: subprocess-exited-with-error
  
  × installing build dependencies did not run successfully.
  │ exit code: 1
  ╰─> [7 lines of output]
      WARNING: Retrying (Retry(total=4, connect=None, read=None, redirect=None, status=None)) after connection broken by 'NewConnectionError('<pip._vendor.urllib3.connection.HTTPSConnection object at 0x108ae55e0>: Failed to establish a new connection: [Errno 8] nodename nor servname provided, or not known')': /simple/setuptools/
      WARNING: Retrying (Retry(total=3, connect=None, read=None, redirect=None, status=None)) after connection broken by 'NewConnectionError('<pip._vendor.urllib3.connection.HTTPSConnection object at 0x108ae5910>: Failed to establish a new connection: [Errno 8] nodename nor servname provided, or not known')': /simple/setuptools/
      WARNING: Retrying (Retry(total=2, connect=None, read=None, redirect=None, status=None)) after connection broken by 'NewConnectionError('<pip._vendor.urllib3.connection.HTTPSConnection object at 0x108ae5ac0>: Failed to establish a new connection: [Errno 8] nodename nor servname provided, or not known')': /simple/setuptools/
      WARNING: Retrying (Retry(total=1, connect=None, read=None, redirect=None, status=None)) after connection broken by 'NewConnectionError('<pip._vendor.urllib3.connection.HTTPSConnection object at 0x108ae5c70>: Failed to establish a new connection: [Errno 8] nodename nor servname provided, or not known')': /simple/setuptools/
      WARNING: Retrying (Retry(total=0, connect=None, read=None, redirect=None, status=None)) after connection broken by 'NewConnectionError('<pip._vendor.urllib3.connection.HTTPSConnection object at 0x108ae5e20>: Failed to establish a new connection: [Errno 8] nodename nor servname provided, or not known')': /simple/setuptools/
      ERROR: Could not find a version that satisfies the requirement setuptools>=40.8.0 (from versions: none)
      ERROR: No matching distribution found for setuptools>=40.8.0
      [end of output]
  
  note: This error originates from a subprocess, and is likely not a problem with pip.
ERROR: Failed to build 'file:///Users/media/containers/home-automation/wyoming-whisperkit' when installing build dependencies
Traceback (most recent call last):
  File "/Users/media/containers/home-automation/wyoming-whisperkit/./script/setup", line 19, in <module>
    subprocess.check_call(pip + ["install", "-e", str(_PROGRAM_DIR)])
  File "/Library/Developer/CommandLineTools/Library/Frameworks/Python3.framework/Versions/3.9/lib/python3.9/subprocess.py", line 373, in check_call
    raise CalledProcessError(retcode, cmd)
subprocess.CalledProcessError: Command '['/Users/media/containers/home-automation/wyoming-whisperkit/.venv/bin/python3', '-m', 'pip', 'install', '-e', '/Users/media/containers/home-automation/wyoming-whisperkit']' returned non-zero exit status 1.
WARNING: Retrying (Retry(total=4, connect=None, read=None, redirect=None, status=None)) after connection broken by 'NewConnectionError('<pip._vendor.urllib3.connection.HTTPSConnection object at 0x1091946d0>: Failed to establish a new connection: [Errno 8] nodename nor servname provided, or not known')': /simple/pip/
WARNING: Retrying (Retry(total=3, connect=None, read=None, redirect=None, status=None)) after connection broken by 'NewConnectionError('<pip._vendor.urllib3.connection.HTTPSConnection object at 0x109194f40>: Failed to establish a new connection: [Errno 8] nodename nor servname provided, or not known')': /simple/pip/
WARNING: Retrying (Retry(total=2, connect=None, read=None, redirect=None, status=None)) after connection broken by 'NewConnectionError('<pip._vendor.urllib3.connection.HTTPSConnection object at 0x1091c52e0>: Failed to establish a new connection: [Errno 8] nodename nor servname provided, or not known')': /simple/pip/
WARNING: Retrying (Retry(total=1, connect=None, read=None, redirect=None, status=None)) after connection broken by 'NewConnectionError('<pip._vendor.urllib3.connection.HTTPSConnection object at 0x1091c5490>: Failed to establish a new connection: [Errno 8] nodename nor servname provided, or not known')': /simple/pip/
WARNING: Retrying (Retry(total=0, connect=None, read=None, redirect=None, status=None)) after connection broken by 'NewConnectionError('<pip._vendor.urllib3.connection.HTTPSConnection object at 0x1091c5640>: Failed to establish a new connection: [Errno 8] nodename nor servname provided, or not known')': /simple/pip/
WARNING: Retrying (Retry(total=4, connect=None, read=None, redirect=None, status=None)) after connection broken by 'NewConnectionError('<pip._vendor.urllib3.connection.HTTPSConnection object at 0x106daffd0>: Failed to establish a new connection: [Errno 8] nodename nor servname provided, or not known')': /simple/setuptools/
WARNING: Retrying (Retry(total=3, connect=None, read=None, redirect=None, status=None)) after connection broken by 'NewConnectionError('<pip._vendor.urllib3.connection.HTTPSConnection object at 0x106dde310>: Failed to establish a new connection: [Errno 8] nodename nor servname provided, or not known')': /simple/setuptools/
WARNING: Retrying (Retry(total=2, connect=None, read=None, redirect=None, status=None)) after connection broken by 'NewConnectionError('<pip._vendor.urllib3.connection.HTTPSConnection object at 0x106dde4c0>: Failed to establish a new connection: [Errno 8] nodename nor servname provided, or not known')': /simple/setuptools/
WARNING: Retrying (Retry(total=1, connect=None, read=None, redirect=None, status=None)) after connection broken by 'NewConnectionError('<pip._vendor.urllib3.connection.HTTPSConnection object at 0x106dde670>: Failed to establish a new connection: [Errno 8] nodename nor servname provided, or not known')': /simple/setuptools/
WARNING: Retrying (Retry(total=0, connect=None, read=None, redirect=None, status=None)) after connection broken by 'NewConnectionError('<pip._vendor.urllib3.connection.HTTPSConnection object at 0x106dde820>: Failed to establish a new connection: [Errno 8] nodename nor servname provided, or not known')': /simple/setuptools/
WARNING: Retrying (Retry(total=4, connect=None, read=None, redirect=None, status=None)) after connection broken by 'NewConnectionError('<pip._vendor.urllib3.connection.HTTPSConnection object at 0x106e72a30>: Failed to establish a new connection: [Errno 8] nodename nor servname provided, or not known')': /simple/wheel/
WARNING: Retrying (Retry(total=3, connect=None, read=None, redirect=None, status=None)) after connection broken by 'NewConnectionError('<pip._vendor.urllib3.connection.HTTPSConnection object at 0x106e72eb0>: Failed to establish a new connection: [Errno 8] nodename nor servname provided, or not known')': /simple/wheel/
WARNING: Retrying (Retry(total=2, connect=None, read=None, redirect=None, status=None)) after connection broken by 'NewConnectionError('<pip._vendor.urllib3.connection.HTTPSConnection object at 0x106e72e80>: Failed to establish a new connection: [Errno 8] nodename nor servname provided, or not known')': /simple/wheel/
WARNING: Retrying (Retry(total=1, connect=None, read=None, redirect=None, status=None)) after connection broken by 'NewConnectionError('<pip._vendor.urllib3.connection.HTTPSConnection object at 0x106e72e50>: Failed to establish a new connection: [Errno 8] nodename nor servname provided, or not known')': /simple/wheel/
WARNING: Retrying (Retry(total=0, connect=None, read=None, redirect=None, status=None)) after connection broken by 'NewConnectionError('<pip._vendor.urllib3.connection.HTTPSConnection object at 0x106e7b310>: Failed to establish a new connection: [Errno 8] nodename nor servname provided, or not known')': /simple/wheel/
  error: subprocess-exited-with-error
  
  × installing build dependencies did not run successfully.
  │ exit code: 1
  ╰─> [7 lines of output]
      WARNING: Retrying (Retry(total=4, connect=None, read=None, redirect=None, status=None)) after connection broken by 'NewConnectionError('<pip._vendor.urllib3.connection.HTTPSConnection object at 0x10a6ac760>: Failed to establish a new connection: [Errno 8] nodename nor servname provided, or not known')': /simple/setuptools/
      WARNING: Retrying (Retry(total=3, connect=None, read=None, redirect=None, status=None)) after connection broken by 'NewConnectionError('<pip._vendor.urllib3.connection.HTTPSConnection object at 0x10a6aca90>: Failed to establish a new connection: [Errno 8] nodename nor servname provided, or not known')': /simple/setuptools/
      WARNING: Retrying (Retry(total=2, connect=None, read=None, redirect=None, status=None)) after connection broken by 'NewConnectionError('<pip._vendor.urllib3.connection.HTTPSConnection object at 0x10a6acc40>: Failed to establish a new connection: [Errno 8] nodename nor servname provided, or not known')': /simple/setuptools/
      WARNING: Retrying (Retry(total=1, connect=None, read=None, redirect=None, status=None)) after connection broken by 'NewConnectionError('<pip._vendor.urllib3.connection.HTTPSConnection object at 0x10a6acdf0>: Failed to establish a new connection: [Errno 8] nodename nor servname provided, or not known')': /simple/setuptools/
      WARNING: Retrying (Retry(total=0, connect=None, read=None, redirect=None, status=None)) after connection broken by 'NewConnectionError('<pip._vendor.urllib3.connection.HTTPSConnection object at 0x10a6acfd0>: Failed to establish a new connection: [Errno 8] nodename nor servname provided, or not known')': /simple/setuptools/
      ERROR: Could not find a version that satisfies the requirement setuptools>=40.8.0 (from versions: none)
      ERROR: No matching distribution found for setuptools>=40.8.0
      [end of output]
  
  note: This error originates from a subprocess, and is likely not a problem with pip.
ERROR: Failed to build 'file:///Users/media/containers/home-automation/wyoming-whisperkit' when installing build dependencies
Traceback (most recent call last):
  File "/Users/media/containers/home-automation/wyoming-whisperkit/./script/setup", line 19, in <module>
    subprocess.check_call(pip + ["install", "-e", str(_PROGRAM_DIR)])
  File "/Library/Developer/CommandLineTools/Library/Frameworks/Python3.framework/Versions/3.9/lib/python3.9/subprocess.py", line 373, in check_call
    raise CalledProcessError(retcode, cmd)
subprocess.CalledProcessError: Command '['/Users/media/containers/home-automation/wyoming-whisperkit/.venv/bin/python3', '-m', 'pip', 'install', '-e', '/Users/media/containers/home-automation/wyoming-whisperkit']' returned non-zero exit status 1.
WARNING: Retrying (Retry(total=4, connect=None, read=None, redirect=None, status=None)) after connection broken by 'NewConnectionError('<pip._vendor.urllib3.connection.HTTPSConnection object at 0x1093063a0>: Failed to establish a new connection: [Errno 8] nodename nor servname provided, or not known')': /simple/pip/
WARNING: Retrying (Retry(total=3, connect=None, read=None, redirect=None, status=None)) after connection broken by 'NewConnectionError('<pip._vendor.urllib3.connection.HTTPSConnection object at 0x109306c10>: Failed to establish a new connection: [Errno 8] nodename nor servname provided, or not known')': /simple/pip/
WARNING: Retrying (Retry(total=2, connect=None, read=None, redirect=None, status=None)) after connection broken by 'NewConnectionError('<pip._vendor.urllib3.connection.HTTPSConnection object at 0x109306f70>: Failed to establish a new connection: [Errno 8] nodename nor servname provided, or not known')': /simple/pip/
WARNING: Retrying (Retry(total=1, connect=None, read=None, redirect=None, status=None)) after connection broken by 'NewConnectionError('<pip._vendor.urllib3.connection.HTTPSConnection object at 0x109306fa0>: Failed to establish a new connection: [Errno 8] nodename nor servname provided, or not known')': /simple/pip/
WARNING: Retrying (Retry(total=0, connect=None, read=None, redirect=None, status=None)) after connection broken by 'NewConnectionError('<pip._vendor.urllib3.connection.HTTPSConnection object at 0x109338310>: Failed to establish a new connection: [Errno 8] nodename nor servname provided, or not known')': /simple/pip/
WARNING: Retrying (Retry(total=4, connect=None, read=None, redirect=None, status=None)) after connection broken by 'NewConnectionError('<pip._vendor.urllib3.connection.HTTPSConnection object at 0x10a92bf10>: Failed to establish a new connection: [Errno 8] nodename nor servname provided, or not known')': /simple/setuptools/
WARNING: Retrying (Retry(total=3, connect=None, read=None, redirect=None, status=None)) after connection broken by 'NewConnectionError('<pip._vendor.urllib3.connection.HTTPSConnection object at 0x10a95a280>: Failed to establish a new connection: [Errno 8] nodename nor servname provided, or not known')': /simple/setuptools/
WARNING: Retrying (Retry(total=2, connect=None, read=None, redirect=None, status=None)) after connection broken by 'NewConnectionError('<pip._vendor.urllib3.connection.HTTPSConnection object at 0x10a95a430>: Failed to establish a new connection: [Errno 65] No route to host')': /simple/setuptools/
DEBUG:__main__:Namespace(bridge='/Users/media/containers/home-automation/mac-whisper-speedtest/tools/whisperkit-bridge/.build/release/whisperkit-bridge', model='small', uri='tcp://0.0.0.0:7892', debug=True, log_format='%(levelname)s:%(name)s:%(message)s', vad=True)
INFO:__main__:Using whisperkit-bridge: /Users/media/containers/home-automation/mac-whisper-speedtest/tools/whisperkit-bridge/.build/release/whisperkit-bridge
INFO:__main__:Warming up WhisperKit model (small) — first run loads CoreML graphs…
INFO:__main__:WhisperKit warm ✓
INFO:__main__:Loading Silero-VAD (ONNX backend)…
DEBUG:torio._extension.utils:Loading FFmpeg6
DEBUG:torio._extension.utils:Failed to load FFmpeg6 extension.
Traceback (most recent call last):
  File "/Users/media/containers/home-automation/wyoming-whisperkit/.venv/lib/python3.9/site-packages/torio/_extension/utils.py", line 116, in _find_ffmpeg_extension
    ext = _find_versionsed_ffmpeg_extension(ffmpeg_ver)
  File "/Users/media/containers/home-automation/wyoming-whisperkit/.venv/lib/python3.9/site-packages/torio/_extension/utils.py", line 108, in _find_versionsed_ffmpeg_extension
    _load_lib(lib)
  File "/Users/media/containers/home-automation/wyoming-whisperkit/.venv/lib/python3.9/site-packages/torio/_extension/utils.py", line 94, in _load_lib
    torch.ops.load_library(path)
  File "/Users/media/containers/home-automation/wyoming-whisperkit/.venv/lib/python3.9/site-packages/torch/_ops.py", line 1478, in load_library
    ctypes.CDLL(path)
  File "/Library/Developer/CommandLineTools/Library/Frameworks/Python3.framework/Versions/3.9/lib/python3.9/ctypes/__init__.py", line 366, in __init__
    self._handle = _dlopen(self._name, mode)
OSError: dlopen(/Users/media/containers/home-automation/wyoming-whisperkit/.venv/lib/python3.9/site-packages/torio/lib/libtorio_ffmpeg6.so, 0x0006): Library not loaded: @rpath/libavutil.58.dylib
  Referenced from: <D0BF8BE2-7386-31C9-B6EE-5916A74CB5FE> /Users/media/containers/home-automation/wyoming-whisperkit/.venv/lib/python3.9/site-packages/torio/lib/libtorio_ffmpeg6.so
  Reason: no LC_RPATH's found
DEBUG:torio._extension.utils:Loading FFmpeg5
DEBUG:torio._extension.utils:Failed to load FFmpeg5 extension.
Traceback (most recent call last):
  File "/Users/media/containers/home-automation/wyoming-whisperkit/.venv/lib/python3.9/site-packages/torio/_extension/utils.py", line 116, in _find_ffmpeg_extension
    ext = _find_versionsed_ffmpeg_extension(ffmpeg_ver)
  File "/Users/media/containers/home-automation/wyoming-whisperkit/.venv/lib/python3.9/site-packages/torio/_extension/utils.py", line 108, in _find_versionsed_ffmpeg_extension
    _load_lib(lib)
  File "/Users/media/containers/home-automation/wyoming-whisperkit/.venv/lib/python3.9/site-packages/torio/_extension/utils.py", line 94, in _load_lib
    torch.ops.load_library(path)
  File "/Users/media/containers/home-automation/wyoming-whisperkit/.venv/lib/python3.9/site-packages/torch/_ops.py", line 1478, in load_library
    ctypes.CDLL(path)
  File "/Library/Developer/CommandLineTools/Library/Frameworks/Python3.framework/Versions/3.9/lib/python3.9/ctypes/__init__.py", line 366, in __init__
    self._handle = _dlopen(self._name, mode)
OSError: dlopen(/Users/media/containers/home-automation/wyoming-whisperkit/.venv/lib/python3.9/site-packages/torio/lib/libtorio_ffmpeg5.so, 0x0006): Library not loaded: @rpath/libavutil.57.dylib
  Referenced from: <E89DCAAE-7EC0-3ED8-B59D-1022058313DB> /Users/media/containers/home-automation/wyoming-whisperkit/.venv/lib/python3.9/site-packages/torio/lib/libtorio_ffmpeg5.so
  Reason: no LC_RPATH's found
DEBUG:torio._extension.utils:Loading FFmpeg4
DEBUG:torio._extension.utils:Failed to load FFmpeg4 extension.
Traceback (most recent call last):
  File "/Users/media/containers/home-automation/wyoming-whisperkit/.venv/lib/python3.9/site-packages/torio/_extension/utils.py", line 116, in _find_ffmpeg_extension
    ext = _find_versionsed_ffmpeg_extension(ffmpeg_ver)
  File "/Users/media/containers/home-automation/wyoming-whisperkit/.venv/lib/python3.9/site-packages/torio/_extension/utils.py", line 108, in _find_versionsed_ffmpeg_extension
    _load_lib(lib)
  File "/Users/media/containers/home-automation/wyoming-whisperkit/.venv/lib/python3.9/site-packages/torio/_extension/utils.py", line 94, in _load_lib
    torch.ops.load_library(path)
  File "/Users/media/containers/home-automation/wyoming-whisperkit/.venv/lib/python3.9/site-packages/torch/_ops.py", line 1478, in load_library
    ctypes.CDLL(path)
  File "/Library/Developer/CommandLineTools/Library/Frameworks/Python3.framework/Versions/3.9/lib/python3.9/ctypes/__init__.py", line 366, in __init__
    self._handle = _dlopen(self._name, mode)
OSError: dlopen(/Users/media/containers/home-automation/wyoming-whisperkit/.venv/lib/python3.9/site-packages/torio/lib/libtorio_ffmpeg4.so, 0x0006): Library not loaded: @rpath/libavutil.56.dylib
  Referenced from: <F144F519-5261-3419-86B8-D8167D854D9A> /Users/media/containers/home-automation/wyoming-whisperkit/.venv/lib/python3.9/site-packages/torio/lib/libtorio_ffmpeg4.so
  Reason: no LC_RPATH's found
DEBUG:torio._extension.utils:Loading FFmpeg
DEBUG:torio._extension.utils:Failed to load FFmpeg extension.
Traceback (most recent call last):
  File "/Users/media/containers/home-automation/wyoming-whisperkit/.venv/lib/python3.9/site-packages/torio/_extension/utils.py", line 116, in _find_ffmpeg_extension
    ext = _find_versionsed_ffmpeg_extension(ffmpeg_ver)
  File "/Users/media/containers/home-automation/wyoming-whisperkit/.venv/lib/python3.9/site-packages/torio/_extension/utils.py", line 106, in _find_versionsed_ffmpeg_extension
    raise RuntimeError(f"FFmpeg{version} extension is not available.")
RuntimeError: FFmpeg extension is not available.
INFO:__main__:Silero-VAD ready ✓
INFO:__main__:wyoming-whisperkit ready on tcp://0.0.0.0:7892
DEBUG:wyoming_whisperkit.handler:Sent info
DEBUG:wyoming_whisperkit.handler:Transcribe event
DEBUG:wyoming_whisperkit.handler:Receiving audio
DEBUG:wyoming_whisperkit.handler:VAD armed (608 ms speech)
INFO:wyoming_whisperkit.handler:VAD early trigger — 2.3 s audio collected (speech=640 ms, silence=928 ms)
DEBUG:wyoming_whisperkit.handler:Transcribing 2.3 s of audio via WhisperKit (trigger=vad)
DEBUG:wyoming_whisperkit.handler:WhisperKit internal time: 371 ms  wall: 2426 ms
INFO:wyoming_whisperkit.handler:Turn on the light.
DEBUG:wyoming_whisperkit.handler:Completed request
DEBUG:wyoming_whisperkit.handler:Receiving audio
DEBUG:wyoming_whisperkit.handler:AudioStop received (vad_triggered=False)
DEBUG:wyoming_whisperkit.handler:Transcribing 0.6 s of audio via WhisperKit (trigger=audio_stop)
DEBUG:wyoming_whisperkit.handler:WhisperKit internal time: 5 ms  wall: 1010 ms
INFO:wyoming_whisperkit.handler:
DEBUG:wyoming_whisperkit.handler:Completed request
DEBUG:wyoming_whisperkit.handler:Transcribe event
DEBUG:wyoming_whisperkit.handler:Receiving audio
DEBUG:wyoming_whisperkit.handler:VAD armed (608 ms speech)
INFO:wyoming_whisperkit.handler:VAD early trigger — 2.4 s audio collected (speech=832 ms, silence=928 ms)
DEBUG:wyoming_whisperkit.handler:Transcribing 2.4 s of audio via WhisperKit (trigger=vad)
DEBUG:wyoming_whisperkit.handler:WhisperKit internal time: 399 ms  wall: 1969 ms
INFO:wyoming_whisperkit.handler:Turn on the speaker.
DEBUG:wyoming_whisperkit.handler:Completed request
DEBUG:wyoming_whisperkit.handler:Receiving audio
DEBUG:wyoming_whisperkit.handler:AudioStop received (vad_triggered=False)
DEBUG:wyoming_whisperkit.handler:Transcribing 0.9 s of audio via WhisperKit (trigger=audio_stop)
DEBUG:wyoming_whisperkit.handler:WhisperKit internal time: 10 ms  wall: 2353 ms
INFO:wyoming_whisperkit.handler:
DEBUG:wyoming_whisperkit.handler:Completed request
DEBUG:wyoming_whisperkit.handler:Transcribe event
DEBUG:wyoming_whisperkit.handler:Receiving audio
DEBUG:wyoming_whisperkit.handler:VAD armed (608 ms speech)
INFO:wyoming_whisperkit.handler:VAD early trigger — 4.4 s audio collected (speech=2624 ms, silence=928 ms)
DEBUG:wyoming_whisperkit.handler:Transcribing 4.4 s of audio via WhisperKit (trigger=vad)
DEBUG:wyoming_whisperkit.handler:WhisperKit internal time: 400 ms  wall: 1775 ms
INFO:wyoming_whisperkit.handler:Play the Album Electric War by Little Barry.
DEBUG:wyoming_whisperkit.handler:Completed request
DEBUG:wyoming_whisperkit.handler:Receiving audio
DEBUG:wyoming_whisperkit.handler:AudioStop received (vad_triggered=False)
DEBUG:wyoming_whisperkit.handler:Transcribing 0.5 s of audio via WhisperKit (trigger=audio_stop)
DEBUG:wyoming_whisperkit.handler:WhisperKit internal time: 4 ms  wall: 922 ms
INFO:wyoming_whisperkit.handler:
DEBUG:wyoming_whisperkit.handler:Completed request
DEBUG:wyoming_whisperkit.handler:Transcribe event
DEBUG:wyoming_whisperkit.handler:Receiving audio
DEBUG:wyoming_whisperkit.handler:VAD armed (608 ms speech)
INFO:wyoming_whisperkit.handler:VAD early trigger — 2.8 s audio collected (speech=1824 ms, silence=928 ms)
DEBUG:wyoming_whisperkit.handler:Transcribing 2.8 s of audio via WhisperKit (trigger=vad)
DEBUG:wyoming_whisperkit.handler:WhisperKit internal time: 373 ms  wall: 2090 ms
INFO:wyoming_whisperkit.handler:Play WBGO.
DEBUG:wyoming_whisperkit.handler:Completed request
DEBUG:wyoming_whisperkit.handler:Receiving audio
DEBUG:wyoming_whisperkit.handler:AudioStop received (vad_triggered=False)
DEBUG:wyoming_whisperkit.handler:Transcribing 0.8 s of audio via WhisperKit (trigger=audio_stop)
DEBUG:wyoming_whisperkit.handler:WhisperKit internal time: 4 ms  wall: 941 ms
INFO:wyoming_whisperkit.handler:
DEBUG:wyoming_whisperkit.handler:Completed request
DEBUG:wyoming_whisperkit.handler:Transcribe event
DEBUG:wyoming_whisperkit.handler:Receiving audio
DEBUG:wyoming_whisperkit.handler:VAD armed (608 ms speech)
INFO:wyoming_whisperkit.handler:VAD early trigger — 3.6 s audio collected (speech=1824 ms, silence=928 ms)
DEBUG:wyoming_whisperkit.handler:Transcribing 3.6 s of audio via WhisperKit (trigger=vad)
DEBUG:wyoming_whisperkit.handler:WhisperKit internal time: 316 ms  wall: 1919 ms
INFO:wyoming_whisperkit.handler:Play KCRW.
DEBUG:wyoming_whisperkit.handler:Completed request
DEBUG:wyoming_whisperkit.handler:Receiving audio
DEBUG:wyoming_whisperkit.handler:AudioStop received (vad_triggered=False)
DEBUG:wyoming_whisperkit.handler:Transcribing 0.8 s of audio via WhisperKit (trigger=audio_stop)
DEBUG:wyoming_whisperkit.handler:WhisperKit internal time: 4 ms  wall: 1082 ms
INFO:wyoming_whisperkit.handler:
DEBUG:wyoming_whisperkit.handler:Completed request
DEBUG:wyoming_whisperkit.handler:Transcribe event
DEBUG:wyoming_whisperkit.handler:Receiving audio
DEBUG:wyoming_whisperkit.handler:VAD armed (608 ms speech)
INFO:wyoming_whisperkit.handler:VAD early trigger — 5.0 s audio collected (speech=3552 ms, silence=928 ms)
DEBUG:wyoming_whisperkit.handler:Transcribing 5.0 s of audio via WhisperKit (trigger=vad)
DEBUG:wyoming_whisperkit.handler:WhisperKit internal time: 487 ms  wall: 2183 ms
INFO:wyoming_whisperkit.handler:I think I'll pick her up while this is important.
DEBUG:wyoming_whisperkit.handler:Completed request
DEBUG:wyoming_whisperkit.handler:Receiving audio
DEBUG:wyoming_whisperkit.handler:VAD armed (608 ms speech)
INFO:wyoming_whisperkit.handler:VAD early trigger — 5.8 s audio collected (speech=4096 ms, silence=928 ms)
DEBUG:wyoming_whisperkit.handler:Transcribing 5.8 s of audio via WhisperKit (trigger=vad)
DEBUG:wyoming_whisperkit.handler:WhisperKit internal time: 609 ms  wall: 1715 ms
INFO:wyoming_whisperkit.handler:You got a little burnt. I didn't get the butter in there fast enough so it has some kind of like...
DEBUG:wyoming_whisperkit.handler:Completed request
DEBUG:wyoming_whisperkit.handler:Receiving audio
DEBUG:wyoming_whisperkit.handler:VAD armed (608 ms speech)
INFO:wyoming_whisperkit.handler:VAD early trigger — 2.8 s audio collected (speech=1440 ms, silence=928 ms)
DEBUG:wyoming_whisperkit.handler:Transcribing 2.8 s of audio via WhisperKit (trigger=vad)
DEBUG:wyoming_whisperkit.handler:WhisperKit internal time: 303 ms  wall: 1507 ms
INFO:wyoming_whisperkit.handler:on her tea flavors.
DEBUG:wyoming_whisperkit.handler:Completed request
DEBUG:wyoming_whisperkit.handler:Receiving audio
DEBUG:wyoming_whisperkit.handler:AudioStop received (vad_triggered=False)
DEBUG:wyoming_whisperkit.handler:Transcribing 1.4 s of audio via WhisperKit (trigger=audio_stop)
DEBUG:wyoming_whisperkit.handler:WhisperKit internal time: 271 ms  wall: 1144 ms
INFO:wyoming_whisperkit.handler:(coughs)
DEBUG:wyoming_whisperkit.handler:Completed request
DEBUG:wyoming_whisperkit.handler:Transcribe event
DEBUG:wyoming_whisperkit.handler:Receiving audio
DEBUG:wyoming_whisperkit.handler:VAD armed (608 ms speech)
INFO:wyoming_whisperkit.handler:VAD early trigger — 2.8 s audio collected (speech=1088 ms, silence=928 ms)
DEBUG:wyoming_whisperkit.handler:Transcribing 2.8 s of audio via WhisperKit (trigger=vad)
DEBUG:wyoming_whisperkit.handler:WhisperKit internal time: 323 ms  wall: 1736 ms
INFO:wyoming_whisperkit.handler:Play KCRW.
DEBUG:wyoming_whisperkit.handler:Completed request
DEBUG:wyoming_whisperkit.handler:Receiving audio
DEBUG:wyoming_whisperkit.handler:AudioStop received (vad_triggered=False)
DEBUG:wyoming_whisperkit.handler:Transcribing 0.8 s of audio via WhisperKit (trigger=audio_stop)
DEBUG:wyoming_whisperkit.handler:WhisperKit internal time: 4 ms  wall: 924 ms
INFO:wyoming_whisperkit.handler:
DEBUG:wyoming_whisperkit.handler:Completed request
DEBUG:wyoming_whisperkit.handler:Transcribe event
DEBUG:wyoming_whisperkit.handler:Receiving audio
DEBUG:wyoming_whisperkit.handler:AudioStop received (vad_triggered=False)
DEBUG:wyoming_whisperkit.handler:Transcribing 3.3 s of audio via WhisperKit (trigger=audio_stop)
DEBUG:wyoming_whisperkit.handler:WhisperKit internal time: 323 ms  wall: 2161 ms
INFO:wyoming_whisperkit.handler:Goodnight.
DEBUG:wyoming_whisperkit.handler:Completed request
DEBUG:wyoming_whisperkit.handler:Transcribe event
DEBUG:wyoming_whisperkit.handler:Receiving audio
DEBUG:wyoming_whisperkit.handler:VAD armed (608 ms speech)
INFO:wyoming_whisperkit.handler:VAD early trigger — 2.3 s audio collected (speech=608 ms, silence=928 ms)
DEBUG:wyoming_whisperkit.handler:Transcribing 2.3 s of audio via WhisperKit (trigger=vad)
DEBUG:wyoming_whisperkit.handler:WhisperKit internal time: 375 ms  wall: 2022 ms
INFO:wyoming_whisperkit.handler:Turn on the light.
DEBUG:wyoming_whisperkit.handler:Completed request
DEBUG:wyoming_whisperkit.handler:Receiving audio
DEBUG:wyoming_whisperkit.handler:AudioStop received (vad_triggered=False)
DEBUG:wyoming_whisperkit.handler:Transcribing 0.7 s of audio via WhisperKit (trigger=audio_stop)
DEBUG:wyoming_whisperkit.handler:WhisperKit internal time: 4 ms  wall: 1142 ms
INFO:wyoming_whisperkit.handler:
DEBUG:wyoming_whisperkit.handler:Completed request
DEBUG:wyoming_whisperkit.handler:Transcribe event
DEBUG:wyoming_whisperkit.handler:Receiving audio
DEBUG:wyoming_whisperkit.handler:VAD armed (608 ms speech)
INFO:wyoming_whisperkit.handler:VAD early trigger — 2.9 s audio collected (speech=800 ms, silence=928 ms)
DEBUG:wyoming_whisperkit.handler:Transcribing 2.9 s of audio via WhisperKit (trigger=vad)
DEBUG:wyoming_whisperkit.handler:WhisperKit internal time: 454 ms  wall: 2082 ms
INFO:wyoming_whisperkit.handler:I'm just gonna stick around.
DEBUG:wyoming_whisperkit.handler:Completed request
DEBUG:wyoming_whisperkit.handler:Receiving audio
DEBUG:wyoming_whisperkit.handler:AudioStop received (vad_triggered=False)
DEBUG:wyoming_whisperkit.handler:Transcribing 0.9 s of audio via WhisperKit (trigger=audio_stop)
DEBUG:wyoming_whisperkit.handler:WhisperKit internal time: 4 ms  wall: 1019 ms
INFO:wyoming_whisperkit.handler:
DEBUG:wyoming_whisperkit.handler:Completed request
DEBUG:wyoming_whisperkit.handler:Transcribe event
DEBUG:wyoming_whisperkit.handler:Receiving audio
DEBUG:wyoming_whisperkit.handler:VAD armed (608 ms speech)
INFO:wyoming_whisperkit.handler:VAD early trigger — 2.5 s audio collected (speech=1280 ms, silence=928 ms)
DEBUG:wyoming_whisperkit.handler:Transcribing 2.5 s of audio via WhisperKit (trigger=vad)
DEBUG:wyoming_whisperkit.handler:WhisperKit internal time: 299 ms  wall: 1679 ms
INFO:wyoming_whisperkit.handler:turn the speaker on.
DEBUG:wyoming_whisperkit.handler:Completed request
DEBUG:wyoming_whisperkit.handler:Receiving audio
DEBUG:wyoming_whisperkit.handler:AudioStop received (vad_triggered=False)
DEBUG:wyoming_whisperkit.handler:Transcribing 1.5 s of audio via WhisperKit (trigger=audio_stop)
DEBUG:wyoming_whisperkit.handler:WhisperKit internal time: 1023 ms  wall: 2503 ms
INFO:wyoming_whisperkit.handler:[water splashing]
DEBUG:wyoming_whisperkit.handler:Completed request
DEBUG:wyoming_whisperkit.handler:Transcribe event
DEBUG:wyoming_whisperkit.handler:Receiving audio
DEBUG:wyoming_whisperkit.handler:VAD armed (608 ms speech)
INFO:wyoming_whisperkit.handler:VAD early trigger — 3.3 s audio collected (speech=1536 ms, silence=928 ms)
DEBUG:wyoming_whisperkit.handler:Transcribing 3.3 s of audio via WhisperKit (trigger=vad)
DEBUG:wyoming_whisperkit.handler:WhisperKit internal time: 323 ms  wall: 1723 ms
INFO:wyoming_whisperkit.handler:Play KCRW!
DEBUG:wyoming_whisperkit.handler:Completed request
DEBUG:wyoming_whisperkit.handler:Receiving audio
DEBUG:wyoming_whisperkit.handler:AudioStop received (vad_triggered=False)
DEBUG:wyoming_whisperkit.handler:Transcribing 0.4 s of audio via WhisperKit (trigger=audio_stop)
DEBUG:wyoming_whisperkit.handler:WhisperKit internal time: 4 ms  wall: 905 ms
INFO:wyoming_whisperkit.handler:
DEBUG:wyoming_whisperkit.handler:Completed request
DEBUG:wyoming_whisperkit.handler:Transcribe event
DEBUG:wyoming_whisperkit.handler:Receiving audio
DEBUG:wyoming_whisperkit.handler:VAD armed (608 ms speech)
INFO:wyoming_whisperkit.handler:VAD early trigger — 3.4 s audio collected (speech=1888 ms, silence=928 ms)
DEBUG:wyoming_whisperkit.handler:Transcribing 3.4 s of audio via WhisperKit (trigger=vad)
DEBUG:wyoming_whisperkit.handler:WhisperKit internal time: 3572 ms  wall: 5236 ms
INFO:wyoming_whisperkit.handler:>> Thank you.
DEBUG:wyoming_whisperkit.handler:Completed request
DEBUG:wyoming_whisperkit.handler:Receiving audio
DEBUG:wyoming_whisperkit.handler:VAD armed (608 ms speech)
INFO:wyoming_whisperkit.handler:VAD early trigger — 2.8 s audio collected (speech=1120 ms, silence=928 ms)
DEBUG:wyoming_whisperkit.handler:Transcribing 2.8 s of audio via WhisperKit (trigger=vad)
DEBUG:wyoming_whisperkit.handler:WhisperKit internal time: 334 ms  wall: 1566 ms
INFO:wyoming_whisperkit.handler:Luckily I wasn't.
DEBUG:wyoming_whisperkit.handler:Completed request
DEBUG:wyoming_whisperkit.handler:Receiving audio
DEBUG:wyoming_whisperkit.handler:VAD armed (608 ms speech)
DEBUG:wyoming_whisperkit.handler:AudioStop received (vad_triggered=False)
DEBUG:wyoming_whisperkit.handler:Transcribing 1.8 s of audio via WhisperKit (trigger=audio_stop)
DEBUG:wyoming_whisperkit.handler:WhisperKit internal time: 284 ms  wall: 1075 ms
INFO:wyoming_whisperkit.handler:Super cold.
DEBUG:wyoming_whisperkit.handler:Completed request
DEBUG:wyoming_whisperkit.handler:Transcribe event
DEBUG:wyoming_whisperkit.handler:Receiving audio
DEBUG:wyoming_whisperkit.handler:VAD armed (608 ms speech)
INFO:wyoming_whisperkit.handler:VAD early trigger — 3.8 s audio collected (speech=1536 ms, silence=928 ms)
DEBUG:wyoming_whisperkit.handler:Transcribing 3.8 s of audio via WhisperKit (trigger=vad)
DEBUG:wyoming_whisperkit.handler:WhisperKit internal time: 351 ms  wall: 1651 ms
INFO:wyoming_whisperkit.handler:Play WBGO.
DEBUG:wyoming_whisperkit.handler:Completed request
DEBUG:wyoming_whisperkit.handler:Receiving audio
DEBUG:wyoming_whisperkit.handler:VAD armed (608 ms speech)
INFO:wyoming_whisperkit.handler:VAD early trigger — 2.0 s audio collected (speech=832 ms, silence=928 ms)
DEBUG:wyoming_whisperkit.handler:Transcribing 2.0 s of audio via WhisperKit (trigger=vad)
DEBUG:wyoming_whisperkit.handler:WhisperKit internal time: 438 ms  wall: 1398 ms
INFO:wyoming_whisperkit.handler:So we got a hat.
DEBUG:wyoming_whisperkit.handler:Completed request
DEBUG:wyoming_whisperkit.handler:Receiving audio
DEBUG:wyoming_whisperkit.handler:AudioStop received (vad_triggered=False)
DEBUG:wyoming_whisperkit.handler:Transcribing 0.1 s of audio via WhisperKit (trigger=audio_stop)
DEBUG:wyoming_whisperkit.handler:WhisperKit internal time: 5 ms  wall: 1266 ms
INFO:wyoming_whisperkit.handler:
DEBUG:wyoming_whisperkit.handler:Completed request
DEBUG:wyoming_whisperkit.handler:Transcribe event
DEBUG:wyoming_whisperkit.handler:Receiving audio
DEBUG:wyoming_whisperkit.handler:VAD armed (608 ms speech)
INFO:wyoming_whisperkit.handler:VAD early trigger — 3.3 s audio collected (speech=1696 ms, silence=928 ms)
DEBUG:wyoming_whisperkit.handler:Transcribing 3.3 s of audio via WhisperKit (trigger=vad)
DEBUG:wyoming_whisperkit.handler:WhisperKit internal time: 310 ms  wall: 1652 ms
INFO:wyoming_whisperkit.handler:Play WBGO.
DEBUG:wyoming_whisperkit.handler:Completed request
DEBUG:wyoming_whisperkit.handler:Receiving audio
DEBUG:wyoming_whisperkit.handler:VAD armed (608 ms speech)
INFO:wyoming_whisperkit.handler:VAD early trigger — 6.9 s audio collected (speech=5248 ms, silence=928 ms)
DEBUG:wyoming_whisperkit.handler:Transcribing 6.9 s of audio via WhisperKit (trigger=vad)
DEBUG:wyoming_whisperkit.handler:WhisperKit internal time: 604 ms  wall: 1959 ms
INFO:wyoming_whisperkit.handler:Yeah, Joe's kind of a wacky guy, but there were a couple guys that I met from Dark Knight.
DEBUG:wyoming_whisperkit.handler:Completed request
DEBUG:wyoming_whisperkit.handler:Receiving audio
DEBUG:wyoming_whisperkit.handler:AudioStop received (vad_triggered=False)
DEBUG:wyoming_whisperkit.handler:Transcribing 0.4 s of audio via WhisperKit (trigger=audio_stop)
DEBUG:wyoming_whisperkit.handler:WhisperKit internal time: 4 ms  wall: 795 ms
INFO:wyoming_whisperkit.handler:
DEBUG:wyoming_whisperkit.handler:Completed request
DEBUG:wyoming_whisperkit.handler:Transcribe event
DEBUG:wyoming_whisperkit.handler:Receiving audio
DEBUG:wyoming_whisperkit.handler:VAD armed (608 ms speech)
INFO:wyoming_whisperkit.handler:VAD early trigger — 4.8 s audio collected (speech=2688 ms, silence=928 ms)
DEBUG:wyoming_whisperkit.handler:Transcribing 4.8 s of audio via WhisperKit (trigger=vad)
DEBUG:wyoming_whisperkit.handler:WhisperKit internal time: 323 ms  wall: 1803 ms
INFO:wyoming_whisperkit.handler:Play WBGO.
DEBUG:wyoming_whisperkit.handler:Completed request
DEBUG:wyoming_whisperkit.handler:Receiving audio
DEBUG:wyoming_whisperkit.handler:AudioStop received (vad_triggered=False)
DEBUG:wyoming_whisperkit.handler:Transcribing 1.2 s of audio via WhisperKit (trigger=audio_stop)
DEBUG:wyoming_whisperkit.handler:WhisperKit internal time: 281 ms  wall: 1542 ms
INFO:wyoming_whisperkit.handler:- Okay.
DEBUG:wyoming_whisperkit.handler:Completed request
DEBUG:wyoming_whisperkit.handler:Transcribe event
DEBUG:wyoming_whisperkit.handler:Receiving audio
DEBUG:wyoming_whisperkit.handler:VAD armed (608 ms speech)
INFO:wyoming_whisperkit.handler:VAD early trigger — 7.7 s audio collected (speech=4672 ms, silence=928 ms)
DEBUG:wyoming_whisperkit.handler:Transcribing 7.7 s of audio via WhisperKit (trigger=vad)
DEBUG:wyoming_whisperkit.handler:WhisperKit internal time: 518 ms  wall: 2220 ms
INFO:wyoming_whisperkit.handler:Play the radio station WBGO Jazz in New York.
DEBUG:wyoming_whisperkit.handler:Completed request
DEBUG:wyoming_whisperkit.handler:Receiving audio
DEBUG:wyoming_whisperkit.handler:AudioStop received (vad_triggered=False)
DEBUG:wyoming_whisperkit.handler:Transcribing 2.7 s of audio via WhisperKit (trigger=audio_stop)
DEBUG:wyoming_whisperkit.handler:WhisperKit internal time: 370 ms  wall: 1488 ms
INFO:wyoming_whisperkit.handler:That's my dog.
DEBUG:wyoming_whisperkit.handler:Completed request
DEBUG:wyoming_whisperkit.handler:Transcribe event
DEBUG:wyoming_whisperkit.handler:Receiving audio
DEBUG:wyoming_whisperkit.handler:AudioStop received (vad_triggered=False)
DEBUG:wyoming_whisperkit.handler:Transcribing 2.8 s of audio via WhisperKit (trigger=audio_stop)
DEBUG:wyoming_whisperkit.handler:WhisperKit internal time: 353 ms  wall: 2854 ms
INFO:wyoming_whisperkit.handler:Stop.
DEBUG:wyoming_whisperkit.handler:Completed request
DEBUG:wyoming_whisperkit.handler:Transcribe event
DEBUG:wyoming_whisperkit.handler:Receiving audio
DEBUG:wyoming_whisperkit.handler:VAD armed (608 ms speech)
DEBUG:wyoming_whisperkit.handler:Transcribe event
DEBUG:wyoming_whisperkit.handler:Receiving audio
DEBUG:wyoming_whisperkit.handler:AudioStop received (vad_triggered=False)
DEBUG:wyoming_whisperkit.handler:Transcribing 2.8 s of audio via WhisperKit (trigger=audio_stop)
DEBUG:wyoming_whisperkit.handler:WhisperKit internal time: 318 ms  wall: 2309 ms
INFO:wyoming_whisperkit.handler:Stop.
DEBUG:wyoming_whisperkit.handler:Completed request
DEBUG:wyoming_whisperkit.handler:Transcribe event
DEBUG:wyoming_whisperkit.handler:Receiving audio
DEBUG:wyoming_whisperkit.handler:AudioStop received (vad_triggered=False)
DEBUG:wyoming_whisperkit.handler:Transcribing 2.9 s of audio via WhisperKit (trigger=audio_stop)
DEBUG:wyoming_whisperkit.handler:WhisperKit internal time: 341 ms  wall: 2040 ms
INFO:wyoming_whisperkit.handler:Stop!
DEBUG:wyoming_whisperkit.handler:Completed request
DEBUG:wyoming_whisperkit.handler:Transcribe event
DEBUG:wyoming_whisperkit.handler:Receiving audio
DEBUG:wyoming_whisperkit.handler:VAD armed (608 ms speech)
INFO:wyoming_whisperkit.handler:VAD early trigger — 2.3 s audio collected (speech=640 ms, silence=928 ms)
DEBUG:wyoming_whisperkit.handler:Transcribing 2.3 s of audio via WhisperKit (trigger=vad)
DEBUG:wyoming_whisperkit.handler:WhisperKit internal time: 348 ms  wall: 1804 ms
INFO:wyoming_whisperkit.handler:Pause!
DEBUG:wyoming_whisperkit.handler:Completed request
DEBUG:wyoming_whisperkit.handler:Receiving audio
DEBUG:wyoming_whisperkit.handler:AudioStop received (vad_triggered=False)
DEBUG:wyoming_whisperkit.handler:Transcribing 0.9 s of audio via WhisperKit (trigger=audio_stop)
DEBUG:wyoming_whisperkit.handler:WhisperKit internal time: 4 ms  wall: 1125 ms
INFO:wyoming_whisperkit.handler:
DEBUG:wyoming_whisperkit.handler:Completed request
DEBUG:wyoming_whisperkit.handler:Transcribe event
DEBUG:wyoming_whisperkit.handler:Receiving audio
DEBUG:wyoming_whisperkit.handler:AudioStop received (vad_triggered=False)
DEBUG:wyoming_whisperkit.handler:Transcribing 3.5 s of audio via WhisperKit (trigger=audio_stop)
DEBUG:wyoming_whisperkit.handler:WhisperKit internal time: 307 ms  wall: 2149 ms
INFO:wyoming_whisperkit.handler:Stop!
DEBUG:wyoming_whisperkit.handler:Completed request
DEBUG:wyoming_whisperkit.handler:Transcribe event
DEBUG:wyoming_whisperkit.handler:Receiving audio
DEBUG:wyoming_whisperkit.handler:AudioStop received (vad_triggered=False)
DEBUG:wyoming_whisperkit.handler:Transcribing 2.9 s of audio via WhisperKit (trigger=audio_stop)
DEBUG:wyoming_whisperkit.handler:WhisperKit internal time: 313 ms  wall: 2119 ms
INFO:wyoming_whisperkit.handler:Stop!
DEBUG:wyoming_whisperkit.handler:Completed request
DEBUG:wyoming_whisperkit.handler:Sent info
DEBUG:wyoming_whisperkit.handler:Transcribe event
DEBUG:wyoming_whisperkit.handler:Receiving audio
DEBUG:wyoming_whisperkit.handler:AudioStop received (vad_triggered=False)
DEBUG:wyoming_whisperkit.handler:Transcribing 2.8 s of audio via WhisperKit (trigger=audio_stop)
DEBUG:wyoming_whisperkit.handler:WhisperKit internal time: 352 ms  wall: 2131 ms
INFO:wyoming_whisperkit.handler:Stop!
DEBUG:wyoming_whisperkit.handler:Completed request
DEBUG:wyoming_whisperkit.handler:Transcribe event
DEBUG:wyoming_whisperkit.handler:Receiving audio
DEBUG:wyoming_whisperkit.handler:AudioStop received (vad_triggered=False)
DEBUG:wyoming_whisperkit.handler:Transcribing 3.6 s of audio via WhisperKit (trigger=audio_stop)
DEBUG:wyoming_whisperkit.handler:WhisperKit internal time: 332 ms  wall: 2123 ms
INFO:wyoming_whisperkit.handler:Goodnight.
DEBUG:wyoming_whisperkit.handler:Completed request
DEBUG:wyoming_whisperkit.handler:Transcribe event
DEBUG:wyoming_whisperkit.handler:Receiving audio
DEBUG:wyoming_whisperkit.handler:VAD armed (608 ms speech)
INFO:wyoming_whisperkit.handler:VAD early trigger — 2.4 s audio collected (speech=672 ms, silence=928 ms)
DEBUG:wyoming_whisperkit.handler:Transcribing 2.4 s of audio via WhisperKit (trigger=vad)
DEBUG:wyoming_whisperkit.handler:WhisperKit internal time: 388 ms  wall: 2298 ms
INFO:wyoming_whisperkit.handler:Turn on the light.
DEBUG:wyoming_whisperkit.handler:Completed request
DEBUG:wyoming_whisperkit.handler:Receiving audio
DEBUG:wyoming_whisperkit.handler:AudioStop received (vad_triggered=False)
DEBUG:wyoming_whisperkit.handler:Transcribing 0.8 s of audio via WhisperKit (trigger=audio_stop)
DEBUG:wyoming_whisperkit.handler:WhisperKit internal time: 6 ms  wall: 1637 ms
INFO:wyoming_whisperkit.handler:
DEBUG:wyoming_whisperkit.handler:Completed request
DEBUG:wyoming_whisperkit.handler:Transcribe event
DEBUG:wyoming_whisperkit.handler:Receiving audio
DEBUG:wyoming_whisperkit.handler:VAD armed (608 ms speech)
INFO:wyoming_whisperkit.handler:VAD early trigger — 3.3 s audio collected (speech=960 ms, silence=928 ms)
DEBUG:wyoming_whisperkit.handler:Transcribing 3.3 s of audio via WhisperKit (trigger=vad)
DEBUG:wyoming_whisperkit.handler:WhisperKit internal time: 368 ms  wall: 2215 ms
INFO:wyoming_whisperkit.handler:Turn the speaker on.
DEBUG:wyoming_whisperkit.handler:Completed request
DEBUG:wyoming_whisperkit.handler:Receiving audio
DEBUG:wyoming_whisperkit.handler:AudioStop received (vad_triggered=False)
DEBUG:wyoming_whisperkit.handler:Transcribing 0.7 s of audio via WhisperKit (trigger=audio_stop)
DEBUG:wyoming_whisperkit.handler:WhisperKit internal time: 4 ms  wall: 1477 ms
INFO:wyoming_whisperkit.handler:
DEBUG:wyoming_whisperkit.handler:Completed request
DEBUG:wyoming_whisperkit.handler:Transcribe event
DEBUG:wyoming_whisperkit.handler:Receiving audio
DEBUG:wyoming_whisperkit.handler:VAD armed (608 ms speech)
INFO:wyoming_whisperkit.handler:VAD early trigger — 3.8 s audio collected (speech=1760 ms, silence=928 ms)
DEBUG:wyoming_whisperkit.handler:Transcribing 3.8 s of audio via WhisperKit (trigger=vad)
DEBUG:wyoming_whisperkit.handler:WhisperKit internal time: 314 ms  wall: 1672 ms
INFO:wyoming_whisperkit.handler:Play WNYC.
DEBUG:wyoming_whisperkit.handler:Completed request
DEBUG:wyoming_whisperkit.handler:Receiving audio
DEBUG:wyoming_whisperkit.handler:AudioStop received (vad_triggered=False)
DEBUG:wyoming_whisperkit.handler:Transcribing 0.7 s of audio via WhisperKit (trigger=audio_stop)
DEBUG:wyoming_whisperkit.handler:WhisperKit internal time: 6 ms  wall: 1114 ms
INFO:wyoming_whisperkit.handler:
DEBUG:wyoming_whisperkit.handler:Completed request
DEBUG:wyoming_whisperkit.handler:Transcribe event
DEBUG:wyoming_whisperkit.handler:Receiving audio
DEBUG:wyoming_whisperkit.handler:VAD armed (608 ms speech)
INFO:wyoming_whisperkit.handler:VAD early trigger — 3.2 s audio collected (speech=1664 ms, silence=928 ms)
DEBUG:wyoming_whisperkit.handler:Transcribing 3.2 s of audio via WhisperKit (trigger=vad)
DEBUG:wyoming_whisperkit.handler:WhisperKit internal time: 381 ms  wall: 1923 ms
INFO:wyoming_whisperkit.handler:Play WQXR
DEBUG:wyoming_whisperkit.handler:Completed request
DEBUG:wyoming_whisperkit.handler:Receiving audio
DEBUG:wyoming_whisperkit.handler:AudioStop received (vad_triggered=False)
DEBUG:wyoming_whisperkit.handler:Transcribing 0.8 s of audio via WhisperKit (trigger=audio_stop)
DEBUG:wyoming_whisperkit.handler:WhisperKit internal time: 7 ms  wall: 1217 ms
INFO:wyoming_whisperkit.handler:
DEBUG:wyoming_whisperkit.handler:Completed request
DEBUG:wyoming_whisperkit.handler:Transcribe event
DEBUG:wyoming_whisperkit.handler:Receiving audio
DEBUG:wyoming_whisperkit.handler:AudioStop received (vad_triggered=False)
DEBUG:wyoming_whisperkit.handler:Transcribing 4.7 s of audio via WhisperKit (trigger=audio_stop)
DEBUG:wyoming_whisperkit.handler:WhisperKit internal time: 357 ms  wall: 2297 ms
INFO:wyoming_whisperkit.handler:Stop.
DEBUG:wyoming_whisperkit.handler:Completed request
DEBUG:wyoming_whisperkit.handler:Transcribe event
DEBUG:wyoming_whisperkit.handler:Receiving audio
DEBUG:wyoming_whisperkit.handler:VAD armed (608 ms speech)
DEBUG:wyoming_whisperkit.handler:Transcribe event
DEBUG:wyoming_whisperkit.handler:Receiving audio
DEBUG:wyoming_whisperkit.handler:AudioStop received (vad_triggered=False)
DEBUG:wyoming_whisperkit.handler:Transcribing 3.1 s of audio via WhisperKit (trigger=audio_stop)
DEBUG:wyoming_whisperkit.handler:WhisperKit internal time: 333 ms  wall: 2011 ms
INFO:wyoming_whisperkit.handler:Good night.
DEBUG:wyoming_whisperkit.handler:Completed request
DEBUG:wyoming_whisperkit.handler:Transcribe event
DEBUG:wyoming_whisperkit.handler:Receiving audio
DEBUG:wyoming_whisperkit.handler:VAD armed (608 ms speech)
INFO:wyoming_whisperkit.handler:VAD early trigger — 2.0 s audio collected (speech=896 ms, silence=928 ms)
DEBUG:wyoming_whisperkit.handler:Transcribing 2.0 s of audio via WhisperKit (trigger=vad)
DEBUG:wyoming_whisperkit.handler:WhisperKit internal time: 426 ms  wall: 2293 ms
INFO:wyoming_whisperkit.handler:Turn the speaker on.
DEBUG:wyoming_whisperkit.handler:Completed request
DEBUG:wyoming_whisperkit.handler:Receiving audio
DEBUG:wyoming_whisperkit.handler:AudioStop received (vad_triggered=False)
DEBUG:wyoming_whisperkit.handler:Transcribing 0.8 s of audio via WhisperKit (trigger=audio_stop)
DEBUG:wyoming_whisperkit.handler:WhisperKit internal time: 5 ms  wall: 1333 ms
INFO:wyoming_whisperkit.handler:
DEBUG:wyoming_whisperkit.handler:Completed request
DEBUG:wyoming_whisperkit.handler:Transcribe event
DEBUG:wyoming_whisperkit.handler:Receiving audio
DEBUG:wyoming_whisperkit.handler:VAD armed (608 ms speech)
INFO:wyoming_whisperkit.handler:VAD early trigger — 2.7 s audio collected (speech=1664 ms, silence=928 ms)
DEBUG:wyoming_whisperkit.handler:Transcribing 2.7 s of audio via WhisperKit (trigger=vad)
DEBUG:wyoming_whisperkit.handler:WhisperKit internal time: 326 ms  wall: 1575 ms
INFO:wyoming_whisperkit.handler:Click WNYC.
DEBUG:wyoming_whisperkit.handler:Completed request
DEBUG:wyoming_whisperkit.handler:Receiving audio
DEBUG:wyoming_whisperkit.handler:AudioStop received (vad_triggered=False)
DEBUG:wyoming_whisperkit.handler:Transcribing 1.0 s of audio via WhisperKit (trigger=audio_stop)
DEBUG:wyoming_whisperkit.handler:WhisperKit internal time: 4 ms  wall: 1364 ms
INFO:wyoming_whisperkit.handler:
DEBUG:wyoming_whisperkit.handler:Completed request
DEBUG:wyoming_whisperkit.handler:Transcribe event
DEBUG:wyoming_whisperkit.handler:Receiving audio
DEBUG:wyoming_whisperkit.handler:VAD armed (608 ms speech)
INFO:wyoming_whisperkit.handler:VAD early trigger — 3.1 s audio collected (speech=1600 ms, silence=928 ms)
DEBUG:wyoming_whisperkit.handler:Transcribing 3.1 s of audio via WhisperKit (trigger=vad)
DEBUG:wyoming_whisperkit.handler:WhisperKit internal time: 313 ms  wall: 1748 ms
INFO:wyoming_whisperkit.handler:Play WNYC.
DEBUG:wyoming_whisperkit.handler:Completed request
DEBUG:wyoming_whisperkit.handler:Receiving audio
DEBUG:wyoming_whisperkit.handler:AudioStop received (vad_triggered=False)
DEBUG:wyoming_whisperkit.handler:Transcribing 0.8 s of audio via WhisperKit (trigger=audio_stop)
DEBUG:wyoming_whisperkit.handler:WhisperKit internal time: 4 ms  wall: 1247 ms
INFO:wyoming_whisperkit.handler:
DEBUG:wyoming_whisperkit.handler:Completed request
DEBUG:wyoming_whisperkit.handler:Transcribe event
DEBUG:wyoming_whisperkit.handler:Receiving audio
DEBUG:wyoming_whisperkit.handler:VAD armed (608 ms speech)
INFO:wyoming_whisperkit.handler:VAD early trigger — 3.1 s audio collected (speech=1248 ms, silence=928 ms)
DEBUG:wyoming_whisperkit.handler:Transcribing 3.1 s of audio via WhisperKit (trigger=vad)
DEBUG:wyoming_whisperkit.handler:WhisperKit internal time: 432 ms  wall: 2359 ms
INFO:wyoming_whisperkit.handler:play WNYC.
DEBUG:wyoming_whisperkit.handler:Completed request
DEBUG:wyoming_whisperkit.handler:Receiving audio
DEBUG:wyoming_whisperkit.handler:AudioStop received (vad_triggered=False)
DEBUG:wyoming_whisperkit.handler:Transcribing 0.8 s of audio via WhisperKit (trigger=audio_stop)
DEBUG:wyoming_whisperkit.handler:WhisperKit internal time: 4 ms  wall: 1088 ms
INFO:wyoming_whisperkit.handler:
DEBUG:wyoming_whisperkit.handler:Completed request
DEBUG:wyoming_whisperkit.handler:Transcribe event
DEBUG:wyoming_whisperkit.handler:Receiving audio
DEBUG:wyoming_whisperkit.handler:VAD armed (608 ms speech)
INFO:wyoming_whisperkit.handler:VAD early trigger — 3.1 s audio collected (speech=1504 ms, silence=928 ms)
DEBUG:wyoming_whisperkit.handler:Transcribing 3.1 s of audio via WhisperKit (trigger=vad)
DEBUG:wyoming_whisperkit.handler:WhisperKit internal time: 478 ms  wall: 2914 ms
INFO:wyoming_whisperkit.handler:Play WBGO.
DEBUG:wyoming_whisperkit.handler:Completed request
DEBUG:wyoming_whisperkit.handler:Receiving audio
DEBUG:wyoming_whisperkit.handler:AudioStop received (vad_triggered=False)
DEBUG:wyoming_whisperkit.handler:Transcribing 0.8 s of audio via WhisperKit (trigger=audio_stop)
DEBUG:wyoming_whisperkit.handler:WhisperKit internal time: 4 ms  wall: 1147 ms
INFO:wyoming_whisperkit.handler:
DEBUG:wyoming_whisperkit.handler:Completed request
DEBUG:wyoming_whisperkit.handler:Transcribe event
DEBUG:wyoming_whisperkit.handler:Receiving audio
DEBUG:wyoming_whisperkit.handler:VAD armed (608 ms speech)
INFO:wyoming_whisperkit.handler:VAD early trigger — 4.2 s audio collected (speech=2560 ms, silence=928 ms)
DEBUG:wyoming_whisperkit.handler:Transcribing 4.2 s of audio via WhisperKit (trigger=vad)
DEBUG:wyoming_whisperkit.handler:WhisperKit internal time: 361 ms  wall: 1672 ms
INFO:wyoming_whisperkit.handler:Play WBGO Jazz.
DEBUG:wyoming_whisperkit.handler:Completed request
DEBUG:wyoming_whisperkit.handler:Receiving audio
DEBUG:wyoming_whisperkit.handler:AudioStop received (vad_triggered=False)
DEBUG:wyoming_whisperkit.handler:Transcribing 0.9 s of audio via WhisperKit (trigger=audio_stop)
DEBUG:wyoming_whisperkit.handler:WhisperKit internal time: 4 ms  wall: 955 ms
INFO:wyoming_whisperkit.handler:
DEBUG:wyoming_whisperkit.handler:Completed request
DEBUG:wyoming_whisperkit.handler:Transcribe event
DEBUG:wyoming_whisperkit.handler:Receiving audio
DEBUG:wyoming_whisperkit.handler:AudioStop received (vad_triggered=False)
DEBUG:wyoming_whisperkit.handler:Transcribing 2.8 s of audio via WhisperKit (trigger=audio_stop)
DEBUG:wyoming_whisperkit.handler:WhisperKit internal time: 395 ms  wall: 2493 ms
INFO:wyoming_whisperkit.handler:Stop!
DEBUG:wyoming_whisperkit.handler:Completed request
DEBUG:wyoming_whisperkit.handler:Transcribe event
DEBUG:wyoming_whisperkit.handler:Receiving audio
DEBUG:wyoming_whisperkit.handler:AudioStop received (vad_triggered=False)
DEBUG:wyoming_whisperkit.handler:Transcribing 2.8 s of audio via WhisperKit (trigger=audio_stop)
DEBUG:wyoming_whisperkit.handler:WhisperKit internal time: 392 ms  wall: 2195 ms
INFO:wyoming_whisperkit.handler:Good night.
DEBUG:wyoming_whisperkit.handler:Completed request
DEBUG:wyoming_whisperkit.handler:Transcribe event
DEBUG:wyoming_whisperkit.handler:Receiving audio
DEBUG:wyoming_whisperkit.handler:AudioStop received (vad_triggered=False)
DEBUG:wyoming_whisperkit.handler:Transcribing 2.8 s of audio via WhisperKit (trigger=audio_stop)
DEBUG:wyoming_whisperkit.handler:WhisperKit internal time: 337 ms  wall: 2302 ms
INFO:wyoming_whisperkit.handler:Good night.
DEBUG:wyoming_whisperkit.handler:Completed request
DEBUG:wyoming_whisperkit.handler:Transcribe event
DEBUG:wyoming_whisperkit.handler:Receiving audio
DEBUG:wyoming_whisperkit.handler:VAD armed (608 ms speech)
INFO:wyoming_whisperkit.handler:VAD early trigger — 3.7 s audio collected (speech=2016 ms, silence=928 ms)
DEBUG:wyoming_whisperkit.handler:Transcribing 3.7 s of audio via WhisperKit (trigger=vad)
DEBUG:wyoming_whisperkit.handler:WhisperKit internal time: 583 ms  wall: 2248 ms
INFO:wyoming_whisperkit.handler:Clay WPGO Javs
DEBUG:wyoming_whisperkit.handler:Completed request
DEBUG:wyoming_whisperkit.handler:Receiving audio
DEBUG:wyoming_whisperkit.handler:AudioStop received (vad_triggered=False)
DEBUG:wyoming_whisperkit.handler:Transcribing 0.9 s of audio via WhisperKit (trigger=audio_stop)
DEBUG:wyoming_whisperkit.handler:WhisperKit internal time: 4 ms  wall: 1384 ms
INFO:wyoming_whisperkit.handler:
DEBUG:wyoming_whisperkit.handler:Completed request
DEBUG:wyoming_whisperkit.handler:Transcribe event
DEBUG:wyoming_whisperkit.handler:Receiving audio
DEBUG:wyoming_whisperkit.handler:VAD armed (608 ms speech)
INFO:wyoming_whisperkit.handler:VAD early trigger — 2.5 s audio collected (speech=992 ms, silence=928 ms)
DEBUG:wyoming_whisperkit.handler:Transcribing 2.5 s of audio via WhisperKit (trigger=vad)
DEBUG:wyoming_whisperkit.handler:WhisperKit internal time: 555 ms  wall: 1982 ms
INFO:wyoming_whisperkit.handler:Turn on the speaker.
DEBUG:wyoming_whisperkit.handler:Completed request
DEBUG:wyoming_whisperkit.handler:Receiving audio
DEBUG:wyoming_whisperkit.handler:AudioStop received (vad_triggered=False)
DEBUG:wyoming_whisperkit.handler:Transcribing 0.8 s of audio via WhisperKit (trigger=audio_stop)
DEBUG:wyoming_whisperkit.handler:WhisperKit internal time: 4 ms  wall: 2154 ms
INFO:wyoming_whisperkit.handler:
DEBUG:wyoming_whisperkit.handler:Completed request
DEBUG:wyoming_whisperkit.handler:Transcribe event
DEBUG:wyoming_whisperkit.handler:Receiving audio
DEBUG:wyoming_whisperkit.handler:VAD armed (608 ms speech)
INFO:wyoming_whisperkit.handler:VAD early trigger — 3.6 s audio collected (speech=2016 ms, silence=928 ms)
DEBUG:wyoming_whisperkit.handler:Transcribing 3.6 s of audio via WhisperKit (trigger=vad)
DEBUG:wyoming_whisperkit.handler:WhisperKit internal time: 482 ms  wall: 1907 ms
INFO:wyoming_whisperkit.handler:Play WBGO Jazz.
DEBUG:wyoming_whisperkit.handler:Completed request
DEBUG:wyoming_whisperkit.handler:Receiving audio
DEBUG:wyoming_whisperkit.handler:AudioStop received (vad_triggered=False)
DEBUG:wyoming_whisperkit.handler:Transcribing 1.5 s of audio via WhisperKit (trigger=audio_stop)
DEBUG:wyoming_whisperkit.handler:WhisperKit internal time: 427 ms  wall: 1228 ms
INFO:wyoming_whisperkit.handler:(sizzling)
DEBUG:wyoming_whisperkit.handler:Completed request
DEBUG:wyoming_whisperkit.handler:Transcribe event
DEBUG:wyoming_whisperkit.handler:Receiving audio
DEBUG:wyoming_whisperkit.handler:AudioStop received (vad_triggered=False)
DEBUG:wyoming_whisperkit.handler:Transcribing 15.0 s of audio via WhisperKit (trigger=audio_stop)
DEBUG:wyoming_whisperkit.handler:WhisperKit internal time: 330 ms  wall: 2389 ms
INFO:wyoming_whisperkit.handler:Stop.
DEBUG:wyoming_whisperkit.handler:Completed request
DEBUG:wyoming_whisperkit.handler:Transcribe event
DEBUG:wyoming_whisperkit.handler:Receiving audio
DEBUG:wyoming_whisperkit.handler:AudioStop received (vad_triggered=False)
DEBUG:wyoming_whisperkit.handler:Transcribing 4.5 s of audio via WhisperKit (trigger=audio_stop)
DEBUG:wyoming_whisperkit.handler:WhisperKit internal time: 313 ms  wall: 2242 ms
INFO:wyoming_whisperkit.handler:Stop!
DEBUG:wyoming_whisperkit.handler:Completed request
DEBUG:wyoming_whisperkit.handler:Transcribe event
DEBUG:wyoming_whisperkit.handler:Receiving audio
DEBUG:wyoming_whisperkit.handler:AudioStop received (vad_triggered=False)
DEBUG:wyoming_whisperkit.handler:Transcribing 3.6 s of audio via WhisperKit (trigger=audio_stop)
DEBUG:wyoming_whisperkit.handler:WhisperKit internal time: 351 ms  wall: 2288 ms
INFO:wyoming_whisperkit.handler:good night
DEBUG:wyoming_whisperkit.handler:Completed request
DEBUG:wyoming_whisperkit.handler:Sent info
DEBUG:wyoming_whisperkit.handler:Transcribe event
DEBUG:wyoming_whisperkit.handler:Receiving audio
DEBUG:wyoming_whisperkit.handler:VAD armed (608 ms speech)
INFO:wyoming_whisperkit.handler:VAD early trigger — 2.5 s audio collected (speech=896 ms, silence=928 ms)
DEBUG:wyoming_whisperkit.handler:Transcribing 2.5 s of audio via WhisperKit (trigger=vad)
DEBUG:wyoming_whisperkit.handler:WhisperKit internal time: 428 ms  wall: 2204 ms
INFO:wyoming_whisperkit.handler:Turn on the speaker.
DEBUG:wyoming_whisperkit.handler:Completed request
DEBUG:wyoming_whisperkit.handler:Receiving audio
DEBUG:wyoming_whisperkit.handler:AudioStop received (vad_triggered=False)
DEBUG:wyoming_whisperkit.handler:Transcribing 0.8 s of audio via WhisperKit (trigger=audio_stop)
DEBUG:wyoming_whisperkit.handler:WhisperKit internal time: 6 ms  wall: 1356 ms
INFO:wyoming_whisperkit.handler:
DEBUG:wyoming_whisperkit.handler:Completed request
DEBUG:wyoming_whisperkit.handler:Transcribe event
DEBUG:wyoming_whisperkit.handler:Receiving audio
DEBUG:wyoming_whisperkit.handler:VAD armed (608 ms speech)
INFO:wyoming_whisperkit.handler:VAD early trigger — 4.5 s audio collected (speech=2016 ms, silence=928 ms)
DEBUG:wyoming_whisperkit.handler:Transcribing 4.5 s of audio via WhisperKit (trigger=vad)
DEBUG:wyoming_whisperkit.handler:WhisperKit internal time: 324 ms  wall: 1633 ms
INFO:wyoming_whisperkit.handler:playing WQBR Jazz
DEBUG:wyoming_whisperkit.handler:Completed request
DEBUG:wyoming_whisperkit.handler:Receiving audio
DEBUG:wyoming_whisperkit.handler:VAD armed (608 ms speech)
INFO:wyoming_whisperkit.handler:VAD early trigger — 6.3 s audio collected (speech=3488 ms, silence=928 ms)
DEBUG:wyoming_whisperkit.handler:Transcribing 6.3 s of audio via WhisperKit (trigger=vad)
DEBUG:wyoming_whisperkit.handler:WhisperKit internal time: 801 ms  wall: 1969 ms
INFO:wyoming_whisperkit.handler:What's WQM? QX, what's the jelly? WPGO. [INAUDIBLE]
DEBUG:wyoming_whisperkit.handler:Completed request
DEBUG:wyoming_whisperkit.handler:Receiving audio
DEBUG:wyoming_whisperkit.handler:AudioStop received (vad_triggered=False)
DEBUG:wyoming_whisperkit.handler:Transcribing 0.6 s of audio via WhisperKit (trigger=audio_stop)
DEBUG:wyoming_whisperkit.handler:WhisperKit internal time: 5 ms  wall: 834 ms
INFO:wyoming_whisperkit.handler:
DEBUG:wyoming_whisperkit.handler:Completed request
DEBUG:wyoming_whisperkit.handler:Transcribe event
DEBUG:wyoming_whisperkit.handler:Receiving audio
DEBUG:wyoming_whisperkit.handler:VAD armed (608 ms speech)
DEBUG:wyoming_whisperkit.handler:AudioStop received (vad_triggered=False)
DEBUG:wyoming_whisperkit.handler:Transcribing 4.4 s of audio via WhisperKit (trigger=audio_stop)
DEBUG:wyoming_whisperkit.handler:WhisperKit internal time: 291 ms  wall: 1570 ms
INFO:wyoming_whisperkit.handler:Play WBG
DEBUG:wyoming_whisperkit.handler:Completed request
DEBUG:wyoming_whisperkit.handler:Transcribe event
DEBUG:wyoming_whisperkit.handler:Receiving audio
DEBUG:wyoming_whisperkit.handler:VAD armed (608 ms speech)
INFO:wyoming_whisperkit.handler:VAD early trigger — 2.5 s audio collected (speech=1152 ms, silence=928 ms)
DEBUG:wyoming_whisperkit.handler:Transcribing 2.5 s of audio via WhisperKit (trigger=vad)
DEBUG:wyoming_whisperkit.handler:WhisperKit internal time: 310 ms  wall: 1903 ms
INFO:wyoming_whisperkit.handler:Play WBGO.
DEBUG:wyoming_whisperkit.handler:Completed request
DEBUG:wyoming_whisperkit.handler:Receiving audio
DEBUG:wyoming_whisperkit.handler:AudioStop received (vad_triggered=False)
DEBUG:wyoming_whisperkit.handler:Transcribing 0.8 s of audio via WhisperKit (trigger=audio_stop)
DEBUG:wyoming_whisperkit.handler:WhisperKit internal time: 6 ms  wall: 1131 ms
INFO:wyoming_whisperkit.handler:
DEBUG:wyoming_whisperkit.handler:Completed request
DEBUG:wyoming_whisperkit.handler:Transcribe event
DEBUG:wyoming_whisperkit.handler:Receiving audio
DEBUG:wyoming_whisperkit.handler:AudioStop received (vad_triggered=False)
DEBUG:wyoming_whisperkit.handler:Transcribing 3.1 s of audio via WhisperKit (trigger=audio_stop)
DEBUG:wyoming_whisperkit.handler:WhisperKit internal time: 547 ms  wall: 2518 ms
INFO:wyoming_whisperkit.handler:Pause.
DEBUG:wyoming_whisperkit.handler:Completed request
DEBUG:wyoming_whisperkit.handler:Transcribe event
DEBUG:wyoming_whisperkit.handler:Receiving audio
DEBUG:wyoming_whisperkit.handler:VAD armed (608 ms speech)
INFO:wyoming_whisperkit.handler:VAD early trigger — 2.6 s audio collected (speech=672 ms, silence=928 ms)
DEBUG:wyoming_whisperkit.handler:Transcribing 2.6 s of audio via WhisperKit (trigger=vad)
DEBUG:wyoming_whisperkit.handler:WhisperKit internal time: 363 ms  wall: 2516 ms
INFO:wyoming_whisperkit.handler:time to go out on
DEBUG:wyoming_whisperkit.handler:Completed request
DEBUG:wyoming_whisperkit.handler:Receiving audio
DEBUG:wyoming_whisperkit.handler:AudioStop received (vad_triggered=False)
DEBUG:wyoming_whisperkit.handler:Transcribing 0.4 s of audio via WhisperKit (trigger=audio_stop)
DEBUG:wyoming_whisperkit.handler:WhisperKit internal time: 8 ms  wall: 1594 ms
INFO:wyoming_whisperkit.handler:
DEBUG:wyoming_whisperkit.handler:Completed request
DEBUG:wyoming_whisperkit.handler:Transcribe event
DEBUG:wyoming_whisperkit.handler:Receiving audio
DEBUG:wyoming_whisperkit.handler:VAD armed (608 ms speech)
INFO:wyoming_whisperkit.handler:VAD early trigger — 2.7 s audio collected (speech=1024 ms, silence=928 ms)
DEBUG:wyoming_whisperkit.handler:Transcribing 2.7 s of audio via WhisperKit (trigger=vad)
DEBUG:wyoming_whisperkit.handler:WhisperKit internal time: 320 ms  wall: 2069 ms
INFO:wyoming_whisperkit.handler:Turn the light on.
DEBUG:wyoming_whisperkit.handler:Completed request
DEBUG:wyoming_whisperkit.handler:Receiving audio
DEBUG:wyoming_whisperkit.handler:AudioStop received (vad_triggered=False)
DEBUG:wyoming_whisperkit.handler:Transcribing 0.5 s of audio via WhisperKit (trigger=audio_stop)
DEBUG:wyoming_whisperkit.handler:WhisperKit internal time: 4 ms  wall: 1332 ms
INFO:wyoming_whisperkit.handler:
DEBUG:wyoming_whisperkit.handler:Completed request
DEBUG:wyoming_whisperkit.handler:Transcribe event
DEBUG:wyoming_whisperkit.handler:Receiving audio
DEBUG:wyoming_whisperkit.handler:AudioStop received (vad_triggered=False)
DEBUG:wyoming_whisperkit.handler:Transcribing 15.0 s of audio via WhisperKit (trigger=audio_stop)
DEBUG:wyoming_whisperkit.handler:WhisperKit internal time: 303 ms  wall: 1863 ms
INFO:wyoming_whisperkit.handler:Good night.
DEBUG:wyoming_whisperkit.handler:Completed request
DEBUG:wyoming_whisperkit.handler:Transcribe event
DEBUG:wyoming_whisperkit.handler:Receiving audio
DEBUG:wyoming_whisperkit.handler:VAD armed (608 ms speech)
INFO:wyoming_whisperkit.handler:VAD early trigger — 2.4 s audio collected (speech=832 ms, silence=928 ms)
DEBUG:wyoming_whisperkit.handler:Transcribing 2.4 s of audio via WhisperKit (trigger=vad)
DEBUG:wyoming_whisperkit.handler:WhisperKit internal time: 374 ms  wall: 2862 ms
INFO:wyoming_whisperkit.handler:Turn on the speaker.
DEBUG:wyoming_whisperkit.handler:Completed request
DEBUG:wyoming_whisperkit.handler:Receiving audio
DEBUG:wyoming_whisperkit.handler:AudioStop received (vad_triggered=False)
DEBUG:wyoming_whisperkit.handler:Transcribing 0.9 s of audio via WhisperKit (trigger=audio_stop)
DEBUG:wyoming_whisperkit.handler:WhisperKit internal time: 4 ms  wall: 1672 ms
INFO:wyoming_whisperkit.handler:
DEBUG:wyoming_whisperkit.handler:Completed request
DEBUG:wyoming_whisperkit.handler:Transcribe event
DEBUG:wyoming_whisperkit.handler:Receiving audio
DEBUG:wyoming_whisperkit.handler:VAD armed (608 ms speech)
INFO:wyoming_whisperkit.handler:VAD early trigger — 2.6 s audio collected (speech=1088 ms, silence=928 ms)
DEBUG:wyoming_whisperkit.handler:Transcribing 2.6 s of audio via WhisperKit (trigger=vad)
DEBUG:wyoming_whisperkit.handler:WhisperKit internal time: 294 ms  wall: 2116 ms
INFO:wyoming_whisperkit.handler:play WFMU
DEBUG:wyoming_whisperkit.handler:Completed request
DEBUG:wyoming_whisperkit.handler:Receiving audio
DEBUG:wyoming_whisperkit.handler:AudioStop received (vad_triggered=False)
DEBUG:wyoming_whisperkit.handler:Transcribing 0.8 s of audio via WhisperKit (trigger=audio_stop)
DEBUG:wyoming_whisperkit.handler:WhisperKit internal time: 13 ms  wall: 2012 ms
INFO:wyoming_whisperkit.handler:
DEBUG:wyoming_whisperkit.handler:Completed request
DEBUG:wyoming_whisperkit.handler:Transcribe event
DEBUG:wyoming_whisperkit.handler:Receiving audio
DEBUG:wyoming_whisperkit.handler:AudioStop received (vad_triggered=False)
DEBUG:wyoming_whisperkit.handler:Transcribing 2.8 s of audio via WhisperKit (trigger=audio_stop)
DEBUG:wyoming_whisperkit.handler:WhisperKit internal time: 312 ms  wall: 3625 ms
INFO:wyoming_whisperkit.handler:Stop.
DEBUG:wyoming_whisperkit.handler:Completed request
DEBUG:wyoming_whisperkit.handler:Transcribe event
DEBUG:wyoming_whisperkit.handler:Receiving audio
DEBUG:wyoming_whisperkit.handler:VAD armed (608 ms speech)
INFO:wyoming_whisperkit.handler:VAD early trigger — 3.0 s audio collected (speech=1184 ms, silence=928 ms)
DEBUG:wyoming_whisperkit.handler:Transcribing 3.0 s of audio via WhisperKit (trigger=vad)
DEBUG:wyoming_whisperkit.handler:WhisperKit internal time: 333 ms  wall: 1860 ms
INFO:wyoming_whisperkit.handler:play KEXP
DEBUG:wyoming_whisperkit.handler:Completed request
DEBUG:wyoming_whisperkit.handler:Receiving audio
DEBUG:wyoming_whisperkit.handler:AudioStop received (vad_triggered=False)
DEBUG:wyoming_whisperkit.handler:Transcribing 0.8 s of audio via WhisperKit (trigger=audio_stop)
DEBUG:wyoming_whisperkit.handler:WhisperKit internal time: 4 ms  wall: 822 ms
INFO:wyoming_whisperkit.handler:
DEBUG:wyoming_whisperkit.handler:Completed request
DEBUG:wyoming_whisperkit.handler:Sent info
DEBUG:wyoming_whisperkit.handler:Transcribe event
DEBUG:wyoming_whisperkit.handler:Receiving audio
DEBUG:wyoming_whisperkit.handler:VAD armed (608 ms speech)
INFO:wyoming_whisperkit.handler:VAD early trigger — 3.6 s audio collected (speech=1696 ms, silence=928 ms)
DEBUG:wyoming_whisperkit.handler:Transcribing 3.6 s of audio via WhisperKit (trigger=vad)
DEBUG:wyoming_whisperkit.handler:WhisperKit internal time: 506 ms  wall: 2636 ms
INFO:wyoming_whisperkit.handler:Playball Spurs
DEBUG:wyoming_whisperkit.handler:Completed request
DEBUG:wyoming_whisperkit.handler:Receiving audio
DEBUG:wyoming_whisperkit.handler:AudioStop received (vad_triggered=False)
DEBUG:wyoming_whisperkit.handler:Transcribing 0.9 s of audio via WhisperKit (trigger=audio_stop)
DEBUG:wyoming_whisperkit.handler:WhisperKit internal time: 5 ms  wall: 1224 ms
INFO:wyoming_whisperkit.handler:
DEBUG:wyoming_whisperkit.handler:Completed request
DEBUG:wyoming_whisperkit.handler:Transcribe event
DEBUG:wyoming_whisperkit.handler:Receiving audio
DEBUG:wyoming_whisperkit.handler:VAD armed (608 ms speech)
INFO:wyoming_whisperkit.handler:VAD early trigger — 3.0 s audio collected (speech=1376 ms, silence=928 ms)
DEBUG:wyoming_whisperkit.handler:Transcribing 3.0 s of audio via WhisperKit (trigger=vad)
DEBUG:wyoming_whisperkit.handler:WhisperKit internal time: 350 ms  wall: 2010 ms
INFO:wyoming_whisperkit.handler:Playball Spurs
DEBUG:wyoming_whisperkit.handler:Completed request
DEBUG:wyoming_whisperkit.handler:Receiving audio
DEBUG:wyoming_whisperkit.handler:AudioStop received (vad_triggered=False)
DEBUG:wyoming_whisperkit.handler:Transcribing 1.1 s of audio via WhisperKit (trigger=audio_stop)
DEBUG:wyoming_whisperkit.handler:WhisperKit internal time: 284 ms  wall: 1458 ms
INFO:wyoming_whisperkit.handler:[BLANK_AUDIO]
DEBUG:wyoming_whisperkit.handler:Completed request
DEBUG:wyoming_whisperkit.handler:Transcribe event
DEBUG:wyoming_whisperkit.handler:Receiving audio
DEBUG:wyoming_whisperkit.handler:VAD armed (608 ms speech)
INFO:wyoming_whisperkit.handler:VAD early trigger — 2.8 s audio collected (speech=1312 ms, silence=928 ms)
DEBUG:wyoming_whisperkit.handler:Transcribing 2.8 s of audio via WhisperKit (trigger=vad)
DEBUG:wyoming_whisperkit.handler:WhisperKit internal time: 346 ms  wall: 1931 ms
INFO:wyoming_whisperkit.handler:Playball Spurs
DEBUG:wyoming_whisperkit.handler:Completed request
DEBUG:wyoming_whisperkit.handler:Receiving audio
DEBUG:wyoming_whisperkit.handler:AudioStop received (vad_triggered=False)
DEBUG:wyoming_whisperkit.handler:Transcribing 0.8 s of audio via WhisperKit (trigger=audio_stop)
DEBUG:wyoming_whisperkit.handler:WhisperKit internal time: 5 ms  wall: 1197 ms
INFO:wyoming_whisperkit.handler:
DEBUG:wyoming_whisperkit.handler:Completed request
DEBUG:wyoming_whisperkit.handler:Transcribe event
DEBUG:wyoming_whisperkit.handler:Receiving audio
DEBUG:wyoming_whisperkit.handler:VAD armed (608 ms speech)
INFO:wyoming_whisperkit.handler:VAD early trigger — 3.5 s audio collected (speech=1632 ms, silence=928 ms)
DEBUG:wyoming_whisperkit.handler:Transcribing 3.5 s of audio via WhisperKit (trigger=vad)
DEBUG:wyoming_whisperkit.handler:WhisperKit internal time: 391 ms  wall: 2222 ms
INFO:wyoming_whisperkit.handler:Playball Spurs
DEBUG:wyoming_whisperkit.handler:Completed request
DEBUG:wyoming_whisperkit.handler:Receiving audio
DEBUG:wyoming_whisperkit.handler:AudioStop received (vad_triggered=False)
DEBUG:wyoming_whisperkit.handler:Transcribing 1.2 s of audio via WhisperKit (trigger=audio_stop)
DEBUG:wyoming_whisperkit.handler:WhisperKit internal time: 312 ms  wall: 1531 ms
INFO:wyoming_whisperkit.handler:(water splashing)
DEBUG:wyoming_whisperkit.handler:Completed request
DEBUG:wyoming_whisperkit.handler:Transcribe event
DEBUG:wyoming_whisperkit.handler:Receiving audio
DEBUG:wyoming_whisperkit.handler:VAD armed (608 ms speech)
INFO:wyoming_whisperkit.handler:VAD early trigger — 2.0 s audio collected (speech=1024 ms, silence=928 ms)
DEBUG:wyoming_whisperkit.handler:Transcribing 2.0 s of audio via WhisperKit (trigger=vad)
DEBUG:wyoming_whisperkit.handler:WhisperKit internal time: 358 ms  wall: 1861 ms
INFO:wyoming_whisperkit.handler:all spurs.
DEBUG:wyoming_whisperkit.handler:Completed request
DEBUG:wyoming_whisperkit.handler:Receiving audio
DEBUG:wyoming_whisperkit.handler:AudioStop received (vad_triggered=False)
DEBUG:wyoming_whisperkit.handler:Transcribing 0.9 s of audio via WhisperKit (trigger=audio_stop)
DEBUG:wyoming_whisperkit.handler:WhisperKit internal time: 4 ms  wall: 1115 ms
INFO:wyoming_whisperkit.handler:
DEBUG:wyoming_whisperkit.handler:Completed request
DEBUG:wyoming_whisperkit.handler:Transcribe event
DEBUG:wyoming_whisperkit.handler:Receiving audio
DEBUG:wyoming_whisperkit.handler:VAD armed (608 ms speech)
INFO:wyoming_whisperkit.handler:VAD early trigger — 3.0 s audio collected (speech=1376 ms, silence=928 ms)
DEBUG:wyoming_whisperkit.handler:Transcribing 3.0 s of audio via WhisperKit (trigger=vad)
DEBUG:wyoming_whisperkit.handler:WhisperKit internal time: 303 ms  wall: 1549 ms
INFO:wyoming_whisperkit.handler:Playball Spurs
DEBUG:wyoming_whisperkit.handler:Completed request
DEBUG:wyoming_whisperkit.handler:Receiving audio
DEBUG:wyoming_whisperkit.handler:AudioStop received (vad_triggered=False)
DEBUG:wyoming_whisperkit.handler:Transcribing 0.9 s of audio via WhisperKit (trigger=audio_stop)
DEBUG:wyoming_whisperkit.handler:WhisperKit internal time: 4 ms  wall: 900 ms
INFO:wyoming_whisperkit.handler:
DEBUG:wyoming_whisperkit.handler:Completed request
DEBUG:wyoming_whisperkit.handler:Transcribe event
DEBUG:wyoming_whisperkit.handler:Receiving audio
DEBUG:wyoming_whisperkit.handler:VAD armed (608 ms speech)
INFO:wyoming_whisperkit.handler:VAD early trigger — 3.2 s audio collected (speech=1696 ms, silence=928 ms)
DEBUG:wyoming_whisperkit.handler:Transcribing 3.2 s of audio via WhisperKit (trigger=vad)
DEBUG:wyoming_whisperkit.handler:WhisperKit internal time: 366 ms  wall: 1992 ms
INFO:wyoming_whisperkit.handler:Playball Spurs
DEBUG:wyoming_whisperkit.handler:Completed request
DEBUG:wyoming_whisperkit.handler:Receiving audio
DEBUG:wyoming_whisperkit.handler:AudioStop received (vad_triggered=False)
DEBUG:wyoming_whisperkit.handler:Transcribing 0.9 s of audio via WhisperKit (trigger=audio_stop)
DEBUG:wyoming_whisperkit.handler:WhisperKit internal time: 4 ms  wall: 926 ms
INFO:wyoming_whisperkit.handler:
DEBUG:wyoming_whisperkit.handler:Completed request
DEBUG:__main__:Namespace(bridge='/Users/media/containers/home-automation/mac-whisper-speedtest/tools/whisperkit-bridge/.build/release/whisperkit-bridge', model='small', uri='tcp://0.0.0.0:7892', debug=True, log_format='%(levelname)s:%(name)s:%(message)s', vad=True)
INFO:__main__:Using whisperkit-bridge: /Users/media/containers/home-automation/mac-whisper-speedtest/tools/whisperkit-bridge/.build/release/whisperkit-bridge
INFO:__main__:Warming up WhisperKit model (small) — first run loads CoreML graphs…
INFO:__main__:WhisperKit warm ✓
INFO:__main__:Loading Silero-VAD (ONNX backend)…
DEBUG:torio._extension.utils:Loading FFmpeg6
DEBUG:torio._extension.utils:Failed to load FFmpeg6 extension.
Traceback (most recent call last):
  File "/Users/media/containers/home-automation/wyoming-whisperkit/.venv/lib/python3.9/site-packages/torio/_extension/utils.py", line 116, in _find_ffmpeg_extension
    ext = _find_versionsed_ffmpeg_extension(ffmpeg_ver)
  File "/Users/media/containers/home-automation/wyoming-whisperkit/.venv/lib/python3.9/site-packages/torio/_extension/utils.py", line 108, in _find_versionsed_ffmpeg_extension
    _load_lib(lib)
  File "/Users/media/containers/home-automation/wyoming-whisperkit/.venv/lib/python3.9/site-packages/torio/_extension/utils.py", line 94, in _load_lib
    torch.ops.load_library(path)
  File "/Users/media/containers/home-automation/wyoming-whisperkit/.venv/lib/python3.9/site-packages/torch/_ops.py", line 1478, in load_library
    ctypes.CDLL(path)
  File "/Library/Developer/CommandLineTools/Library/Frameworks/Python3.framework/Versions/3.9/lib/python3.9/ctypes/__init__.py", line 366, in __init__
    self._handle = _dlopen(self._name, mode)
OSError: dlopen(/Users/media/containers/home-automation/wyoming-whisperkit/.venv/lib/python3.9/site-packages/torio/lib/libtorio_ffmpeg6.so, 0x0006): Library not loaded: @rpath/libavutil.58.dylib
  Referenced from: <D0BF8BE2-7386-31C9-B6EE-5916A74CB5FE> /Users/media/containers/home-automation/wyoming-whisperkit/.venv/lib/python3.9/site-packages/torio/lib/libtorio_ffmpeg6.so
  Reason: no LC_RPATH's found
DEBUG:torio._extension.utils:Loading FFmpeg5
DEBUG:torio._extension.utils:Failed to load FFmpeg5 extension.
Traceback (most recent call last):
  File "/Users/media/containers/home-automation/wyoming-whisperkit/.venv/lib/python3.9/site-packages/torio/_extension/utils.py", line 116, in _find_ffmpeg_extension
    ext = _find_versionsed_ffmpeg_extension(ffmpeg_ver)
  File "/Users/media/containers/home-automation/wyoming-whisperkit/.venv/lib/python3.9/site-packages/torio/_extension/utils.py", line 108, in _find_versionsed_ffmpeg_extension
    _load_lib(lib)
  File "/Users/media/containers/home-automation/wyoming-whisperkit/.venv/lib/python3.9/site-packages/torio/_extension/utils.py", line 94, in _load_lib
    torch.ops.load_library(path)
  File "/Users/media/containers/home-automation/wyoming-whisperkit/.venv/lib/python3.9/site-packages/torch/_ops.py", line 1478, in load_library
    ctypes.CDLL(path)
  File "/Library/Developer/CommandLineTools/Library/Frameworks/Python3.framework/Versions/3.9/lib/python3.9/ctypes/__init__.py", line 366, in __init__
    self._handle = _dlopen(self._name, mode)
OSError: dlopen(/Users/media/containers/home-automation/wyoming-whisperkit/.venv/lib/python3.9/site-packages/torio/lib/libtorio_ffmpeg5.so, 0x0006): Library not loaded: @rpath/libavutil.57.dylib
  Referenced from: <E89DCAAE-7EC0-3ED8-B59D-1022058313DB> /Users/media/containers/home-automation/wyoming-whisperkit/.venv/lib/python3.9/site-packages/torio/lib/libtorio_ffmpeg5.so
  Reason: no LC_RPATH's found
DEBUG:torio._extension.utils:Loading FFmpeg4
DEBUG:torio._extension.utils:Failed to load FFmpeg4 extension.
Traceback (most recent call last):
  File "/Users/media/containers/home-automation/wyoming-whisperkit/.venv/lib/python3.9/site-packages/torio/_extension/utils.py", line 116, in _find_ffmpeg_extension
    ext = _find_versionsed_ffmpeg_extension(ffmpeg_ver)
  File "/Users/media/containers/home-automation/wyoming-whisperkit/.venv/lib/python3.9/site-packages/torio/_extension/utils.py", line 108, in _find_versionsed_ffmpeg_extension
    _load_lib(lib)
  File "/Users/media/containers/home-automation/wyoming-whisperkit/.venv/lib/python3.9/site-packages/torio/_extension/utils.py", line 94, in _load_lib
    torch.ops.load_library(path)
  File "/Users/media/containers/home-automation/wyoming-whisperkit/.venv/lib/python3.9/site-packages/torch/_ops.py", line 1478, in load_library
    ctypes.CDLL(path)
  File "/Library/Developer/CommandLineTools/Library/Frameworks/Python3.framework/Versions/3.9/lib/python3.9/ctypes/__init__.py", line 366, in __init__
    self._handle = _dlopen(self._name, mode)
OSError: dlopen(/Users/media/containers/home-automation/wyoming-whisperkit/.venv/lib/python3.9/site-packages/torio/lib/libtorio_ffmpeg4.so, 0x0006): Library not loaded: @rpath/libavutil.56.dylib
  Referenced from: <F144F519-5261-3419-86B8-D8167D854D9A> /Users/media/containers/home-automation/wyoming-whisperkit/.venv/lib/python3.9/site-packages/torio/lib/libtorio_ffmpeg4.so
  Reason: no LC_RPATH's found
DEBUG:torio._extension.utils:Loading FFmpeg
DEBUG:torio._extension.utils:Failed to load FFmpeg extension.
Traceback (most recent call last):
  File "/Users/media/containers/home-automation/wyoming-whisperkit/.venv/lib/python3.9/site-packages/torio/_extension/utils.py", line 116, in _find_ffmpeg_extension
    ext = _find_versionsed_ffmpeg_extension(ffmpeg_ver)
  File "/Users/media/containers/home-automation/wyoming-whisperkit/.venv/lib/python3.9/site-packages/torio/_extension/utils.py", line 106, in _find_versionsed_ffmpeg_extension
    raise RuntimeError(f"FFmpeg{version} extension is not available.")
RuntimeError: FFmpeg extension is not available.
INFO:__main__:Silero-VAD ready ✓
INFO:__main__:wyoming-whisperkit ready on tcp://0.0.0.0:7892
DEBUG:wyoming_whisperkit.handler:Sent info
DEBUG:wyoming_whisperkit.handler:Transcribe event
DEBUG:wyoming_whisperkit.handler:Receiving audio
DEBUG:wyoming_whisperkit.handler:VAD armed (608 ms speech)
INFO:wyoming_whisperkit.handler:VAD early trigger — 5.5 s audio collected (speech=3360 ms, silence=928 ms)
DEBUG:wyoming_whisperkit.handler:Transcribing 5.5 s of audio via WhisperKit (trigger=vad)
DEBUG:wyoming_whisperkit.handler:WhisperKit internal time: 470 ms  wall: 2647 ms
INFO:wyoming_whisperkit.handler:Play WBGO Jazz!
DEBUG:wyoming_whisperkit.handler:Completed request
DEBUG:wyoming_whisperkit.handler:Receiving audio
DEBUG:wyoming_whisperkit.handler:AudioStop received (vad_triggered=False)
DEBUG:wyoming_whisperkit.handler:Transcribing 2.5 s of audio via WhisperKit (trigger=audio_stop)
DEBUG:wyoming_whisperkit.handler:WhisperKit internal time: 258 ms  wall: 1228 ms
INFO:wyoming_whisperkit.handler:Very confusing.
DEBUG:wyoming_whisperkit.handler:Completed request
DEBUG:wyoming_whisperkit.handler:Transcribe event
DEBUG:wyoming_whisperkit.handler:Receiving audio
DEBUG:wyoming_whisperkit.handler:VAD armed (608 ms speech)
INFO:wyoming_whisperkit.handler:VAD early trigger — 3.0 s audio collected (speech=1408 ms, silence=928 ms)
DEBUG:wyoming_whisperkit.handler:Transcribing 3.0 s of audio via WhisperKit (trigger=vad)
DEBUG:wyoming_whisperkit.handler:WhisperKit internal time: 327 ms  wall: 1700 ms
INFO:wyoming_whisperkit.handler:Play WBGO.
DEBUG:wyoming_whisperkit.handler:Completed request
DEBUG:wyoming_whisperkit.handler:Receiving audio
DEBUG:wyoming_whisperkit.handler:AudioStop received (vad_triggered=False)
DEBUG:wyoming_whisperkit.handler:Transcribing 0.8 s of audio via WhisperKit (trigger=audio_stop)
DEBUG:wyoming_whisperkit.handler:WhisperKit internal time: 4 ms  wall: 1177 ms
INFO:wyoming_whisperkit.handler:
DEBUG:wyoming_whisperkit.handler:Completed request
DEBUG:wyoming_whisperkit.handler:Transcribe event
DEBUG:wyoming_whisperkit.handler:Receiving audio
DEBUG:wyoming_whisperkit.handler:VAD armed (608 ms speech)
INFO:wyoming_whisperkit.handler:VAD early trigger — 1.9 s audio collected (speech=704 ms, silence=928 ms)
DEBUG:wyoming_whisperkit.handler:Transcribing 1.9 s of audio via WhisperKit (trigger=vad)
DEBUG:wyoming_whisperkit.handler:WhisperKit internal time: 333 ms  wall: 1918 ms
INFO:wyoming_whisperkit.handler:Stop!
DEBUG:wyoming_whisperkit.handler:Completed request
DEBUG:wyoming_whisperkit.handler:Receiving audio
DEBUG:wyoming_whisperkit.handler:AudioStop received (vad_triggered=False)
DEBUG:wyoming_whisperkit.handler:Transcribing 0.7 s of audio via WhisperKit (trigger=audio_stop)
DEBUG:wyoming_whisperkit.handler:WhisperKit internal time: 4 ms  wall: 724 ms
INFO:wyoming_whisperkit.handler:
DEBUG:wyoming_whisperkit.handler:Completed request
DEBUG:wyoming_whisperkit.handler:Transcribe event
DEBUG:wyoming_whisperkit.handler:Receiving audio
DEBUG:wyoming_whisperkit.handler:AudioStop received (vad_triggered=False)
DEBUG:wyoming_whisperkit.handler:Transcribing 2.9 s of audio via WhisperKit (trigger=audio_stop)
DEBUG:wyoming_whisperkit.handler:WhisperKit internal time: 360 ms  wall: 2080 ms
INFO:wyoming_whisperkit.handler:Good night.
DEBUG:wyoming_whisperkit.handler:Completed request
DEBUG:wyoming_whisperkit.handler:Transcribe event
DEBUG:wyoming_whisperkit.handler:Receiving audio
DEBUG:wyoming_whisperkit.handler:VAD armed (608 ms speech)
INFO:wyoming_whisperkit.handler:VAD early trigger — 2.5 s audio collected (speech=640 ms, silence=928 ms)
DEBUG:wyoming_whisperkit.handler:Transcribing 2.5 s of audio via WhisperKit (trigger=vad)
DEBUG:wyoming_whisperkit.handler:WhisperKit internal time: 399 ms  wall: 2339 ms
INFO:wyoming_whisperkit.handler:Turn on the light.
DEBUG:wyoming_whisperkit.handler:Completed request
DEBUG:wyoming_whisperkit.handler:Receiving audio
DEBUG:wyoming_whisperkit.handler:AudioStop received (vad_triggered=False)
DEBUG:wyoming_whisperkit.handler:Transcribing 0.9 s of audio via WhisperKit (trigger=audio_stop)
DEBUG:wyoming_whisperkit.handler:WhisperKit internal time: 5 ms  wall: 1491 ms
INFO:wyoming_whisperkit.handler:
DEBUG:wyoming_whisperkit.handler:Completed request
DEBUG:wyoming_whisperkit.handler:Transcribe event
DEBUG:wyoming_whisperkit.handler:Receiving audio
DEBUG:wyoming_whisperkit.handler:VAD armed (608 ms speech)
INFO:wyoming_whisperkit.handler:VAD early trigger — 2.5 s audio collected (speech=896 ms, silence=928 ms)
DEBUG:wyoming_whisperkit.handler:Transcribing 2.5 s of audio via WhisperKit (trigger=vad)
DEBUG:wyoming_whisperkit.handler:WhisperKit internal time: 410 ms  wall: 2227 ms
INFO:wyoming_whisperkit.handler:Turn the speaker on.
DEBUG:wyoming_whisperkit.handler:Completed request
DEBUG:wyoming_whisperkit.handler:Receiving audio
DEBUG:wyoming_whisperkit.handler:AudioStop received (vad_triggered=False)
DEBUG:wyoming_whisperkit.handler:Transcribing 0.8 s of audio via WhisperKit (trigger=audio_stop)
DEBUG:wyoming_whisperkit.handler:WhisperKit internal time: 4 ms  wall: 1355 ms
INFO:wyoming_whisperkit.handler:
DEBUG:wyoming_whisperkit.handler:Completed request
DEBUG:wyoming_whisperkit.handler:Transcribe event
DEBUG:wyoming_whisperkit.handler:Receiving audio
DEBUG:wyoming_whisperkit.handler:VAD armed (608 ms speech)
INFO:wyoming_whisperkit.handler:VAD early trigger — 2.2 s audio collected (speech=1248 ms, silence=928 ms)
DEBUG:wyoming_whisperkit.handler:Transcribing 2.2 s of audio via WhisperKit (trigger=vad)
DEBUG:wyoming_whisperkit.handler:WhisperKit internal time: 350 ms  wall: 1824 ms
INFO:wyoming_whisperkit.handler:Play WNYC.
DEBUG:wyoming_whisperkit.handler:Completed request
DEBUG:wyoming_whisperkit.handler:Receiving audio
DEBUG:wyoming_whisperkit.handler:AudioStop received (vad_triggered=False)
DEBUG:wyoming_whisperkit.handler:Transcribing 0.9 s of audio via WhisperKit (trigger=audio_stop)
DEBUG:wyoming_whisperkit.handler:WhisperKit internal time: 4 ms  wall: 1123 ms
INFO:wyoming_whisperkit.handler:
DEBUG:wyoming_whisperkit.handler:Completed request
DEBUG:wyoming_whisperkit.handler:Transcribe event
DEBUG:wyoming_whisperkit.handler:Receiving audio
DEBUG:wyoming_whisperkit.handler:VAD armed (608 ms speech)
INFO:wyoming_whisperkit.handler:VAD early trigger — 4.1 s audio collected (speech=1984 ms, silence=928 ms)
DEBUG:wyoming_whisperkit.handler:Transcribing 4.1 s of audio via WhisperKit (trigger=vad)
DEBUG:wyoming_whisperkit.handler:WhisperKit internal time: 431 ms  wall: 2089 ms
INFO:wyoming_whisperkit.handler:Stop. Okay, now we turn the speaker off.
DEBUG:wyoming_whisperkit.handler:Completed request
DEBUG:wyoming_whisperkit.handler:Receiving audio
DEBUG:wyoming_whisperkit.handler:AudioStop received (vad_triggered=False)
DEBUG:wyoming_whisperkit.handler:Transcribing 0.8 s of audio via WhisperKit (trigger=audio_stop)
DEBUG:wyoming_whisperkit.handler:WhisperKit internal time: 4 ms  wall: 1127 ms
INFO:wyoming_whisperkit.handler:
DEBUG:wyoming_whisperkit.handler:Completed request
DEBUG:wyoming_whisperkit.handler:Transcribe event
DEBUG:wyoming_whisperkit.handler:Receiving audio
DEBUG:wyoming_whisperkit.handler:VAD armed (608 ms speech)
DEBUG:wyoming_whisperkit.handler:AudioStop received (vad_triggered=False)
DEBUG:wyoming_whisperkit.handler:Transcribing 3.4 s of audio via WhisperKit (trigger=audio_stop)
DEBUG:wyoming_whisperkit.handler:WhisperKit internal time: 401 ms  wall: 2138 ms
INFO:wyoming_whisperkit.handler:Turn the speaker on.
DEBUG:wyoming_whisperkit.handler:Completed request
DEBUG:wyoming_whisperkit.handler:Transcribe event
DEBUG:wyoming_whisperkit.handler:Receiving audio
DEBUG:wyoming_whisperkit.handler:VAD armed (608 ms speech)
INFO:wyoming_whisperkit.handler:VAD early trigger — 2.4 s audio collected (speech=1376 ms, silence=928 ms)
DEBUG:wyoming_whisperkit.handler:Transcribing 2.4 s of audio via WhisperKit (trigger=vad)
DEBUG:wyoming_whisperkit.handler:WhisperKit internal time: 334 ms  wall: 1617 ms
INFO:wyoming_whisperkit.handler:play WNYC.
DEBUG:wyoming_whisperkit.handler:Completed request
DEBUG:wyoming_whisperkit.handler:Receiving audio
DEBUG:wyoming_whisperkit.handler:AudioStop received (vad_triggered=False)
DEBUG:wyoming_whisperkit.handler:Transcribing 0.8 s of audio via WhisperKit (trigger=audio_stop)
DEBUG:wyoming_whisperkit.handler:WhisperKit internal time: 4 ms  wall: 1053 ms
INFO:wyoming_whisperkit.handler:
DEBUG:wyoming_whisperkit.handler:Completed request
DEBUG:wyoming_whisperkit.handler:Transcribe event
DEBUG:wyoming_whisperkit.handler:Receiving audio
DEBUG:wyoming_whisperkit.handler:VAD armed (608 ms speech)
INFO:wyoming_whisperkit.handler:VAD early trigger — 3.3 s audio collected (speech=2016 ms, silence=928 ms)
DEBUG:wyoming_whisperkit.handler:Transcribing 3.3 s of audio via WhisperKit (trigger=vad)
DEBUG:wyoming_whisperkit.handler:WhisperKit internal time: 418 ms  wall: 2078 ms
INFO:wyoming_whisperkit.handler:And you play WBGO.
DEBUG:wyoming_whisperkit.handler:Completed request
DEBUG:wyoming_whisperkit.handler:Receiving audio
DEBUG:wyoming_whisperkit.handler:AudioStop received (vad_triggered=False)
DEBUG:wyoming_whisperkit.handler:Transcribing 0.6 s of audio via WhisperKit (trigger=audio_stop)
DEBUG:wyoming_whisperkit.handler:WhisperKit internal time: 4 ms  wall: 783 ms
INFO:wyoming_whisperkit.handler:
DEBUG:wyoming_whisperkit.handler:Completed request
DEBUG:wyoming_whisperkit.handler:Transcribe event
DEBUG:wyoming_whisperkit.handler:Receiving audio
DEBUG:wyoming_whisperkit.handler:VAD armed (608 ms speech)
INFO:wyoming_whisperkit.handler:VAD early trigger — 3.1 s audio collected (speech=1632 ms, silence=928 ms)
DEBUG:wyoming_whisperkit.handler:Transcribing 3.1 s of audio via WhisperKit (trigger=vad)
DEBUG:wyoming_whisperkit.handler:WhisperKit internal time: 349 ms  wall: 1580 ms
INFO:wyoming_whisperkit.handler:Play WFMU.
DEBUG:wyoming_whisperkit.handler:Completed request
DEBUG:wyoming_whisperkit.handler:Receiving audio
DEBUG:wyoming_whisperkit.handler:AudioStop received (vad_triggered=False)
DEBUG:wyoming_whisperkit.handler:Transcribing 1.3 s of audio via WhisperKit (trigger=audio_stop)
DEBUG:wyoming_whisperkit.handler:WhisperKit internal time: 342 ms  wall: 1585 ms
INFO:wyoming_whisperkit.handler:(spoon clatters)
DEBUG:wyoming_whisperkit.handler:Completed request
DEBUG:wyoming_whisperkit.handler:Transcribe event
DEBUG:wyoming_whisperkit.handler:Receiving audio
DEBUG:wyoming_whisperkit.handler:VAD armed (608 ms speech)
INFO:wyoming_whisperkit.handler:VAD early trigger — 3.0 s audio collected (speech=1216 ms, silence=928 ms)
DEBUG:wyoming_whisperkit.handler:Transcribing 3.0 s of audio via WhisperKit (trigger=vad)
DEBUG:wyoming_whisperkit.handler:WhisperKit internal time: 406 ms  wall: 1876 ms
INFO:wyoming_whisperkit.handler:play a KCRW
DEBUG:wyoming_whisperkit.handler:Completed request
DEBUG:wyoming_whisperkit.handler:Receiving audio
DEBUG:wyoming_whisperkit.handler:AudioStop received (vad_triggered=False)
DEBUG:wyoming_whisperkit.handler:Transcribing 0.8 s of audio via WhisperKit (trigger=audio_stop)
DEBUG:wyoming_whisperkit.handler:WhisperKit internal time: 4 ms  wall: 1151 ms
INFO:wyoming_whisperkit.handler:
DEBUG:wyoming_whisperkit.handler:Completed request
DEBUG:wyoming_whisperkit.handler:Transcribe event
DEBUG:wyoming_whisperkit.handler:Receiving audio
DEBUG:wyoming_whisperkit.handler:VAD armed (608 ms speech)
INFO:wyoming_whisperkit.handler:VAD early trigger — 4.3 s audio collected (speech=1952 ms, silence=928 ms)
DEBUG:wyoming_whisperkit.handler:Transcribing 4.3 s of audio via WhisperKit (trigger=vad)
DEBUG:wyoming_whisperkit.handler:WhisperKit internal time: 365 ms  wall: 1723 ms
INFO:wyoming_whisperkit.handler:Play WBGO Jazz!
DEBUG:wyoming_whisperkit.handler:Completed request
DEBUG:wyoming_whisperkit.handler:Receiving audio
DEBUG:wyoming_whisperkit.handler:AudioStop received (vad_triggered=False)
DEBUG:wyoming_whisperkit.handler:Transcribing 0.8 s of audio via WhisperKit (trigger=audio_stop)
DEBUG:wyoming_whisperkit.handler:WhisperKit internal time: 4 ms  wall: 1192 ms
INFO:wyoming_whisperkit.handler:
DEBUG:wyoming_whisperkit.handler:Completed request
DEBUG:wyoming_whisperkit.handler:Transcribe event
DEBUG:wyoming_whisperkit.handler:Receiving audio
DEBUG:wyoming_whisperkit.handler:AudioStop received (vad_triggered=False)
DEBUG:wyoming_whisperkit.handler:Transcribing 2.9 s of audio via WhisperKit (trigger=audio_stop)
DEBUG:wyoming_whisperkit.handler:WhisperKit internal time: 328 ms  wall: 2313 ms
INFO:wyoming_whisperkit.handler:Good night.
DEBUG:wyoming_whisperkit.handler:Completed request
DEBUG:wyoming_whisperkit.handler:Transcribe event
DEBUG:wyoming_whisperkit.handler:Receiving audio
DEBUG:wyoming_whisperkit.handler:VAD armed (608 ms speech)
INFO:wyoming_whisperkit.handler:VAD early trigger — 2.1 s audio collected (speech=896 ms, silence=928 ms)
DEBUG:wyoming_whisperkit.handler:Transcribing 2.1 s of audio via WhisperKit (trigger=vad)
DEBUG:wyoming_whisperkit.handler:WhisperKit internal time: 402 ms  wall: 2153 ms
INFO:wyoming_whisperkit.handler:Turn the speaker on.
DEBUG:wyoming_whisperkit.handler:Completed request
DEBUG:wyoming_whisperkit.handler:Receiving audio
DEBUG:wyoming_whisperkit.handler:AudioStop received (vad_triggered=False)
DEBUG:wyoming_whisperkit.handler:Transcribing 0.8 s of audio via WhisperKit (trigger=audio_stop)
DEBUG:wyoming_whisperkit.handler:WhisperKit internal time: 4 ms  wall: 1022 ms
INFO:wyoming_whisperkit.handler:
DEBUG:wyoming_whisperkit.handler:Completed request
DEBUG:wyoming_whisperkit.handler:Transcribe event
DEBUG:wyoming_whisperkit.handler:Receiving audio
DEBUG:wyoming_whisperkit.handler:VAD armed (608 ms speech)
INFO:wyoming_whisperkit.handler:VAD early trigger — 2.6 s audio collected (speech=1568 ms, silence=928 ms)
DEBUG:wyoming_whisperkit.handler:Transcribing 2.6 s of audio via WhisperKit (trigger=vad)
DEBUG:wyoming_whisperkit.handler:WhisperKit internal time: 317 ms  wall: 1645 ms
INFO:wyoming_whisperkit.handler:play WNYC.
DEBUG:wyoming_whisperkit.handler:Completed request
DEBUG:wyoming_whisperkit.handler:Receiving audio
DEBUG:wyoming_whisperkit.handler:AudioStop received (vad_triggered=False)
DEBUG:wyoming_whisperkit.handler:Transcribing 1.0 s of audio via WhisperKit (trigger=audio_stop)
DEBUG:wyoming_whisperkit.handler:WhisperKit internal time: 5 ms  wall: 990 ms
INFO:wyoming_whisperkit.handler:
DEBUG:wyoming_whisperkit.handler:Completed request
DEBUG:wyoming_whisperkit.handler:Transcribe event
DEBUG:wyoming_whisperkit.handler:Receiving audio
DEBUG:wyoming_whisperkit.handler:VAD armed (608 ms speech)
INFO:wyoming_whisperkit.handler:VAD early trigger — 3.7 s audio collected (speech=1600 ms, silence=928 ms)
DEBUG:wyoming_whisperkit.handler:Transcribing 3.7 s of audio via WhisperKit (trigger=vad)
DEBUG:wyoming_whisperkit.handler:WhisperKit internal time: 407 ms  wall: 2077 ms
INFO:wyoming_whisperkit.handler:Play WNYC Radio
DEBUG:wyoming_whisperkit.handler:Completed request
DEBUG:wyoming_whisperkit.handler:Receiving audio
DEBUG:wyoming_whisperkit.handler:AudioStop received (vad_triggered=False)
DEBUG:wyoming_whisperkit.handler:Transcribing 1.4 s of audio via WhisperKit (trigger=audio_stop)
DEBUG:wyoming_whisperkit.handler:WhisperKit internal time: 282 ms  wall: 1144 ms
INFO:wyoming_whisperkit.handler:(water running)
DEBUG:wyoming_whisperkit.handler:Completed request
DEBUG:wyoming_whisperkit.handler:Transcribe event
DEBUG:wyoming_whisperkit.handler:Receiving audio
DEBUG:wyoming_whisperkit.handler:VAD armed (608 ms speech)
INFO:wyoming_whisperkit.handler:VAD early trigger — 2.0 s audio collected (speech=1056 ms, silence=928 ms)
DEBUG:wyoming_whisperkit.handler:Transcribing 2.0 s of audio via WhisperKit (trigger=vad)
DEBUG:wyoming_whisperkit.handler:WhisperKit internal time: 399 ms  wall: 2223 ms
INFO:wyoming_whisperkit.handler:turn this speaker off.
DEBUG:wyoming_whisperkit.handler:Completed request
DEBUG:wyoming_whisperkit.handler:Receiving audio
DEBUG:wyoming_whisperkit.handler:AudioStop received (vad_triggered=False)
DEBUG:wyoming_whisperkit.handler:Transcribing 0.9 s of audio via WhisperKit (trigger=audio_stop)
DEBUG:wyoming_whisperkit.handler:WhisperKit internal time: 4 ms  wall: 1172 ms
INFO:wyoming_whisperkit.handler:
DEBUG:wyoming_whisperkit.handler:Completed request
DEBUG:wyoming_whisperkit.handler:Sent info
WARNING: Retrying (Retry(total=4, connect=None, read=None, redirect=None, status=None)) after connection broken by 'NewConnectionError('<pip._vendor.urllib3.connection.HTTPSConnection object at 0x10aaac670>: Failed to establish a new connection: [Errno 8] nodename nor servname provided, or not known')': /simple/pip/
WARNING: Retrying (Retry(total=3, connect=None, read=None, redirect=None, status=None)) after connection broken by 'NewConnectionError('<pip._vendor.urllib3.connection.HTTPSConnection object at 0x10aaacee0>: Failed to establish a new connection: [Errno 8] nodename nor servname provided, or not known')': /simple/pip/
WARNING: Retrying (Retry(total=2, connect=None, read=None, redirect=None, status=None)) after connection broken by 'NewConnectionError('<pip._vendor.urllib3.connection.HTTPSConnection object at 0x10aaacfa0>: Failed to establish a new connection: [Errno 8] nodename nor servname provided, or not known')': /simple/pip/
WARNING: Retrying (Retry(total=1, connect=None, read=None, redirect=None, status=None)) after connection broken by 'NewConnectionError('<pip._vendor.urllib3.connection.HTTPSConnection object at 0x10aadd430>: Failed to establish a new connection: [Errno 8] nodename nor servname provided, or not known')': /simple/pip/
WARNING: Retrying (Retry(total=0, connect=None, read=None, redirect=None, status=None)) after connection broken by 'NewConnectionError('<pip._vendor.urllib3.connection.HTTPSConnection object at 0x10aadd5e0>: Failed to establish a new connection: [Errno 8] nodename nor servname provided, or not known')': /simple/pip/
WARNING: Retrying (Retry(total=4, connect=None, read=None, redirect=None, status=None)) after connection broken by 'NewConnectionError('<pip._vendor.urllib3.connection.HTTPSConnection object at 0x10877bfd0>: Failed to establish a new connection: [Errno 8] nodename nor servname provided, or not known')': /simple/setuptools/
WARNING: Retrying (Retry(total=3, connect=None, read=None, redirect=None, status=None)) after connection broken by 'NewConnectionError('<pip._vendor.urllib3.connection.HTTPSConnection object at 0x1087aa310>: Failed to establish a new connection: [Errno 8] nodename nor servname provided, or not known')': /simple/setuptools/
WARNING: Retrying (Retry(total=2, connect=None, read=None, redirect=None, status=None)) after connection broken by 'NewConnectionError('<pip._vendor.urllib3.connection.HTTPSConnection object at 0x1087aa4c0>: Failed to establish a new connection: [Errno 8] nodename nor servname provided, or not known')': /simple/setuptools/
WARNING: Retrying (Retry(total=1, connect=None, read=None, redirect=None, status=None)) after connection broken by 'NewConnectionError('<pip._vendor.urllib3.connection.HTTPSConnection object at 0x1087aa670>: Failed to establish a new connection: [Errno 8] nodename nor servname provided, or not known')': /simple/setuptools/
WARNING: Retrying (Retry(total=0, connect=None, read=None, redirect=None, status=None)) after connection broken by 'NewConnectionError('<pip._vendor.urllib3.connection.HTTPSConnection object at 0x1087aa820>: Failed to establish a new connection: [Errno 8] nodename nor servname provided, or not known')': /simple/setuptools/
WARNING: Retrying (Retry(total=4, connect=None, read=None, redirect=None, status=None)) after connection broken by 'NewConnectionError('<pip._vendor.urllib3.connection.HTTPSConnection object at 0x10883fa30>: Failed to establish a new connection: [Errno 8] nodename nor servname provided, or not known')': /simple/wheel/
WARNING: Retrying (Retry(total=3, connect=None, read=None, redirect=None, status=None)) after connection broken by 'NewConnectionError('<pip._vendor.urllib3.connection.HTTPSConnection object at 0x10883feb0>: Failed to establish a new connection: [Errno 8] nodename nor servname provided, or not known')': /simple/wheel/
WARNING: Retrying (Retry(total=2, connect=None, read=None, redirect=None, status=None)) after connection broken by 'NewConnectionError('<pip._vendor.urllib3.connection.HTTPSConnection object at 0x10883fc40>: Failed to establish a new connection: [Errno 8] nodename nor servname provided, or not known')': /simple/wheel/
WARNING: Retrying (Retry(total=1, connect=None, read=None, redirect=None, status=None)) after connection broken by 'NewConnectionError('<pip._vendor.urllib3.connection.HTTPSConnection object at 0x1087aa1c0>: Failed to establish a new connection: [Errno 8] nodename nor servname provided, or not known')': /simple/wheel/
WARNING: Retrying (Retry(total=0, connect=None, read=None, redirect=None, status=None)) after connection broken by 'NewConnectionError('<pip._vendor.urllib3.connection.HTTPSConnection object at 0x108847310>: Failed to establish a new connection: [Errno 8] nodename nor servname provided, or not known')': /simple/wheel/
  error: subprocess-exited-with-error
  
  × installing build dependencies did not run successfully.
  │ exit code: 1
  ╰─> [7 lines of output]
      WARNING: Retrying (Retry(total=4, connect=None, read=None, redirect=None, status=None)) after connection broken by 'NewConnectionError('<pip._vendor.urllib3.connection.HTTPSConnection object at 0x10a5fc7c0>: Failed to establish a new connection: [Errno 8] nodename nor servname provided, or not known')': /simple/setuptools/
      WARNING: Retrying (Retry(total=3, connect=None, read=None, redirect=None, status=None)) after connection broken by 'NewConnectionError('<pip._vendor.urllib3.connection.HTTPSConnection object at 0x10a5fcaf0>: Failed to establish a new connection: [Errno 8] nodename nor servname provided, or not known')': /simple/setuptools/
      WARNING: Retrying (Retry(total=2, connect=None, read=None, redirect=None, status=None)) after connection broken by 'NewConnectionError('<pip._vendor.urllib3.connection.HTTPSConnection object at 0x10a5fcca0>: Failed to establish a new connection: [Errno 8] nodename nor servname provided, or not known')': /simple/setuptools/
      WARNING: Retrying (Retry(total=1, connect=None, read=None, redirect=None, status=None)) after connection broken by 'NewConnectionError('<pip._vendor.urllib3.connection.HTTPSConnection object at 0x10a5fce50>: Failed to establish a new connection: [Errno 8] nodename nor servname provided, or not known')': /simple/setuptools/
      WARNING: Retrying (Retry(total=0, connect=None, read=None, redirect=None, status=None)) after connection broken by 'NewConnectionError('<pip._vendor.urllib3.connection.HTTPSConnection object at 0x10a5fcf40>: Failed to establish a new connection: [Errno 8] nodename nor servname provided, or not known')': /simple/setuptools/
      ERROR: Could not find a version that satisfies the requirement setuptools>=40.8.0 (from versions: none)
      ERROR: No matching distribution found for setuptools>=40.8.0
      [end of output]
  
  note: This error originates from a subprocess, and is likely not a problem with pip.
ERROR: Failed to build 'file:///Users/media/containers/home-automation/wyoming-whisperkit' when installing build dependencies
Traceback (most recent call last):
  File "/Users/media/containers/home-automation/wyoming-whisperkit/./script/setup", line 19, in <module>
    subprocess.check_call(pip + ["install", "-e", str(_PROGRAM_DIR)])
  File "/Library/Developer/CommandLineTools/Library/Frameworks/Python3.framework/Versions/3.9/lib/python3.9/subprocess.py", line 373, in check_call
    raise CalledProcessError(retcode, cmd)
subprocess.CalledProcessError: Command '['/Users/media/containers/home-automation/wyoming-whisperkit/.venv/bin/python3', '-m', 'pip', 'install', '-e', '/Users/media/containers/home-automation/wyoming-whisperkit']' returned non-zero exit status 1.
WARNING: Retrying (Retry(total=4, connect=None, read=None, redirect=None, status=None)) after connection broken by 'NewConnectionError('<pip._vendor.urllib3.connection.HTTPSConnection object at 0x1065ec0a0>: Failed to establish a new connection: [Errno 8] nodename nor servname provided, or not known')': /simple/pip/
WARNING: Retrying (Retry(total=3, connect=None, read=None, redirect=None, status=None)) after connection broken by 'NewConnectionError('<pip._vendor.urllib3.connection.HTTPSConnection object at 0x1065ec3a0>: Failed to establish a new connection: [Errno 8] nodename nor servname provided, or not known')': /simple/pip/
WARNING: Retrying (Retry(total=2, connect=None, read=None, redirect=None, status=None)) after connection broken by 'NewConnectionError('<pip._vendor.urllib3.connection.HTTPSConnection object at 0x1065ec700>: Failed to establish a new connection: [Errno 8] nodename nor servname provided, or not known')': /simple/pip/
WARNING: Retrying (Retry(total=1, connect=None, read=None, redirect=None, status=None)) after connection broken by 'NewConnectionError('<pip._vendor.urllib3.connection.HTTPSConnection object at 0x1065ec8b0>: Failed to establish a new connection: [Errno 8] nodename nor servname provided, or not known')': /simple/pip/
WARNING: Retrying (Retry(total=0, connect=None, read=None, redirect=None, status=None)) after connection broken by 'NewConnectionError('<pip._vendor.urllib3.connection.HTTPSConnection object at 0x1065eca60>: Failed to establish a new connection: [Errno 8] nodename nor servname provided, or not known')': /simple/pip/
WARNING: Retrying (Retry(total=4, connect=None, read=None, redirect=None, status=None)) after connection broken by 'NewConnectionError('<pip._vendor.urllib3.connection.HTTPSConnection object at 0x10a834d60>: Failed to establish a new connection: [Errno 8] nodename nor servname provided, or not known')': /simple/setuptools/
WARNING: Retrying (Retry(total=3, connect=None, read=None, redirect=None, status=None)) after connection broken by 'NewConnectionError('<pip._vendor.urllib3.connection.HTTPSConnection object at 0x10a834fd0>: Failed to establish a new connection: [Errno 8] nodename nor servname provided, or not known')': /simple/setuptools/
WARNING: Retrying (Retry(total=2, connect=None, read=None, redirect=None, status=None)) after connection broken by 'NewConnectionError('<pip._vendor.urllib3.connection.HTTPSConnection object at 0x10a866280>: Failed to establish a new connection: [Errno 8] nodename nor servname provided, or not known')': /simple/setuptools/
DEBUG:__main__:Namespace(bridge='/Users/media/containers/home-automation/mac-whisper-speedtest/tools/whisperkit-bridge/.build/release/whisperkit-bridge', model='small', uri='tcp://0.0.0.0:7892', debug=True, log_format='%(levelname)s:%(name)s:%(message)s', vad=True)
INFO:__main__:Using whisperkit-bridge: /Users/media/containers/home-automation/mac-whisper-speedtest/tools/whisperkit-bridge/.build/release/whisperkit-bridge
INFO:__main__:Warming up WhisperKit model (small) — first run loads CoreML graphs…
INFO:__main__:WhisperKit warm ✓
INFO:__main__:Loading Silero-VAD (ONNX backend)…
DEBUG:torio._extension.utils:Loading FFmpeg6
DEBUG:torio._extension.utils:Failed to load FFmpeg6 extension.
Traceback (most recent call last):
  File "/Users/media/containers/home-automation/wyoming-whisperkit/.venv/lib/python3.9/site-packages/torio/_extension/utils.py", line 116, in _find_ffmpeg_extension
    ext = _find_versionsed_ffmpeg_extension(ffmpeg_ver)
  File "/Users/media/containers/home-automation/wyoming-whisperkit/.venv/lib/python3.9/site-packages/torio/_extension/utils.py", line 108, in _find_versionsed_ffmpeg_extension
    _load_lib(lib)
  File "/Users/media/containers/home-automation/wyoming-whisperkit/.venv/lib/python3.9/site-packages/torio/_extension/utils.py", line 94, in _load_lib
    torch.ops.load_library(path)
  File "/Users/media/containers/home-automation/wyoming-whisperkit/.venv/lib/python3.9/site-packages/torch/_ops.py", line 1478, in load_library
    ctypes.CDLL(path)
  File "/Library/Developer/CommandLineTools/Library/Frameworks/Python3.framework/Versions/3.9/lib/python3.9/ctypes/__init__.py", line 366, in __init__
    self._handle = _dlopen(self._name, mode)
OSError: dlopen(/Users/media/containers/home-automation/wyoming-whisperkit/.venv/lib/python3.9/site-packages/torio/lib/libtorio_ffmpeg6.so, 0x0006): Library not loaded: @rpath/libavutil.58.dylib
  Referenced from: <D0BF8BE2-7386-31C9-B6EE-5916A74CB5FE> /Users/media/containers/home-automation/wyoming-whisperkit/.venv/lib/python3.9/site-packages/torio/lib/libtorio_ffmpeg6.so
  Reason: no LC_RPATH's found
DEBUG:torio._extension.utils:Loading FFmpeg5
DEBUG:torio._extension.utils:Failed to load FFmpeg5 extension.
Traceback (most recent call last):
  File "/Users/media/containers/home-automation/wyoming-whisperkit/.venv/lib/python3.9/site-packages/torio/_extension/utils.py", line 116, in _find_ffmpeg_extension
    ext = _find_versionsed_ffmpeg_extension(ffmpeg_ver)
  File "/Users/media/containers/home-automation/wyoming-whisperkit/.venv/lib/python3.9/site-packages/torio/_extension/utils.py", line 108, in _find_versionsed_ffmpeg_extension
    _load_lib(lib)
  File "/Users/media/containers/home-automation/wyoming-whisperkit/.venv/lib/python3.9/site-packages/torio/_extension/utils.py", line 94, in _load_lib
    torch.ops.load_library(path)
  File "/Users/media/containers/home-automation/wyoming-whisperkit/.venv/lib/python3.9/site-packages/torch/_ops.py", line 1478, in load_library
    ctypes.CDLL(path)
  File "/Library/Developer/CommandLineTools/Library/Frameworks/Python3.framework/Versions/3.9/lib/python3.9/ctypes/__init__.py", line 366, in __init__
    self._handle = _dlopen(self._name, mode)
OSError: dlopen(/Users/media/containers/home-automation/wyoming-whisperkit/.venv/lib/python3.9/site-packages/torio/lib/libtorio_ffmpeg5.so, 0x0006): Library not loaded: @rpath/libavutil.57.dylib
  Referenced from: <E89DCAAE-7EC0-3ED8-B59D-1022058313DB> /Users/media/containers/home-automation/wyoming-whisperkit/.venv/lib/python3.9/site-packages/torio/lib/libtorio_ffmpeg5.so
  Reason: no LC_RPATH's found
DEBUG:torio._extension.utils:Loading FFmpeg4
DEBUG:torio._extension.utils:Failed to load FFmpeg4 extension.
Traceback (most recent call last):
  File "/Users/media/containers/home-automation/wyoming-whisperkit/.venv/lib/python3.9/site-packages/torio/_extension/utils.py", line 116, in _find_ffmpeg_extension
    ext = _find_versionsed_ffmpeg_extension(ffmpeg_ver)
  File "/Users/media/containers/home-automation/wyoming-whisperkit/.venv/lib/python3.9/site-packages/torio/_extension/utils.py", line 108, in _find_versionsed_ffmpeg_extension
    _load_lib(lib)
  File "/Users/media/containers/home-automation/wyoming-whisperkit/.venv/lib/python3.9/site-packages/torio/_extension/utils.py", line 94, in _load_lib
    torch.ops.load_library(path)
  File "/Users/media/containers/home-automation/wyoming-whisperkit/.venv/lib/python3.9/site-packages/torch/_ops.py", line 1478, in load_library
    ctypes.CDLL(path)
  File "/Library/Developer/CommandLineTools/Library/Frameworks/Python3.framework/Versions/3.9/lib/python3.9/ctypes/__init__.py", line 366, in __init__
    self._handle = _dlopen(self._name, mode)
OSError: dlopen(/Users/media/containers/home-automation/wyoming-whisperkit/.venv/lib/python3.9/site-packages/torio/lib/libtorio_ffmpeg4.so, 0x0006): Library not loaded: @rpath/libavutil.56.dylib
  Referenced from: <F144F519-5261-3419-86B8-D8167D854D9A> /Users/media/containers/home-automation/wyoming-whisperkit/.venv/lib/python3.9/site-packages/torio/lib/libtorio_ffmpeg4.so
  Reason: no LC_RPATH's found
DEBUG:torio._extension.utils:Loading FFmpeg
DEBUG:torio._extension.utils:Failed to load FFmpeg extension.
Traceback (most recent call last):
  File "/Users/media/containers/home-automation/wyoming-whisperkit/.venv/lib/python3.9/site-packages/torio/_extension/utils.py", line 116, in _find_ffmpeg_extension
    ext = _find_versionsed_ffmpeg_extension(ffmpeg_ver)
  File "/Users/media/containers/home-automation/wyoming-whisperkit/.venv/lib/python3.9/site-packages/torio/_extension/utils.py", line 106, in _find_versionsed_ffmpeg_extension
    raise RuntimeError(f"FFmpeg{version} extension is not available.")
RuntimeError: FFmpeg extension is not available.
INFO:__main__:Silero-VAD ready ✓
INFO:__main__:wyoming-whisperkit ready on tcp://0.0.0.0:7892
DEBUG:wyoming_whisperkit.handler:Sent info
DEBUG:wyoming_whisperkit.handler:Sent info
DEBUG:wyoming_whisperkit.handler:Transcribe event
DEBUG:wyoming_whisperkit.handler:Receiving audio
DEBUG:wyoming_whisperkit.handler:AudioStop received (vad_triggered=False)
DEBUG:wyoming_whisperkit.handler:Transcribing 2.9 s of audio via WhisperKit (trigger=audio_stop)
DEBUG:wyoming_whisperkit.handler:WhisperKit internal time: 456 ms  wall: 2175 ms
INFO:wyoming_whisperkit.handler:What time is it?
DEBUG:wyoming_whisperkit.handler:Completed request
DEBUG:wyoming_whisperkit.handler:Transcribe event
DEBUG:wyoming_whisperkit.handler:Receiving audio
DEBUG:wyoming_whisperkit.handler:VAD armed (608 ms speech)
INFO:wyoming_whisperkit.handler:VAD early trigger — 2.5 s audio collected (speech=832 ms, silence=928 ms)
DEBUG:wyoming_whisperkit.handler:Transcribing 2.5 s of audio via WhisperKit (trigger=vad)
DEBUG:wyoming_whisperkit.handler:WhisperKit internal time: 406 ms  wall: 2324 ms
INFO:wyoming_whisperkit.handler:Turn on the speaker.
DEBUG:wyoming_whisperkit.handler:Completed request
DEBUG:wyoming_whisperkit.handler:Receiving audio
DEBUG:wyoming_whisperkit.handler:AudioStop received (vad_triggered=False)
DEBUG:wyoming_whisperkit.handler:Transcribing 0.8 s of audio via WhisperKit (trigger=audio_stop)
DEBUG:wyoming_whisperkit.handler:WhisperKit internal time: 5 ms  wall: 1159 ms
INFO:wyoming_whisperkit.handler:
DEBUG:wyoming_whisperkit.handler:Completed request
DEBUG:__main__:Namespace(bridge='/Users/media/containers/home-automation/mac-whisper-speedtest/tools/whisperkit-bridge/.build/release/whisperkit-bridge', model='small', uri='tcp://0.0.0.0:7892', debug=True, log_format='%(levelname)s:%(name)s:%(message)s', vad=True)
INFO:__main__:Using whisperkit-bridge: /Users/media/containers/home-automation/mac-whisper-speedtest/tools/whisperkit-bridge/.build/release/whisperkit-bridge
INFO:__main__:Warming up WhisperKit model (small) — first run loads CoreML graphs…
INFO:__main__:WhisperKit warm ✓
INFO:__main__:Loading Silero-VAD (ONNX backend)…
DEBUG:torio._extension.utils:Loading FFmpeg6
DEBUG:torio._extension.utils:Failed to load FFmpeg6 extension.
Traceback (most recent call last):
  File "/Users/media/containers/home-automation/wyoming-whisperkit/.venv/lib/python3.9/site-packages/torio/_extension/utils.py", line 116, in _find_ffmpeg_extension
    ext = _find_versionsed_ffmpeg_extension(ffmpeg_ver)
  File "/Users/media/containers/home-automation/wyoming-whisperkit/.venv/lib/python3.9/site-packages/torio/_extension/utils.py", line 108, in _find_versionsed_ffmpeg_extension
    _load_lib(lib)
  File "/Users/media/containers/home-automation/wyoming-whisperkit/.venv/lib/python3.9/site-packages/torio/_extension/utils.py", line 94, in _load_lib
    torch.ops.load_library(path)
  File "/Users/media/containers/home-automation/wyoming-whisperkit/.venv/lib/python3.9/site-packages/torch/_ops.py", line 1478, in load_library
    ctypes.CDLL(path)
  File "/Library/Developer/CommandLineTools/Library/Frameworks/Python3.framework/Versions/3.9/lib/python3.9/ctypes/__init__.py", line 366, in __init__
    self._handle = _dlopen(self._name, mode)
OSError: dlopen(/Users/media/containers/home-automation/wyoming-whisperkit/.venv/lib/python3.9/site-packages/torio/lib/libtorio_ffmpeg6.so, 0x0006): Library not loaded: @rpath/libavutil.58.dylib
  Referenced from: <D0BF8BE2-7386-31C9-B6EE-5916A74CB5FE> /Users/media/containers/home-automation/wyoming-whisperkit/.venv/lib/python3.9/site-packages/torio/lib/libtorio_ffmpeg6.so
  Reason: no LC_RPATH's found
DEBUG:torio._extension.utils:Loading FFmpeg5
DEBUG:torio._extension.utils:Failed to load FFmpeg5 extension.
Traceback (most recent call last):
  File "/Users/media/containers/home-automation/wyoming-whisperkit/.venv/lib/python3.9/site-packages/torio/_extension/utils.py", line 116, in _find_ffmpeg_extension
    ext = _find_versionsed_ffmpeg_extension(ffmpeg_ver)
  File "/Users/media/containers/home-automation/wyoming-whisperkit/.venv/lib/python3.9/site-packages/torio/_extension/utils.py", line 108, in _find_versionsed_ffmpeg_extension
    _load_lib(lib)
  File "/Users/media/containers/home-automation/wyoming-whisperkit/.venv/lib/python3.9/site-packages/torio/_extension/utils.py", line 94, in _load_lib
    torch.ops.load_library(path)
  File "/Users/media/containers/home-automation/wyoming-whisperkit/.venv/lib/python3.9/site-packages/torch/_ops.py", line 1478, in load_library
    ctypes.CDLL(path)
  File "/Library/Developer/CommandLineTools/Library/Frameworks/Python3.framework/Versions/3.9/lib/python3.9/ctypes/__init__.py", line 366, in __init__
    self._handle = _dlopen(self._name, mode)
OSError: dlopen(/Users/media/containers/home-automation/wyoming-whisperkit/.venv/lib/python3.9/site-packages/torio/lib/libtorio_ffmpeg5.so, 0x0006): Library not loaded: @rpath/libavutil.57.dylib
  Referenced from: <E89DCAAE-7EC0-3ED8-B59D-1022058313DB> /Users/media/containers/home-automation/wyoming-whisperkit/.venv/lib/python3.9/site-packages/torio/lib/libtorio_ffmpeg5.so
  Reason: no LC_RPATH's found
DEBUG:torio._extension.utils:Loading FFmpeg4
DEBUG:torio._extension.utils:Failed to load FFmpeg4 extension.
Traceback (most recent call last):
  File "/Users/media/containers/home-automation/wyoming-whisperkit/.venv/lib/python3.9/site-packages/torio/_extension/utils.py", line 116, in _find_ffmpeg_extension
    ext = _find_versionsed_ffmpeg_extension(ffmpeg_ver)
  File "/Users/media/containers/home-automation/wyoming-whisperkit/.venv/lib/python3.9/site-packages/torio/_extension/utils.py", line 108, in _find_versionsed_ffmpeg_extension
    _load_lib(lib)
  File "/Users/media/containers/home-automation/wyoming-whisperkit/.venv/lib/python3.9/site-packages/torio/_extension/utils.py", line 94, in _load_lib
    torch.ops.load_library(path)
  File "/Users/media/containers/home-automation/wyoming-whisperkit/.venv/lib/python3.9/site-packages/torch/_ops.py", line 1478, in load_library
    ctypes.CDLL(path)
  File "/Library/Developer/CommandLineTools/Library/Frameworks/Python3.framework/Versions/3.9/lib/python3.9/ctypes/__init__.py", line 366, in __init__
    self._handle = _dlopen(self._name, mode)
OSError: dlopen(/Users/media/containers/home-automation/wyoming-whisperkit/.venv/lib/python3.9/site-packages/torio/lib/libtorio_ffmpeg4.so, 0x0006): Library not loaded: @rpath/libavutil.56.dylib
  Referenced from: <F144F519-5261-3419-86B8-D8167D854D9A> /Users/media/containers/home-automation/wyoming-whisperkit/.venv/lib/python3.9/site-packages/torio/lib/libtorio_ffmpeg4.so
  Reason: no LC_RPATH's found
DEBUG:torio._extension.utils:Loading FFmpeg
DEBUG:torio._extension.utils:Failed to load FFmpeg extension.
Traceback (most recent call last):
  File "/Users/media/containers/home-automation/wyoming-whisperkit/.venv/lib/python3.9/site-packages/torio/_extension/utils.py", line 116, in _find_ffmpeg_extension
    ext = _find_versionsed_ffmpeg_extension(ffmpeg_ver)
  File "/Users/media/containers/home-automation/wyoming-whisperkit/.venv/lib/python3.9/site-packages/torio/_extension/utils.py", line 106, in _find_versionsed_ffmpeg_extension
    raise RuntimeError(f"FFmpeg{version} extension is not available.")
RuntimeError: FFmpeg extension is not available.
INFO:__main__:Silero-VAD ready ✓
INFO:__main__:wyoming-whisperkit ready on tcp://0.0.0.0:7892
DEBUG:wyoming_whisperkit.handler:Sent info
DEBUG:wyoming_whisperkit.handler:Transcribe event
DEBUG:wyoming_whisperkit.handler:Receiving audio
DEBUG:wyoming_whisperkit.handler:AudioStop received (vad_triggered=False)
DEBUG:wyoming_whisperkit.handler:Transcribing 3.6 s of audio via WhisperKit (trigger=audio_stop)
DEBUG:wyoming_whisperkit.handler:WhisperKit internal time: 402 ms  wall: 3078 ms
INFO:wyoming_whisperkit.handler:Goodnight.
DEBUG:wyoming_whisperkit.handler:Completed request
DEBUG:__main__:Namespace(bridge='/Users/media/containers/home-automation/mac-whisper-speedtest/tools/whisperkit-bridge/.build/release/whisperkit-bridge', model='small', uri='tcp://0.0.0.0:7892', debug=True, log_format='%(levelname)s:%(name)s:%(message)s', vad=True)
INFO:__main__:Using whisperkit-bridge: /Users/media/containers/home-automation/mac-whisper-speedtest/tools/whisperkit-bridge/.build/release/whisperkit-bridge
INFO:__main__:Warming up WhisperKit model (small) — first run loads CoreML graphs…
INFO:__main__:WhisperKit warm ✓
INFO:__main__:Loading Silero-VAD (ONNX backend)…
DEBUG:torio._extension.utils:Loading FFmpeg6
DEBUG:torio._extension.utils:Failed to load FFmpeg6 extension.
Traceback (most recent call last):
  File "/Users/media/containers/home-automation/wyoming-whisperkit/.venv/lib/python3.9/site-packages/torio/_extension/utils.py", line 116, in _find_ffmpeg_extension
    ext = _find_versionsed_ffmpeg_extension(ffmpeg_ver)
  File "/Users/media/containers/home-automation/wyoming-whisperkit/.venv/lib/python3.9/site-packages/torio/_extension/utils.py", line 108, in _find_versionsed_ffmpeg_extension
    _load_lib(lib)
  File "/Users/media/containers/home-automation/wyoming-whisperkit/.venv/lib/python3.9/site-packages/torio/_extension/utils.py", line 94, in _load_lib
    torch.ops.load_library(path)
  File "/Users/media/containers/home-automation/wyoming-whisperkit/.venv/lib/python3.9/site-packages/torch/_ops.py", line 1478, in load_library
    ctypes.CDLL(path)
  File "/Library/Developer/CommandLineTools/Library/Frameworks/Python3.framework/Versions/3.9/lib/python3.9/ctypes/__init__.py", line 366, in __init__
    self._handle = _dlopen(self._name, mode)
OSError: dlopen(/Users/media/containers/home-automation/wyoming-whisperkit/.venv/lib/python3.9/site-packages/torio/lib/libtorio_ffmpeg6.so, 0x0006): Library not loaded: @rpath/libavutil.58.dylib
  Referenced from: <D0BF8BE2-7386-31C9-B6EE-5916A74CB5FE> /Users/media/containers/home-automation/wyoming-whisperkit/.venv/lib/python3.9/site-packages/torio/lib/libtorio_ffmpeg6.so
  Reason: no LC_RPATH's found
DEBUG:torio._extension.utils:Loading FFmpeg5
DEBUG:torio._extension.utils:Failed to load FFmpeg5 extension.
Traceback (most recent call last):
  File "/Users/media/containers/home-automation/wyoming-whisperkit/.venv/lib/python3.9/site-packages/torio/_extension/utils.py", line 116, in _find_ffmpeg_extension
    ext = _find_versionsed_ffmpeg_extension(ffmpeg_ver)
  File "/Users/media/containers/home-automation/wyoming-whisperkit/.venv/lib/python3.9/site-packages/torio/_extension/utils.py", line 108, in _find_versionsed_ffmpeg_extension
    _load_lib(lib)
  File "/Users/media/containers/home-automation/wyoming-whisperkit/.venv/lib/python3.9/site-packages/torio/_extension/utils.py", line 94, in _load_lib
    torch.ops.load_library(path)
  File "/Users/media/containers/home-automation/wyoming-whisperkit/.venv/lib/python3.9/site-packages/torch/_ops.py", line 1478, in load_library
    ctypes.CDLL(path)
  File "/Library/Developer/CommandLineTools/Library/Frameworks/Python3.framework/Versions/3.9/lib/python3.9/ctypes/__init__.py", line 366, in __init__
    self._handle = _dlopen(self._name, mode)
OSError: dlopen(/Users/media/containers/home-automation/wyoming-whisperkit/.venv/lib/python3.9/site-packages/torio/lib/libtorio_ffmpeg5.so, 0x0006): Library not loaded: @rpath/libavutil.57.dylib
  Referenced from: <E89DCAAE-7EC0-3ED8-B59D-1022058313DB> /Users/media/containers/home-automation/wyoming-whisperkit/.venv/lib/python3.9/site-packages/torio/lib/libtorio_ffmpeg5.so
  Reason: no LC_RPATH's found
DEBUG:torio._extension.utils:Loading FFmpeg4
DEBUG:torio._extension.utils:Failed to load FFmpeg4 extension.
Traceback (most recent call last):
  File "/Users/media/containers/home-automation/wyoming-whisperkit/.venv/lib/python3.9/site-packages/torio/_extension/utils.py", line 116, in _find_ffmpeg_extension
    ext = _find_versionsed_ffmpeg_extension(ffmpeg_ver)
  File "/Users/media/containers/home-automation/wyoming-whisperkit/.venv/lib/python3.9/site-packages/torio/_extension/utils.py", line 108, in _find_versionsed_ffmpeg_extension
    _load_lib(lib)
  File "/Users/media/containers/home-automation/wyoming-whisperkit/.venv/lib/python3.9/site-packages/torio/_extension/utils.py", line 94, in _load_lib
    torch.ops.load_library(path)
  File "/Users/media/containers/home-automation/wyoming-whisperkit/.venv/lib/python3.9/site-packages/torch/_ops.py", line 1478, in load_library
    ctypes.CDLL(path)
  File "/Library/Developer/CommandLineTools/Library/Frameworks/Python3.framework/Versions/3.9/lib/python3.9/ctypes/__init__.py", line 366, in __init__
    self._handle = _dlopen(self._name, mode)
OSError: dlopen(/Users/media/containers/home-automation/wyoming-whisperkit/.venv/lib/python3.9/site-packages/torio/lib/libtorio_ffmpeg4.so, 0x0006): Library not loaded: @rpath/libavutil.56.dylib
  Referenced from: <F144F519-5261-3419-86B8-D8167D854D9A> /Users/media/containers/home-automation/wyoming-whisperkit/.venv/lib/python3.9/site-packages/torio/lib/libtorio_ffmpeg4.so
  Reason: no LC_RPATH's found
DEBUG:torio._extension.utils:Loading FFmpeg
DEBUG:torio._extension.utils:Failed to load FFmpeg extension.
Traceback (most recent call last):
  File "/Users/media/containers/home-automation/wyoming-whisperkit/.venv/lib/python3.9/site-packages/torio/_extension/utils.py", line 116, in _find_ffmpeg_extension
    ext = _find_versionsed_ffmpeg_extension(ffmpeg_ver)
  File "/Users/media/containers/home-automation/wyoming-whisperkit/.venv/lib/python3.9/site-packages/torio/_extension/utils.py", line 106, in _find_versionsed_ffmpeg_extension
    raise RuntimeError(f"FFmpeg{version} extension is not available.")
RuntimeError: FFmpeg extension is not available.
INFO:__main__:Silero-VAD ready ✓
INFO:__main__:wyoming-whisperkit ready on tcp://0.0.0.0:7892
DEBUG:wyoming_whisperkit.handler:Sent info
DEBUG:__main__:Namespace(bridge='/Users/media/containers/home-automation/mac-whisper-speedtest/tools/whisperkit-bridge/.build/release/whisperkit-bridge', model='small', uri='tcp://0.0.0.0:7892', debug=True, log_format='%(levelname)s:%(name)s:%(message)s', vad=True)
INFO:__main__:Using whisperkit-bridge: /Users/media/containers/home-automation/mac-whisper-speedtest/tools/whisperkit-bridge/.build/release/whisperkit-bridge
INFO:__main__:Warming up WhisperKit model (small) — first run loads CoreML graphs…
INFO:__main__:WhisperKit warm ✓
INFO:__main__:Loading Silero-VAD (ONNX backend)…
DEBUG:torio._extension.utils:Loading FFmpeg6
DEBUG:torio._extension.utils:Failed to load FFmpeg6 extension.
Traceback (most recent call last):
  File "/Users/media/containers/home-automation/wyoming-whisperkit/.venv/lib/python3.9/site-packages/torio/_extension/utils.py", line 116, in _find_ffmpeg_extension
    ext = _find_versionsed_ffmpeg_extension(ffmpeg_ver)
  File "/Users/media/containers/home-automation/wyoming-whisperkit/.venv/lib/python3.9/site-packages/torio/_extension/utils.py", line 108, in _find_versionsed_ffmpeg_extension
    _load_lib(lib)
  File "/Users/media/containers/home-automation/wyoming-whisperkit/.venv/lib/python3.9/site-packages/torio/_extension/utils.py", line 94, in _load_lib
    torch.ops.load_library(path)
  File "/Users/media/containers/home-automation/wyoming-whisperkit/.venv/lib/python3.9/site-packages/torch/_ops.py", line 1478, in load_library
    ctypes.CDLL(path)
  File "/Library/Developer/CommandLineTools/Library/Frameworks/Python3.framework/Versions/3.9/lib/python3.9/ctypes/__init__.py", line 366, in __init__
    self._handle = _dlopen(self._name, mode)
OSError: dlopen(/Users/media/containers/home-automation/wyoming-whisperkit/.venv/lib/python3.9/site-packages/torio/lib/libtorio_ffmpeg6.so, 0x0006): Library not loaded: @rpath/libavutil.58.dylib
  Referenced from: <D0BF8BE2-7386-31C9-B6EE-5916A74CB5FE> /Users/media/containers/home-automation/wyoming-whisperkit/.venv/lib/python3.9/site-packages/torio/lib/libtorio_ffmpeg6.so
  Reason: no LC_RPATH's found
DEBUG:torio._extension.utils:Loading FFmpeg5
DEBUG:torio._extension.utils:Failed to load FFmpeg5 extension.
Traceback (most recent call last):
  File "/Users/media/containers/home-automation/wyoming-whisperkit/.venv/lib/python3.9/site-packages/torio/_extension/utils.py", line 116, in _find_ffmpeg_extension
    ext = _find_versionsed_ffmpeg_extension(ffmpeg_ver)
  File "/Users/media/containers/home-automation/wyoming-whisperkit/.venv/lib/python3.9/site-packages/torio/_extension/utils.py", line 108, in _find_versionsed_ffmpeg_extension
    _load_lib(lib)
  File "/Users/media/containers/home-automation/wyoming-whisperkit/.venv/lib/python3.9/site-packages/torio/_extension/utils.py", line 94, in _load_lib
    torch.ops.load_library(path)
  File "/Users/media/containers/home-automation/wyoming-whisperkit/.venv/lib/python3.9/site-packages/torch/_ops.py", line 1478, in load_library
    ctypes.CDLL(path)
  File "/Library/Developer/CommandLineTools/Library/Frameworks/Python3.framework/Versions/3.9/lib/python3.9/ctypes/__init__.py", line 366, in __init__
    self._handle = _dlopen(self._name, mode)
OSError: dlopen(/Users/media/containers/home-automation/wyoming-whisperkit/.venv/lib/python3.9/site-packages/torio/lib/libtorio_ffmpeg5.so, 0x0006): Library not loaded: @rpath/libavutil.57.dylib
  Referenced from: <E89DCAAE-7EC0-3ED8-B59D-1022058313DB> /Users/media/containers/home-automation/wyoming-whisperkit/.venv/lib/python3.9/site-packages/torio/lib/libtorio_ffmpeg5.so
  Reason: no LC_RPATH's found
DEBUG:torio._extension.utils:Loading FFmpeg4
DEBUG:torio._extension.utils:Failed to load FFmpeg4 extension.
Traceback (most recent call last):
  File "/Users/media/containers/home-automation/wyoming-whisperkit/.venv/lib/python3.9/site-packages/torio/_extension/utils.py", line 116, in _find_ffmpeg_extension
    ext = _find_versionsed_ffmpeg_extension(ffmpeg_ver)
  File "/Users/media/containers/home-automation/wyoming-whisperkit/.venv/lib/python3.9/site-packages/torio/_extension/utils.py", line 108, in _find_versionsed_ffmpeg_extension
    _load_lib(lib)
  File "/Users/media/containers/home-automation/wyoming-whisperkit/.venv/lib/python3.9/site-packages/torio/_extension/utils.py", line 94, in _load_lib
    torch.ops.load_library(path)
  File "/Users/media/containers/home-automation/wyoming-whisperkit/.venv/lib/python3.9/site-packages/torch/_ops.py", line 1478, in load_library
    ctypes.CDLL(path)
  File "/Library/Developer/CommandLineTools/Library/Frameworks/Python3.framework/Versions/3.9/lib/python3.9/ctypes/__init__.py", line 366, in __init__
    self._handle = _dlopen(self._name, mode)
OSError: dlopen(/Users/media/containers/home-automation/wyoming-whisperkit/.venv/lib/python3.9/site-packages/torio/lib/libtorio_ffmpeg4.so, 0x0006): Library not loaded: @rpath/libavutil.56.dylib
  Referenced from: <F144F519-5261-3419-86B8-D8167D854D9A> /Users/media/containers/home-automation/wyoming-whisperkit/.venv/lib/python3.9/site-packages/torio/lib/libtorio_ffmpeg4.so
  Reason: no LC_RPATH's found
DEBUG:torio._extension.utils:Loading FFmpeg
DEBUG:torio._extension.utils:Failed to load FFmpeg extension.
Traceback (most recent call last):
  File "/Users/media/containers/home-automation/wyoming-whisperkit/.venv/lib/python3.9/site-packages/torio/_extension/utils.py", line 116, in _find_ffmpeg_extension
    ext = _find_versionsed_ffmpeg_extension(ffmpeg_ver)
  File "/Users/media/containers/home-automation/wyoming-whisperkit/.venv/lib/python3.9/site-packages/torio/_extension/utils.py", line 106, in _find_versionsed_ffmpeg_extension
    raise RuntimeError(f"FFmpeg{version} extension is not available.")
RuntimeError: FFmpeg extension is not available.
INFO:__main__:Silero-VAD ready ✓
INFO:__main__:wyoming-whisperkit ready on tcp://0.0.0.0:7892
DEBUG:wyoming_whisperkit.handler:Sent info
DEBUG:wyoming_whisperkit.handler:Transcribe event
DEBUG:wyoming_whisperkit.handler:Receiving audio
DEBUG:wyoming_whisperkit.handler:AudioStop received (vad_triggered=False)
DEBUG:wyoming_whisperkit.handler:Transcribing 3.0 s of audio via WhisperKit (trigger=audio_stop)
DEBUG:wyoming_whisperkit.handler:WhisperKit internal time: 433 ms  wall: 2635 ms
INFO:wyoming_whisperkit.handler:Goodnight.
DEBUG:wyoming_whisperkit.handler:Completed request
DEBUG:__main__:Namespace(bridge='/Users/media/containers/home-automation/mac-whisper-speedtest/tools/whisperkit-bridge/.build/release/whisperkit-bridge', model='small', uri='tcp://0.0.0.0:7892', debug=True, log_format='%(levelname)s:%(name)s:%(message)s', vad=True)
INFO:__main__:Using whisperkit-bridge: /Users/media/containers/home-automation/mac-whisper-speedtest/tools/whisperkit-bridge/.build/release/whisperkit-bridge
INFO:__main__:Warming up WhisperKit model (small) — first run loads CoreML graphs…
INFO:__main__:WhisperKit warm ✓
INFO:__main__:Loading Silero-VAD (ONNX backend)…
DEBUG:torio._extension.utils:Loading FFmpeg6
DEBUG:torio._extension.utils:Failed to load FFmpeg6 extension.
Traceback (most recent call last):
  File "/Users/media/containers/home-automation/wyoming-whisperkit/.venv/lib/python3.9/site-packages/torio/_extension/utils.py", line 116, in _find_ffmpeg_extension
    ext = _find_versionsed_ffmpeg_extension(ffmpeg_ver)
  File "/Users/media/containers/home-automation/wyoming-whisperkit/.venv/lib/python3.9/site-packages/torio/_extension/utils.py", line 108, in _find_versionsed_ffmpeg_extension
    _load_lib(lib)
  File "/Users/media/containers/home-automation/wyoming-whisperkit/.venv/lib/python3.9/site-packages/torio/_extension/utils.py", line 94, in _load_lib
    torch.ops.load_library(path)
  File "/Users/media/containers/home-automation/wyoming-whisperkit/.venv/lib/python3.9/site-packages/torch/_ops.py", line 1478, in load_library
    ctypes.CDLL(path)
  File "/Library/Developer/CommandLineTools/Library/Frameworks/Python3.framework/Versions/3.9/lib/python3.9/ctypes/__init__.py", line 366, in __init__
    self._handle = _dlopen(self._name, mode)
OSError: dlopen(/Users/media/containers/home-automation/wyoming-whisperkit/.venv/lib/python3.9/site-packages/torio/lib/libtorio_ffmpeg6.so, 0x0006): Library not loaded: @rpath/libavutil.58.dylib
  Referenced from: <D0BF8BE2-7386-31C9-B6EE-5916A74CB5FE> /Users/media/containers/home-automation/wyoming-whisperkit/.venv/lib/python3.9/site-packages/torio/lib/libtorio_ffmpeg6.so
  Reason: no LC_RPATH's found
DEBUG:torio._extension.utils:Loading FFmpeg5
DEBUG:torio._extension.utils:Failed to load FFmpeg5 extension.
Traceback (most recent call last):
  File "/Users/media/containers/home-automation/wyoming-whisperkit/.venv/lib/python3.9/site-packages/torio/_extension/utils.py", line 116, in _find_ffmpeg_extension
    ext = _find_versionsed_ffmpeg_extension(ffmpeg_ver)
  File "/Users/media/containers/home-automation/wyoming-whisperkit/.venv/lib/python3.9/site-packages/torio/_extension/utils.py", line 108, in _find_versionsed_ffmpeg_extension
    _load_lib(lib)
  File "/Users/media/containers/home-automation/wyoming-whisperkit/.venv/lib/python3.9/site-packages/torio/_extension/utils.py", line 94, in _load_lib
    torch.ops.load_library(path)
  File "/Users/media/containers/home-automation/wyoming-whisperkit/.venv/lib/python3.9/site-packages/torch/_ops.py", line 1478, in load_library
    ctypes.CDLL(path)
  File "/Library/Developer/CommandLineTools/Library/Frameworks/Python3.framework/Versions/3.9/lib/python3.9/ctypes/__init__.py", line 366, in __init__
    self._handle = _dlopen(self._name, mode)
OSError: dlopen(/Users/media/containers/home-automation/wyoming-whisperkit/.venv/lib/python3.9/site-packages/torio/lib/libtorio_ffmpeg5.so, 0x0006): Library not loaded: @rpath/libavutil.57.dylib
  Referenced from: <E89DCAAE-7EC0-3ED8-B59D-1022058313DB> /Users/media/containers/home-automation/wyoming-whisperkit/.venv/lib/python3.9/site-packages/torio/lib/libtorio_ffmpeg5.so
  Reason: no LC_RPATH's found
DEBUG:torio._extension.utils:Loading FFmpeg4
DEBUG:torio._extension.utils:Failed to load FFmpeg4 extension.
Traceback (most recent call last):
  File "/Users/media/containers/home-automation/wyoming-whisperkit/.venv/lib/python3.9/site-packages/torio/_extension/utils.py", line 116, in _find_ffmpeg_extension
    ext = _find_versionsed_ffmpeg_extension(ffmpeg_ver)
  File "/Users/media/containers/home-automation/wyoming-whisperkit/.venv/lib/python3.9/site-packages/torio/_extension/utils.py", line 108, in _find_versionsed_ffmpeg_extension
    _load_lib(lib)
  File "/Users/media/containers/home-automation/wyoming-whisperkit/.venv/lib/python3.9/site-packages/torio/_extension/utils.py", line 94, in _load_lib
    torch.ops.load_library(path)
  File "/Users/media/containers/home-automation/wyoming-whisperkit/.venv/lib/python3.9/site-packages/torch/_ops.py", line 1478, in load_library
    ctypes.CDLL(path)
  File "/Library/Developer/CommandLineTools/Library/Frameworks/Python3.framework/Versions/3.9/lib/python3.9/ctypes/__init__.py", line 366, in __init__
    self._handle = _dlopen(self._name, mode)
OSError: dlopen(/Users/media/containers/home-automation/wyoming-whisperkit/.venv/lib/python3.9/site-packages/torio/lib/libtorio_ffmpeg4.so, 0x0006): Library not loaded: @rpath/libavutil.56.dylib
  Referenced from: <F144F519-5261-3419-86B8-D8167D854D9A> /Users/media/containers/home-automation/wyoming-whisperkit/.venv/lib/python3.9/site-packages/torio/lib/libtorio_ffmpeg4.so
  Reason: no LC_RPATH's found
DEBUG:torio._extension.utils:Loading FFmpeg
DEBUG:torio._extension.utils:Failed to load FFmpeg extension.
Traceback (most recent call last):
  File "/Users/media/containers/home-automation/wyoming-whisperkit/.venv/lib/python3.9/site-packages/torio/_extension/utils.py", line 116, in _find_ffmpeg_extension
    ext = _find_versionsed_ffmpeg_extension(ffmpeg_ver)
  File "/Users/media/containers/home-automation/wyoming-whisperkit/.venv/lib/python3.9/site-packages/torio/_extension/utils.py", line 106, in _find_versionsed_ffmpeg_extension
    raise RuntimeError(f"FFmpeg{version} extension is not available.")
RuntimeError: FFmpeg extension is not available.
INFO:__main__:Silero-VAD ready ✓
INFO:__main__:wyoming-whisperkit ready on tcp://0.0.0.0:7892
DEBUG:wyoming_whisperkit.handler:Transcribe event
DEBUG:wyoming_whisperkit.handler:Receiving audio
DEBUG:wyoming_whisperkit.handler:VAD armed (608 ms speech)
INFO:wyoming_whisperkit.handler:VAD early trigger — 2.4 s audio collected (speech=1184 ms, silence=704 ms)
DEBUG:wyoming_whisperkit.handler:Transcribing 2.4 s of audio via WhisperKit (trigger=vad)
DEBUG:wyoming_whisperkit.handler:WhisperKit internal time: 397 ms  wall: 2331 ms
INFO:wyoming_whisperkit.handler:Play KEXT.
DEBUG:wyoming_whisperkit.handler:Completed request
DEBUG:wyoming_whisperkit.handler:Receiving audio
DEBUG:wyoming_whisperkit.handler:AudioStop received (vad_triggered=False)
DEBUG:wyoming_whisperkit.handler:Transcribing 1.3 s of audio via WhisperKit (trigger=audio_stop)
DEBUG:wyoming_whisperkit.handler:WhisperKit internal time: 367 ms  wall: 1496 ms
INFO:wyoming_whisperkit.handler:(clattering)
DEBUG:wyoming_whisperkit.handler:Completed request
DEBUG:wyoming_whisperkit.handler:Transcribe event
DEBUG:wyoming_whisperkit.handler:Receiving audio
DEBUG:wyoming_whisperkit.handler:VAD armed (608 ms speech)
INFO:wyoming_whisperkit.handler:VAD early trigger — 2.4 s audio collected (speech=832 ms, silence=704 ms)
DEBUG:wyoming_whisperkit.handler:Transcribing 2.4 s of audio via WhisperKit (trigger=vad)
DEBUG:wyoming_whisperkit.handler:WhisperKit internal time: 371 ms  wall: 1664 ms
INFO:wyoming_whisperkit.handler:Turn on the speaker.
DEBUG:wyoming_whisperkit.handler:Completed request
DEBUG:wyoming_whisperkit.handler:Receiving audio
DEBUG:wyoming_whisperkit.handler:AudioStop received (vad_triggered=False)
DEBUG:wyoming_whisperkit.handler:Transcribing 1.0 s of audio via WhisperKit (trigger=audio_stop)
DEBUG:wyoming_whisperkit.handler:WhisperKit internal time: 332 ms  wall: 1888 ms
INFO:wyoming_whisperkit.handler:[water running]
DEBUG:wyoming_whisperkit.handler:Completed request
DEBUG:wyoming_whisperkit.handler:Transcribe event
DEBUG:wyoming_whisperkit.handler:Receiving audio
DEBUG:wyoming_whisperkit.handler:VAD armed (608 ms speech)
INFO:wyoming_whisperkit.handler:VAD early trigger — 2.3 s audio collected (speech=1216 ms, silence=704 ms)
DEBUG:wyoming_whisperkit.handler:Transcribing 2.3 s of audio via WhisperKit (trigger=vad)
DEBUG:wyoming_whisperkit.handler:WhisperKit internal time: 345 ms  wall: 1732 ms
INFO:wyoming_whisperkit.handler:Play KEXP
DEBUG:wyoming_whisperkit.handler:Completed request
DEBUG:wyoming_whisperkit.handler:Receiving audio
DEBUG:wyoming_whisperkit.handler:AudioStop received (vad_triggered=False)
DEBUG:wyoming_whisperkit.handler:Transcribing 1.1 s of audio via WhisperKit (trigger=audio_stop)
DEBUG:wyoming_whisperkit.handler:WhisperKit internal time: 347 ms  wall: 1445 ms
INFO:wyoming_whisperkit.handler:[BLANK_AUDIO]
DEBUG:wyoming_whisperkit.handler:Completed request
DEBUG:wyoming_whisperkit.handler:Sent info
DEBUG:wyoming_whisperkit.handler:Transcribe event
DEBUG:wyoming_whisperkit.handler:Receiving audio
DEBUG:wyoming_whisperkit.handler:VAD armed (608 ms speech)
INFO:wyoming_whisperkit.handler:VAD early trigger — 2.7 s audio collected (speech=1600 ms, silence=704 ms)
DEBUG:wyoming_whisperkit.handler:Transcribing 2.7 s of audio via WhisperKit (trigger=vad)
DEBUG:wyoming_whisperkit.handler:WhisperKit internal time: 537 ms  wall: 2852 ms
INFO:wyoming_whisperkit.handler:Play WBGO.
DEBUG:wyoming_whisperkit.handler:Completed request
DEBUG:wyoming_whisperkit.handler:Receiving audio
DEBUG:wyoming_whisperkit.handler:AudioStop received (vad_triggered=False)
DEBUG:wyoming_whisperkit.handler:Transcribing 1.1 s of audio via WhisperKit (trigger=audio_stop)
DEBUG:wyoming_whisperkit.handler:WhisperKit internal time: 412 ms  wall: 1987 ms
INFO:wyoming_whisperkit.handler:[water splashing]
DEBUG:wyoming_whisperkit.handler:Completed request
DEBUG:wyoming_whisperkit.handler:Transcribe event
DEBUG:wyoming_whisperkit.handler:Receiving audio
DEBUG:wyoming_whisperkit.handler:VAD armed (608 ms speech)
INFO:wyoming_whisperkit.handler:VAD early trigger — 3.2 s audio collected (speech=1536 ms, silence=704 ms)
DEBUG:wyoming_whisperkit.handler:Transcribing 3.2 s of audio via WhisperKit (trigger=vad)
DEBUG:wyoming_whisperkit.handler:WhisperKit internal time: 383 ms  wall: 1683 ms
INFO:wyoming_whisperkit.handler:Play WBGO.
DEBUG:wyoming_whisperkit.handler:Completed request
DEBUG:wyoming_whisperkit.handler:Receiving audio
DEBUG:wyoming_whisperkit.handler:AudioStop received (vad_triggered=False)
DEBUG:wyoming_whisperkit.handler:Transcribing 1.0 s of audio via WhisperKit (trigger=audio_stop)
DEBUG:wyoming_whisperkit.handler:WhisperKit internal time: 318 ms  wall: 1481 ms
INFO:wyoming_whisperkit.handler:(kissing)
DEBUG:wyoming_whisperkit.handler:Completed request
DEBUG:wyoming_whisperkit.handler:Transcribe event
DEBUG:wyoming_whisperkit.handler:Receiving audio
DEBUG:wyoming_whisperkit.handler:VAD armed (608 ms speech)
INFO:wyoming_whisperkit.handler:VAD early trigger — 2.1 s audio collected (speech=864 ms, silence=704 ms)
DEBUG:wyoming_whisperkit.handler:Transcribing 2.1 s of audio via WhisperKit (trigger=vad)
DEBUG:wyoming_whisperkit.handler:WhisperKit internal time: 320 ms  wall: 2014 ms
INFO:wyoming_whisperkit.handler:Play KXP
DEBUG:wyoming_whisperkit.handler:Completed request
DEBUG:wyoming_whisperkit.handler:Receiving audio
DEBUG:wyoming_whisperkit.handler:AudioStop received (vad_triggered=False)
DEBUG:wyoming_whisperkit.handler:Transcribing 1.1 s of audio via WhisperKit (trigger=audio_stop)
DEBUG:wyoming_whisperkit.handler:WhisperKit internal time: 319 ms  wall: 1211 ms
INFO:wyoming_whisperkit.handler:[BLANK_AUDIO]
DEBUG:wyoming_whisperkit.handler:Completed request
DEBUG:wyoming_whisperkit.handler:Transcribe event
DEBUG:wyoming_whisperkit.handler:Receiving audio
DEBUG:wyoming_whisperkit.handler:AudioStop received (vad_triggered=False)
DEBUG:wyoming_whisperkit.handler:Transcribing 0.7 s of audio via WhisperKit (trigger=audio_stop)
DEBUG:wyoming_whisperkit.handler:WhisperKit internal time: 6 ms  wall: 1739 ms
INFO:wyoming_whisperkit.handler:
DEBUG:wyoming_whisperkit.handler:Completed request
DEBUG:wyoming_whisperkit.handler:Transcribe event
DEBUG:wyoming_whisperkit.handler:Receiving audio
DEBUG:wyoming_whisperkit.handler:AudioStop received (vad_triggered=False)
DEBUG:wyoming_whisperkit.handler:Transcribing 2.9 s of audio via WhisperKit (trigger=audio_stop)
DEBUG:wyoming_whisperkit.handler:WhisperKit internal time: 343 ms  wall: 2160 ms
INFO:wyoming_whisperkit.handler:Good night.
DEBUG:wyoming_whisperkit.handler:Completed request
DEBUG:wyoming_whisperkit.handler:Transcribe event
DEBUG:wyoming_whisperkit.handler:Receiving audio
DEBUG:wyoming_whisperkit.handler:AudioStop received (vad_triggered=False)
DEBUG:wyoming_whisperkit.handler:Transcribing 15.0 s of audio via WhisperKit (trigger=audio_stop)
DEBUG:wyoming_whisperkit.handler:WhisperKit internal time: 384 ms  wall: 2061 ms
INFO:wyoming_whisperkit.handler:Turn on the light.
DEBUG:wyoming_whisperkit.handler:Completed request
DEBUG:wyoming_whisperkit.handler:Transcribe event
DEBUG:wyoming_whisperkit.handler:Receiving audio
DEBUG:wyoming_whisperkit.handler:VAD armed (608 ms speech)
INFO:wyoming_whisperkit.handler:VAD early trigger — 2.3 s audio collected (speech=1312 ms, silence=704 ms)
DEBUG:wyoming_whisperkit.handler:Transcribing 2.3 s of audio via WhisperKit (trigger=vad)
DEBUG:wyoming_whisperkit.handler:WhisperKit internal time: 453 ms  wall: 2064 ms
INFO:wyoming_whisperkit.handler:Okay Naboo, turn on the speaker.
DEBUG:wyoming_whisperkit.handler:Completed request
DEBUG:wyoming_whisperkit.handler:Receiving audio
DEBUG:wyoming_whisperkit.handler:AudioStop received (vad_triggered=False)
DEBUG:wyoming_whisperkit.handler:Transcribing 0.9 s of audio via WhisperKit (trigger=audio_stop)
DEBUG:wyoming_whisperkit.handler:WhisperKit internal time: 4 ms  wall: 1171 ms
INFO:wyoming_whisperkit.handler:
DEBUG:wyoming_whisperkit.handler:Completed request
DEBUG:wyoming_whisperkit.handler:Transcribe event
DEBUG:wyoming_whisperkit.handler:Receiving audio
DEBUG:wyoming_whisperkit.handler:VAD armed (608 ms speech)
INFO:wyoming_whisperkit.handler:VAD early trigger — 4.7 s audio collected (speech=3296 ms, silence=704 ms)
DEBUG:wyoming_whisperkit.handler:Transcribing 4.7 s of audio via WhisperKit (trigger=vad)
DEBUG:wyoming_whisperkit.handler:WhisperKit internal time: 504 ms  wall: 2185 ms
INFO:wyoming_whisperkit.handler:Player Radio station based on the band New Pornographers.
DEBUG:wyoming_whisperkit.handler:Completed request
DEBUG:wyoming_whisperkit.handler:Receiving audio
DEBUG:wyoming_whisperkit.handler:AudioStop received (vad_triggered=False)
DEBUG:wyoming_whisperkit.handler:Transcribing 1.1 s of audio via WhisperKit (trigger=audio_stop)
DEBUG:wyoming_whisperkit.handler:WhisperKit internal time: 280 ms  wall: 1623 ms
INFO:wyoming_whisperkit.handler:[water running]
DEBUG:wyoming_whisperkit.handler:Completed request
DEBUG:wyoming_whisperkit.handler:Transcribe event
DEBUG:wyoming_whisperkit.handler:Receiving audio
DEBUG:wyoming_whisperkit.handler:VAD armed (608 ms speech)
INFO:wyoming_whisperkit.handler:VAD early trigger — 4.3 s audio collected (speech=2912 ms, silence=704 ms)
DEBUG:wyoming_whisperkit.handler:Transcribing 4.3 s of audio via WhisperKit (trigger=vad)
DEBUG:wyoming_whisperkit.handler:WhisperKit internal time: 480 ms  wall: 1958 ms
INFO:wyoming_whisperkit.handler:Play a radio station based on the new pornographers.
DEBUG:wyoming_whisperkit.handler:Completed request
DEBUG:wyoming_whisperkit.handler:Receiving audio
DEBUG:wyoming_whisperkit.handler:AudioStop received (vad_triggered=False)
DEBUG:wyoming_whisperkit.handler:Transcribing 1.1 s of audio via WhisperKit (trigger=audio_stop)
DEBUG:wyoming_whisperkit.handler:WhisperKit internal time: 302 ms  wall: 1174 ms
INFO:wyoming_whisperkit.handler:[BLANK_AUDIO]
DEBUG:wyoming_whisperkit.handler:Completed request
DEBUG:wyoming_whisperkit.handler:Sent info
DEBUG:wyoming_whisperkit.handler:Sent info
DEBUG:wyoming_whisperkit.handler:Sent info
DEBUG:wyoming_whisperkit.handler:Transcribe event
DEBUG:wyoming_whisperkit.handler:Receiving audio
DEBUG:wyoming_whisperkit.handler:Sent info
DEBUG:wyoming_whisperkit.handler:Sent info
DEBUG:wyoming_whisperkit.handler:Transcribe event
DEBUG:wyoming_whisperkit.handler:Receiving audio
DEBUG:wyoming_whisperkit.handler:AudioStop received (vad_triggered=False)
DEBUG:wyoming_whisperkit.handler:Transcribing 7.6 s of audio via WhisperKit (trigger=audio_stop)
DEBUG:wyoming_whisperkit.handler:WhisperKit internal time: 371 ms  wall: 2235 ms
INFO:wyoming_whisperkit.handler:Good night.
DEBUG:wyoming_whisperkit.handler:Completed request
DEBUG:wyoming_whisperkit.handler:Sent info
DEBUG:wyoming_whisperkit.handler:Transcribe event
DEBUG:wyoming_whisperkit.handler:Receiving audio
DEBUG:wyoming_whisperkit.handler:VAD armed (608 ms speech)
INFO:wyoming_whisperkit.handler:VAD early trigger — 2.1 s audio collected (speech=1152 ms, silence=704 ms)
DEBUG:wyoming_whisperkit.handler:Transcribing 2.1 s of audio via WhisperKit (trigger=vad)
DEBUG:wyoming_whisperkit.handler:WhisperKit internal time: 415 ms  wall: 2167 ms
INFO:wyoming_whisperkit.handler:Turn on the speaker.
DEBUG:wyoming_whisperkit.handler:Completed request
DEBUG:wyoming_whisperkit.handler:Receiving audio
DEBUG:wyoming_whisperkit.handler:AudioStop received (vad_triggered=False)
DEBUG:wyoming_whisperkit.handler:Transcribing 1.1 s of audio via WhisperKit (trigger=audio_stop)
DEBUG:wyoming_whisperkit.handler:WhisperKit internal time: 298 ms  wall: 1650 ms
INFO:wyoming_whisperkit.handler:[BLANK_AUDIO]
DEBUG:wyoming_whisperkit.handler:Completed request
DEBUG:wyoming_whisperkit.handler:Transcribe event
DEBUG:wyoming_whisperkit.handler:Receiving audio
DEBUG:wyoming_whisperkit.handler:VAD armed (608 ms speech)
INFO:wyoming_whisperkit.handler:VAD early trigger — 4.1 s audio collected (speech=1440 ms, silence=704 ms)
DEBUG:wyoming_whisperkit.handler:Transcribing 4.1 s of audio via WhisperKit (trigger=vad)
DEBUG:wyoming_whisperkit.handler:WhisperKit internal time: 345 ms  wall: 1715 ms
INFO:wyoming_whisperkit.handler:Play WBGO.
DEBUG:wyoming_whisperkit.handler:Completed request
DEBUG:wyoming_whisperkit.handler:Receiving audio
DEBUG:wyoming_whisperkit.handler:AudioStop received (vad_triggered=False)
DEBUG:wyoming_whisperkit.handler:Transcribing 1.6 s of audio via WhisperKit (trigger=audio_stop)
DEBUG:wyoming_whisperkit.handler:WhisperKit internal time: 281 ms  wall: 1600 ms
INFO:wyoming_whisperkit.handler:(door opens)
DEBUG:wyoming_whisperkit.handler:Completed request
DEBUG:wyoming_whisperkit.handler:Sent info
DEBUG:wyoming_whisperkit.handler:Transcribe event
DEBUG:wyoming_whisperkit.handler:Receiving audio
DEBUG:wyoming_whisperkit.handler:VAD armed (608 ms speech)
INFO:wyoming_whisperkit.handler:VAD early trigger — 2.2 s audio collected (speech=896 ms, silence=704 ms)
DEBUG:wyoming_whisperkit.handler:Transcribing 2.2 s of audio via WhisperKit (trigger=vad)
DEBUG:wyoming_whisperkit.handler:WhisperKit internal time: 350 ms  wall: 2130 ms
INFO:wyoming_whisperkit.handler:Please WSNU
DEBUG:wyoming_whisperkit.handler:Completed request
DEBUG:wyoming_whisperkit.handler:Receiving audio
DEBUG:wyoming_whisperkit.handler:AudioStop received (vad_triggered=False)
DEBUG:wyoming_whisperkit.handler:Transcribing 1.1 s of audio via WhisperKit (trigger=audio_stop)
DEBUG:wyoming_whisperkit.handler:WhisperKit internal time: 310 ms  wall: 1496 ms
INFO:wyoming_whisperkit.handler:[BLANK_AUDIO]
DEBUG:wyoming_whisperkit.handler:Completed request
DEBUG:wyoming_whisperkit.handler:Sent info
DEBUG:wyoming_whisperkit.handler:Transcribe event
DEBUG:wyoming_whisperkit.handler:Receiving audio
DEBUG:wyoming_whisperkit.handler:VAD armed (608 ms speech)
INFO:wyoming_whisperkit.handler:VAD early trigger — 3.0 s audio collected (speech=1792 ms, silence=704 ms)
DEBUG:wyoming_whisperkit.handler:Transcribing 3.0 s of audio via WhisperKit (trigger=vad)
DEBUG:wyoming_whisperkit.handler:WhisperKit internal time: 336 ms  wall: 1882 ms
INFO:wyoming_whisperkit.handler:Play WFMU
DEBUG:wyoming_whisperkit.handler:Completed request
DEBUG:wyoming_whisperkit.handler:Receiving audio
DEBUG:wyoming_whisperkit.handler:AudioStop received (vad_triggered=False)
DEBUG:wyoming_whisperkit.handler:Transcribing 0.9 s of audio via WhisperKit (trigger=audio_stop)
DEBUG:wyoming_whisperkit.handler:WhisperKit internal time: 4 ms  wall: 1163 ms
INFO:wyoming_whisperkit.handler:
DEBUG:wyoming_whisperkit.handler:Completed request
DEBUG:wyoming_whisperkit.handler:Transcribe event
DEBUG:wyoming_whisperkit.handler:Receiving audio
DEBUG:wyoming_whisperkit.handler:VAD armed (608 ms speech)
INFO:wyoming_whisperkit.handler:VAD early trigger — 2.4 s audio collected (speech=1152 ms, silence=704 ms)
DEBUG:wyoming_whisperkit.handler:Transcribing 2.4 s of audio via WhisperKit (trigger=vad)
DEBUG:wyoming_whisperkit.handler:WhisperKit internal time: 409 ms  wall: 2508 ms
INFO:wyoming_whisperkit.handler:Play WFMU.
DEBUG:wyoming_whisperkit.handler:Completed request
DEBUG:wyoming_whisperkit.handler:Receiving audio
DEBUG:wyoming_whisperkit.handler:AudioStop received (vad_triggered=False)
DEBUG:wyoming_whisperkit.handler:Transcribing 1.1 s of audio via WhisperKit (trigger=audio_stop)
DEBUG:wyoming_whisperkit.handler:WhisperKit internal time: 300 ms  wall: 1315 ms
INFO:wyoming_whisperkit.handler:[BLANK_AUDIO]
DEBUG:wyoming_whisperkit.handler:Completed request
DEBUG:wyoming_whisperkit.handler:Transcribe event
DEBUG:wyoming_whisperkit.handler:Receiving audio
DEBUG:wyoming_whisperkit.handler:VAD armed (608 ms speech)
INFO:wyoming_whisperkit.handler:VAD early trigger — 2.5 s audio collected (speech=1344 ms, silence=704 ms)
DEBUG:wyoming_whisperkit.handler:Transcribing 2.5 s of audio via WhisperKit (trigger=vad)
DEBUG:wyoming_whisperkit.handler:WhisperKit internal time: 396 ms  wall: 1969 ms
INFO:wyoming_whisperkit.handler:Play KEXP
DEBUG:wyoming_whisperkit.handler:Completed request
DEBUG:wyoming_whisperkit.handler:Receiving audio
DEBUG:wyoming_whisperkit.handler:AudioStop received (vad_triggered=False)
DEBUG:wyoming_whisperkit.handler:Transcribing 1.1 s of audio via WhisperKit (trigger=audio_stop)
DEBUG:wyoming_whisperkit.handler:WhisperKit internal time: 290 ms  wall: 1255 ms
INFO:wyoming_whisperkit.handler:[BLANK_AUDIO]
DEBUG:wyoming_whisperkit.handler:Completed request
DEBUG:wyoming_whisperkit.handler:Transcribe event
DEBUG:wyoming_whisperkit.handler:Receiving audio
DEBUG:wyoming_whisperkit.handler:VAD armed (608 ms speech)
INFO:wyoming_whisperkit.handler:VAD early trigger — 4.5 s audio collected (speech=1472 ms, silence=704 ms)
DEBUG:wyoming_whisperkit.handler:Transcribing 4.5 s of audio via WhisperKit (trigger=vad)
DEBUG:wyoming_whisperkit.handler:WhisperKit internal time: 375 ms  wall: 1893 ms
INFO:wyoming_whisperkit.handler:Play KCRW.
DEBUG:wyoming_whisperkit.handler:Completed request
DEBUG:wyoming_whisperkit.handler:Receiving audio
DEBUG:wyoming_whisperkit.handler:AudioStop received (vad_triggered=False)
DEBUG:wyoming_whisperkit.handler:Transcribing 1.1 s of audio via WhisperKit (trigger=audio_stop)
DEBUG:wyoming_whisperkit.handler:WhisperKit internal time: 287 ms  wall: 1216 ms
INFO:wyoming_whisperkit.handler:Bye, guys!
DEBUG:wyoming_whisperkit.handler:Completed request
DEBUG:wyoming_whisperkit.handler:Sent info
DEBUG:wyoming_whisperkit.handler:Transcribe event
DEBUG:wyoming_whisperkit.handler:Receiving audio
DEBUG:wyoming_whisperkit.handler:AudioStop received (vad_triggered=False)
DEBUG:wyoming_whisperkit.handler:Transcribing 6.4 s of audio via WhisperKit (trigger=audio_stop)
DEBUG:wyoming_whisperkit.handler:WhisperKit internal time: 350 ms  wall: 2309 ms
INFO:wyoming_whisperkit.handler:Thank you.
DEBUG:wyoming_whisperkit.handler:Completed request
DEBUG:wyoming_whisperkit.handler:Transcribe event
DEBUG:wyoming_whisperkit.handler:Receiving audio
DEBUG:wyoming_whisperkit.handler:VAD armed (608 ms speech)
INFO:wyoming_whisperkit.handler:VAD early trigger — 10.2 s audio collected (speech=6784 ms, silence=704 ms)
DEBUG:wyoming_whisperkit.handler:Transcribing 10.2 s of audio via WhisperKit (trigger=vad)
DEBUG:wyoming_whisperkit.handler:WhisperKit internal time: 308 ms  wall: 1995 ms
INFO:wyoming_whisperkit.handler:[laughter]
DEBUG:wyoming_whisperkit.handler:Completed request
DEBUG:wyoming_whisperkit.handler:Receiving audio
DEBUG:wyoming_whisperkit.handler:AudioStop received (vad_triggered=False)
DEBUG:wyoming_whisperkit.handler:Transcribing 1.4 s of audio via WhisperKit (trigger=audio_stop)
DEBUG:wyoming_whisperkit.handler:WhisperKit internal time: 278 ms  wall: 1796 ms
INFO:wyoming_whisperkit.handler:Oh.
DEBUG:wyoming_whisperkit.handler:Completed request
DEBUG:wyoming_whisperkit.handler:Transcribe event
DEBUG:wyoming_whisperkit.handler:Receiving audio
DEBUG:wyoming_whisperkit.handler:VAD armed (608 ms speech)
INFO:wyoming_whisperkit.handler:VAD early trigger — 2.4 s audio collected (speech=1664 ms, silence=704 ms)
DEBUG:wyoming_whisperkit.handler:Transcribing 2.4 s of audio via WhisperKit (trigger=vad)
DEBUG:wyoming_whisperkit.handler:WhisperKit internal time: 331 ms  wall: 1657 ms
INFO:wyoming_whisperkit.handler:WQXR.
DEBUG:wyoming_whisperkit.handler:Completed request
DEBUG:wyoming_whisperkit.handler:Receiving audio
DEBUG:wyoming_whisperkit.handler:VAD armed (608 ms speech)
INFO:wyoming_whisperkit.handler:VAD early trigger — 6.2 s audio collected (speech=4416 ms, silence=704 ms)
DEBUG:wyoming_whisperkit.handler:Transcribing 6.2 s of audio via WhisperKit (trigger=vad)
DEBUG:wyoming_whisperkit.handler:WhisperKit internal time: 482 ms  wall: 1667 ms
INFO:wyoming_whisperkit.handler:I think it's going. The edges are where it... there we go.
DEBUG:wyoming_whisperkit.handler:Completed request
DEBUG:wyoming_whisperkit.handler:Receiving audio
DEBUG:wyoming_whisperkit.handler:AudioStop received (vad_triggered=False)
DEBUG:wyoming_whisperkit.handler:Transcribing 0.6 s of audio via WhisperKit (trigger=audio_stop)
DEBUG:wyoming_whisperkit.handler:WhisperKit internal time: 4 ms  wall: 1083 ms
INFO:wyoming_whisperkit.handler:
DEBUG:wyoming_whisperkit.handler:Completed request
DEBUG:wyoming_whisperkit.handler:Transcribe event
DEBUG:wyoming_whisperkit.handler:Receiving audio
DEBUG:wyoming_whisperkit.handler:VAD armed (608 ms speech)
INFO:wyoming_whisperkit.handler:VAD early trigger — 2.1 s audio collected (speech=1440 ms, silence=704 ms)
DEBUG:wyoming_whisperkit.handler:Transcribing 2.1 s of audio via WhisperKit (trigger=vad)
DEBUG:wyoming_whisperkit.handler:WhisperKit internal time: 301 ms  wall: 1785 ms
INFO:wyoming_whisperkit.handler:WBGO.
DEBUG:wyoming_whisperkit.handler:Completed request
DEBUG:wyoming_whisperkit.handler:Receiving audio
DEBUG:wyoming_whisperkit.handler:VAD armed (608 ms speech)
INFO:wyoming_whisperkit.handler:VAD early trigger — 6.4 s audio collected (speech=3040 ms, silence=704 ms)
DEBUG:wyoming_whisperkit.handler:Transcribing 6.4 s of audio via WhisperKit (trigger=vad)
DEBUG:wyoming_whisperkit.handler:WhisperKit internal time: 452 ms  wall: 1880 ms
INFO:wyoming_whisperkit.handler:Oh, Celtics are down. I keep the funky.
DEBUG:wyoming_whisperkit.handler:Completed request
DEBUG:wyoming_whisperkit.handler:Receiving audio
DEBUG:wyoming_whisperkit.handler:AudioStop received (vad_triggered=False)
DEBUG:wyoming_whisperkit.handler:Transcribing 0.9 s of audio via WhisperKit (trigger=audio_stop)
DEBUG:wyoming_whisperkit.handler:WhisperKit internal time: 4 ms  wall: 963 ms
INFO:wyoming_whisperkit.handler:
DEBUG:wyoming_whisperkit.handler:Completed request
DEBUG:wyoming_whisperkit.handler:Transcribe event
DEBUG:wyoming_whisperkit.handler:Receiving audio
DEBUG:wyoming_whisperkit.handler:VAD armed (608 ms speech)
INFO:wyoming_whisperkit.handler:VAD early trigger — 5.0 s audio collected (speech=2400 ms, silence=704 ms)
DEBUG:wyoming_whisperkit.handler:Transcribing 5.0 s of audio via WhisperKit (trigger=vad)
DEBUG:wyoming_whisperkit.handler:WhisperKit internal time: 461 ms  wall: 1840 ms
INFO:wyoming_whisperkit.handler:Play WBJO. Oh, damn it.
DEBUG:wyoming_whisperkit.handler:Completed request
DEBUG:wyoming_whisperkit.handler:Receiving audio
DEBUG:wyoming_whisperkit.handler:AudioStop received (vad_triggered=False)
DEBUG:wyoming_whisperkit.handler:Transcribing 0.4 s of audio via WhisperKit (trigger=audio_stop)
DEBUG:wyoming_whisperkit.handler:WhisperKit internal time: 4 ms  wall: 975 ms
INFO:wyoming_whisperkit.handler:
DEBUG:wyoming_whisperkit.handler:Completed request
DEBUG:wyoming_whisperkit.handler:Transcribe event
DEBUG:wyoming_whisperkit.handler:Receiving audio
DEBUG:wyoming_whisperkit.handler:VAD armed (608 ms speech)
INFO:wyoming_whisperkit.handler:VAD early trigger — 5.2 s audio collected (speech=2816 ms, silence=704 ms)
DEBUG:wyoming_whisperkit.handler:Transcribing 5.2 s of audio via WhisperKit (trigger=vad)
DEBUG:wyoming_whisperkit.handler:WhisperKit internal time: 319 ms  wall: 1700 ms
INFO:wyoming_whisperkit.handler:Play WBGO.
DEBUG:wyoming_whisperkit.handler:Completed request
DEBUG:wyoming_whisperkit.handler:Receiving audio
DEBUG:wyoming_whisperkit.handler:AudioStop received (vad_triggered=False)
DEBUG:wyoming_whisperkit.handler:Transcribing 0.9 s of audio via WhisperKit (trigger=audio_stop)
DEBUG:wyoming_whisperkit.handler:WhisperKit internal time: 4 ms  wall: 1073 ms
INFO:wyoming_whisperkit.handler:
DEBUG:wyoming_whisperkit.handler:Completed request
DEBUG:wyoming_whisperkit.handler:Transcribe event
DEBUG:wyoming_whisperkit.handler:Receiving audio
DEBUG:wyoming_whisperkit.handler:VAD armed (608 ms speech)
INFO:wyoming_whisperkit.handler:VAD early trigger — 2.3 s audio collected (speech=640 ms, silence=704 ms)
DEBUG:wyoming_whisperkit.handler:Transcribing 2.3 s of audio via WhisperKit (trigger=vad)
DEBUG:wyoming_whisperkit.handler:WhisperKit internal time: 419 ms  wall: 2382 ms
INFO:wyoming_whisperkit.handler:So, that's it.
DEBUG:wyoming_whisperkit.handler:Completed request
DEBUG:wyoming_whisperkit.handler:Receiving audio
DEBUG:wyoming_whisperkit.handler:VAD armed (608 ms speech)
DEBUG:wyoming_whisperkit.handler:Transcribe event
DEBUG:wyoming_whisperkit.handler:Receiving audio
DEBUG:wyoming_whisperkit.handler:VAD armed (608 ms speech)
INFO:wyoming_whisperkit.handler:VAD early trigger — 4.2 s audio collected (speech=1632 ms, silence=704 ms)
DEBUG:wyoming_whisperkit.handler:Transcribing 4.2 s of audio via WhisperKit (trigger=vad)
DEBUG:wyoming_whisperkit.handler:WhisperKit internal time: 524 ms  wall: 2059 ms
INFO:wyoming_whisperkit.handler:That's probably really helpful. Clear WGBO. Very important.
DEBUG:wyoming_whisperkit.handler:Completed request
DEBUG:wyoming_whisperkit.handler:Receiving audio
DEBUG:wyoming_whisperkit.handler:AudioStop received (vad_triggered=False)
DEBUG:wyoming_whisperkit.handler:Transcribing 0.4 s of audio via WhisperKit (trigger=audio_stop)
DEBUG:wyoming_whisperkit.handler:WhisperKit internal time: 4 ms  wall: 871 ms
INFO:wyoming_whisperkit.handler:
DEBUG:wyoming_whisperkit.handler:Completed request
DEBUG:wyoming_whisperkit.handler:Transcribe event
DEBUG:wyoming_whisperkit.handler:Receiving audio
DEBUG:wyoming_whisperkit.handler:VAD armed (608 ms speech)
DEBUG:wyoming_whisperkit.handler:VAD disarmed — speech exceeded cap
DEBUG:wyoming_whisperkit.handler:Receiving audio
DEBUG:wyoming_whisperkit.handler:VAD armed (608 ms speech)
DEBUG:wyoming_whisperkit.handler:Transcribe event
DEBUG:wyoming_whisperkit.handler:Receiving audio
DEBUG:wyoming_whisperkit.handler:VAD armed (608 ms speech)
INFO:wyoming_whisperkit.handler:VAD early trigger — 3.0 s audio collected (speech=1760 ms, silence=704 ms)
DEBUG:wyoming_whisperkit.handler:Transcribing 3.0 s of audio via WhisperKit (trigger=vad)
DEBUG:wyoming_whisperkit.handler:WhisperKit internal time: 345 ms  wall: 1749 ms
INFO:wyoming_whisperkit.handler:Okay, play WBGO
DEBUG:wyoming_whisperkit.handler:Completed request
DEBUG:wyoming_whisperkit.handler:Receiving audio
DEBUG:wyoming_whisperkit.handler:Transcribe event
DEBUG:wyoming_whisperkit.handler:Receiving audio
DEBUG:wyoming_whisperkit.handler:VAD armed (608 ms speech)
INFO:wyoming_whisperkit.handler:VAD early trigger — 3.9 s audio collected (speech=1728 ms, silence=704 ms)
DEBUG:wyoming_whisperkit.handler:Transcribing 3.9 s of audio via WhisperKit (trigger=vad)
DEBUG:wyoming_whisperkit.handler:WhisperKit internal time: 307 ms  wall: 1737 ms
INFO:wyoming_whisperkit.handler:KWBGO
DEBUG:wyoming_whisperkit.handler:Completed request
DEBUG:wyoming_whisperkit.handler:Receiving audio
DEBUG:wyoming_whisperkit.handler:AudioStop received (vad_triggered=False)
DEBUG:wyoming_whisperkit.handler:Transcribing 0.9 s of audio via WhisperKit (trigger=audio_stop)
DEBUG:wyoming_whisperkit.handler:WhisperKit internal time: 4 ms  wall: 834 ms
INFO:wyoming_whisperkit.handler:
DEBUG:wyoming_whisperkit.handler:Completed request
DEBUG:wyoming_whisperkit.handler:Transcribe event
DEBUG:wyoming_whisperkit.handler:Receiving audio
DEBUG:wyoming_whisperkit.handler:VAD armed (608 ms speech)
INFO:wyoming_whisperkit.handler:VAD early trigger — 7.5 s audio collected (speech=5984 ms, silence=704 ms)
DEBUG:wyoming_whisperkit.handler:Transcribing 7.5 s of audio via WhisperKit (trigger=vad)
DEBUG:wyoming_whisperkit.handler:WhisperKit internal time: 372 ms  wall: 2115 ms
INFO:wyoming_whisperkit.handler:Play One Step Beyond.
DEBUG:wyoming_whisperkit.handler:Completed request
DEBUG:wyoming_whisperkit.handler:Receiving audio
DEBUG:wyoming_whisperkit.handler:AudioStop received (vad_triggered=False)
DEBUG:wyoming_whisperkit.handler:Transcribing 0.8 s of audio via WhisperKit (trigger=audio_stop)
DEBUG:wyoming_whisperkit.handler:WhisperKit internal time: 4 ms  wall: 1040 ms
INFO:wyoming_whisperkit.handler:
DEBUG:wyoming_whisperkit.handler:Completed request
DEBUG:wyoming_whisperkit.handler:Transcribe event
DEBUG:wyoming_whisperkit.handler:Receiving audio
DEBUG:wyoming_whisperkit.handler:VAD armed (608 ms speech)
INFO:wyoming_whisperkit.handler:VAD early trigger — 3.2 s audio collected (speech=1600 ms, silence=704 ms)
DEBUG:wyoming_whisperkit.handler:Transcribing 3.2 s of audio via WhisperKit (trigger=vad)
DEBUG:wyoming_whisperkit.handler:WhisperKit internal time: 370 ms  wall: 1812 ms
INFO:wyoming_whisperkit.handler:One step beyond
DEBUG:wyoming_whisperkit.handler:Completed request
DEBUG:wyoming_whisperkit.handler:Receiving audio
DEBUG:wyoming_whisperkit.handler:AudioStop received (vad_triggered=False)
DEBUG:wyoming_whisperkit.handler:Transcribing 0.7 s of audio via WhisperKit (trigger=audio_stop)
DEBUG:wyoming_whisperkit.handler:WhisperKit internal time: 7 ms  wall: 1030 ms
INFO:wyoming_whisperkit.handler:
DEBUG:wyoming_whisperkit.handler:Completed request
DEBUG:wyoming_whisperkit.handler:Transcribe event
DEBUG:wyoming_whisperkit.handler:Receiving audio
DEBUG:wyoming_whisperkit.handler:VAD armed (608 ms speech)
DEBUG:wyoming_whisperkit.handler:VAD disarmed — speech exceeded cap
DEBUG:wyoming_whisperkit.handler:Receiving audio
DEBUG:wyoming_whisperkit.handler:VAD armed (608 ms speech)
DEBUG:wyoming_whisperkit.handler:AudioStop received (vad_triggered=False)
DEBUG:wyoming_whisperkit.handler:Transcribing 4.6 s of audio via WhisperKit (trigger=audio_stop)
DEBUG:wyoming_whisperkit.handler:WhisperKit internal time: 461 ms  wall: 1844 ms
INFO:wyoming_whisperkit.handler:Once you get command-lined in and you've, you know,
DEBUG:wyoming_whisperkit.handler:Completed request
DEBUG:wyoming_whisperkit.handler:Transcribe event
DEBUG:wyoming_whisperkit.handler:Receiving audio
DEBUG:wyoming_whisperkit.handler:VAD armed (608 ms speech)
INFO:wyoming_whisperkit.handler:VAD early trigger — 9.8 s audio collected (speech=8352 ms, silence=704 ms)
DEBUG:wyoming_whisperkit.handler:Transcribing 9.8 s of audio via WhisperKit (trigger=vad)
DEBUG:wyoming_whisperkit.handler:WhisperKit internal time: 825 ms  wall: 2701 ms
INFO:wyoming_whisperkit.handler:Play Long Distance by Yes. That was good. You didn't say the right word. It gets like this special jumping in.
DEBUG:wyoming_whisperkit.handler:Completed request
DEBUG:wyoming_whisperkit.handler:Receiving audio
DEBUG:wyoming_whisperkit.handler:AudioStop received (vad_triggered=False)
DEBUG:wyoming_whisperkit.handler:Transcribing 0.7 s of audio via WhisperKit (trigger=audio_stop)
DEBUG:wyoming_whisperkit.handler:WhisperKit internal time: 4 ms  wall: 987 ms
INFO:wyoming_whisperkit.handler:
DEBUG:wyoming_whisperkit.handler:Completed request
DEBUG:wyoming_whisperkit.handler:Sent info
DEBUG:wyoming_whisperkit.handler:Transcribe event
DEBUG:wyoming_whisperkit.handler:Receiving audio
DEBUG:wyoming_whisperkit.handler:VAD armed (608 ms speech)
INFO:wyoming_whisperkit.handler:VAD early trigger — 3.6 s audio collected (speech=2272 ms, silence=704 ms)
DEBUG:wyoming_whisperkit.handler:Transcribing 3.6 s of audio via WhisperKit (trigger=vad)
DEBUG:wyoming_whisperkit.handler:WhisperKit internal time: 407 ms  wall: 2169 ms
INFO:wyoming_whisperkit.handler:play killing an Arab via the cure
DEBUG:wyoming_whisperkit.handler:Completed request
DEBUG:wyoming_whisperkit.handler:Receiving audio
DEBUG:wyoming_whisperkit.handler:VAD armed (608 ms speech)
INFO:wyoming_whisperkit.handler:VAD early trigger — 4.9 s audio collected (speech=2944 ms, silence=704 ms)
DEBUG:wyoming_whisperkit.handler:Transcribing 4.9 s of audio via WhisperKit (trigger=vad)
DEBUG:wyoming_whisperkit.handler:WhisperKit internal time: 497 ms  wall: 1736 ms
INFO:wyoming_whisperkit.handler:She listens to men, it's true. You have to stop talking.
DEBUG:wyoming_whisperkit.handler:Completed request
DEBUG:wyoming_whisperkit.handler:Receiving audio
DEBUG:wyoming_whisperkit.handler:AudioStop received (vad_triggered=False)
DEBUG:wyoming_whisperkit.handler:Transcribing 0.7 s of audio via WhisperKit (trigger=audio_stop)
DEBUG:wyoming_whisperkit.handler:WhisperKit internal time: 4 ms  wall: 800 ms
INFO:wyoming_whisperkit.handler:
DEBUG:wyoming_whisperkit.handler:Completed request
DEBUG:wyoming_whisperkit.handler:Sent info
DEBUG:wyoming_whisperkit.handler:Transcribe event
DEBUG:wyoming_whisperkit.handler:Receiving audio
DEBUG:wyoming_whisperkit.handler:VAD armed (608 ms speech)
INFO:wyoming_whisperkit.handler:VAD early trigger — 3.8 s audio collected (speech=1664 ms, silence=704 ms)
DEBUG:wyoming_whisperkit.handler:Transcribing 3.8 s of audio via WhisperKit (trigger=vad)
DEBUG:wyoming_whisperkit.handler:WhisperKit internal time: 439 ms  wall: 1963 ms
INFO:wyoming_whisperkit.handler:Play the cure, killing an arrow.
DEBUG:wyoming_whisperkit.handler:Completed request
DEBUG:wyoming_whisperkit.handler:Receiving audio
DEBUG:wyoming_whisperkit.handler:AudioStop received (vad_triggered=False)
DEBUG:wyoming_whisperkit.handler:Transcribing 1.9 s of audio via WhisperKit (trigger=audio_stop)
DEBUG:wyoming_whisperkit.handler:WhisperKit internal time: 297 ms  wall: 1260 ms
INFO:wyoming_whisperkit.handler:(audience laughing)
DEBUG:wyoming_whisperkit.handler:Completed request
DEBUG:wyoming_whisperkit.handler:Sent info
DEBUG:wyoming_whisperkit.handler:Transcribe event
DEBUG:wyoming_whisperkit.handler:Receiving audio
DEBUG:wyoming_whisperkit.handler:VAD armed (608 ms speech)
INFO:wyoming_whisperkit.handler:VAD early trigger — 9.2 s audio collected (speech=6912 ms, silence=704 ms)
DEBUG:wyoming_whisperkit.handler:Transcribing 9.2 s of audio via WhisperKit (trigger=vad)
DEBUG:wyoming_whisperkit.handler:WhisperKit internal time: 985 ms  wall: 2678 ms
INFO:wyoming_whisperkit.handler:Okay listen to me. No, Boomer. This is good. I like this one. You'll like it too. The Boomer doesn't like transition. Okay, Boomer.
DEBUG:wyoming_whisperkit.handler:Completed request
DEBUG:wyoming_whisperkit.handler:Receiving audio
DEBUG:wyoming_whisperkit.handler:AudioStop received (vad_triggered=False)
DEBUG:wyoming_whisperkit.handler:Transcribing 1.1 s of audio via WhisperKit (trigger=audio_stop)
DEBUG:wyoming_whisperkit.handler:WhisperKit internal time: 275 ms  wall: 1387 ms
INFO:wyoming_whisperkit.handler:(laughs)
DEBUG:wyoming_whisperkit.handler:Completed request
DEBUG:wyoming_whisperkit.handler:Transcribe event
DEBUG:wyoming_whisperkit.handler:Receiving audio
DEBUG:wyoming_whisperkit.handler:VAD armed (608 ms speech)
DEBUG:wyoming_whisperkit.handler:VAD disarmed — speech exceeded cap
DEBUG:wyoming_whisperkit.handler:Receiving audio
DEBUG:wyoming_whisperkit.handler:VAD armed (608 ms speech)
DEBUG:wyoming_whisperkit.handler:AudioStop received (vad_triggered=False)
DEBUG:wyoming_whisperkit.handler:Transcribing 2.9 s of audio via WhisperKit (trigger=audio_stop)
DEBUG:wyoming_whisperkit.handler:WhisperKit internal time: 498 ms  wall: 2333 ms
INFO:wyoming_whisperkit.handler:But I feel that way about top head.
DEBUG:wyoming_whisperkit.handler:Completed request
DEBUG:wyoming_whisperkit.handler:Transcribe event
DEBUG:wyoming_whisperkit.handler:Receiving audio
DEBUG:wyoming_whisperkit.handler:AudioStop received (vad_triggered=False)
DEBUG:wyoming_whisperkit.handler:Transcribing 2.4 s of audio via WhisperKit (trigger=audio_stop)
DEBUG:wyoming_whisperkit.handler:WhisperKit internal time: 345 ms  wall: 2241 ms
INFO:wyoming_whisperkit.handler:Good night.
DEBUG:wyoming_whisperkit.handler:Completed request
DEBUG:wyoming_whisperkit.handler:Transcribe event
DEBUG:wyoming_whisperkit.handler:Receiving audio
DEBUG:wyoming_whisperkit.handler:VAD armed (608 ms speech)
INFO:wyoming_whisperkit.handler:VAD early trigger — 2.1 s audio collected (speech=896 ms, silence=704 ms)
DEBUG:wyoming_whisperkit.handler:Transcribing 2.1 s of audio via WhisperKit (trigger=vad)
DEBUG:wyoming_whisperkit.handler:WhisperKit internal time: 493 ms  wall: 2213 ms
INFO:wyoming_whisperkit.handler:Turn on the speaker.
DEBUG:wyoming_whisperkit.handler:Completed request
DEBUG:wyoming_whisperkit.handler:Receiving audio
DEBUG:wyoming_whisperkit.handler:AudioStop received (vad_triggered=False)
DEBUG:wyoming_whisperkit.handler:Transcribing 1.1 s of audio via WhisperKit (trigger=audio_stop)
DEBUG:wyoming_whisperkit.handler:WhisperKit internal time: 355 ms  wall: 2159 ms
INFO:wyoming_whisperkit.handler:[BLANK_AUDIO]
DEBUG:wyoming_whisperkit.handler:Completed request
DEBUG:wyoming_whisperkit.handler:Transcribe event
DEBUG:wyoming_whisperkit.handler:Receiving audio
DEBUG:wyoming_whisperkit.handler:VAD armed (608 ms speech)
INFO:wyoming_whisperkit.handler:VAD early trigger — 2.7 s audio collected (speech=1280 ms, silence=704 ms)
DEBUG:wyoming_whisperkit.handler:Transcribing 2.7 s of audio via WhisperKit (trigger=vad)
DEBUG:wyoming_whisperkit.handler:WhisperKit internal time: 334 ms  wall: 1596 ms
INFO:wyoming_whisperkit.handler:Play Bell and Sebastian.
DEBUG:wyoming_whisperkit.handler:Completed request
DEBUG:wyoming_whisperkit.handler:Receiving audio
DEBUG:wyoming_whisperkit.handler:AudioStop received (vad_triggered=False)
DEBUG:wyoming_whisperkit.handler:Transcribing 0.9 s of audio via WhisperKit (trigger=audio_stop)
DEBUG:wyoming_whisperkit.handler:WhisperKit internal time: 4 ms  wall: 1170 ms
INFO:wyoming_whisperkit.handler:
DEBUG:wyoming_whisperkit.handler:Completed request
DEBUG:wyoming_whisperkit.handler:Transcribe event
DEBUG:wyoming_whisperkit.handler:Receiving audio
DEBUG:wyoming_whisperkit.handler:VAD armed (608 ms speech)
INFO:wyoming_whisperkit.handler:VAD early trigger — 3.2 s audio collected (speech=1376 ms, silence=704 ms)
DEBUG:wyoming_whisperkit.handler:Transcribing 3.2 s of audio via WhisperKit (trigger=vad)
DEBUG:wyoming_whisperkit.handler:WhisperKit internal time: 405 ms  wall: 2301 ms
INFO:wyoming_whisperkit.handler:Play WBGO.
DEBUG:wyoming_whisperkit.handler:Completed request
DEBUG:wyoming_whisperkit.handler:Receiving audio
DEBUG:wyoming_whisperkit.handler:AudioStop received (vad_triggered=False)
DEBUG:wyoming_whisperkit.handler:Transcribing 0.6 s of audio via WhisperKit (trigger=audio_stop)
DEBUG:wyoming_whisperkit.handler:WhisperKit internal time: 42 ms  wall: 1475 ms
INFO:wyoming_whisperkit.handler:
DEBUG:wyoming_whisperkit.handler:Completed request
DEBUG:wyoming_whisperkit.handler:Transcribe event
DEBUG:wyoming_whisperkit.handler:Receiving audio
DEBUG:wyoming_whisperkit.handler:VAD armed (608 ms speech)
INFO:wyoming_whisperkit.handler:VAD early trigger — 2.6 s audio collected (speech=1408 ms, silence=704 ms)
DEBUG:wyoming_whisperkit.handler:Transcribing 2.6 s of audio via WhisperKit (trigger=vad)
DEBUG:wyoming_whisperkit.handler:WhisperKit internal time: 297 ms  wall: 1735 ms
INFO:wyoming_whisperkit.handler:Play WBGO
DEBUG:wyoming_whisperkit.handler:Completed request
DEBUG:wyoming_whisperkit.handler:Receiving audio
DEBUG:wyoming_whisperkit.handler:AudioStop received (vad_triggered=False)
DEBUG:wyoming_whisperkit.handler:Transcribing 1.0 s of audio via WhisperKit (trigger=audio_stop)
DEBUG:wyoming_whisperkit.handler:WhisperKit internal time: 289 ms  wall: 1691 ms
INFO:wyoming_whisperkit.handler:[BLANK_AUDIO]
DEBUG:wyoming_whisperkit.handler:Completed request
DEBUG:wyoming_whisperkit.handler:Transcribe event
DEBUG:wyoming_whisperkit.handler:Receiving audio
DEBUG:wyoming_whisperkit.handler:VAD armed (608 ms speech)
INFO:wyoming_whisperkit.handler:VAD early trigger — 2.5 s audio collected (speech=1248 ms, silence=704 ms)
DEBUG:wyoming_whisperkit.handler:Transcribing 2.5 s of audio via WhisperKit (trigger=vad)
DEBUG:wyoming_whisperkit.handler:WhisperKit internal time: 370 ms  wall: 2155 ms
INFO:wyoming_whisperkit.handler:Please WSMU
DEBUG:wyoming_whisperkit.handler:Completed request
DEBUG:wyoming_whisperkit.handler:Receiving audio
DEBUG:wyoming_whisperkit.handler:AudioStop received (vad_triggered=False)
DEBUG:wyoming_whisperkit.handler:Transcribing 1.1 s of audio via WhisperKit (trigger=audio_stop)
DEBUG:wyoming_whisperkit.handler:WhisperKit internal time: 283 ms  wall: 1177 ms
INFO:wyoming_whisperkit.handler:[water running]
DEBUG:wyoming_whisperkit.handler:Completed request
DEBUG:wyoming_whisperkit.handler:Transcribe event
DEBUG:wyoming_whisperkit.handler:Receiving audio
DEBUG:wyoming_whisperkit.handler:VAD armed (608 ms speech)
INFO:wyoming_whisperkit.handler:VAD early trigger — 2.4 s audio collected (speech=1216 ms, silence=704 ms)
DEBUG:wyoming_whisperkit.handler:Transcribing 2.4 s of audio via WhisperKit (trigger=vad)
DEBUG:wyoming_whisperkit.handler:WhisperKit internal time: 375 ms  wall: 2116 ms
INFO:wyoming_whisperkit.handler:Play WSMU
DEBUG:wyoming_whisperkit.handler:Completed request
DEBUG:wyoming_whisperkit.handler:Receiving audio
DEBUG:wyoming_whisperkit.handler:AudioStop received (vad_triggered=False)
DEBUG:wyoming_whisperkit.handler:Transcribing 1.1 s of audio via WhisperKit (trigger=audio_stop)
DEBUG:wyoming_whisperkit.handler:WhisperKit internal time: 320 ms  wall: 1464 ms
INFO:wyoming_whisperkit.handler:[water running]
DEBUG:wyoming_whisperkit.handler:Completed request
DEBUG:wyoming_whisperkit.handler:Transcribe event
DEBUG:wyoming_whisperkit.handler:Receiving audio
DEBUG:wyoming_whisperkit.handler:VAD armed (608 ms speech)
INFO:wyoming_whisperkit.handler:VAD early trigger — 2.5 s audio collected (speech=1280 ms, silence=704 ms)
DEBUG:wyoming_whisperkit.handler:Transcribing 2.5 s of audio via WhisperKit (trigger=vad)
DEBUG:wyoming_whisperkit.handler:WhisperKit internal time: 439 ms  wall: 2230 ms
INFO:wyoming_whisperkit.handler:Play WFMU
DEBUG:wyoming_whisperkit.handler:Completed request
DEBUG:wyoming_whisperkit.handler:Receiving audio
DEBUG:wyoming_whisperkit.handler:AudioStop received (vad_triggered=False)
DEBUG:wyoming_whisperkit.handler:Transcribing 1.1 s of audio via WhisperKit (trigger=audio_stop)
DEBUG:wyoming_whisperkit.handler:WhisperKit internal time: 301 ms  wall: 1318 ms
INFO:wyoming_whisperkit.handler:[BLANK_AUDIO]
DEBUG:wyoming_whisperkit.handler:Completed request
DEBUG:wyoming_whisperkit.handler:Transcribe event
DEBUG:wyoming_whisperkit.handler:Receiving audio
DEBUG:wyoming_whisperkit.handler:VAD armed (608 ms speech)
DEBUG:wyoming_whisperkit.handler:AudioStop received (vad_triggered=False)
DEBUG:wyoming_whisperkit.handler:Transcribing 3.2 s of audio via WhisperKit (trigger=audio_stop)
DEBUG:wyoming_whisperkit.handler:WhisperKit internal time: 584 ms  wall: 2775 ms
INFO:wyoming_whisperkit.handler:[BEEP] Play K.E.
DEBUG:wyoming_whisperkit.handler:Completed request
DEBUG:wyoming_whisperkit.handler:Transcribe event
DEBUG:wyoming_whisperkit.handler:Receiving audio
DEBUG:wyoming_whisperkit.handler:AudioStop received (vad_triggered=False)
DEBUG:wyoming_whisperkit.handler:Transcribing 2.4 s of audio via WhisperKit (trigger=audio_stop)
DEBUG:wyoming_whisperkit.handler:WhisperKit internal time: 367 ms  wall: 3134 ms
INFO:wyoming_whisperkit.handler:Goodnight.
DEBUG:wyoming_whisperkit.handler:Completed request
DEBUG:wyoming_whisperkit.handler:Transcribe event
DEBUG:wyoming_whisperkit.handler:Receiving audio
DEBUG:wyoming_whisperkit.handler:VAD armed (608 ms speech)
INFO:wyoming_whisperkit.handler:VAD early trigger — 2.8 s audio collected (speech=1088 ms, silence=704 ms)
DEBUG:wyoming_whisperkit.handler:Transcribing 2.8 s of audio via WhisperKit (trigger=vad)
DEBUG:wyoming_whisperkit.handler:WhisperKit internal time: 365 ms  wall: 1969 ms
INFO:wyoming_whisperkit.handler:Turn the speaker on.
DEBUG:wyoming_whisperkit.handler:Completed request
DEBUG:wyoming_whisperkit.handler:Receiving audio
DEBUG:wyoming_whisperkit.handler:AudioStop received (vad_triggered=False)
DEBUG:wyoming_whisperkit.handler:Transcribing 0.8 s of audio via WhisperKit (trigger=audio_stop)
DEBUG:wyoming_whisperkit.handler:WhisperKit internal time: 4 ms  wall: 1025 ms
INFO:wyoming_whisperkit.handler:
DEBUG:wyoming_whisperkit.handler:Completed request
DEBUG:wyoming_whisperkit.handler:Transcribe event
DEBUG:wyoming_whisperkit.handler:Receiving audio
DEBUG:wyoming_whisperkit.handler:VAD armed (608 ms speech)
INFO:wyoming_whisperkit.handler:VAD early trigger — 1.8 s audio collected (speech=992 ms, silence=704 ms)
DEBUG:wyoming_whisperkit.handler:Transcribing 1.8 s of audio via WhisperKit (trigger=vad)
DEBUG:wyoming_whisperkit.handler:WhisperKit internal time: 302 ms  wall: 1708 ms
INFO:wyoming_whisperkit.handler:you NYC.
DEBUG:wyoming_whisperkit.handler:Completed request
DEBUG:wyoming_whisperkit.handler:Receiving audio
DEBUG:wyoming_whisperkit.handler:AudioStop received (vad_triggered=False)
DEBUG:wyoming_whisperkit.handler:Transcribing 1.1 s of audio via WhisperKit (trigger=audio_stop)
DEBUG:wyoming_whisperkit.handler:WhisperKit internal time: 260 ms  wall: 1307 ms
INFO:wyoming_whisperkit.handler:Thank you.
DEBUG:wyoming_whisperkit.handler:Completed request
DEBUG:wyoming_whisperkit.handler:Transcribe event
DEBUG:wyoming_whisperkit.handler:Receiving audio
DEBUG:wyoming_whisperkit.handler:VAD armed (608 ms speech)
INFO:wyoming_whisperkit.handler:VAD early trigger — 2.1 s audio collected (speech=1408 ms, silence=704 ms)
DEBUG:wyoming_whisperkit.handler:Transcribing 2.1 s of audio via WhisperKit (trigger=vad)
DEBUG:wyoming_whisperkit.handler:WhisperKit internal time: 311 ms  wall: 1626 ms
INFO:wyoming_whisperkit.handler:IWNYC.
DEBUG:wyoming_whisperkit.handler:Completed request
DEBUG:wyoming_whisperkit.handler:Receiving audio
DEBUG:wyoming_whisperkit.handler:AudioStop received (vad_triggered=False)
DEBUG:wyoming_whisperkit.handler:Transcribing 1.5 s of audio via WhisperKit (trigger=audio_stop)
DEBUG:wyoming_whisperkit.handler:WhisperKit internal time: 282 ms  wall: 1053 ms
INFO:wyoming_whisperkit.handler:[waves crashing]
DEBUG:wyoming_whisperkit.handler:Completed request
DEBUG:wyoming_whisperkit.handler:Transcribe event
DEBUG:wyoming_whisperkit.handler:Receiving audio
DEBUG:wyoming_whisperkit.handler:VAD armed (608 ms speech)
INFO:wyoming_whisperkit.handler:VAD early trigger — 4.3 s audio collected (speech=2336 ms, silence=704 ms)
DEBUG:wyoming_whisperkit.handler:Transcribing 4.3 s of audio via WhisperKit (trigger=vad)
DEBUG:wyoming_whisperkit.handler:WhisperKit internal time: 312 ms  wall: 1656 ms
INFO:wyoming_whisperkit.handler:Play WNYC.
DEBUG:wyoming_whisperkit.handler:Completed request
DEBUG:wyoming_whisperkit.handler:Receiving audio
DEBUG:wyoming_whisperkit.handler:AudioStop received (vad_triggered=False)
DEBUG:wyoming_whisperkit.handler:Transcribing 1.0 s of audio via WhisperKit (trigger=audio_stop)
DEBUG:wyoming_whisperkit.handler:WhisperKit internal time: 302 ms  wall: 1242 ms
INFO:wyoming_whisperkit.handler:(clicking)
DEBUG:wyoming_whisperkit.handler:Completed request
DEBUG:wyoming_whisperkit.handler:Transcribe event
DEBUG:wyoming_whisperkit.handler:Receiving audio
DEBUG:wyoming_whisperkit.handler:VAD armed (608 ms speech)
INFO:wyoming_whisperkit.handler:VAD early trigger — 2.4 s audio collected (speech=1088 ms, silence=704 ms)
DEBUG:wyoming_whisperkit.handler:Transcribing 2.4 s of audio via WhisperKit (trigger=vad)
DEBUG:wyoming_whisperkit.handler:WhisperKit internal time: 403 ms  wall: 2149 ms
INFO:wyoming_whisperkit.handler:Play WSMU.
DEBUG:wyoming_whisperkit.handler:Completed request
DEBUG:wyoming_whisperkit.handler:Receiving audio
DEBUG:wyoming_whisperkit.handler:AudioStop received (vad_triggered=False)
DEBUG:wyoming_whisperkit.handler:Transcribing 1.1 s of audio via WhisperKit (trigger=audio_stop)
DEBUG:wyoming_whisperkit.handler:WhisperKit internal time: 286 ms  wall: 1404 ms
INFO:wyoming_whisperkit.handler:[BLANK_AUDIO]
DEBUG:wyoming_whisperkit.handler:Completed request
DEBUG:wyoming_whisperkit.handler:Transcribe event
DEBUG:wyoming_whisperkit.handler:Receiving audio
DEBUG:wyoming_whisperkit.handler:VAD armed (608 ms speech)
INFO:wyoming_whisperkit.handler:VAD early trigger — 2.7 s audio collected (speech=1216 ms, silence=704 ms)
DEBUG:wyoming_whisperkit.handler:Transcribing 2.7 s of audio via WhisperKit (trigger=vad)
DEBUG:wyoming_whisperkit.handler:WhisperKit internal time: 365 ms  wall: 1710 ms
INFO:wyoming_whisperkit.handler:Play KEXP.
DEBUG:wyoming_whisperkit.handler:Completed request
DEBUG:wyoming_whisperkit.handler:Receiving audio
DEBUG:wyoming_whisperkit.handler:AudioStop received (vad_triggered=False)
DEBUG:wyoming_whisperkit.handler:Transcribing 1.1 s of audio via WhisperKit (trigger=audio_stop)
DEBUG:wyoming_whisperkit.handler:WhisperKit internal time: 293 ms  wall: 1556 ms
INFO:wyoming_whisperkit.handler:[BLANK_AUDIO]
DEBUG:wyoming_whisperkit.handler:Completed request
DEBUG:wyoming_whisperkit.handler:Transcribe event
DEBUG:wyoming_whisperkit.handler:Receiving audio
DEBUG:wyoming_whisperkit.handler:AudioStop received (vad_triggered=False)
DEBUG:wyoming_whisperkit.handler:Transcribing 2.7 s of audio via WhisperKit (trigger=audio_stop)
DEBUG:wyoming_whisperkit.handler:WhisperKit internal time: 400 ms  wall: 2176 ms
INFO:wyoming_whisperkit.handler:Stop.
DEBUG:wyoming_whisperkit.handler:Completed request
DEBUG:__main__:Namespace(bridge='/Users/media/containers/home-automation/mac-whisper-speedtest/tools/whisperkit-bridge/.build/release/whisperkit-bridge', model='small', uri='tcp://0.0.0.0:7892', debug=True, log_format='%(levelname)s:%(name)s:%(message)s', vad=True)
INFO:__main__:Using whisperkit-bridge: /Users/media/containers/home-automation/mac-whisper-speedtest/tools/whisperkit-bridge/.build/release/whisperkit-bridge
INFO:__main__:Warming up WhisperKit model (small) — first run loads CoreML graphs…
INFO:__main__:WhisperKit warm ✓
INFO:__main__:Loading Silero-VAD (ONNX backend)…
DEBUG:torio._extension.utils:Loading FFmpeg6
DEBUG:torio._extension.utils:Failed to load FFmpeg6 extension.
Traceback (most recent call last):
  File "/Users/media/containers/home-automation/wyoming-whisperkit/.venv/lib/python3.9/site-packages/torio/_extension/utils.py", line 116, in _find_ffmpeg_extension
    ext = _find_versionsed_ffmpeg_extension(ffmpeg_ver)
  File "/Users/media/containers/home-automation/wyoming-whisperkit/.venv/lib/python3.9/site-packages/torio/_extension/utils.py", line 108, in _find_versionsed_ffmpeg_extension
    _load_lib(lib)
  File "/Users/media/containers/home-automation/wyoming-whisperkit/.venv/lib/python3.9/site-packages/torio/_extension/utils.py", line 94, in _load_lib
    torch.ops.load_library(path)
  File "/Users/media/containers/home-automation/wyoming-whisperkit/.venv/lib/python3.9/site-packages/torch/_ops.py", line 1478, in load_library
    ctypes.CDLL(path)
  File "/Library/Developer/CommandLineTools/Library/Frameworks/Python3.framework/Versions/3.9/lib/python3.9/ctypes/__init__.py", line 366, in __init__
    self._handle = _dlopen(self._name, mode)
OSError: dlopen(/Users/media/containers/home-automation/wyoming-whisperkit/.venv/lib/python3.9/site-packages/torio/lib/libtorio_ffmpeg6.so, 0x0006): Library not loaded: @rpath/libavutil.58.dylib
  Referenced from: <D0BF8BE2-7386-31C9-B6EE-5916A74CB5FE> /Users/media/containers/home-automation/wyoming-whisperkit/.venv/lib/python3.9/site-packages/torio/lib/libtorio_ffmpeg6.so
  Reason: no LC_RPATH's found
DEBUG:torio._extension.utils:Loading FFmpeg5
DEBUG:torio._extension.utils:Failed to load FFmpeg5 extension.
Traceback (most recent call last):
  File "/Users/media/containers/home-automation/wyoming-whisperkit/.venv/lib/python3.9/site-packages/torio/_extension/utils.py", line 116, in _find_ffmpeg_extension
    ext = _find_versionsed_ffmpeg_extension(ffmpeg_ver)
  File "/Users/media/containers/home-automation/wyoming-whisperkit/.venv/lib/python3.9/site-packages/torio/_extension/utils.py", line 108, in _find_versionsed_ffmpeg_extension
    _load_lib(lib)
  File "/Users/media/containers/home-automation/wyoming-whisperkit/.venv/lib/python3.9/site-packages/torio/_extension/utils.py", line 94, in _load_lib
    torch.ops.load_library(path)
  File "/Users/media/containers/home-automation/wyoming-whisperkit/.venv/lib/python3.9/site-packages/torch/_ops.py", line 1478, in load_library
    ctypes.CDLL(path)
  File "/Library/Developer/CommandLineTools/Library/Frameworks/Python3.framework/Versions/3.9/lib/python3.9/ctypes/__init__.py", line 366, in __init__
    self._handle = _dlopen(self._name, mode)
OSError: dlopen(/Users/media/containers/home-automation/wyoming-whisperkit/.venv/lib/python3.9/site-packages/torio/lib/libtorio_ffmpeg5.so, 0x0006): Library not loaded: @rpath/libavutil.57.dylib
  Referenced from: <E89DCAAE-7EC0-3ED8-B59D-1022058313DB> /Users/media/containers/home-automation/wyoming-whisperkit/.venv/lib/python3.9/site-packages/torio/lib/libtorio_ffmpeg5.so
  Reason: no LC_RPATH's found
DEBUG:torio._extension.utils:Loading FFmpeg4
DEBUG:torio._extension.utils:Failed to load FFmpeg4 extension.
Traceback (most recent call last):
  File "/Users/media/containers/home-automation/wyoming-whisperkit/.venv/lib/python3.9/site-packages/torio/_extension/utils.py", line 116, in _find_ffmpeg_extension
    ext = _find_versionsed_ffmpeg_extension(ffmpeg_ver)
  File "/Users/media/containers/home-automation/wyoming-whisperkit/.venv/lib/python3.9/site-packages/torio/_extension/utils.py", line 108, in _find_versionsed_ffmpeg_extension
    _load_lib(lib)
  File "/Users/media/containers/home-automation/wyoming-whisperkit/.venv/lib/python3.9/site-packages/torio/_extension/utils.py", line 94, in _load_lib
    torch.ops.load_library(path)
  File "/Users/media/containers/home-automation/wyoming-whisperkit/.venv/lib/python3.9/site-packages/torch/_ops.py", line 1478, in load_library
    ctypes.CDLL(path)
  File "/Library/Developer/CommandLineTools/Library/Frameworks/Python3.framework/Versions/3.9/lib/python3.9/ctypes/__init__.py", line 366, in __init__
    self._handle = _dlopen(self._name, mode)
OSError: dlopen(/Users/media/containers/home-automation/wyoming-whisperkit/.venv/lib/python3.9/site-packages/torio/lib/libtorio_ffmpeg4.so, 0x0006): Library not loaded: @rpath/libavutil.56.dylib
  Referenced from: <F144F519-5261-3419-86B8-D8167D854D9A> /Users/media/containers/home-automation/wyoming-whisperkit/.venv/lib/python3.9/site-packages/torio/lib/libtorio_ffmpeg4.so
  Reason: no LC_RPATH's found
DEBUG:torio._extension.utils:Loading FFmpeg
DEBUG:torio._extension.utils:Failed to load FFmpeg extension.
Traceback (most recent call last):
  File "/Users/media/containers/home-automation/wyoming-whisperkit/.venv/lib/python3.9/site-packages/torio/_extension/utils.py", line 116, in _find_ffmpeg_extension
    ext = _find_versionsed_ffmpeg_extension(ffmpeg_ver)
  File "/Users/media/containers/home-automation/wyoming-whisperkit/.venv/lib/python3.9/site-packages/torio/_extension/utils.py", line 106, in _find_versionsed_ffmpeg_extension
    raise RuntimeError(f"FFmpeg{version} extension is not available.")
RuntimeError: FFmpeg extension is not available.
INFO:__main__:Silero-VAD ready ✓
INFO:__main__:wyoming-whisperkit ready on tcp://0.0.0.0:7892
DEBUG:wyoming_whisperkit.handler:Sent info
DEBUG:wyoming_whisperkit.handler:Sent info
DEBUG:wyoming_whisperkit.handler:Sent info
DEBUG:wyoming_whisperkit.handler:Sent info
DEBUG:wyoming_whisperkit.handler:Transcribe event
DEBUG:wyoming_whisperkit.handler:Receiving audio
DEBUG:wyoming_whisperkit.handler:VAD armed (608 ms speech)
INFO:wyoming_whisperkit.handler:VAD early trigger — 3.0 s audio collected (speech=864 ms, silence=704 ms)
DEBUG:wyoming_whisperkit.handler:Transcribing 3.0 s of audio via WhisperKit (trigger=vad)
DEBUG:wyoming_whisperkit.handler:WhisperKit internal time: 1185 ms  wall: 3127 ms
INFO:wyoming_whisperkit.handler:Goodnight.
DEBUG:wyoming_whisperkit.handler:Completed request
DEBUG:wyoming_whisperkit.handler:Receiving audio
DEBUG:wyoming_whisperkit.handler:AudioStop received (vad_triggered=False)
DEBUG:wyoming_whisperkit.handler:Transcribing 0.4 s of audio via WhisperKit (trigger=audio_stop)
DEBUG:wyoming_whisperkit.handler:WhisperKit internal time: 4 ms  wall: 938 ms
INFO:wyoming_whisperkit.handler:
DEBUG:wyoming_whisperkit.handler:Completed request
DEBUG:wyoming_whisperkit.handler:Transcribe event
DEBUG:wyoming_whisperkit.handler:Receiving audio
DEBUG:wyoming_whisperkit.handler:VAD armed (608 ms speech)
INFO:wyoming_whisperkit.handler:VAD early trigger — 2.3 s audio collected (speech=896 ms, silence=704 ms)
DEBUG:wyoming_whisperkit.handler:Transcribing 2.3 s of audio via WhisperKit (trigger=vad)
DEBUG:wyoming_whisperkit.handler:WhisperKit internal time: 355 ms  wall: 1957 ms
INFO:wyoming_whisperkit.handler:Turn the speaker on.
DEBUG:wyoming_whisperkit.handler:Completed request
DEBUG:wyoming_whisperkit.handler:Receiving audio
DEBUG:wyoming_whisperkit.handler:AudioStop received (vad_triggered=False)
DEBUG:wyoming_whisperkit.handler:Transcribing 0.9 s of audio via WhisperKit (trigger=audio_stop)
DEBUG:wyoming_whisperkit.handler:WhisperKit internal time: 5 ms  wall: 1062 ms
INFO:wyoming_whisperkit.handler:
DEBUG:wyoming_whisperkit.handler:Completed request
DEBUG:wyoming_whisperkit.handler:Transcribe event
DEBUG:wyoming_whisperkit.handler:Receiving audio
DEBUG:wyoming_whisperkit.handler:VAD armed (608 ms speech)
INFO:wyoming_whisperkit.handler:VAD early trigger — 1.7 s audio collected (speech=928 ms, silence=704 ms)
DEBUG:wyoming_whisperkit.handler:Transcribing 1.7 s of audio via WhisperKit (trigger=vad)
DEBUG:wyoming_whisperkit.handler:WhisperKit internal time: 292 ms  wall: 1575 ms
INFO:wyoming_whisperkit.handler:you when I see you
DEBUG:wyoming_whisperkit.handler:Completed request
DEBUG:wyoming_whisperkit.handler:Receiving audio
DEBUG:wyoming_whisperkit.handler:AudioStop received (vad_triggered=False)
DEBUG:wyoming_whisperkit.handler:Transcribing 1.2 s of audio via WhisperKit (trigger=audio_stop)
DEBUG:wyoming_whisperkit.handler:WhisperKit internal time: 295 ms  wall: 1519 ms
INFO:wyoming_whisperkit.handler:[water splashing]
DEBUG:wyoming_whisperkit.handler:Completed request
DEBUG:wyoming_whisperkit.handler:Transcribe event
DEBUG:wyoming_whisperkit.handler:Receiving audio
DEBUG:wyoming_whisperkit.handler:VAD armed (608 ms speech)
INFO:wyoming_whisperkit.handler:VAD early trigger — 2.9 s audio collected (speech=1632 ms, silence=704 ms)
DEBUG:wyoming_whisperkit.handler:Transcribing 2.9 s of audio via WhisperKit (trigger=vad)
DEBUG:wyoming_whisperkit.handler:WhisperKit internal time: 381 ms  wall: 1764 ms
INFO:wyoming_whisperkit.handler:Play WNYC.
DEBUG:wyoming_whisperkit.handler:Completed request
DEBUG:wyoming_whisperkit.handler:Receiving audio
DEBUG:wyoming_whisperkit.handler:AudioStop received (vad_triggered=False)
DEBUG:wyoming_whisperkit.handler:Transcribing 1.0 s of audio via WhisperKit (trigger=audio_stop)
DEBUG:wyoming_whisperkit.handler:WhisperKit internal time: 4 ms  wall: 868 ms
INFO:wyoming_whisperkit.handler:
DEBUG:wyoming_whisperkit.handler:Completed request
DEBUG:wyoming_whisperkit.handler:Sent info
DEBUG:wyoming_whisperkit.handler:Sent info
DEBUG:wyoming_whisperkit.handler:Transcribe event
DEBUG:wyoming_whisperkit.handler:Receiving audio
DEBUG:wyoming_whisperkit.handler:VAD armed (608 ms speech)
INFO:wyoming_whisperkit.handler:VAD early trigger — 2.4 s audio collected (speech=1248 ms, silence=704 ms)
DEBUG:wyoming_whisperkit.handler:Transcribing 2.4 s of audio via WhisperKit (trigger=vad)
DEBUG:wyoming_whisperkit.handler:WhisperKit internal time: 341 ms  wall: 2152 ms
INFO:wyoming_whisperkit.handler:I WBGO
DEBUG:wyoming_whisperkit.handler:Completed request
DEBUG:wyoming_whisperkit.handler:Receiving audio
DEBUG:wyoming_whisperkit.handler:AudioStop received (vad_triggered=False)
DEBUG:wyoming_whisperkit.handler:Transcribing 1.3 s of audio via WhisperKit (trigger=audio_stop)
DEBUG:wyoming_whisperkit.handler:WhisperKit internal time: 259 ms  wall: 1061 ms
INFO:wyoming_whisperkit.handler:[water splashing]
DEBUG:wyoming_whisperkit.handler:Completed request
DEBUG:wyoming_whisperkit.handler:Transcribe event
DEBUG:wyoming_whisperkit.handler:Receiving audio
DEBUG:wyoming_whisperkit.handler:VAD armed (608 ms speech)
INFO:wyoming_whisperkit.handler:VAD early trigger — 3.2 s audio collected (speech=2144 ms, silence=704 ms)
DEBUG:wyoming_whisperkit.handler:Transcribing 3.2 s of audio via WhisperKit (trigger=vad)
DEBUG:wyoming_whisperkit.handler:WhisperKit internal time: 326 ms  wall: 1361 ms
INFO:wyoming_whisperkit.handler:Play WBGO Jazz
DEBUG:wyoming_whisperkit.handler:Completed request
DEBUG:wyoming_whisperkit.handler:Receiving audio
DEBUG:wyoming_whisperkit.handler:AudioStop received (vad_triggered=False)
DEBUG:wyoming_whisperkit.handler:Transcribing 1.1 s of audio via WhisperKit (trigger=audio_stop)
DEBUG:wyoming_whisperkit.handler:WhisperKit internal time: 290 ms  wall: 1282 ms
INFO:wyoming_whisperkit.handler:[BLANK_AUDIO]
DEBUG:wyoming_whisperkit.handler:Completed request
DEBUG:wyoming_whisperkit.handler:Transcribe event
DEBUG:wyoming_whisperkit.handler:Receiving audio
DEBUG:wyoming_whisperkit.handler:VAD armed (608 ms speech)
INFO:wyoming_whisperkit.handler:VAD early trigger — 3.7 s audio collected (speech=1728 ms, silence=704 ms)
DEBUG:wyoming_whisperkit.handler:Transcribing 3.7 s of audio via WhisperKit (trigger=vad)
DEBUG:wyoming_whisperkit.handler:WhisperKit internal time: 309 ms  wall: 1464 ms
INFO:wyoming_whisperkit.handler:Plague KEXP
DEBUG:wyoming_whisperkit.handler:Completed request
DEBUG:wyoming_whisperkit.handler:Receiving audio
DEBUG:wyoming_whisperkit.handler:AudioStop received (vad_triggered=False)
DEBUG:wyoming_whisperkit.handler:Transcribing 0.6 s of audio via WhisperKit (trigger=audio_stop)
DEBUG:wyoming_whisperkit.handler:WhisperKit internal time: 4 ms  wall: 925 ms
INFO:wyoming_whisperkit.handler:
DEBUG:wyoming_whisperkit.handler:Completed request
DEBUG:wyoming_whisperkit.handler:Transcribe event
DEBUG:wyoming_whisperkit.handler:Receiving audio
DEBUG:wyoming_whisperkit.handler:VAD armed (608 ms speech)
INFO:wyoming_whisperkit.handler:VAD early trigger — 3.1 s audio collected (speech=1888 ms, silence=704 ms)
DEBUG:wyoming_whisperkit.handler:Transcribing 3.1 s of audio via WhisperKit (trigger=vad)
DEBUG:wyoming_whisperkit.handler:WhisperKit internal time: 298 ms  wall: 1617 ms
INFO:wyoming_whisperkit.handler:Play WBGO Jazz
DEBUG:wyoming_whisperkit.handler:Completed request
DEBUG:wyoming_whisperkit.handler:Receiving audio
DEBUG:wyoming_whisperkit.handler:AudioStop received (vad_triggered=False)
DEBUG:wyoming_whisperkit.handler:Transcribing 0.9 s of audio via WhisperKit (trigger=audio_stop)
DEBUG:wyoming_whisperkit.handler:WhisperKit internal time: 4 ms  wall: 951 ms
INFO:wyoming_whisperkit.handler:
DEBUG:wyoming_whisperkit.handler:Completed request
DEBUG:wyoming_whisperkit.handler:Transcribe event
DEBUG:wyoming_whisperkit.handler:Receiving audio
DEBUG:wyoming_whisperkit.handler:VAD armed (608 ms speech)
INFO:wyoming_whisperkit.handler:VAD early trigger — 2.5 s audio collected (speech=1280 ms, silence=704 ms)
DEBUG:wyoming_whisperkit.handler:Transcribing 2.5 s of audio via WhisperKit (trigger=vad)
DEBUG:wyoming_whisperkit.handler:WhisperKit internal time: 368 ms  wall: 1894 ms
INFO:wyoming_whisperkit.handler:Play KEXP
DEBUG:wyoming_whisperkit.handler:Completed request
DEBUG:wyoming_whisperkit.handler:Receiving audio
DEBUG:wyoming_whisperkit.handler:AudioStop received (vad_triggered=False)
DEBUG:wyoming_whisperkit.handler:Transcribing 1.1 s of audio via WhisperKit (trigger=audio_stop)
DEBUG:wyoming_whisperkit.handler:WhisperKit internal time: 321 ms  wall: 1245 ms
INFO:wyoming_whisperkit.handler:[BLANK_AUDIO]
DEBUG:wyoming_whisperkit.handler:Completed request
DEBUG:wyoming_whisperkit.handler:Sent info
DEBUG:wyoming_whisperkit.handler:Transcribe event
DEBUG:wyoming_whisperkit.handler:Receiving audio
DEBUG:wyoming_whisperkit.handler:VAD armed (608 ms speech)
INFO:wyoming_whisperkit.handler:VAD early trigger — 2.4 s audio collected (speech=1312 ms, silence=704 ms)
DEBUG:wyoming_whisperkit.handler:Transcribing 2.4 s of audio via WhisperKit (trigger=vad)
DEBUG:wyoming_whisperkit.handler:WhisperKit internal time: 380 ms  wall: 1843 ms
INFO:wyoming_whisperkit.handler:Play WFMU
DEBUG:wyoming_whisperkit.handler:Completed request
DEBUG:wyoming_whisperkit.handler:Receiving audio
DEBUG:wyoming_whisperkit.handler:AudioStop received (vad_triggered=False)
DEBUG:wyoming_whisperkit.handler:Transcribing 1.1 s of audio via WhisperKit (trigger=audio_stop)
DEBUG:wyoming_whisperkit.handler:WhisperKit internal time: 295 ms  wall: 1100 ms
INFO:wyoming_whisperkit.handler:[water running]
DEBUG:wyoming_whisperkit.handler:Completed request
DEBUG:wyoming_whisperkit.handler:Transcribe event
DEBUG:wyoming_whisperkit.handler:Receiving audio
DEBUG:wyoming_whisperkit.handler:AudioStop received (vad_triggered=False)
DEBUG:wyoming_whisperkit.handler:Transcribing 2.6 s of audio via WhisperKit (trigger=audio_stop)
DEBUG:wyoming_whisperkit.handler:WhisperKit internal time: 326 ms  wall: 1752 ms
INFO:wyoming_whisperkit.handler:Stop.
DEBUG:wyoming_whisperkit.handler:Completed request
DEBUG:wyoming_whisperkit.handler:Transcribe event
DEBUG:wyoming_whisperkit.handler:Receiving audio
DEBUG:wyoming_whisperkit.handler:VAD armed (608 ms speech)
INFO:wyoming_whisperkit.handler:VAD early trigger — 3.8 s audio collected (speech=1344 ms, silence=704 ms)
DEBUG:wyoming_whisperkit.handler:Transcribing 3.8 s of audio via WhisperKit (trigger=vad)
DEBUG:wyoming_whisperkit.handler:WhisperKit internal time: 342 ms  wall: 1755 ms
INFO:wyoming_whisperkit.handler:Play KEXP
DEBUG:wyoming_whisperkit.handler:Completed request
DEBUG:wyoming_whisperkit.handler:Receiving audio
DEBUG:wyoming_whisperkit.handler:AudioStop received (vad_triggered=False)
DEBUG:wyoming_whisperkit.handler:Transcribing 1.1 s of audio via WhisperKit (trigger=audio_stop)
DEBUG:wyoming_whisperkit.handler:WhisperKit internal time: 364 ms  wall: 1521 ms
INFO:wyoming_whisperkit.handler:[water splashing]
DEBUG:wyoming_whisperkit.handler:Completed request
DEBUG:wyoming_whisperkit.handler:Transcribe event
DEBUG:wyoming_whisperkit.handler:Receiving audio
DEBUG:wyoming_whisperkit.handler:AudioStop received (vad_triggered=False)
DEBUG:wyoming_whisperkit.handler:Transcribing 2.7 s of audio via WhisperKit (trigger=audio_stop)
DEBUG:wyoming_whisperkit.handler:WhisperKit internal time: 278 ms  wall: 1723 ms
INFO:wyoming_whisperkit.handler:Stop.
DEBUG:wyoming_whisperkit.handler:Completed request
DEBUG:wyoming_whisperkit.handler:Sent info
DEBUG:wyoming_whisperkit.handler:Transcribe event
DEBUG:wyoming_whisperkit.handler:Receiving audio
DEBUG:wyoming_whisperkit.handler:VAD armed (608 ms speech)
INFO:wyoming_whisperkit.handler:VAD early trigger — 2.2 s audio collected (speech=896 ms, silence=704 ms)
DEBUG:wyoming_whisperkit.handler:Transcribing 2.2 s of audio via WhisperKit (trigger=vad)
DEBUG:wyoming_whisperkit.handler:WhisperKit internal time: 531 ms  wall: 2435 ms
INFO:wyoming_whisperkit.handler:Turn on the speaker.
DEBUG:wyoming_whisperkit.handler:Completed request
DEBUG:wyoming_whisperkit.handler:Receiving audio
DEBUG:wyoming_whisperkit.handler:AudioStop received (vad_triggered=False)
DEBUG:wyoming_whisperkit.handler:Transcribing 1.1 s of audio via WhisperKit (trigger=audio_stop)
DEBUG:wyoming_whisperkit.handler:WhisperKit internal time: 265 ms  wall: 1379 ms
INFO:wyoming_whisperkit.handler:[water splashing]
DEBUG:wyoming_whisperkit.handler:Completed request
DEBUG:wyoming_whisperkit.handler:Transcribe event
DEBUG:wyoming_whisperkit.handler:Receiving audio
DEBUG:wyoming_whisperkit.handler:VAD armed (608 ms speech)
INFO:wyoming_whisperkit.handler:VAD early trigger — 2.4 s audio collected (speech=1184 ms, silence=704 ms)
DEBUG:wyoming_whisperkit.handler:Transcribing 2.4 s of audio via WhisperKit (trigger=vad)
DEBUG:wyoming_whisperkit.handler:WhisperKit internal time: 308 ms  wall: 1413 ms
INFO:wyoming_whisperkit.handler:Play WNYC.
DEBUG:wyoming_whisperkit.handler:Completed request
DEBUG:wyoming_whisperkit.handler:Receiving audio
DEBUG:wyoming_whisperkit.handler:AudioStop received (vad_triggered=False)
DEBUG:wyoming_whisperkit.handler:Transcribing 1.1 s of audio via WhisperKit (trigger=audio_stop)
DEBUG:wyoming_whisperkit.handler:WhisperKit internal time: 283 ms  wall: 1390 ms
INFO:wyoming_whisperkit.handler:[water splashing]
DEBUG:wyoming_whisperkit.handler:Completed request
DEBUG:wyoming_whisperkit.handler:Transcribe event
DEBUG:wyoming_whisperkit.handler:Receiving audio
DEBUG:wyoming_whisperkit.handler:VAD armed (608 ms speech)
INFO:wyoming_whisperkit.handler:VAD early trigger — 2.9 s audio collected (speech=1280 ms, silence=704 ms)
DEBUG:wyoming_whisperkit.handler:Transcribing 2.9 s of audio via WhisperKit (trigger=vad)
DEBUG:wyoming_whisperkit.handler:WhisperKit internal time: 359 ms  wall: 2667 ms
INFO:wyoming_whisperkit.handler:Play WNYC
DEBUG:wyoming_whisperkit.handler:Completed request
DEBUG:wyoming_whisperkit.handler:Receiving audio
DEBUG:wyoming_whisperkit.handler:AudioStop received (vad_triggered=False)
DEBUG:wyoming_whisperkit.handler:Transcribing 1.1 s of audio via WhisperKit (trigger=audio_stop)
DEBUG:wyoming_whisperkit.handler:WhisperKit internal time: 275 ms  wall: 1585 ms
INFO:wyoming_whisperkit.handler:[water running]
DEBUG:wyoming_whisperkit.handler:Completed request
DEBUG:wyoming_whisperkit.handler:Sent info
DEBUG:wyoming_whisperkit.handler:Transcribe event
DEBUG:wyoming_whisperkit.handler:Receiving audio
DEBUG:wyoming_whisperkit.handler:VAD armed (608 ms speech)
INFO:wyoming_whisperkit.handler:VAD early trigger — 3.3 s audio collected (speech=1280 ms, silence=704 ms)
DEBUG:wyoming_whisperkit.handler:Transcribing 3.3 s of audio via WhisperKit (trigger=vad)
DEBUG:wyoming_whisperkit.handler:WhisperKit internal time: 395 ms  wall: 2076 ms
INFO:wyoming_whisperkit.handler:Play W.
DEBUG:wyoming_whisperkit.handler:Completed request
DEBUG:wyoming_whisperkit.handler:Receiving audio
DEBUG:wyoming_whisperkit.handler:VAD armed (608 ms speech)
INFO:wyoming_whisperkit.handler:VAD early trigger — 1.7 s audio collected (speech=896 ms, silence=704 ms)
DEBUG:wyoming_whisperkit.handler:Transcribing 1.7 s of audio via WhisperKit (trigger=vad)
DEBUG:wyoming_whisperkit.handler:WhisperKit internal time: 362 ms  wall: 1746 ms
INFO:wyoming_whisperkit.handler:Cubics are.
DEBUG:wyoming_whisperkit.handler:Completed request
DEBUG:wyoming_whisperkit.handler:Receiving audio
DEBUG:wyoming_whisperkit.handler:AudioStop received (vad_triggered=False)
DEBUG:wyoming_whisperkit.handler:Transcribing 1.5 s of audio via WhisperKit (trigger=audio_stop)
DEBUG:wyoming_whisperkit.handler:WhisperKit internal time: 350 ms  wall: 1231 ms
INFO:wyoming_whisperkit.handler:[BLANK_AUDIO]
DEBUG:wyoming_whisperkit.handler:Completed request
DEBUG:wyoming_whisperkit.handler:Transcribe event
DEBUG:wyoming_whisperkit.handler:Receiving audio
DEBUG:wyoming_whisperkit.handler:VAD armed (608 ms speech)
INFO:wyoming_whisperkit.handler:VAD early trigger — 3.5 s audio collected (speech=1696 ms, silence=704 ms)
DEBUG:wyoming_whisperkit.handler:Transcribing 3.5 s of audio via WhisperKit (trigger=vad)
DEBUG:wyoming_whisperkit.handler:WhisperKit internal time: 313 ms  wall: 1430 ms
INFO:wyoming_whisperkit.handler:Play WBGO.
DEBUG:wyoming_whisperkit.handler:Completed request
DEBUG:wyoming_whisperkit.handler:Receiving audio
DEBUG:wyoming_whisperkit.handler:AudioStop received (vad_triggered=False)
DEBUG:wyoming_whisperkit.handler:Transcribing 1.1 s of audio via WhisperKit (trigger=audio_stop)
DEBUG:wyoming_whisperkit.handler:WhisperKit internal time: 297 ms  wall: 1148 ms
INFO:wyoming_whisperkit.handler:[water splashing]
DEBUG:wyoming_whisperkit.handler:Completed request
DEBUG:wyoming_whisperkit.handler:Transcribe event
DEBUG:wyoming_whisperkit.handler:Receiving audio
DEBUG:wyoming_whisperkit.handler:VAD armed (608 ms speech)
INFO:wyoming_whisperkit.handler:VAD early trigger — 2.8 s audio collected (speech=1216 ms, silence=704 ms)
DEBUG:wyoming_whisperkit.handler:Transcribing 2.8 s of audio via WhisperKit (trigger=vad)
DEBUG:wyoming_whisperkit.handler:WhisperKit internal time: 383 ms  wall: 1789 ms
INFO:wyoming_whisperkit.handler:Play WBGO
DEBUG:wyoming_whisperkit.handler:Completed request
DEBUG:wyoming_whisperkit.handler:Receiving audio
DEBUG:wyoming_whisperkit.handler:AudioStop received (vad_triggered=False)
DEBUG:wyoming_whisperkit.handler:Transcribing 0.6 s of audio via WhisperKit (trigger=audio_stop)
DEBUG:wyoming_whisperkit.handler:WhisperKit internal time: 7 ms  wall: 1005 ms
INFO:wyoming_whisperkit.handler:
DEBUG:wyoming_whisperkit.handler:Completed request
DEBUG:__main__:Namespace(bridge='/Users/media/containers/home-automation/mac-whisper-speedtest/tools/whisperkit-bridge/.build/release/whisperkit-bridge', model='small', uri='tcp://0.0.0.0:7892', debug=True, log_format='%(levelname)s:%(name)s:%(message)s', vad=True)
INFO:__main__:Using whisperkit-bridge: /Users/media/containers/home-automation/mac-whisper-speedtest/tools/whisperkit-bridge/.build/release/whisperkit-bridge
INFO:__main__:Warming up WhisperKit model (small) — first run loads CoreML graphs…
INFO:__main__:WhisperKit warm ✓
INFO:__main__:Loading Silero-VAD (ONNX backend)…
DEBUG:torio._extension.utils:Loading FFmpeg6
DEBUG:torio._extension.utils:Failed to load FFmpeg6 extension.
Traceback (most recent call last):
  File "/Users/media/containers/home-automation/wyoming-whisperkit/.venv/lib/python3.9/site-packages/torio/_extension/utils.py", line 116, in _find_ffmpeg_extension
    ext = _find_versionsed_ffmpeg_extension(ffmpeg_ver)
  File "/Users/media/containers/home-automation/wyoming-whisperkit/.venv/lib/python3.9/site-packages/torio/_extension/utils.py", line 108, in _find_versionsed_ffmpeg_extension
    _load_lib(lib)
  File "/Users/media/containers/home-automation/wyoming-whisperkit/.venv/lib/python3.9/site-packages/torio/_extension/utils.py", line 94, in _load_lib
    torch.ops.load_library(path)
  File "/Users/media/containers/home-automation/wyoming-whisperkit/.venv/lib/python3.9/site-packages/torch/_ops.py", line 1478, in load_library
    ctypes.CDLL(path)
  File "/Library/Developer/CommandLineTools/Library/Frameworks/Python3.framework/Versions/3.9/lib/python3.9/ctypes/__init__.py", line 366, in __init__
    self._handle = _dlopen(self._name, mode)
OSError: dlopen(/Users/media/containers/home-automation/wyoming-whisperkit/.venv/lib/python3.9/site-packages/torio/lib/libtorio_ffmpeg6.so, 0x0006): Library not loaded: @rpath/libavutil.58.dylib
  Referenced from: <D0BF8BE2-7386-31C9-B6EE-5916A74CB5FE> /Users/media/containers/home-automation/wyoming-whisperkit/.venv/lib/python3.9/site-packages/torio/lib/libtorio_ffmpeg6.so
  Reason: no LC_RPATH's found
DEBUG:torio._extension.utils:Loading FFmpeg5
DEBUG:torio._extension.utils:Failed to load FFmpeg5 extension.
Traceback (most recent call last):
  File "/Users/media/containers/home-automation/wyoming-whisperkit/.venv/lib/python3.9/site-packages/torio/_extension/utils.py", line 116, in _find_ffmpeg_extension
    ext = _find_versionsed_ffmpeg_extension(ffmpeg_ver)
  File "/Users/media/containers/home-automation/wyoming-whisperkit/.venv/lib/python3.9/site-packages/torio/_extension/utils.py", line 108, in _find_versionsed_ffmpeg_extension
    _load_lib(lib)
  File "/Users/media/containers/home-automation/wyoming-whisperkit/.venv/lib/python3.9/site-packages/torio/_extension/utils.py", line 94, in _load_lib
    torch.ops.load_library(path)
  File "/Users/media/containers/home-automation/wyoming-whisperkit/.venv/lib/python3.9/site-packages/torch/_ops.py", line 1478, in load_library
    ctypes.CDLL(path)
  File "/Library/Developer/CommandLineTools/Library/Frameworks/Python3.framework/Versions/3.9/lib/python3.9/ctypes/__init__.py", line 366, in __init__
    self._handle = _dlopen(self._name, mode)
OSError: dlopen(/Users/media/containers/home-automation/wyoming-whisperkit/.venv/lib/python3.9/site-packages/torio/lib/libtorio_ffmpeg5.so, 0x0006): Library not loaded: @rpath/libavutil.57.dylib
  Referenced from: <E89DCAAE-7EC0-3ED8-B59D-1022058313DB> /Users/media/containers/home-automation/wyoming-whisperkit/.venv/lib/python3.9/site-packages/torio/lib/libtorio_ffmpeg5.so
  Reason: no LC_RPATH's found
DEBUG:torio._extension.utils:Loading FFmpeg4
DEBUG:torio._extension.utils:Failed to load FFmpeg4 extension.
Traceback (most recent call last):
  File "/Users/media/containers/home-automation/wyoming-whisperkit/.venv/lib/python3.9/site-packages/torio/_extension/utils.py", line 116, in _find_ffmpeg_extension
    ext = _find_versionsed_ffmpeg_extension(ffmpeg_ver)
  File "/Users/media/containers/home-automation/wyoming-whisperkit/.venv/lib/python3.9/site-packages/torio/_extension/utils.py", line 108, in _find_versionsed_ffmpeg_extension
    _load_lib(lib)
  File "/Users/media/containers/home-automation/wyoming-whisperkit/.venv/lib/python3.9/site-packages/torio/_extension/utils.py", line 94, in _load_lib
    torch.ops.load_library(path)
  File "/Users/media/containers/home-automation/wyoming-whisperkit/.venv/lib/python3.9/site-packages/torch/_ops.py", line 1478, in load_library
    ctypes.CDLL(path)
  File "/Library/Developer/CommandLineTools/Library/Frameworks/Python3.framework/Versions/3.9/lib/python3.9/ctypes/__init__.py", line 366, in __init__
    self._handle = _dlopen(self._name, mode)
OSError: dlopen(/Users/media/containers/home-automation/wyoming-whisperkit/.venv/lib/python3.9/site-packages/torio/lib/libtorio_ffmpeg4.so, 0x0006): Library not loaded: @rpath/libavutil.56.dylib
  Referenced from: <F144F519-5261-3419-86B8-D8167D854D9A> /Users/media/containers/home-automation/wyoming-whisperkit/.venv/lib/python3.9/site-packages/torio/lib/libtorio_ffmpeg4.so
  Reason: no LC_RPATH's found
DEBUG:torio._extension.utils:Loading FFmpeg
DEBUG:torio._extension.utils:Failed to load FFmpeg extension.
Traceback (most recent call last):
  File "/Users/media/containers/home-automation/wyoming-whisperkit/.venv/lib/python3.9/site-packages/torio/_extension/utils.py", line 116, in _find_ffmpeg_extension
    ext = _find_versionsed_ffmpeg_extension(ffmpeg_ver)
  File "/Users/media/containers/home-automation/wyoming-whisperkit/.venv/lib/python3.9/site-packages/torio/_extension/utils.py", line 106, in _find_versionsed_ffmpeg_extension
    raise RuntimeError(f"FFmpeg{version} extension is not available.")
RuntimeError: FFmpeg extension is not available.
INFO:__main__:Silero-VAD ready ✓
INFO:__main__:wyoming-whisperkit ready on tcp://0.0.0.0:7892
DEBUG:__main__:Namespace(bridge='/Users/media/containers/home-automation/mac-whisper-speedtest/tools/whisperkit-bridge/.build/release/whisperkit-bridge', model='small', uri='tcp://0.0.0.0:7892', debug=True, log_format='%(levelname)s:%(name)s:%(message)s', vad=True)
INFO:__main__:Using whisperkit-bridge: /Users/media/containers/home-automation/mac-whisper-speedtest/tools/whisperkit-bridge/.build/release/whisperkit-bridge
INFO:__main__:Warming up WhisperKit model (small) — first run loads CoreML graphs…
INFO:__main__:WhisperKit warm ✓
INFO:__main__:Loading Silero-VAD (ONNX backend)…
DEBUG:torio._extension.utils:Loading FFmpeg6
DEBUG:torio._extension.utils:Failed to load FFmpeg6 extension.
Traceback (most recent call last):
  File "/Users/media/containers/home-automation/wyoming-whisperkit/.venv/lib/python3.9/site-packages/torio/_extension/utils.py", line 116, in _find_ffmpeg_extension
    ext = _find_versionsed_ffmpeg_extension(ffmpeg_ver)
  File "/Users/media/containers/home-automation/wyoming-whisperkit/.venv/lib/python3.9/site-packages/torio/_extension/utils.py", line 108, in _find_versionsed_ffmpeg_extension
    _load_lib(lib)
  File "/Users/media/containers/home-automation/wyoming-whisperkit/.venv/lib/python3.9/site-packages/torio/_extension/utils.py", line 94, in _load_lib
    torch.ops.load_library(path)
  File "/Users/media/containers/home-automation/wyoming-whisperkit/.venv/lib/python3.9/site-packages/torch/_ops.py", line 1478, in load_library
    ctypes.CDLL(path)
  File "/Library/Developer/CommandLineTools/Library/Frameworks/Python3.framework/Versions/3.9/lib/python3.9/ctypes/__init__.py", line 366, in __init__
    self._handle = _dlopen(self._name, mode)
OSError: dlopen(/Users/media/containers/home-automation/wyoming-whisperkit/.venv/lib/python3.9/site-packages/torio/lib/libtorio_ffmpeg6.so, 0x0006): Library not loaded: @rpath/libavutil.58.dylib
  Referenced from: <D0BF8BE2-7386-31C9-B6EE-5916A74CB5FE> /Users/media/containers/home-automation/wyoming-whisperkit/.venv/lib/python3.9/site-packages/torio/lib/libtorio_ffmpeg6.so
  Reason: no LC_RPATH's found
DEBUG:torio._extension.utils:Loading FFmpeg5
DEBUG:torio._extension.utils:Failed to load FFmpeg5 extension.
Traceback (most recent call last):
  File "/Users/media/containers/home-automation/wyoming-whisperkit/.venv/lib/python3.9/site-packages/torio/_extension/utils.py", line 116, in _find_ffmpeg_extension
    ext = _find_versionsed_ffmpeg_extension(ffmpeg_ver)
  File "/Users/media/containers/home-automation/wyoming-whisperkit/.venv/lib/python3.9/site-packages/torio/_extension/utils.py", line 108, in _find_versionsed_ffmpeg_extension
    _load_lib(lib)
  File "/Users/media/containers/home-automation/wyoming-whisperkit/.venv/lib/python3.9/site-packages/torio/_extension/utils.py", line 94, in _load_lib
    torch.ops.load_library(path)
  File "/Users/media/containers/home-automation/wyoming-whisperkit/.venv/lib/python3.9/site-packages/torch/_ops.py", line 1478, in load_library
    ctypes.CDLL(path)
  File "/Library/Developer/CommandLineTools/Library/Frameworks/Python3.framework/Versions/3.9/lib/python3.9/ctypes/__init__.py", line 366, in __init__
    self._handle = _dlopen(self._name, mode)
OSError: dlopen(/Users/media/containers/home-automation/wyoming-whisperkit/.venv/lib/python3.9/site-packages/torio/lib/libtorio_ffmpeg5.so, 0x0006): Library not loaded: @rpath/libavutil.57.dylib
  Referenced from: <E89DCAAE-7EC0-3ED8-B59D-1022058313DB> /Users/media/containers/home-automation/wyoming-whisperkit/.venv/lib/python3.9/site-packages/torio/lib/libtorio_ffmpeg5.so
  Reason: no LC_RPATH's found
DEBUG:torio._extension.utils:Loading FFmpeg4
DEBUG:torio._extension.utils:Failed to load FFmpeg4 extension.
Traceback (most recent call last):
  File "/Users/media/containers/home-automation/wyoming-whisperkit/.venv/lib/python3.9/site-packages/torio/_extension/utils.py", line 116, in _find_ffmpeg_extension
    ext = _find_versionsed_ffmpeg_extension(ffmpeg_ver)
  File "/Users/media/containers/home-automation/wyoming-whisperkit/.venv/lib/python3.9/site-packages/torio/_extension/utils.py", line 108, in _find_versionsed_ffmpeg_extension
    _load_lib(lib)
  File "/Users/media/containers/home-automation/wyoming-whisperkit/.venv/lib/python3.9/site-packages/torio/_extension/utils.py", line 94, in _load_lib
    torch.ops.load_library(path)
  File "/Users/media/containers/home-automation/wyoming-whisperkit/.venv/lib/python3.9/site-packages/torch/_ops.py", line 1478, in load_library
    ctypes.CDLL(path)
  File "/Library/Developer/CommandLineTools/Library/Frameworks/Python3.framework/Versions/3.9/lib/python3.9/ctypes/__init__.py", line 366, in __init__
    self._handle = _dlopen(self._name, mode)
OSError: dlopen(/Users/media/containers/home-automation/wyoming-whisperkit/.venv/lib/python3.9/site-packages/torio/lib/libtorio_ffmpeg4.so, 0x0006): Library not loaded: @rpath/libavutil.56.dylib
  Referenced from: <F144F519-5261-3419-86B8-D8167D854D9A> /Users/media/containers/home-automation/wyoming-whisperkit/.venv/lib/python3.9/site-packages/torio/lib/libtorio_ffmpeg4.so
  Reason: no LC_RPATH's found
DEBUG:torio._extension.utils:Loading FFmpeg
DEBUG:torio._extension.utils:Failed to load FFmpeg extension.
Traceback (most recent call last):
  File "/Users/media/containers/home-automation/wyoming-whisperkit/.venv/lib/python3.9/site-packages/torio/_extension/utils.py", line 116, in _find_ffmpeg_extension
    ext = _find_versionsed_ffmpeg_extension(ffmpeg_ver)
  File "/Users/media/containers/home-automation/wyoming-whisperkit/.venv/lib/python3.9/site-packages/torio/_extension/utils.py", line 106, in _find_versionsed_ffmpeg_extension
    raise RuntimeError(f"FFmpeg{version} extension is not available.")
RuntimeError: FFmpeg extension is not available.
INFO:__main__:Silero-VAD ready ✓
INFO:__main__:wyoming-whisperkit ready on tcp://0.0.0.0:7892
DEBUG:wyoming_whisperkit.handler:Sent info
DEBUG:wyoming_whisperkit.handler:Transcribe event
DEBUG:wyoming_whisperkit.handler:Receiving audio
DEBUG:wyoming_whisperkit.handler:VAD armed (608 ms speech)
DEBUG:wyoming_whisperkit.handler:AudioStop received (vad_triggered=False)
DEBUG:wyoming_whisperkit.handler:Transcribing 2.5 s of audio via WhisperKit (trigger=audio_stop)
DEBUG:wyoming_whisperkit.handler:WhisperKit internal time: 327 ms  wall: 1643 ms
INFO:wyoming_whisperkit.handler:Good day.
DEBUG:wyoming_whisperkit.handler:Completed request
DEBUG:wyoming_whisperkit.handler:Transcribe event
DEBUG:wyoming_whisperkit.handler:Receiving audio
DEBUG:wyoming_whisperkit.handler:AudioStop received (vad_triggered=False)
DEBUG:wyoming_whisperkit.handler:Transcribing 2.9 s of audio via WhisperKit (trigger=audio_stop)
DEBUG:wyoming_whisperkit.handler:WhisperKit internal time: 276 ms  wall: 1396 ms
INFO:wyoming_whisperkit.handler:Good night.
DEBUG:wyoming_whisperkit.handler:Completed request
DEBUG:wyoming_whisperkit.handler:Transcribe event
DEBUG:wyoming_whisperkit.handler:Receiving audio
DEBUG:wyoming_whisperkit.handler:VAD armed (608 ms speech)
INFO:wyoming_whisperkit.handler:VAD early trigger — 3.4 s audio collected (speech=672 ms, silence=704 ms)
DEBUG:wyoming_whisperkit.handler:Transcribing 3.4 s of audio via WhisperKit (trigger=vad)
DEBUG:wyoming_whisperkit.handler:WhisperKit internal time: 307 ms  wall: 1057 ms
INFO:wyoming_whisperkit.handler:What time is it?
DEBUG:wyoming_whisperkit.handler:Completed request
DEBUG:wyoming_whisperkit.handler:Receiving audio
DEBUG:wyoming_whisperkit.handler:AudioStop received (vad_triggered=False)
DEBUG:wyoming_whisperkit.handler:Transcribing 1.0 s of audio via WhisperKit (trigger=audio_stop)
DEBUG:wyoming_whisperkit.handler:WhisperKit internal time: 265 ms  wall: 992 ms
INFO:wyoming_whisperkit.handler:[water running]
DEBUG:wyoming_whisperkit.handler:Completed request
DEBUG:wyoming_whisperkit.handler:Transcribe event
DEBUG:wyoming_whisperkit.handler:Receiving audio
DEBUG:wyoming_whisperkit.handler:VAD armed (608 ms speech)
INFO:wyoming_whisperkit.handler:VAD early trigger — 2.0 s audio collected (speech=704 ms, silence=704 ms)
DEBUG:wyoming_whisperkit.handler:Transcribing 2.0 s of audio via WhisperKit (trigger=vad)
DEBUG:wyoming_whisperkit.handler:WhisperKit internal time: 378 ms  wall: 1610 ms
INFO:wyoming_whisperkit.handler:Turn on the light.
DEBUG:wyoming_whisperkit.handler:Completed request
DEBUG:wyoming_whisperkit.handler:Receiving audio
DEBUG:wyoming_whisperkit.handler:AudioStop received (vad_triggered=False)
DEBUG:wyoming_whisperkit.handler:Transcribing 0.5 s of audio via WhisperKit (trigger=audio_stop)
DEBUG:wyoming_whisperkit.handler:WhisperKit internal time: 5 ms  wall: 1047 ms
INFO:wyoming_whisperkit.handler:
DEBUG:wyoming_whisperkit.handler:Completed request
DEBUG:wyoming_whisperkit.handler:Transcribe event
DEBUG:wyoming_whisperkit.handler:Receiving audio
DEBUG:wyoming_whisperkit.handler:VAD armed (608 ms speech)
INFO:wyoming_whisperkit.handler:VAD early trigger — 2.6 s audio collected (speech=928 ms, silence=704 ms)
DEBUG:wyoming_whisperkit.handler:Transcribing 2.6 s of audio via WhisperKit (trigger=vad)
DEBUG:wyoming_whisperkit.handler:WhisperKit internal time: 386 ms  wall: 1618 ms
INFO:wyoming_whisperkit.handler:Turn this be gron.
DEBUG:wyoming_whisperkit.handler:Completed request
DEBUG:wyoming_whisperkit.handler:Receiving audio
DEBUG:wyoming_whisperkit.handler:AudioStop received (vad_triggered=False)
DEBUG:wyoming_whisperkit.handler:Transcribing 0.9 s of audio via WhisperKit (trigger=audio_stop)
DEBUG:wyoming_whisperkit.handler:WhisperKit internal time: 4 ms  wall: 882 ms
INFO:wyoming_whisperkit.handler:
DEBUG:wyoming_whisperkit.handler:Completed request
DEBUG:wyoming_whisperkit.handler:Transcribe event
DEBUG:wyoming_whisperkit.handler:Receiving audio
DEBUG:wyoming_whisperkit.handler:VAD armed (608 ms speech)
INFO:wyoming_whisperkit.handler:VAD early trigger — 2.9 s audio collected (speech=1216 ms, silence=704 ms)
DEBUG:wyoming_whisperkit.handler:Transcribing 2.9 s of audio via WhisperKit (trigger=vad)
DEBUG:wyoming_whisperkit.handler:WhisperKit internal time: 309 ms  wall: 1270 ms
INFO:wyoming_whisperkit.handler:Turn the speaker on.
DEBUG:wyoming_whisperkit.handler:Completed request
DEBUG:wyoming_whisperkit.handler:Receiving audio
DEBUG:wyoming_whisperkit.handler:AudioStop received (vad_triggered=False)
DEBUG:wyoming_whisperkit.handler:Transcribing 0.9 s of audio via WhisperKit (trigger=audio_stop)
DEBUG:wyoming_whisperkit.handler:WhisperKit internal time: 5 ms  wall: 831 ms
INFO:wyoming_whisperkit.handler:
DEBUG:wyoming_whisperkit.handler:Completed request
DEBUG:wyoming_whisperkit.handler:Transcribe event
DEBUG:wyoming_whisperkit.handler:Receiving audio
DEBUG:wyoming_whisperkit.handler:VAD armed (608 ms speech)
INFO:wyoming_whisperkit.handler:VAD early trigger — 3.8 s audio collected (speech=1952 ms, silence=704 ms)
DEBUG:wyoming_whisperkit.handler:Transcribing 3.8 s of audio via WhisperKit (trigger=vad)
DEBUG:wyoming_whisperkit.handler:WhisperKit internal time: 311 ms  wall: 1259 ms
INFO:wyoming_whisperkit.handler:Play WNYC.
DEBUG:wyoming_whisperkit.handler:Completed request
DEBUG:wyoming_whisperkit.handler:Receiving audio
DEBUG:wyoming_whisperkit.handler:AudioStop received (vad_triggered=False)
DEBUG:wyoming_whisperkit.handler:Transcribing 0.9 s of audio via WhisperKit (trigger=audio_stop)
DEBUG:wyoming_whisperkit.handler:WhisperKit internal time: 4 ms  wall: 797 ms
INFO:wyoming_whisperkit.handler:
DEBUG:wyoming_whisperkit.handler:Completed request
DEBUG:wyoming_whisperkit.handler:Transcribe event
DEBUG:wyoming_whisperkit.handler:Receiving audio
DEBUG:wyoming_whisperkit.handler:VAD armed (608 ms speech)
INFO:wyoming_whisperkit.handler:VAD early trigger — 2.9 s audio collected (speech=1344 ms, silence=704 ms)
DEBUG:wyoming_whisperkit.handler:Transcribing 2.9 s of audio via WhisperKit (trigger=vad)
DEBUG:wyoming_whisperkit.handler:WhisperKit internal time: 318 ms  wall: 1390 ms
INFO:wyoming_whisperkit.handler:Turn the speaker off.
DEBUG:wyoming_whisperkit.handler:Completed request
DEBUG:wyoming_whisperkit.handler:Receiving audio
DEBUG:wyoming_whisperkit.handler:AudioStop received (vad_triggered=False)
DEBUG:wyoming_whisperkit.handler:Transcribing 0.7 s of audio via WhisperKit (trigger=audio_stop)
DEBUG:wyoming_whisperkit.handler:WhisperKit internal time: 4 ms  wall: 1030 ms
INFO:wyoming_whisperkit.handler:
DEBUG:wyoming_whisperkit.handler:Completed request
DEBUG:wyoming_whisperkit.handler:Transcribe event
DEBUG:wyoming_whisperkit.handler:Receiving audio
DEBUG:wyoming_whisperkit.handler:VAD armed (608 ms speech)
INFO:wyoming_whisperkit.handler:VAD early trigger — 3.6 s audio collected (speech=992 ms, silence=704 ms)
DEBUG:wyoming_whisperkit.handler:Transcribing 3.6 s of audio via WhisperKit (trigger=vad)
DEBUG:wyoming_whisperkit.handler:WhisperKit internal time: 331 ms  wall: 1465 ms
INFO:wyoming_whisperkit.handler:Turn the speaker on.
DEBUG:wyoming_whisperkit.handler:Completed request
DEBUG:wyoming_whisperkit.handler:Receiving audio
DEBUG:wyoming_whisperkit.handler:AudioStop received (vad_triggered=False)
DEBUG:wyoming_whisperkit.handler:Transcribing 0.9 s of audio via WhisperKit (trigger=audio_stop)
DEBUG:wyoming_whisperkit.handler:WhisperKit internal time: 4 ms  wall: 1011 ms
INFO:wyoming_whisperkit.handler:
DEBUG:wyoming_whisperkit.handler:Completed request
DEBUG:wyoming_whisperkit.handler:Transcribe event
DEBUG:wyoming_whisperkit.handler:Receiving audio
DEBUG:wyoming_whisperkit.handler:VAD armed (608 ms speech)
INFO:wyoming_whisperkit.handler:VAD early trigger — 4.1 s audio collected (speech=2272 ms, silence=704 ms)
DEBUG:wyoming_whisperkit.handler:Transcribing 4.1 s of audio via WhisperKit (trigger=vad)
DEBUG:wyoming_whisperkit.handler:WhisperKit internal time: 312 ms  wall: 1213 ms
INFO:wyoming_whisperkit.handler:Play WNYC radio.
DEBUG:wyoming_whisperkit.handler:Completed request
DEBUG:wyoming_whisperkit.handler:Receiving audio
DEBUG:wyoming_whisperkit.handler:AudioStop received (vad_triggered=False)
DEBUG:wyoming_whisperkit.handler:Transcribing 1.1 s of audio via WhisperKit (trigger=audio_stop)
DEBUG:wyoming_whisperkit.handler:WhisperKit internal time: 262 ms  wall: 1082 ms
INFO:wyoming_whisperkit.handler:[water splashing]
DEBUG:wyoming_whisperkit.handler:Completed request
DEBUG:wyoming_whisperkit.handler:Transcribe event
DEBUG:wyoming_whisperkit.handler:Receiving audio
DEBUG:wyoming_whisperkit.handler:AudioStop received (vad_triggered=False)
DEBUG:wyoming_whisperkit.handler:Transcribing 0.9 s of audio via WhisperKit (trigger=audio_stop)
DEBUG:wyoming_whisperkit.handler:WhisperKit internal time: 10 ms  wall: 1178 ms
INFO:wyoming_whisperkit.handler:
DEBUG:wyoming_whisperkit.handler:Completed request
DEBUG:wyoming_whisperkit.handler:Transcribe event
DEBUG:wyoming_whisperkit.handler:Receiving audio
DEBUG:wyoming_whisperkit.handler:VAD armed (608 ms speech)
INFO:wyoming_whisperkit.handler:VAD early trigger — 4.7 s audio collected (speech=1632 ms, silence=704 ms)
DEBUG:wyoming_whisperkit.handler:Transcribing 4.7 s of audio via WhisperKit (trigger=vad)
DEBUG:wyoming_whisperkit.handler:WhisperKit internal time: 385 ms  wall: 1454 ms
INFO:wyoming_whisperkit.handler:Play WBGO.
DEBUG:wyoming_whisperkit.handler:Completed request
DEBUG:wyoming_whisperkit.handler:Receiving audio
DEBUG:wyoming_whisperkit.handler:AudioStop received (vad_triggered=False)
DEBUG:wyoming_whisperkit.handler:Transcribing 0.6 s of audio via WhisperKit (trigger=audio_stop)
DEBUG:wyoming_whisperkit.handler:WhisperKit internal time: 4 ms  wall: 846 ms
INFO:wyoming_whisperkit.handler:
DEBUG:wyoming_whisperkit.handler:Completed request
DEBUG:wyoming_whisperkit.handler:Sent info
DEBUG:wyoming_whisperkit.handler:Transcribe event
DEBUG:wyoming_whisperkit.handler:Receiving audio
DEBUG:wyoming_whisperkit.handler:AudioStop received (vad_triggered=False)
DEBUG:wyoming_whisperkit.handler:Transcribing 4.3 s of audio via WhisperKit (trigger=audio_stop)
DEBUG:wyoming_whisperkit.handler:WhisperKit internal time: 353 ms  wall: 2028 ms
INFO:wyoming_whisperkit.handler:Good night.
DEBUG:wyoming_whisperkit.handler:Completed request
DEBUG:wyoming_whisperkit.handler:Transcribe event
DEBUG:wyoming_whisperkit.handler:Receiving audio
DEBUG:wyoming_whisperkit.handler:VAD armed (608 ms speech)
INFO:wyoming_whisperkit.handler:VAD early trigger — 1.8 s audio collected (speech=800 ms, silence=704 ms)
DEBUG:wyoming_whisperkit.handler:Transcribing 1.8 s of audio via WhisperKit (trigger=vad)
DEBUG:wyoming_whisperkit.handler:WhisperKit internal time: 356 ms  wall: 1645 ms
INFO:wyoming_whisperkit.handler:Turn on the light.
DEBUG:wyoming_whisperkit.handler:Completed request
DEBUG:wyoming_whisperkit.handler:Receiving audio
DEBUG:wyoming_whisperkit.handler:AudioStop received (vad_triggered=False)
DEBUG:wyoming_whisperkit.handler:Transcribing 1.1 s of audio via WhisperKit (trigger=audio_stop)
DEBUG:wyoming_whisperkit.handler:WhisperKit internal time: 289 ms  wall: 1203 ms
INFO:wyoming_whisperkit.handler:[BLANK_AUDIO]
DEBUG:wyoming_whisperkit.handler:Completed request
DEBUG:wyoming_whisperkit.handler:Transcribe event
DEBUG:wyoming_whisperkit.handler:Receiving audio
DEBUG:wyoming_whisperkit.handler:VAD armed (608 ms speech)
INFO:wyoming_whisperkit.handler:VAD early trigger — 3.6 s audio collected (speech=1280 ms, silence=704 ms)
DEBUG:wyoming_whisperkit.handler:Transcribing 3.6 s of audio via WhisperKit (trigger=vad)
DEBUG:wyoming_whisperkit.handler:WhisperKit internal time: 389 ms  wall: 1684 ms
INFO:wyoming_whisperkit.handler:Play. Turn the speaker on.
DEBUG:wyoming_whisperkit.handler:Completed request
DEBUG:wyoming_whisperkit.handler:Receiving audio
DEBUG:wyoming_whisperkit.handler:AudioStop received (vad_triggered=False)
DEBUG:wyoming_whisperkit.handler:Transcribing 1.0 s of audio via WhisperKit (trigger=audio_stop)
DEBUG:wyoming_whisperkit.handler:WhisperKit internal time: 266 ms  wall: 1258 ms
INFO:wyoming_whisperkit.handler:[MUSIC PLAYING]
DEBUG:wyoming_whisperkit.handler:Completed request
DEBUG:wyoming_whisperkit.handler:Transcribe event
DEBUG:wyoming_whisperkit.handler:Receiving audio
DEBUG:wyoming_whisperkit.handler:VAD armed (608 ms speech)
INFO:wyoming_whisperkit.handler:VAD early trigger — 2.7 s audio collected (speech=832 ms, silence=704 ms)
DEBUG:wyoming_whisperkit.handler:Transcribing 2.7 s of audio via WhisperKit (trigger=vad)
DEBUG:wyoming_whisperkit.handler:WhisperKit internal time: 334 ms  wall: 1270 ms
INFO:wyoming_whisperkit.handler:Turn the speaker on.
DEBUG:wyoming_whisperkit.handler:Completed request
DEBUG:wyoming_whisperkit.handler:Receiving audio
DEBUG:wyoming_whisperkit.handler:AudioStop received (vad_triggered=False)
DEBUG:wyoming_whisperkit.handler:Transcribing 1.0 s of audio via WhisperKit (trigger=audio_stop)
DEBUG:wyoming_whisperkit.handler:WhisperKit internal time: 295 ms  wall: 1342 ms
INFO:wyoming_whisperkit.handler:[BLANK_AUDIO]
DEBUG:wyoming_whisperkit.handler:Completed request
DEBUG:wyoming_whisperkit.handler:Transcribe event
DEBUG:wyoming_whisperkit.handler:Receiving audio
DEBUG:wyoming_whisperkit.handler:VAD armed (608 ms speech)
DEBUG:wyoming_whisperkit.handler:AudioStop received (vad_triggered=False)
DEBUG:wyoming_whisperkit.handler:Transcribing 2.7 s of audio via WhisperKit (trigger=audio_stop)
DEBUG:wyoming_whisperkit.handler:WhisperKit internal time: 374 ms  wall: 1527 ms
INFO:wyoming_whisperkit.handler:Turn the speaker on.
DEBUG:wyoming_whisperkit.handler:Completed request
DEBUG:wyoming_whisperkit.handler:Transcribe event
DEBUG:wyoming_whisperkit.handler:Receiving audio
DEBUG:wyoming_whisperkit.handler:VAD armed (608 ms speech)
INFO:wyoming_whisperkit.handler:VAD early trigger — 3.5 s audio collected (speech=1856 ms, silence=704 ms)
DEBUG:wyoming_whisperkit.handler:Transcribing 3.5 s of audio via WhisperKit (trigger=vad)
DEBUG:wyoming_whisperkit.handler:WhisperKit internal time: 419 ms  wall: 1905 ms
INFO:wyoming_whisperkit.handler:Play WNYC.
DEBUG:wyoming_whisperkit.handler:Completed request
DEBUG:wyoming_whisperkit.handler:Receiving audio
DEBUG:wyoming_whisperkit.handler:AudioStop received (vad_triggered=False)
DEBUG:wyoming_whisperkit.handler:Transcribing 1.3 s of audio via WhisperKit (trigger=audio_stop)
DEBUG:wyoming_whisperkit.handler:WhisperKit internal time: 295 ms  wall: 1726 ms
INFO:wyoming_whisperkit.handler:[water splashing]
DEBUG:wyoming_whisperkit.handler:Completed request
DEBUG:wyoming_whisperkit.handler:Transcribe event
DEBUG:wyoming_whisperkit.handler:Receiving audio
DEBUG:wyoming_whisperkit.handler:VAD armed (608 ms speech)
INFO:wyoming_whisperkit.handler:VAD early trigger — 2.3 s audio collected (speech=1088 ms, silence=704 ms)
DEBUG:wyoming_whisperkit.handler:Transcribing 2.3 s of audio via WhisperKit (trigger=vad)
DEBUG:wyoming_whisperkit.handler:WhisperKit internal time: 372 ms  wall: 2118 ms
INFO:wyoming_whisperkit.handler:Play WBGO.
DEBUG:wyoming_whisperkit.handler:Completed request
DEBUG:wyoming_whisperkit.handler:Receiving audio
DEBUG:wyoming_whisperkit.handler:AudioStop received (vad_triggered=False)
DEBUG:wyoming_whisperkit.handler:Transcribing 1.0 s of audio via WhisperKit (trigger=audio_stop)
DEBUG:wyoming_whisperkit.handler:WhisperKit internal time: 333 ms  wall: 1289 ms
INFO:wyoming_whisperkit.handler:[BLANK_AUDIO]
DEBUG:wyoming_whisperkit.handler:Completed request
DEBUG:wyoming_whisperkit.handler:Transcribe event
DEBUG:wyoming_whisperkit.handler:Receiving audio
DEBUG:wyoming_whisperkit.handler:VAD armed (608 ms speech)
INFO:wyoming_whisperkit.handler:VAD early trigger — 2.3 s audio collected (speech=896 ms, silence=704 ms)
DEBUG:wyoming_whisperkit.handler:Transcribing 2.3 s of audio via WhisperKit (trigger=vad)
DEBUG:wyoming_whisperkit.handler:WhisperKit internal time: 335 ms  wall: 1926 ms
INFO:wyoming_whisperkit.handler:Please Spotify.
DEBUG:wyoming_whisperkit.handler:Completed request
DEBUG:wyoming_whisperkit.handler:Receiving audio
DEBUG:wyoming_whisperkit.handler:AudioStop received (vad_triggered=False)
DEBUG:wyoming_whisperkit.handler:Transcribing 1.1 s of audio via WhisperKit (trigger=audio_stop)
DEBUG:wyoming_whisperkit.handler:WhisperKit internal time: 313 ms  wall: 1284 ms
INFO:wyoming_whisperkit.handler:[BLANK_AUDIO]
DEBUG:wyoming_whisperkit.handler:Completed request
DEBUG:wyoming_whisperkit.handler:Transcribe event
DEBUG:wyoming_whisperkit.handler:Receiving audio
DEBUG:wyoming_whisperkit.handler:VAD armed (608 ms speech)
INFO:wyoming_whisperkit.handler:VAD early trigger — 5.9 s audio collected (speech=3296 ms, silence=704 ms)
DEBUG:wyoming_whisperkit.handler:Transcribing 5.9 s of audio via WhisperKit (trigger=vad)
DEBUG:wyoming_whisperkit.handler:WhisperKit internal time: 395 ms  wall: 1510 ms
INFO:wyoming_whisperkit.handler:Play the song Rip Torn by MJ Letterman.
DEBUG:wyoming_whisperkit.handler:Completed request
DEBUG:wyoming_whisperkit.handler:Receiving audio
DEBUG:wyoming_whisperkit.handler:AudioStop received (vad_triggered=False)
DEBUG:wyoming_whisperkit.handler:Transcribing 0.8 s of audio via WhisperKit (trigger=audio_stop)
DEBUG:wyoming_whisperkit.handler:WhisperKit internal time: 4 ms  wall: 935 ms
INFO:wyoming_whisperkit.handler:
DEBUG:wyoming_whisperkit.handler:Completed request
DEBUG:wyoming_whisperkit.handler:Transcribe event
DEBUG:wyoming_whisperkit.handler:Receiving audio
DEBUG:wyoming_whisperkit.handler:VAD armed (608 ms speech)
INFO:wyoming_whisperkit.handler:VAD early trigger — 2.8 s audio collected (speech=1632 ms, silence=704 ms)
DEBUG:wyoming_whisperkit.handler:Transcribing 2.8 s of audio via WhisperKit (trigger=vad)
DEBUG:wyoming_whisperkit.handler:WhisperKit internal time: 459 ms  wall: 2119 ms
INFO:wyoming_whisperkit.handler:Play MJ Lenderman.
DEBUG:wyoming_whisperkit.handler:Completed request
DEBUG:wyoming_whisperkit.handler:Receiving audio
DEBUG:wyoming_whisperkit.handler:AudioStop received (vad_triggered=False)
DEBUG:wyoming_whisperkit.handler:Transcribing 1.0 s of audio via WhisperKit (trigger=audio_stop)
DEBUG:wyoming_whisperkit.handler:WhisperKit internal time: 4 ms  wall: 899 ms
INFO:wyoming_whisperkit.handler:
DEBUG:wyoming_whisperkit.handler:Completed request
DEBUG:wyoming_whisperkit.handler:Transcribe event
DEBUG:wyoming_whisperkit.handler:Receiving audio
DEBUG:wyoming_whisperkit.handler:AudioStop received (vad_triggered=False)
DEBUG:wyoming_whisperkit.handler:Transcribing 2.6 s of audio via WhisperKit (trigger=audio_stop)
DEBUG:wyoming_whisperkit.handler:WhisperKit internal time: 340 ms  wall: 1994 ms
INFO:wyoming_whisperkit.handler:Good night.
DEBUG:wyoming_whisperkit.handler:Completed request
DEBUG:wyoming_whisperkit.handler:Sent info
DEBUG:wyoming_whisperkit.handler:Transcribe event
DEBUG:wyoming_whisperkit.handler:Receiving audio
DEBUG:wyoming_whisperkit.handler:VAD armed (608 ms speech)
INFO:wyoming_whisperkit.handler:VAD early trigger — 2.2 s audio collected (speech=896 ms, silence=704 ms)
DEBUG:wyoming_whisperkit.handler:Transcribing 2.2 s of audio via WhisperKit (trigger=vad)
DEBUG:wyoming_whisperkit.handler:WhisperKit internal time: 392 ms  wall: 2035 ms
INFO:wyoming_whisperkit.handler:Turn on the speaker.
DEBUG:wyoming_whisperkit.handler:Completed request
DEBUG:wyoming_whisperkit.handler:Receiving audio
DEBUG:wyoming_whisperkit.handler:AudioStop received (vad_triggered=False)
DEBUG:wyoming_whisperkit.handler:Transcribing 1.0 s of audio via WhisperKit (trigger=audio_stop)
DEBUG:wyoming_whisperkit.handler:WhisperKit internal time: 261 ms  wall: 1232 ms
INFO:wyoming_whisperkit.handler:[water splashing]
DEBUG:wyoming_whisperkit.handler:Completed request
DEBUG:wyoming_whisperkit.handler:Transcribe event
DEBUG:wyoming_whisperkit.handler:Receiving audio
DEBUG:wyoming_whisperkit.handler:VAD armed (608 ms speech)
INFO:wyoming_whisperkit.handler:VAD early trigger — 2.8 s audio collected (speech=1152 ms, silence=704 ms)
DEBUG:wyoming_whisperkit.handler:Transcribing 2.8 s of audio via WhisperKit (trigger=vad)
DEBUG:wyoming_whisperkit.handler:WhisperKit internal time: 283 ms  wall: 1466 ms
INFO:wyoming_whisperkit.handler:Play KEXP
DEBUG:wyoming_whisperkit.handler:Completed request
DEBUG:wyoming_whisperkit.handler:Receiving audio
DEBUG:wyoming_whisperkit.handler:AudioStop received (vad_triggered=False)
DEBUG:wyoming_whisperkit.handler:Transcribing 1.1 s of audio via WhisperKit (trigger=audio_stop)
DEBUG:wyoming_whisperkit.handler:WhisperKit internal time: 273 ms  wall: 1269 ms
INFO:wyoming_whisperkit.handler:(water splashing)
DEBUG:wyoming_whisperkit.handler:Completed request
DEBUG:wyoming_whisperkit.handler:Transcribe event
DEBUG:wyoming_whisperkit.handler:Receiving audio
DEBUG:wyoming_whisperkit.handler:AudioStop received (vad_triggered=False)
DEBUG:wyoming_whisperkit.handler:Transcribing 15.0 s of audio via WhisperKit (trigger=audio_stop)
DEBUG:wyoming_whisperkit.handler:WhisperKit internal time: 747 ms  wall: 5109 ms
INFO:wyoming_whisperkit.handler:[sounds of water]
DEBUG:wyoming_whisperkit.handler:Completed request
DEBUG:wyoming_whisperkit.handler:Transcribe event
DEBUG:wyoming_whisperkit.handler:Receiving audio
DEBUG:wyoming_whisperkit.handler:AudioStop received (vad_triggered=False)
DEBUG:wyoming_whisperkit.handler:Transcribing 2.4 s of audio via WhisperKit (trigger=audio_stop)
DEBUG:wyoming_whisperkit.handler:WhisperKit internal time: 319 ms  wall: 1524 ms
INFO:wyoming_whisperkit.handler:Goodnight.
DEBUG:wyoming_whisperkit.handler:Completed request
DEBUG:wyoming_whisperkit.handler:Transcribe event
DEBUG:wyoming_whisperkit.handler:Receiving audio
DEBUG:wyoming_whisperkit.handler:VAD armed (608 ms speech)
INFO:wyoming_whisperkit.handler:VAD early trigger — 3.0 s audio collected (speech=896 ms, silence=704 ms)
DEBUG:wyoming_whisperkit.handler:Transcribing 3.0 s of audio via WhisperKit (trigger=vad)
DEBUG:wyoming_whisperkit.handler:WhisperKit internal time: 373 ms  wall: 2030 ms
INFO:wyoming_whisperkit.handler:from the speaker on.
DEBUG:wyoming_whisperkit.handler:Completed request
DEBUG:wyoming_whisperkit.handler:Receiving audio
DEBUG:wyoming_whisperkit.handler:AudioStop received (vad_triggered=False)
DEBUG:wyoming_whisperkit.handler:Transcribing 1.4 s of audio via WhisperKit (trigger=audio_stop)
DEBUG:wyoming_whisperkit.handler:WhisperKit internal time: 378 ms  wall: 1661 ms
INFO:wyoming_whisperkit.handler:(camera clicks)
DEBUG:wyoming_whisperkit.handler:Completed request
DEBUG:wyoming_whisperkit.handler:Transcribe event
DEBUG:wyoming_whisperkit.handler:Receiving audio
DEBUG:wyoming_whisperkit.handler:VAD armed (608 ms speech)
INFO:wyoming_whisperkit.handler:VAD early trigger — 3.6 s audio collected (speech=2080 ms, silence=704 ms)
DEBUG:wyoming_whisperkit.handler:Transcribing 3.6 s of audio via WhisperKit (trigger=vad)
DEBUG:wyoming_whisperkit.handler:WhisperKit internal time: 335 ms  wall: 1524 ms
INFO:wyoming_whisperkit.handler:Play WQXR.
DEBUG:wyoming_whisperkit.handler:Completed request
DEBUG:wyoming_whisperkit.handler:Receiving audio
DEBUG:wyoming_whisperkit.handler:AudioStop received (vad_triggered=False)
DEBUG:wyoming_whisperkit.handler:Transcribing 3.1 s of audio via WhisperKit (trigger=audio_stop)
DEBUG:wyoming_whisperkit.handler:WhisperKit internal time: 345 ms  wall: 1443 ms
INFO:wyoming_whisperkit.handler:(chewing)
DEBUG:wyoming_whisperkit.handler:Completed request
DEBUG:wyoming_whisperkit.handler:Transcribe event
DEBUG:wyoming_whisperkit.handler:Receiving audio
DEBUG:wyoming_whisperkit.handler:VAD armed (608 ms speech)
DEBUG:wyoming_whisperkit.handler:AudioStop received (vad_triggered=False)
DEBUG:wyoming_whisperkit.handler:Transcribing 1.1 s of audio via WhisperKit (trigger=audio_stop)
DEBUG:wyoming_whisperkit.handler:WhisperKit internal time: 395 ms  wall: 1907 ms
INFO:wyoming_whisperkit.handler:Stop.
DEBUG:wyoming_whisperkit.handler:Completed request
DEBUG:wyoming_whisperkit.handler:Transcribe event
DEBUG:wyoming_whisperkit.handler:Receiving audio
DEBUG:wyoming_whisperkit.handler:AudioStop received (vad_triggered=False)
DEBUG:wyoming_whisperkit.handler:Transcribing 2.5 s of audio via WhisperKit (trigger=audio_stop)
DEBUG:wyoming_whisperkit.handler:WhisperKit internal time: 327 ms  wall: 1773 ms
INFO:wyoming_whisperkit.handler:Good night.
DEBUG:wyoming_whisperkit.handler:Completed request
DEBUG:wyoming_whisperkit.handler:Transcribe event
DEBUG:wyoming_whisperkit.handler:Receiving audio
DEBUG:wyoming_whisperkit.handler:VAD armed (608 ms speech)
INFO:wyoming_whisperkit.handler:VAD early trigger — 3.2 s audio collected (speech=992 ms, silence=704 ms)
DEBUG:wyoming_whisperkit.handler:Transcribing 3.2 s of audio via WhisperKit (trigger=vad)
DEBUG:wyoming_whisperkit.handler:WhisperKit internal time: 571 ms  wall: 2845 ms
INFO:wyoming_whisperkit.handler:Turn the speaker on.
DEBUG:wyoming_whisperkit.handler:Completed request
DEBUG:wyoming_whisperkit.handler:Receiving audio
DEBUG:wyoming_whisperkit.handler:AudioStop received (vad_triggered=False)
DEBUG:wyoming_whisperkit.handler:Transcribing 0.9 s of audio via WhisperKit (trigger=audio_stop)
DEBUG:wyoming_whisperkit.handler:WhisperKit internal time: 5 ms  wall: 1964 ms
INFO:wyoming_whisperkit.handler:
DEBUG:wyoming_whisperkit.handler:Completed request
DEBUG:wyoming_whisperkit.handler:Transcribe event
DEBUG:wyoming_whisperkit.handler:Receiving audio
DEBUG:wyoming_whisperkit.handler:VAD armed (608 ms speech)
INFO:wyoming_whisperkit.handler:VAD early trigger — 3.1 s audio collected (speech=1344 ms, silence=704 ms)
DEBUG:wyoming_whisperkit.handler:Transcribing 3.1 s of audio via WhisperKit (trigger=vad)
DEBUG:wyoming_whisperkit.handler:WhisperKit internal time: 329 ms  wall: 1759 ms
INFO:wyoming_whisperkit.handler:Play WBGO.
DEBUG:wyoming_whisperkit.handler:Completed request
DEBUG:wyoming_whisperkit.handler:Receiving audio
DEBUG:wyoming_whisperkit.handler:AudioStop received (vad_triggered=False)
DEBUG:wyoming_whisperkit.handler:Transcribing 1.1 s of audio via WhisperKit (trigger=audio_stop)
DEBUG:wyoming_whisperkit.handler:WhisperKit internal time: 361 ms  wall: 1780 ms
INFO:wyoming_whisperkit.handler:[water splashing]
DEBUG:wyoming_whisperkit.handler:Completed request
DEBUG:wyoming_whisperkit.handler:Transcribe event
DEBUG:wyoming_whisperkit.handler:Receiving audio
DEBUG:wyoming_whisperkit.handler:AudioStop received (vad_triggered=False)
DEBUG:wyoming_whisperkit.handler:Transcribing 0.4 s of audio via WhisperKit (trigger=audio_stop)
DEBUG:wyoming_whisperkit.handler:WhisperKit internal time: 6 ms  wall: 2073 ms
INFO:wyoming_whisperkit.handler:
DEBUG:wyoming_whisperkit.handler:Completed request
DEBUG:wyoming_whisperkit.handler:Transcribe event
DEBUG:wyoming_whisperkit.handler:Receiving audio
DEBUG:wyoming_whisperkit.handler:VAD armed (608 ms speech)
INFO:wyoming_whisperkit.handler:VAD early trigger — 3.0 s audio collected (speech=768 ms, silence=704 ms)
DEBUG:wyoming_whisperkit.handler:Transcribing 3.0 s of audio via WhisperKit (trigger=vad)
DEBUG:wyoming_whisperkit.handler:WhisperKit internal time: 326 ms  wall: 1749 ms
INFO:wyoming_whisperkit.handler:Good night.
DEBUG:wyoming_whisperkit.handler:Completed request
DEBUG:wyoming_whisperkit.handler:Receiving audio
DEBUG:wyoming_whisperkit.handler:AudioStop received (vad_triggered=False)
DEBUG:wyoming_whisperkit.handler:Transcribing 1.0 s of audio via WhisperKit (trigger=audio_stop)
DEBUG:wyoming_whisperkit.handler:WhisperKit internal time: 4 ms  wall: 902 ms
INFO:wyoming_whisperkit.handler:
DEBUG:wyoming_whisperkit.handler:Completed request
DEBUG:wyoming_whisperkit.handler:Transcribe event
DEBUG:wyoming_whisperkit.handler:Receiving audio
DEBUG:wyoming_whisperkit.handler:VAD armed (608 ms speech)
INFO:wyoming_whisperkit.handler:VAD early trigger — 1.8 s audio collected (speech=672 ms, silence=704 ms)
DEBUG:wyoming_whisperkit.handler:Transcribing 1.8 s of audio via WhisperKit (trigger=vad)
DEBUG:wyoming_whisperkit.handler:WhisperKit internal time: 356 ms  wall: 1686 ms
INFO:wyoming_whisperkit.handler:Turn on the light.
DEBUG:wyoming_whisperkit.handler:Completed request
DEBUG:wyoming_whisperkit.handler:Receiving audio
DEBUG:wyoming_whisperkit.handler:AudioStop received (vad_triggered=False)
DEBUG:wyoming_whisperkit.handler:Transcribing 1.2 s of audio via WhisperKit (trigger=audio_stop)
DEBUG:wyoming_whisperkit.handler:WhisperKit internal time: 280 ms  wall: 1330 ms
INFO:wyoming_whisperkit.handler:[sirens]
DEBUG:wyoming_whisperkit.handler:Completed request
DEBUG:wyoming_whisperkit.handler:Transcribe event
DEBUG:wyoming_whisperkit.handler:Receiving audio
DEBUG:wyoming_whisperkit.handler:VAD armed (608 ms speech)
INFO:wyoming_whisperkit.handler:VAD early trigger — 2.2 s audio collected (speech=832 ms, silence=704 ms)
DEBUG:wyoming_whisperkit.handler:Transcribing 2.2 s of audio via WhisperKit (trigger=vad)
DEBUG:wyoming_whisperkit.handler:WhisperKit internal time: 380 ms  wall: 2237 ms
INFO:wyoming_whisperkit.handler:Turn on the speaker.
DEBUG:wyoming_whisperkit.handler:Completed request
DEBUG:wyoming_whisperkit.handler:Receiving audio
DEBUG:wyoming_whisperkit.handler:AudioStop received (vad_triggered=False)
DEBUG:wyoming_whisperkit.handler:Transcribing 1.1 s of audio via WhisperKit (trigger=audio_stop)
DEBUG:wyoming_whisperkit.handler:WhisperKit internal time: 373 ms  wall: 1742 ms
INFO:wyoming_whisperkit.handler:[water splashing]
DEBUG:wyoming_whisperkit.handler:Completed request
DEBUG:wyoming_whisperkit.handler:Transcribe event
DEBUG:wyoming_whisperkit.handler:Receiving audio
DEBUG:wyoming_whisperkit.handler:VAD armed (608 ms speech)
INFO:wyoming_whisperkit.handler:VAD early trigger — 3.9 s audio collected (speech=1664 ms, silence=704 ms)
DEBUG:wyoming_whisperkit.handler:Transcribing 3.9 s of audio via WhisperKit (trigger=vad)
DEBUG:wyoming_whisperkit.handler:WhisperKit internal time: 399 ms  wall: 2027 ms
INFO:wyoming_whisperkit.handler:Play WQXR.
DEBUG:wyoming_whisperkit.handler:Completed request
DEBUG:wyoming_whisperkit.handler:Receiving audio
DEBUG:wyoming_whisperkit.handler:AudioStop received (vad_triggered=False)
DEBUG:wyoming_whisperkit.handler:Transcribing 1.3 s of audio via WhisperKit (trigger=audio_stop)
DEBUG:wyoming_whisperkit.handler:WhisperKit internal time: 302 ms  wall: 1511 ms
INFO:wyoming_whisperkit.handler:[water splashing]
DEBUG:wyoming_whisperkit.handler:Completed request
DEBUG:wyoming_whisperkit.handler:Transcribe event
DEBUG:wyoming_whisperkit.handler:Receiving audio
DEBUG:wyoming_whisperkit.handler:AudioStop received (vad_triggered=False)
DEBUG:wyoming_whisperkit.handler:Transcribing 2.3 s of audio via WhisperKit (trigger=audio_stop)
DEBUG:wyoming_whisperkit.handler:WhisperKit internal time: 339 ms  wall: 2829 ms
INFO:wyoming_whisperkit.handler:Stop!
DEBUG:wyoming_whisperkit.handler:Completed request
DEBUG:wyoming_whisperkit.handler:Transcribe event
DEBUG:wyoming_whisperkit.handler:Receiving audio
DEBUG:wyoming_whisperkit.handler:AudioStop received (vad_triggered=False)
DEBUG:wyoming_whisperkit.handler:Transcribing 2.8 s of audio via WhisperKit (trigger=audio_stop)
DEBUG:wyoming_whisperkit.handler:WhisperKit internal time: 335 ms  wall: 2241 ms
INFO:wyoming_whisperkit.handler:Goodnight.
DEBUG:wyoming_whisperkit.handler:Completed request
DEBUG:wyoming_whisperkit.handler:Transcribe event
DEBUG:wyoming_whisperkit.handler:Receiving audio
DEBUG:wyoming_whisperkit.handler:AudioStop received (vad_triggered=False)
DEBUG:wyoming_whisperkit.handler:Transcribing 5.6 s of audio via WhisperKit (trigger=audio_stop)
DEBUG:wyoming_whisperkit.handler:WhisperKit internal time: 730 ms  wall: 2741 ms
INFO:wyoming_whisperkit.handler:(bubble popping) Good night. [water running]
DEBUG:wyoming_whisperkit.handler:Completed request
DEBUG:wyoming_whisperkit.handler:Transcribe event
DEBUG:wyoming_whisperkit.handler:Receiving audio
DEBUG:wyoming_whisperkit.handler:VAD armed (608 ms speech)
INFO:wyoming_whisperkit.handler:VAD early trigger — 2.2 s audio collected (speech=928 ms, silence=704 ms)
DEBUG:wyoming_whisperkit.handler:Transcribing 2.2 s of audio via WhisperKit (trigger=vad)
ERROR:wyoming_whisperkit.handler:whisperkit-bridge exited 1 (0.337 s): Error: modelsUnavailable("Model not found. Please check the model or repo name and try again.\nError: Error Domain=NSURLErrorDomain Code=-1009 \"The Internet connection appears to be offline.\" UserInfo={_kCFStreamErrorCodeKey=50, NSUnderlyingError=0x9834596e0 {Error Domain=kCFErrorDomainCFNetwork Code=-1009 \"(null)\" UserInfo={_kCFStreamErrorDomainKey=1, _kCFStreamErrorCodeKey=50, _NSURLErrorNWResolutionReportKey=Resolved 0 endpoints in 1ms using unknown from cache, _NSURLErrorNWPathKey=unsatisfied (No network route), dns}}, _NSURLErrorFailingURLSessionTaskErrorKey=LocalDataTask <8C7A05B3-F991-4E3F-BF3E-8C72FEC1CAF6>.<2>, _NSURLErrorRelatedURLSessionTaskErrorKey=(\n    \"LocalDataTask <8C7A05B3-F991-4E3F-BF3E-8C72FEC1CAF6>.<2>\"\n), NSLocalizedDescription=The Internet connection appears to be offline., NSErrorFailingURLStringKey=https://huggingface.co/api/models/argmaxinc/whisperkit-coreml, NSErrorFailingURLKey=https://huggingface.co/api/models/argmaxinc/whisperkit-coreml, _kCFStreamErrorDomainKey=1}")
INFO:wyoming_whisperkit.handler:
DEBUG:wyoming_whisperkit.handler:Completed request
DEBUG:wyoming_whisperkit.handler:Receiving audio
DEBUG:wyoming_whisperkit.handler:AudioStop received (vad_triggered=False)
DEBUG:wyoming_whisperkit.handler:Transcribing 1.0 s of audio via WhisperKit (trigger=audio_stop)
ERROR:wyoming_whisperkit.handler:whisperkit-bridge exited 1 (0.052 s): Error: modelsUnavailable("Model not found. Please check the model or repo name and try again.\nError: Error Domain=NSURLErrorDomain Code=-1009 \"The Internet connection appears to be offline.\" UserInfo={_kCFStreamErrorCodeKey=50, NSUnderlyingError=0xa514616e0 {Error Domain=kCFErrorDomainCFNetwork Code=-1009 \"(null)\" UserInfo={_kCFStreamErrorDomainKey=1, _kCFStreamErrorCodeKey=50, _NSURLErrorNWResolutionReportKey=Resolved 0 endpoints in 0ms using unknown from cache, _NSURLErrorNWPathKey=unsatisfied (No network route), dns}}, _NSURLErrorFailingURLSessionTaskErrorKey=LocalDataTask <2F8FCC76-5555-4C6C-B57F-AFC0C186C6EE>.<2>, _NSURLErrorRelatedURLSessionTaskErrorKey=(\n    \"LocalDataTask <2F8FCC76-5555-4C6C-B57F-AFC0C186C6EE>.<2>\"\n), NSLocalizedDescription=The Internet connection appears to be offline., NSErrorFailingURLStringKey=https://huggingface.co/api/models/argmaxinc/whisperkit-coreml, NSErrorFailingURLKey=https://huggingface.co/api/models/argmaxinc/whisperkit-coreml, _kCFStreamErrorDomainKey=1}")
INFO:wyoming_whisperkit.handler:
DEBUG:wyoming_whisperkit.handler:Completed request
DEBUG:wyoming_whisperkit.handler:Transcribe event
DEBUG:wyoming_whisperkit.handler:Receiving audio
DEBUG:wyoming_whisperkit.handler:VAD armed (608 ms speech)
INFO:wyoming_whisperkit.handler:VAD early trigger — 2.3 s audio collected (speech=864 ms, silence=704 ms)
DEBUG:wyoming_whisperkit.handler:Transcribing 2.3 s of audio via WhisperKit (trigger=vad)
ERROR:wyoming_whisperkit.handler:whisperkit-bridge exited 1 (0.107 s): Error: modelsUnavailable("Model not found. Please check the model or repo name and try again.\nError: Error Domain=NSURLErrorDomain Code=-1009 \"The Internet connection appears to be offline.\" UserInfo={_kCFStreamErrorCodeKey=50, NSUnderlyingError=0xbb145d6e0 {Error Domain=kCFErrorDomainCFNetwork Code=-1009 \"(null)\" UserInfo={_kCFStreamErrorDomainKey=1, _kCFStreamErrorCodeKey=50, _NSURLErrorNWResolutionReportKey=Resolved 0 endpoints in 1ms using unknown from cache, _NSURLErrorNWPathKey=unsatisfied (No network route), dns}}, _NSURLErrorFailingURLSessionTaskErrorKey=LocalDataTask <8F5C5523-3535-4526-A2D0-844A55514CD4>.<2>, _NSURLErrorRelatedURLSessionTaskErrorKey=(\n    \"LocalDataTask <8F5C5523-3535-4526-A2D0-844A55514CD4>.<2>\"\n), NSLocalizedDescription=The Internet connection appears to be offline., NSErrorFailingURLStringKey=https://huggingface.co/api/models/argmaxinc/whisperkit-coreml, NSErrorFailingURLKey=https://huggingface.co/api/models/argmaxinc/whisperkit-coreml, _kCFStreamErrorDomainKey=1}")
INFO:wyoming_whisperkit.handler:
DEBUG:wyoming_whisperkit.handler:Completed request
DEBUG:wyoming_whisperkit.handler:Receiving audio
DEBUG:wyoming_whisperkit.handler:AudioStop received (vad_triggered=False)
DEBUG:wyoming_whisperkit.handler:Transcribing 0.9 s of audio via WhisperKit (trigger=audio_stop)
ERROR:wyoming_whisperkit.handler:whisperkit-bridge exited 1 (0.064 s): Error: modelsUnavailable("Model not found. Please check the model or repo name and try again.\nError: Error Domain=NSURLErrorDomain Code=-1009 \"The Internet connection appears to be offline.\" UserInfo={_kCFStreamErrorCodeKey=50, NSUnderlyingError=0x9310756e0 {Error Domain=kCFErrorDomainCFNetwork Code=-1009 \"(null)\" UserInfo={_kCFStreamErrorDomainKey=1, _kCFStreamErrorCodeKey=50, _NSURLErrorNWResolutionReportKey=Resolved 0 endpoints in 0ms using unknown from cache, _NSURLErrorNWPathKey=unsatisfied (No network route), dns}}, _NSURLErrorFailingURLSessionTaskErrorKey=LocalDataTask <AAA492CB-FE5B-47A0-9778-34006DB7D72F>.<2>, _NSURLErrorRelatedURLSessionTaskErrorKey=(\n    \"LocalDataTask <AAA492CB-FE5B-47A0-9778-34006DB7D72F>.<2>\"\n), NSLocalizedDescription=The Internet connection appears to be offline., NSErrorFailingURLStringKey=https://huggingface.co/api/models/argmaxinc/whisperkit-coreml, NSErrorFailingURLKey=https://huggingface.co/api/models/argmaxinc/whisperkit-coreml, _kCFStreamErrorDomainKey=1}")
INFO:wyoming_whisperkit.handler:
DEBUG:wyoming_whisperkit.handler:Completed request
DEBUG:wyoming_whisperkit.handler:Transcribe event
DEBUG:wyoming_whisperkit.handler:Receiving audio
DEBUG:wyoming_whisperkit.handler:VAD armed (608 ms speech)
INFO:wyoming_whisperkit.handler:VAD early trigger — 2.4 s audio collected (speech=1024 ms, silence=704 ms)
DEBUG:wyoming_whisperkit.handler:Transcribing 2.4 s of audio via WhisperKit (trigger=vad)
ERROR:wyoming_whisperkit.handler:whisperkit-bridge exited 1 (0.086 s): Error: modelsUnavailable("Model not found. Please check the model or repo name and try again.\nError: Error Domain=NSURLErrorDomain Code=-1009 \"The Internet connection appears to be offline.\" UserInfo={_kCFStreamErrorCodeKey=50, NSUnderlyingError=0x9c54056e0 {Error Domain=kCFErrorDomainCFNetwork Code=-1009 \"(null)\" UserInfo={_kCFStreamErrorDomainKey=1, _kCFStreamErrorCodeKey=50, _NSURLErrorNWResolutionReportKey=Resolved 0 endpoints in 0ms using unknown from cache, _NSURLErrorNWPathKey=unsatisfied (No network route), dns}}, _NSURLErrorFailingURLSessionTaskErrorKey=LocalDataTask <67367F19-3B5E-4642-94F7-F055F16ADB1B>.<2>, _NSURLErrorRelatedURLSessionTaskErrorKey=(\n    \"LocalDataTask <67367F19-3B5E-4642-94F7-F055F16ADB1B>.<2>\"\n), NSLocalizedDescription=The Internet connection appears to be offline., NSErrorFailingURLStringKey=https://huggingface.co/api/models/argmaxinc/whisperkit-coreml, NSErrorFailingURLKey=https://huggingface.co/api/models/argmaxinc/whisperkit-coreml, _kCFStreamErrorDomainKey=1}")
INFO:wyoming_whisperkit.handler:
DEBUG:wyoming_whisperkit.handler:Completed request
DEBUG:wyoming_whisperkit.handler:Receiving audio
DEBUG:wyoming_whisperkit.handler:AudioStop received (vad_triggered=False)
DEBUG:wyoming_whisperkit.handler:Transcribing 1.1 s of audio via WhisperKit (trigger=audio_stop)
ERROR:wyoming_whisperkit.handler:whisperkit-bridge exited 1 (0.053 s): Error: modelsUnavailable("Model not found. Please check the model or repo name and try again.\nError: Error Domain=NSURLErrorDomain Code=-1009 \"The Internet connection appears to be offline.\" UserInfo={_kCFStreamErrorCodeKey=50, NSUnderlyingError=0x8914456e0 {Error Domain=kCFErrorDomainCFNetwork Code=-1009 \"(null)\" UserInfo={_kCFStreamErrorDomainKey=1, _kCFStreamErrorCodeKey=50, _NSURLErrorNWResolutionReportKey=Resolved 0 endpoints in 0ms using unknown from cache, _NSURLErrorNWPathKey=unsatisfied (No network route), dns}}, _NSURLErrorFailingURLSessionTaskErrorKey=LocalDataTask <363300B8-7DA2-45D4-BF7A-206CF6B2A855>.<2>, _NSURLErrorRelatedURLSessionTaskErrorKey=(\n    \"LocalDataTask <363300B8-7DA2-45D4-BF7A-206CF6B2A855>.<2>\"\n), NSLocalizedDescription=The Internet connection appears to be offline., NSErrorFailingURLStringKey=https://huggingface.co/api/models/argmaxinc/whisperkit-coreml, NSErrorFailingURLKey=https://huggingface.co/api/models/argmaxinc/whisperkit-coreml, _kCFStreamErrorDomainKey=1}")
INFO:wyoming_whisperkit.handler:
DEBUG:wyoming_whisperkit.handler:Completed request
DEBUG:wyoming_whisperkit.handler:Transcribe event
DEBUG:wyoming_whisperkit.handler:Receiving audio
DEBUG:wyoming_whisperkit.handler:VAD armed (608 ms speech)
INFO:wyoming_whisperkit.handler:VAD early trigger — 2.4 s audio collected (speech=992 ms, silence=704 ms)
DEBUG:wyoming_whisperkit.handler:Transcribing 2.4 s of audio via WhisperKit (trigger=vad)
DEBUG:wyoming_whisperkit.handler:WhisperKit internal time: 397 ms  wall: 2060 ms
INFO:wyoming_whisperkit.handler:Turn on the speaker.
DEBUG:wyoming_whisperkit.handler:Completed request
DEBUG:wyoming_whisperkit.handler:Receiving audio
DEBUG:wyoming_whisperkit.handler:AudioStop received (vad_triggered=False)
DEBUG:wyoming_whisperkit.handler:Transcribing 1.1 s of audio via WhisperKit (trigger=audio_stop)
DEBUG:wyoming_whisperkit.handler:WhisperKit internal time: 290 ms  wall: 1570 ms
INFO:wyoming_whisperkit.handler:[water splashing]
DEBUG:wyoming_whisperkit.handler:Completed request
DEBUG:wyoming_whisperkit.handler:Transcribe event
DEBUG:wyoming_whisperkit.handler:Receiving audio
DEBUG:wyoming_whisperkit.handler:VAD armed (608 ms speech)
INFO:wyoming_whisperkit.handler:VAD early trigger — 3.9 s audio collected (speech=1856 ms, silence=704 ms)
DEBUG:wyoming_whisperkit.handler:Transcribing 3.9 s of audio via WhisperKit (trigger=vad)
DEBUG:wyoming_whisperkit.handler:WhisperKit internal time: 386 ms  wall: 1706 ms
INFO:wyoming_whisperkit.handler:Play KEXP
DEBUG:wyoming_whisperkit.handler:Completed request
DEBUG:wyoming_whisperkit.handler:Receiving audio
DEBUG:wyoming_whisperkit.handler:AudioStop received (vad_triggered=False)
DEBUG:wyoming_whisperkit.handler:Transcribing 1.0 s of audio via WhisperKit (trigger=audio_stop)
DEBUG:wyoming_whisperkit.handler:WhisperKit internal time: 303 ms  wall: 1651 ms
INFO:wyoming_whisperkit.handler:[BLANK_AUDIO]
DEBUG:wyoming_whisperkit.handler:Completed request
DEBUG:wyoming_whisperkit.handler:Transcribe event
DEBUG:wyoming_whisperkit.handler:Receiving audio
DEBUG:wyoming_whisperkit.handler:VAD armed (608 ms speech)
INFO:wyoming_whisperkit.handler:VAD early trigger — 3.8 s audio collected (speech=1664 ms, silence=704 ms)
DEBUG:wyoming_whisperkit.handler:Transcribing 3.8 s of audio via WhisperKit (trigger=vad)
DEBUG:wyoming_whisperkit.handler:WhisperKit internal time: 370 ms  wall: 1809 ms
INFO:wyoming_whisperkit.handler:Play KCRW.
DEBUG:wyoming_whisperkit.handler:Completed request
DEBUG:wyoming_whisperkit.handler:Receiving audio
DEBUG:wyoming_whisperkit.handler:AudioStop received (vad_triggered=False)
DEBUG:wyoming_whisperkit.handler:Transcribing 0.9 s of audio via WhisperKit (trigger=audio_stop)
DEBUG:wyoming_whisperkit.handler:WhisperKit internal time: 4 ms  wall: 923 ms
INFO:wyoming_whisperkit.handler:
DEBUG:wyoming_whisperkit.handler:Completed request
DEBUG:wyoming_whisperkit.handler:Transcribe event
DEBUG:wyoming_whisperkit.handler:Receiving audio
DEBUG:wyoming_whisperkit.handler:VAD armed (608 ms speech)
INFO:wyoming_whisperkit.handler:VAD early trigger — 3.1 s audio collected (speech=1952 ms, silence=704 ms)
DEBUG:wyoming_whisperkit.handler:Transcribing 3.1 s of audio via WhisperKit (trigger=vad)
DEBUG:wyoming_whisperkit.handler:WhisperKit internal time: 466 ms  wall: 1603 ms
INFO:wyoming_whisperkit.handler:Play WQBR.
DEBUG:wyoming_whisperkit.handler:Completed request
DEBUG:wyoming_whisperkit.handler:Receiving audio
DEBUG:wyoming_whisperkit.handler:AudioStop received (vad_triggered=False)
DEBUG:wyoming_whisperkit.handler:Transcribing 1.2 s of audio via WhisperKit (trigger=audio_stop)
DEBUG:wyoming_whisperkit.handler:WhisperKit internal time: 318 ms  wall: 1090 ms
INFO:wyoming_whisperkit.handler:(kissing)
DEBUG:wyoming_whisperkit.handler:Completed request
DEBUG:wyoming_whisperkit.handler:Transcribe event
DEBUG:wyoming_whisperkit.handler:Receiving audio
DEBUG:wyoming_whisperkit.handler:VAD armed (608 ms speech)
INFO:wyoming_whisperkit.handler:VAD early trigger — 2.8 s audio collected (speech=1536 ms, silence=704 ms)
DEBUG:wyoming_whisperkit.handler:Transcribing 2.8 s of audio via WhisperKit (trigger=vad)
DEBUG:wyoming_whisperkit.handler:WhisperKit internal time: 316 ms  wall: 1350 ms
INFO:wyoming_whisperkit.handler:Play WQBR.
DEBUG:wyoming_whisperkit.handler:Completed request
DEBUG:wyoming_whisperkit.handler:Receiving audio
DEBUG:wyoming_whisperkit.handler:AudioStop received (vad_triggered=False)
DEBUG:wyoming_whisperkit.handler:Transcribing 0.9 s of audio via WhisperKit (trigger=audio_stop)
DEBUG:wyoming_whisperkit.handler:WhisperKit internal time: 4 ms  wall: 761 ms
INFO:wyoming_whisperkit.handler:
DEBUG:wyoming_whisperkit.handler:Completed request
DEBUG:wyoming_whisperkit.handler:Transcribe event
DEBUG:wyoming_whisperkit.handler:Receiving audio
DEBUG:wyoming_whisperkit.handler:VAD armed (608 ms speech)
INFO:wyoming_whisperkit.handler:VAD early trigger — 2.6 s audio collected (speech=1344 ms, silence=704 ms)
DEBUG:wyoming_whisperkit.handler:Transcribing 2.6 s of audio via WhisperKit (trigger=vad)
DEBUG:wyoming_whisperkit.handler:WhisperKit internal time: 301 ms  wall: 1542 ms
INFO:wyoming_whisperkit.handler:Play WFMU
DEBUG:wyoming_whisperkit.handler:Completed request
DEBUG:wyoming_whisperkit.handler:Receiving audio
DEBUG:wyoming_whisperkit.handler:AudioStop received (vad_triggered=False)
DEBUG:wyoming_whisperkit.handler:Transcribing 1.1 s of audio via WhisperKit (trigger=audio_stop)
DEBUG:wyoming_whisperkit.handler:WhisperKit internal time: 295 ms  wall: 1236 ms
INFO:wyoming_whisperkit.handler:[BLANK_AUDIO]
DEBUG:wyoming_whisperkit.handler:Completed request
DEBUG:wyoming_whisperkit.handler:Transcribe event
DEBUG:wyoming_whisperkit.handler:Receiving audio
DEBUG:wyoming_whisperkit.handler:AudioStop received (vad_triggered=False)
DEBUG:wyoming_whisperkit.handler:Transcribing 3.6 s of audio via WhisperKit (trigger=audio_stop)
DEBUG:wyoming_whisperkit.handler:WhisperKit internal time: 375 ms  wall: 2366 ms
INFO:wyoming_whisperkit.handler:Stop.
DEBUG:wyoming_whisperkit.handler:Completed request
DEBUG:wyoming_whisperkit.handler:Transcribe event
DEBUG:wyoming_whisperkit.handler:Receiving audio
DEBUG:wyoming_whisperkit.handler:AudioStop received (vad_triggered=False)
DEBUG:wyoming_whisperkit.handler:Transcribing 2.6 s of audio via WhisperKit (trigger=audio_stop)
DEBUG:wyoming_whisperkit.handler:WhisperKit internal time: 349 ms  wall: 2029 ms
INFO:wyoming_whisperkit.handler:Goodnight.
DEBUG:wyoming_whisperkit.handler:Completed request
DEBUG:wyoming_whisperkit.handler:Sent info
DEBUG:wyoming_whisperkit.handler:Transcribe event
DEBUG:wyoming_whisperkit.handler:Receiving audio
DEBUG:wyoming_whisperkit.handler:VAD armed (608 ms speech)
INFO:wyoming_whisperkit.handler:VAD early trigger — 2.0 s audio collected (speech=928 ms, silence=704 ms)
DEBUG:wyoming_whisperkit.handler:Transcribing 2.0 s of audio via WhisperKit (trigger=vad)
DEBUG:wyoming_whisperkit.handler:WhisperKit internal time: 756 ms  wall: 2423 ms
INFO:wyoming_whisperkit.handler:Turn on the speaker.
DEBUG:wyoming_whisperkit.handler:Completed request
DEBUG:wyoming_whisperkit.handler:Receiving audio
DEBUG:wyoming_whisperkit.handler:AudioStop received (vad_triggered=False)
DEBUG:wyoming_whisperkit.handler:Transcribing 1.1 s of audio via WhisperKit (trigger=audio_stop)
DEBUG:wyoming_whisperkit.handler:WhisperKit internal time: 612 ms  wall: 2205 ms
INFO:wyoming_whisperkit.handler:(kissing)
DEBUG:wyoming_whisperkit.handler:Completed request
DEBUG:wyoming_whisperkit.handler:Sent info
DEBUG:wyoming_whisperkit.handler:Transcribe event
DEBUG:wyoming_whisperkit.handler:Receiving audio
DEBUG:wyoming_whisperkit.handler:AudioStop received (vad_triggered=False)
DEBUG:wyoming_whisperkit.handler:Transcribing 15.0 s of audio via WhisperKit (trigger=audio_stop)
DEBUG:wyoming_whisperkit.handler:WhisperKit internal time: 346 ms  wall: 2451 ms
INFO:wyoming_whisperkit.handler:Stop!
DEBUG:wyoming_whisperkit.handler:Completed request
DEBUG:wyoming_whisperkit.handler:Transcribe event
DEBUG:wyoming_whisperkit.handler:Receiving audio
DEBUG:wyoming_whisperkit.handler:VAD armed (608 ms speech)
INFO:wyoming_whisperkit.handler:VAD early trigger — 2.3 s audio collected (speech=1088 ms, silence=704 ms)
DEBUG:wyoming_whisperkit.handler:Transcribing 2.3 s of audio via WhisperKit (trigger=vad)
DEBUG:wyoming_whisperkit.handler:WhisperKit internal time: 401 ms  wall: 1881 ms
INFO:wyoming_whisperkit.handler:Turn the speaker off.
DEBUG:wyoming_whisperkit.handler:Completed request
DEBUG:wyoming_whisperkit.handler:Receiving audio
DEBUG:wyoming_whisperkit.handler:AudioStop received (vad_triggered=False)
DEBUG:wyoming_whisperkit.handler:Transcribing 1.1 s of audio via WhisperKit (trigger=audio_stop)
DEBUG:wyoming_whisperkit.handler:WhisperKit internal time: 284 ms  wall: 1316 ms
INFO:wyoming_whisperkit.handler:[BLANK_AUDIO]
DEBUG:wyoming_whisperkit.handler:Completed request
DEBUG:wyoming_whisperkit.handler:Transcribe event
DEBUG:wyoming_whisperkit.handler:Receiving audio
DEBUG:wyoming_whisperkit.handler:AudioStop received (vad_triggered=False)
DEBUG:wyoming_whisperkit.handler:Transcribing 5.5 s of audio via WhisperKit (trigger=audio_stop)
DEBUG:wyoming_whisperkit.handler:WhisperKit internal time: 314 ms  wall: 1593 ms
INFO:wyoming_whisperkit.handler:Good night
DEBUG:wyoming_whisperkit.handler:Completed request
DEBUG:wyoming_whisperkit.handler:Transcribe event
DEBUG:wyoming_whisperkit.handler:Receiving audio
DEBUG:wyoming_whisperkit.handler:VAD armed (608 ms speech)
INFO:wyoming_whisperkit.handler:VAD early trigger — 2.3 s audio collected (speech=768 ms, silence=704 ms)
DEBUG:wyoming_whisperkit.handler:Transcribing 2.3 s of audio via WhisperKit (trigger=vad)
DEBUG:wyoming_whisperkit.handler:WhisperKit internal time: 313 ms  wall: 1575 ms
INFO:wyoming_whisperkit.handler:Stop. Good night.
DEBUG:wyoming_whisperkit.handler:Completed request
DEBUG:wyoming_whisperkit.handler:Receiving audio
DEBUG:wyoming_whisperkit.handler:AudioStop received (vad_triggered=False)
DEBUG:wyoming_whisperkit.handler:Transcribing 0.9 s of audio via WhisperKit (trigger=audio_stop)
DEBUG:wyoming_whisperkit.handler:WhisperKit internal time: 7 ms  wall: 1770 ms
INFO:wyoming_whisperkit.handler:
DEBUG:wyoming_whisperkit.handler:Completed request
DEBUG:wyoming_whisperkit.handler:Transcribe event
DEBUG:wyoming_whisperkit.handler:Receiving audio
DEBUG:wyoming_whisperkit.handler:AudioStop received (vad_triggered=False)
DEBUG:wyoming_whisperkit.handler:Transcribing 2.9 s of audio via WhisperKit (trigger=audio_stop)
DEBUG:wyoming_whisperkit.handler:WhisperKit internal time: 249 ms  wall: 1345 ms
INFO:wyoming_whisperkit.handler:Goodnight.
DEBUG:wyoming_whisperkit.handler:Completed request
DEBUG:wyoming_whisperkit.handler:Transcribe event
DEBUG:wyoming_whisperkit.handler:Receiving audio
DEBUG:wyoming_whisperkit.handler:VAD armed (608 ms speech)
INFO:wyoming_whisperkit.handler:VAD early trigger — 4.8 s audio collected (speech=3200 ms, silence=704 ms)
DEBUG:wyoming_whisperkit.handler:Transcribing 4.8 s of audio via WhisperKit (trigger=vad)
DEBUG:wyoming_whisperkit.handler:WhisperKit internal time: 538 ms  wall: 2524 ms
INFO:wyoming_whisperkit.handler:Play a Spotify radio station based on Wednesday.
DEBUG:wyoming_whisperkit.handler:Completed request
DEBUG:wyoming_whisperkit.handler:Receiving audio
DEBUG:wyoming_whisperkit.handler:AudioStop received (vad_triggered=False)
DEBUG:wyoming_whisperkit.handler:Transcribing 1.2 s of audio via WhisperKit (trigger=audio_stop)
DEBUG:wyoming_whisperkit.handler:WhisperKit internal time: 873 ms  wall: 2613 ms
INFO:wyoming_whisperkit.handler:[BLANK_AUDIO]
DEBUG:wyoming_whisperkit.handler:Completed request
DEBUG:wyoming_whisperkit.handler:Transcribe event
DEBUG:wyoming_whisperkit.handler:Receiving audio
DEBUG:wyoming_whisperkit.handler:VAD armed (608 ms speech)
INFO:wyoming_whisperkit.handler:VAD early trigger — 3.8 s audio collected (speech=2656 ms, silence=704 ms)
DEBUG:wyoming_whisperkit.handler:Transcribing 3.8 s of audio via WhisperKit (trigger=vad)
DEBUG:wyoming_whisperkit.handler:WhisperKit internal time: 448 ms  wall: 1779 ms
INFO:wyoming_whisperkit.handler:Play a radio station based on MJ Lunderman.
DEBUG:wyoming_whisperkit.handler:Completed request
DEBUG:wyoming_whisperkit.handler:Receiving audio
DEBUG:wyoming_whisperkit.handler:AudioStop received (vad_triggered=False)
DEBUG:wyoming_whisperkit.handler:Transcribing 0.7 s of audio via WhisperKit (trigger=audio_stop)
DEBUG:wyoming_whisperkit.handler:WhisperKit internal time: 6 ms  wall: 1236 ms
INFO:wyoming_whisperkit.handler:
DEBUG:wyoming_whisperkit.handler:Completed request
DEBUG:wyoming_whisperkit.handler:Transcribe event
DEBUG:wyoming_whisperkit.handler:Receiving audio
DEBUG:wyoming_whisperkit.handler:AudioStop received (vad_triggered=False)
DEBUG:wyoming_whisperkit.handler:Transcribing 2.8 s of audio via WhisperKit (trigger=audio_stop)
DEBUG:wyoming_whisperkit.handler:WhisperKit internal time: 341 ms  wall: 1678 ms
INFO:wyoming_whisperkit.handler:Good night.
DEBUG:wyoming_whisperkit.handler:Completed request
DEBUG:wyoming_whisperkit.handler:Transcribe event
DEBUG:wyoming_whisperkit.handler:Receiving audio
DEBUG:wyoming_whisperkit.handler:AudioStop received (vad_triggered=False)
DEBUG:wyoming_whisperkit.handler:Transcribing 2.6 s of audio via WhisperKit (trigger=audio_stop)
DEBUG:wyoming_whisperkit.handler:WhisperKit internal time: 352 ms  wall: 1798 ms
INFO:wyoming_whisperkit.handler:Stop.
DEBUG:wyoming_whisperkit.handler:Completed request
DEBUG:wyoming_whisperkit.handler:Transcribe event
DEBUG:wyoming_whisperkit.handler:Receiving audio
DEBUG:wyoming_whisperkit.handler:VAD armed (608 ms speech)
DEBUG:wyoming_whisperkit.handler:AudioStop received (vad_triggered=False)
DEBUG:wyoming_whisperkit.handler:Transcribing 15.0 s of audio via WhisperKit (trigger=audio_stop)
DEBUG:wyoming_whisperkit.handler:WhisperKit internal time: 339 ms  wall: 2098 ms
INFO:wyoming_whisperkit.handler:Good night
DEBUG:wyoming_whisperkit.handler:Completed request
DEBUG:wyoming_whisperkit.handler:Transcribe event
DEBUG:wyoming_whisperkit.handler:Receiving audio
DEBUG:wyoming_whisperkit.handler:AudioStop received (vad_triggered=False)
DEBUG:wyoming_whisperkit.handler:Transcribing 0.6 s of audio via WhisperKit (trigger=audio_stop)
DEBUG:wyoming_whisperkit.handler:WhisperKit internal time: 9 ms  wall: 2545 ms
INFO:wyoming_whisperkit.handler:
DEBUG:wyoming_whisperkit.handler:Completed request
DEBUG:wyoming_whisperkit.handler:Transcribe event
DEBUG:wyoming_whisperkit.handler:Receiving audio
DEBUG:wyoming_whisperkit.handler:AudioStop received (vad_triggered=False)
DEBUG:wyoming_whisperkit.handler:Transcribing 2.4 s of audio via WhisperKit (trigger=audio_stop)
DEBUG:wyoming_whisperkit.handler:WhisperKit internal time: 349 ms  wall: 1687 ms
INFO:wyoming_whisperkit.handler:Good night.
DEBUG:wyoming_whisperkit.handler:Completed request
DEBUG:wyoming_whisperkit.handler:Transcribe event
DEBUG:wyoming_whisperkit.handler:Receiving audio
DEBUG:wyoming_whisperkit.handler:VAD armed (608 ms speech)
INFO:wyoming_whisperkit.handler:VAD early trigger — 3.9 s audio collected (speech=704 ms, silence=704 ms)
DEBUG:wyoming_whisperkit.handler:Transcribing 3.9 s of audio via WhisperKit (trigger=vad)
DEBUG:wyoming_whisperkit.handler:WhisperKit internal time: 472 ms  wall: 2003 ms
INFO:wyoming_whisperkit.handler:Turn this speaker off.
DEBUG:wyoming_whisperkit.handler:Completed request
DEBUG:wyoming_whisperkit.handler:Receiving audio
DEBUG:wyoming_whisperkit.handler:AudioStop received (vad_triggered=False)
DEBUG:wyoming_whisperkit.handler:Transcribing 1.0 s of audio via WhisperKit (trigger=audio_stop)
DEBUG:wyoming_whisperkit.handler:WhisperKit internal time: 290 ms  wall: 1307 ms
INFO:wyoming_whisperkit.handler:[BLANK_AUDIO]
DEBUG:wyoming_whisperkit.handler:Completed request
DEBUG:wyoming_whisperkit.handler:Transcribe event
DEBUG:wyoming_whisperkit.handler:Receiving audio
DEBUG:wyoming_whisperkit.handler:AudioStop received (vad_triggered=False)
DEBUG:wyoming_whisperkit.handler:Transcribing 2.4 s of audio via WhisperKit (trigger=audio_stop)
DEBUG:wyoming_whisperkit.handler:WhisperKit internal time: 340 ms  wall: 1744 ms
INFO:wyoming_whisperkit.handler:Good night.
DEBUG:wyoming_whisperkit.handler:Completed request
DEBUG:wyoming_whisperkit.handler:Transcribe event
DEBUG:wyoming_whisperkit.handler:Receiving audio
DEBUG:wyoming_whisperkit.handler:AudioStop received (vad_triggered=False)
DEBUG:wyoming_whisperkit.handler:Transcribing 2.5 s of audio via WhisperKit (trigger=audio_stop)
DEBUG:wyoming_whisperkit.handler:WhisperKit internal time: 321 ms  wall: 2180 ms
INFO:wyoming_whisperkit.handler:Stop.
DEBUG:wyoming_whisperkit.handler:Completed request
DEBUG:wyoming_whisperkit.handler:Transcribe event
DEBUG:wyoming_whisperkit.handler:Receiving audio
DEBUG:wyoming_whisperkit.handler:AudioStop received (vad_triggered=False)
DEBUG:wyoming_whisperkit.handler:Transcribing 2.5 s of audio via WhisperKit (trigger=audio_stop)
DEBUG:wyoming_whisperkit.handler:WhisperKit internal time: 359 ms  wall: 1689 ms
INFO:wyoming_whisperkit.handler:Goodnight.
DEBUG:wyoming_whisperkit.handler:Completed request
DEBUG:wyoming_whisperkit.handler:Transcribe event
DEBUG:wyoming_whisperkit.handler:Receiving audio
DEBUG:wyoming_whisperkit.handler:AudioStop received (vad_triggered=False)
DEBUG:wyoming_whisperkit.handler:Transcribing 2.4 s of audio via WhisperKit (trigger=audio_stop)
DEBUG:wyoming_whisperkit.handler:WhisperKit internal time: 359 ms  wall: 2364 ms
INFO:wyoming_whisperkit.handler:Stop.
DEBUG:wyoming_whisperkit.handler:Completed request
DEBUG:wyoming_whisperkit.handler:Sent info
DEBUG:wyoming_whisperkit.handler:Transcribe event
DEBUG:wyoming_whisperkit.handler:Receiving audio
DEBUG:wyoming_whisperkit.handler:AudioStop received (vad_triggered=False)
DEBUG:wyoming_whisperkit.handler:Transcribing 2.7 s of audio via WhisperKit (trigger=audio_stop)
DEBUG:wyoming_whisperkit.handler:WhisperKit internal time: 311 ms  wall: 2005 ms
INFO:wyoming_whisperkit.handler:Goodnight.
DEBUG:wyoming_whisperkit.handler:Completed request
DEBUG:wyoming_whisperkit.handler:Transcribe event
DEBUG:wyoming_whisperkit.handler:Receiving audio
DEBUG:wyoming_whisperkit.handler:VAD armed (608 ms speech)
INFO:wyoming_whisperkit.handler:VAD early trigger — 2.4 s audio collected (speech=1152 ms, silence=704 ms)
DEBUG:wyoming_whisperkit.handler:Transcribing 2.4 s of audio via WhisperKit (trigger=vad)
DEBUG:wyoming_whisperkit.handler:WhisperKit internal time: 459 ms  wall: 2017 ms
INFO:wyoming_whisperkit.handler:Turn the speaker on.
DEBUG:wyoming_whisperkit.handler:Completed request
DEBUG:wyoming_whisperkit.handler:Receiving audio
DEBUG:wyoming_whisperkit.handler:AudioStop received (vad_triggered=False)
DEBUG:wyoming_whisperkit.handler:Transcribing 0.9 s of audio via WhisperKit (trigger=audio_stop)
DEBUG:wyoming_whisperkit.handler:WhisperKit internal time: 4 ms  wall: 960 ms
INFO:wyoming_whisperkit.handler:
DEBUG:wyoming_whisperkit.handler:Completed request
DEBUG:wyoming_whisperkit.handler:Transcribe event
DEBUG:wyoming_whisperkit.handler:Receiving audio
DEBUG:wyoming_whisperkit.handler:VAD armed (608 ms speech)
INFO:wyoming_whisperkit.handler:VAD early trigger — 3.5 s audio collected (speech=1600 ms, silence=704 ms)
DEBUG:wyoming_whisperkit.handler:Transcribing 3.5 s of audio via WhisperKit (trigger=vad)
DEBUG:wyoming_whisperkit.handler:WhisperKit internal time: 321 ms  wall: 1581 ms
INFO:wyoming_whisperkit.handler:Play WNYC.
DEBUG:wyoming_whisperkit.handler:Completed request
DEBUG:wyoming_whisperkit.handler:Receiving audio
DEBUG:wyoming_whisperkit.handler:AudioStop received (vad_triggered=False)
DEBUG:wyoming_whisperkit.handler:Transcribing 1.4 s of audio via WhisperKit (trigger=audio_stop)
DEBUG:wyoming_whisperkit.handler:WhisperKit internal time: 307 ms  wall: 1542 ms
INFO:wyoming_whisperkit.handler:(dog barks)
DEBUG:wyoming_whisperkit.handler:Completed request
DEBUG:wyoming_whisperkit.handler:Transcribe event
DEBUG:wyoming_whisperkit.handler:Receiving audio
DEBUG:wyoming_whisperkit.handler:VAD armed (608 ms speech)
INFO:wyoming_whisperkit.handler:VAD early trigger — 2.8 s audio collected (speech=1472 ms, silence=704 ms)
DEBUG:wyoming_whisperkit.handler:Transcribing 2.8 s of audio via WhisperKit (trigger=vad)
DEBUG:wyoming_whisperkit.handler:WhisperKit internal time: 1206 ms  wall: 3712 ms
INFO:wyoming_whisperkit.handler:Play KEXP
DEBUG:wyoming_whisperkit.handler:Completed request
DEBUG:wyoming_whisperkit.handler:Receiving audio
DEBUG:wyoming_whisperkit.handler:AudioStop received (vad_triggered=False)
DEBUG:wyoming_whisperkit.handler:Transcribing 1.6 s of audio via WhisperKit (trigger=audio_stop)
DEBUG:wyoming_whisperkit.handler:WhisperKit internal time: 339 ms  wall: 1489 ms
INFO:wyoming_whisperkit.handler:(clanking)
DEBUG:wyoming_whisperkit.handler:Completed request
DEBUG:wyoming_whisperkit.handler:Sent info
DEBUG:wyoming_whisperkit.handler:Transcribe event
DEBUG:wyoming_whisperkit.handler:Receiving audio
DEBUG:wyoming_whisperkit.handler:AudioStop received (vad_triggered=False)
DEBUG:wyoming_whisperkit.handler:Transcribing 2.6 s of audio via WhisperKit (trigger=audio_stop)
DEBUG:wyoming_whisperkit.handler:WhisperKit internal time: 385 ms  wall: 1751 ms
INFO:wyoming_whisperkit.handler:Good night.
DEBUG:wyoming_whisperkit.handler:Completed request
DEBUG:wyoming_whisperkit.handler:Transcribe event
DEBUG:wyoming_whisperkit.handler:Receiving audio
DEBUG:wyoming_whisperkit.handler:VAD armed (608 ms speech)
INFO:wyoming_whisperkit.handler:VAD early trigger — 4.8 s audio collected (speech=3392 ms, silence=704 ms)
DEBUG:wyoming_whisperkit.handler:Transcribing 4.8 s of audio via WhisperKit (trigger=vad)
DEBUG:wyoming_whisperkit.handler:WhisperKit internal time: 480 ms  wall: 2336 ms
INFO:wyoming_whisperkit.handler:rested and they're cheap and they need special treatment.
DEBUG:wyoming_whisperkit.handler:Completed request
DEBUG:wyoming_whisperkit.handler:Receiving audio
DEBUG:wyoming_whisperkit.handler:AudioStop received (vad_triggered=False)
DEBUG:wyoming_whisperkit.handler:Transcribing 1.2 s of audio via WhisperKit (trigger=audio_stop)
DEBUG:wyoming_whisperkit.handler:WhisperKit internal time: 300 ms  wall: 1285 ms
INFO:wyoming_whisperkit.handler:(glass clattering)
DEBUG:wyoming_whisperkit.handler:Completed request
DEBUG:wyoming_whisperkit.handler:Transcribe event
DEBUG:wyoming_whisperkit.handler:Receiving audio
DEBUG:wyoming_whisperkit.handler:VAD armed (608 ms speech)
INFO:wyoming_whisperkit.handler:VAD early trigger — 5.5 s audio collected (speech=1184 ms, silence=704 ms)
DEBUG:wyoming_whisperkit.handler:Transcribing 5.5 s of audio via WhisperKit (trigger=vad)
DEBUG:wyoming_whisperkit.handler:WhisperKit internal time: 342 ms  wall: 1999 ms
INFO:wyoming_whisperkit.handler:Good night.
DEBUG:wyoming_whisperkit.handler:Completed request
DEBUG:wyoming_whisperkit.handler:Receiving audio
DEBUG:wyoming_whisperkit.handler:AudioStop received (vad_triggered=False)
DEBUG:wyoming_whisperkit.handler:Transcribing 0.6 s of audio via WhisperKit (trigger=audio_stop)
DEBUG:wyoming_whisperkit.handler:WhisperKit internal time: 4 ms  wall: 899 ms
INFO:wyoming_whisperkit.handler:
DEBUG:wyoming_whisperkit.handler:Completed request
DEBUG:wyoming_whisperkit.handler:Sent info
DEBUG:wyoming_whisperkit.handler:Transcribe event
DEBUG:wyoming_whisperkit.handler:Receiving audio
DEBUG:wyoming_whisperkit.handler:VAD armed (608 ms speech)
INFO:wyoming_whisperkit.handler:VAD early trigger — 6.3 s audio collected (speech=4384 ms, silence=704 ms)
DEBUG:wyoming_whisperkit.handler:Transcribing 6.3 s of audio via WhisperKit (trigger=vad)
DEBUG:wyoming_whisperkit.handler:WhisperKit internal time: 554 ms  wall: 2149 ms
INFO:wyoming_whisperkit.handler:point transfer shovel or as they say in the comments when they've written a shovel.
DEBUG:wyoming_whisperkit.handler:Completed request
DEBUG:wyoming_whisperkit.handler:Receiving audio
DEBUG:wyoming_whisperkit.handler:AudioStop received (vad_triggered=False)
DEBUG:wyoming_whisperkit.handler:Transcribing 0.6 s of audio via WhisperKit (trigger=audio_stop)
DEBUG:wyoming_whisperkit.handler:WhisperKit internal time: 8 ms  wall: 1555 ms
INFO:wyoming_whisperkit.handler:
DEBUG:wyoming_whisperkit.handler:Completed request
DEBUG:wyoming_whisperkit.handler:Transcribe event
DEBUG:wyoming_whisperkit.handler:Receiving audio
DEBUG:wyoming_whisperkit.handler:AudioStop received (vad_triggered=False)
DEBUG:wyoming_whisperkit.handler:Transcribing 2.4 s of audio via WhisperKit (trigger=audio_stop)
DEBUG:wyoming_whisperkit.handler:WhisperKit internal time: 349 ms  wall: 1802 ms
INFO:wyoming_whisperkit.handler:Goodnight.
DEBUG:wyoming_whisperkit.handler:Completed request
DEBUG:wyoming_whisperkit.handler:Sent info
DEBUG:wyoming_whisperkit.handler:Sent info
DEBUG:wyoming_whisperkit.handler:Sent info
DEBUG:wyoming_whisperkit.handler:Sent info
DEBUG:wyoming_whisperkit.handler:Transcribe event
DEBUG:wyoming_whisperkit.handler:Receiving audio
DEBUG:wyoming_whisperkit.handler:VAD armed (608 ms speech)
DEBUG:wyoming_whisperkit.handler:VAD disarmed — speech exceeded cap
DEBUG:wyoming_whisperkit.handler:Receiving audio
DEBUG:wyoming_whisperkit.handler:VAD armed (608 ms speech)
DEBUG:wyoming_whisperkit.handler:AudioStop received (vad_triggered=False)
DEBUG:wyoming_whisperkit.handler:Transcribing 3.2 s of audio via WhisperKit (trigger=audio_stop)
DEBUG:wyoming_whisperkit.handler:WhisperKit internal time: 509 ms  wall: 2379 ms
INFO:wyoming_whisperkit.handler:a ship's top speed is ultimately limited by its
DEBUG:wyoming_whisperkit.handler:Completed request
DEBUG:wyoming_whisperkit.handler:Sent info
DEBUG:wyoming_whisperkit.handler:Transcribe event
DEBUG:wyoming_whisperkit.handler:Receiving audio
DEBUG:wyoming_whisperkit.handler:AudioStop received (vad_triggered=False)
DEBUG:wyoming_whisperkit.handler:Transcribing 2.5 s of audio via WhisperKit (trigger=audio_stop)
DEBUG:wyoming_whisperkit.handler:WhisperKit internal time: 310 ms  wall: 1692 ms
INFO:wyoming_whisperkit.handler:Goodnight.
DEBUG:wyoming_whisperkit.handler:Completed request
DEBUG:wyoming_whisperkit.handler:Transcribe event
DEBUG:wyoming_whisperkit.handler:Receiving audio
DEBUG:wyoming_whisperkit.handler:AudioStop received (vad_triggered=False)
DEBUG:wyoming_whisperkit.handler:Transcribing 2.7 s of audio via WhisperKit (trigger=audio_stop)
DEBUG:wyoming_whisperkit.handler:WhisperKit internal time: 372 ms  wall: 2287 ms
INFO:wyoming_whisperkit.handler:(radio chatter)
DEBUG:wyoming_whisperkit.handler:Completed request
WARNING: Retrying (Retry(total=4, connect=None, read=None, redirect=None, status=None)) after connection broken by 'NewConnectionError('<pip._vendor.urllib3.connection.HTTPSConnection object at 0x108d746a0>: Failed to establish a new connection: [Errno 8] nodename nor servname provided, or not known')': /simple/pip/
WARNING: Retrying (Retry(total=3, connect=None, read=None, redirect=None, status=None)) after connection broken by 'NewConnectionError('<pip._vendor.urllib3.connection.HTTPSConnection object at 0x108d74f10>: Failed to establish a new connection: [Errno 8] nodename nor servname provided, or not known')': /simple/pip/
WARNING: Retrying (Retry(total=2, connect=None, read=None, redirect=None, status=None)) after connection broken by 'NewConnectionError('<pip._vendor.urllib3.connection.HTTPSConnection object at 0x108da52b0>: Failed to establish a new connection: [Errno 8] nodename nor servname provided, or not known')': /simple/pip/
WARNING: Retrying (Retry(total=1, connect=None, read=None, redirect=None, status=None)) after connection broken by 'NewConnectionError('<pip._vendor.urllib3.connection.HTTPSConnection object at 0x108da5460>: Failed to establish a new connection: [Errno 8] nodename nor servname provided, or not known')': /simple/pip/
WARNING: Retrying (Retry(total=0, connect=None, read=None, redirect=None, status=None)) after connection broken by 'NewConnectionError('<pip._vendor.urllib3.connection.HTTPSConnection object at 0x108da5610>: Failed to establish a new connection: [Errno 8] nodename nor servname provided, or not known')': /simple/pip/
WARNING: Retrying (Retry(total=4, connect=None, read=None, redirect=None, status=None)) after connection broken by 'NewConnectionError('<pip._vendor.urllib3.connection.HTTPSConnection object at 0x10918cd00>: Failed to establish a new connection: [Errno 8] nodename nor servname provided, or not known')': /simple/setuptools/
WARNING: Retrying (Retry(total=3, connect=None, read=None, redirect=None, status=None)) after connection broken by 'NewConnectionError('<pip._vendor.urllib3.connection.HTTPSConnection object at 0x10918cfd0>: Failed to establish a new connection: [Errno 8] nodename nor servname provided, or not known')': /simple/setuptools/
WARNING: Retrying (Retry(total=2, connect=None, read=None, redirect=None, status=None)) after connection broken by 'NewConnectionError('<pip._vendor.urllib3.connection.HTTPSConnection object at 0x1091be220>: Failed to establish a new connection: [Errno 8] nodename nor servname provided, or not known')': /simple/setuptools/
WARNING: Retrying (Retry(total=1, connect=None, read=None, redirect=None, status=None)) after connection broken by 'NewConnectionError('<pip._vendor.urllib3.connection.HTTPSConnection object at 0x1091be3d0>: Failed to establish a new connection: [Errno 8] nodename nor servname provided, or not known')': /simple/setuptools/
WARNING: Retrying (Retry(total=0, connect=None, read=None, redirect=None, status=None)) after connection broken by 'NewConnectionError('<pip._vendor.urllib3.connection.HTTPSConnection object at 0x1091be580>: Failed to establish a new connection: [Errno 8] nodename nor servname provided, or not known')': /simple/setuptools/
WARNING: Retrying (Retry(total=4, connect=None, read=None, redirect=None, status=None)) after connection broken by 'NewConnectionError('<pip._vendor.urllib3.connection.HTTPSConnection object at 0x1092534f0>: Failed to establish a new connection: [Errno 8] nodename nor servname provided, or not known')': /simple/wheel/
WARNING: Retrying (Retry(total=3, connect=None, read=None, redirect=None, status=None)) after connection broken by 'NewConnectionError('<pip._vendor.urllib3.connection.HTTPSConnection object at 0x109253970>: Failed to establish a new connection: [Errno 8] nodename nor servname provided, or not known')': /simple/wheel/
WARNING: Retrying (Retry(total=2, connect=None, read=None, redirect=None, status=None)) after connection broken by 'NewConnectionError('<pip._vendor.urllib3.connection.HTTPSConnection object at 0x1091be4f0>: Failed to establish a new connection: [Errno 8] nodename nor servname provided, or not known')': /simple/wheel/
WARNING: Retrying (Retry(total=1, connect=None, read=None, redirect=None, status=None)) after connection broken by 'NewConnectionError('<pip._vendor.urllib3.connection.HTTPSConnection object at 0x109253be0>: Failed to establish a new connection: [Errno 8] nodename nor servname provided, or not known')': /simple/wheel/
WARNING: Retrying (Retry(total=0, connect=None, read=None, redirect=None, status=None)) after connection broken by 'NewConnectionError('<pip._vendor.urllib3.connection.HTTPSConnection object at 0x109253d90>: Failed to establish a new connection: [Errno 8] nodename nor servname provided, or not known')': /simple/wheel/
  error: subprocess-exited-with-error
  
  × installing build dependencies did not run successfully.
  │ exit code: 1
  ╰─> [7 lines of output]
      WARNING: Retrying (Retry(total=4, connect=None, read=None, redirect=None, status=None)) after connection broken by 'NewConnectionError('<pip._vendor.urllib3.connection.HTTPSConnection object at 0x106775700>: Failed to establish a new connection: [Errno 8] nodename nor servname provided, or not known')': /simple/setuptools/
      WARNING: Retrying (Retry(total=3, connect=None, read=None, redirect=None, status=None)) after connection broken by 'NewConnectionError('<pip._vendor.urllib3.connection.HTTPSConnection object at 0x106775a30>: Failed to establish a new connection: [Errno 8] nodename nor servname provided, or not known')': /simple/setuptools/
      WARNING: Retrying (Retry(total=2, connect=None, read=None, redirect=None, status=None)) after connection broken by 'NewConnectionError('<pip._vendor.urllib3.connection.HTTPSConnection object at 0x106775be0>: Failed to establish a new connection: [Errno 8] nodename nor servname provided, or not known')': /simple/setuptools/
      WARNING: Retrying (Retry(total=1, connect=None, read=None, redirect=None, status=None)) after connection broken by 'NewConnectionError('<pip._vendor.urllib3.connection.HTTPSConnection object at 0x106775d90>: Failed to establish a new connection: [Errno 8] nodename nor servname provided, or not known')': /simple/setuptools/
      WARNING: Retrying (Retry(total=0, connect=None, read=None, redirect=None, status=None)) after connection broken by 'NewConnectionError('<pip._vendor.urllib3.connection.HTTPSConnection object at 0x106775f70>: Failed to establish a new connection: [Errno 8] nodename nor servname provided, or not known')': /simple/setuptools/
      ERROR: Could not find a version that satisfies the requirement setuptools>=40.8.0 (from versions: none)
      ERROR: No matching distribution found for setuptools>=40.8.0
      [end of output]
  
  note: This error originates from a subprocess, and is likely not a problem with pip.
ERROR: Failed to build 'file:///Users/media/containers/home-automation/wyoming-whisperkit' when installing build dependencies
Traceback (most recent call last):
  File "/Users/media/containers/home-automation/wyoming-whisperkit/./script/setup", line 19, in <module>
    subprocess.check_call(pip + ["install", "-e", str(_PROGRAM_DIR)])
  File "/Library/Developer/CommandLineTools/Library/Frameworks/Python3.framework/Versions/3.9/lib/python3.9/subprocess.py", line 373, in check_call
    raise CalledProcessError(retcode, cmd)
subprocess.CalledProcessError: Command '['/Users/media/containers/home-automation/wyoming-whisperkit/.venv/bin/python3', '-m', 'pip', 'install', '-e', '/Users/media/containers/home-automation/wyoming-whisperkit']' returned non-zero exit status 1.
WARNING: Retrying (Retry(total=4, connect=None, read=None, redirect=None, status=None)) after connection broken by 'NewConnectionError('<pip._vendor.urllib3.connection.HTTPSConnection object at 0x1090b18b0>: Failed to establish a new connection: [Errno 8] nodename nor servname provided, or not known')': /simple/pip/
WARNING: Retrying (Retry(total=3, connect=None, read=None, redirect=None, status=None)) after connection broken by 'NewConnectionError('<pip._vendor.urllib3.connection.HTTPSConnection object at 0x1090e4160>: Failed to establish a new connection: [Errno 8] nodename nor servname provided, or not known')': /simple/pip/
WARNING: Retrying (Retry(total=2, connect=None, read=None, redirect=None, status=None)) after connection broken by 'NewConnectionError('<pip._vendor.urllib3.connection.HTTPSConnection object at 0x1090e44c0>: Failed to establish a new connection: [Errno 8] nodename nor servname provided, or not known')': /simple/pip/
WARNING: Retrying (Retry(total=1, connect=None, read=None, redirect=None, status=None)) after connection broken by 'NewConnectionError('<pip._vendor.urllib3.connection.HTTPSConnection object at 0x1090e4670>: Failed to establish a new connection: [Errno 8] nodename nor servname provided, or not known')': /simple/pip/
WARNING: Retrying (Retry(total=0, connect=None, read=None, redirect=None, status=None)) after connection broken by 'NewConnectionError('<pip._vendor.urllib3.connection.HTTPSConnection object at 0x1090e4820>: Failed to establish a new connection: [Errno 8] nodename nor servname provided, or not known')': /simple/pip/
WARNING: Retrying (Retry(total=4, connect=None, read=None, redirect=None, status=None)) after connection broken by 'NewConnectionError('<pip._vendor.urllib3.connection.HTTPSConnection object at 0x107360cd0>: Failed to establish a new connection: [Errno 8] nodename nor servname provided, or not known')': /simple/setuptools/
WARNING: Retrying (Retry(total=3, connect=None, read=None, redirect=None, status=None)) after connection broken by 'NewConnectionError('<pip._vendor.urllib3.connection.HTTPSConnection object at 0x107360fd0>: Failed to establish a new connection: [Errno 8] nodename nor servname provided, or not known')': /simple/setuptools/
WARNING: Retrying (Retry(total=2, connect=None, read=None, redirect=None, status=None)) after connection broken by 'NewConnectionError('<pip._vendor.urllib3.connection.HTTPSConnection object at 0x1073921f0>: Failed to establish a new connection: [Errno 8] nodename nor servname provided, or not known')': /simple/setuptools/
WARNING: Retrying (Retry(total=1, connect=None, read=None, redirect=None, status=None)) after connection broken by 'NewConnectionError('<pip._vendor.urllib3.connection.HTTPSConnection object at 0x1073923a0>: Failed to establish a new connection: [Errno 8] nodename nor servname provided, or not known')': /simple/setuptools/
WARNING: Retrying (Retry(total=0, connect=None, read=None, redirect=None, status=None)) after connection broken by 'NewConnectionError('<pip._vendor.urllib3.connection.HTTPSConnection object at 0x107392550>: Failed to establish a new connection: [Errno 8] nodename nor servname provided, or not known')': /simple/setuptools/
WARNING: Retrying (Retry(total=4, connect=None, read=None, redirect=None, status=None)) after connection broken by 'NewConnectionError('<pip._vendor.urllib3.connection.HTTPSConnection object at 0x107427490>: Failed to establish a new connection: [Errno 8] nodename nor servname provided, or not known')': /simple/wheel/
WARNING: Retrying (Retry(total=3, connect=None, read=None, redirect=None, status=None)) after connection broken by 'NewConnectionError('<pip._vendor.urllib3.connection.HTTPSConnection object at 0x107427910>: Failed to establish a new connection: [Errno 8] nodename nor servname provided, or not known')': /simple/wheel/
WARNING: Retrying (Retry(total=2, connect=None, read=None, redirect=None, status=None)) after connection broken by 'NewConnectionError('<pip._vendor.urllib3.connection.HTTPSConnection object at 0x107392550>: Failed to establish a new connection: [Errno 8] nodename nor servname provided, or not known')': /simple/wheel/
WARNING: Retrying (Retry(total=1, connect=None, read=None, redirect=None, status=None)) after connection broken by 'NewConnectionError('<pip._vendor.urllib3.connection.HTTPSConnection object at 0x107427b80>: Failed to establish a new connection: [Errno 8] nodename nor servname provided, or not known')': /simple/wheel/
WARNING: Retrying (Retry(total=0, connect=None, read=None, redirect=None, status=None)) after connection broken by 'NewConnectionError('<pip._vendor.urllib3.connection.HTTPSConnection object at 0x107427d30>: Failed to establish a new connection: [Errno 8] nodename nor servname provided, or not known')': /simple/wheel/
  error: subprocess-exited-with-error
  
  × installing build dependencies did not run successfully.
  │ exit code: 1
  ╰─> [7 lines of output]
      WARNING: Retrying (Retry(total=4, connect=None, read=None, redirect=None, status=None)) after connection broken by 'NewConnectionError('<pip._vendor.urllib3.connection.HTTPSConnection object at 0x1073bc460>: Failed to establish a new connection: [Errno 8] nodename nor servname provided, or not known')': /simple/setuptools/
      WARNING: Retrying (Retry(total=3, connect=None, read=None, redirect=None, status=None)) after connection broken by 'NewConnectionError('<pip._vendor.urllib3.connection.HTTPSConnection object at 0x1073bc790>: Failed to establish a new connection: [Errno 8] nodename nor servname provided, or not known')': /simple/setuptools/
      WARNING: Retrying (Retry(total=2, connect=None, read=None, redirect=None, status=None)) after connection broken by 'NewConnectionError('<pip._vendor.urllib3.connection.HTTPSConnection object at 0x1073bc940>: Failed to establish a new connection: [Errno 8] nodename nor servname provided, or not known')': /simple/setuptools/
      WARNING: Retrying (Retry(total=1, connect=None, read=None, redirect=None, status=None)) after connection broken by 'NewConnectionError('<pip._vendor.urllib3.connection.HTTPSConnection object at 0x1073bcaf0>: Failed to establish a new connection: [Errno 8] nodename nor servname provided, or not known')': /simple/setuptools/
      WARNING: Retrying (Retry(total=0, connect=None, read=None, redirect=None, status=None)) after connection broken by 'NewConnectionError('<pip._vendor.urllib3.connection.HTTPSConnection object at 0x1073bcca0>: Failed to establish a new connection: [Errno 8] nodename nor servname provided, or not known')': /simple/setuptools/
      ERROR: Could not find a version that satisfies the requirement setuptools>=40.8.0 (from versions: none)
      ERROR: No matching distribution found for setuptools>=40.8.0
      [end of output]
  
  note: This error originates from a subprocess, and is likely not a problem with pip.
ERROR: Failed to build 'file:///Users/media/containers/home-automation/wyoming-whisperkit' when installing build dependencies
Traceback (most recent call last):
  File "/Users/media/containers/home-automation/wyoming-whisperkit/./script/setup", line 19, in <module>
    subprocess.check_call(pip + ["install", "-e", str(_PROGRAM_DIR)])
  File "/Library/Developer/CommandLineTools/Library/Frameworks/Python3.framework/Versions/3.9/lib/python3.9/subprocess.py", line 373, in check_call
    raise CalledProcessError(retcode, cmd)
subprocess.CalledProcessError: Command '['/Users/media/containers/home-automation/wyoming-whisperkit/.venv/bin/python3', '-m', 'pip', 'install', '-e', '/Users/media/containers/home-automation/wyoming-whisperkit']' returned non-zero exit status 1.
WARNING: Retrying (Retry(total=4, connect=None, read=None, redirect=None, status=None)) after connection broken by 'NewConnectionError('<pip._vendor.urllib3.connection.HTTPSConnection object at 0x10ad2c640>: Failed to establish a new connection: [Errno 8] nodename nor servname provided, or not known')': /simple/pip/
WARNING: Retrying (Retry(total=3, connect=None, read=None, redirect=None, status=None)) after connection broken by 'NewConnectionError('<pip._vendor.urllib3.connection.HTTPSConnection object at 0x10ad2ceb0>: Failed to establish a new connection: [Errno 8] nodename nor servname provided, or not known')': /simple/pip/
WARNING: Retrying (Retry(total=2, connect=None, read=None, redirect=None, status=None)) after connection broken by 'NewConnectionError('<pip._vendor.urllib3.connection.HTTPSConnection object at 0x10ad2cf70>: Failed to establish a new connection: [Errno 8] nodename nor servname provided, or not known')': /simple/pip/
WARNING: Retrying (Retry(total=1, connect=None, read=None, redirect=None, status=None)) after connection broken by 'NewConnectionError('<pip._vendor.urllib3.connection.HTTPSConnection object at 0x10ad5f250>: Failed to establish a new connection: [Errno 8] nodename nor servname provided, or not known')': /simple/pip/
WARNING: Retrying (Retry(total=0, connect=None, read=None, redirect=None, status=None)) after connection broken by 'NewConnectionError('<pip._vendor.urllib3.connection.HTTPSConnection object at 0x10ad5f400>: Failed to establish a new connection: [Errno 8] nodename nor servname provided, or not known')': /simple/pip/
WARNING: Retrying (Retry(total=4, connect=None, read=None, redirect=None, status=None)) after connection broken by 'NewConnectionError('<pip._vendor.urllib3.connection.HTTPSConnection object at 0x1085f9f40>: Failed to establish a new connection: [Errno 8] nodename nor servname provided, or not known')': /simple/setuptools/
WARNING: Retrying (Retry(total=3, connect=None, read=None, redirect=None, status=None)) after connection broken by 'NewConnectionError('<pip._vendor.urllib3.connection.HTTPSConnection object at 0x1086292b0>: Failed to establish a new connection: [Errno 8] nodename nor servname provided, or not known')': /simple/setuptools/
WARNING: Retrying (Retry(total=2, connect=None, read=None, redirect=None, status=None)) after connection broken by 'NewConnectionError('<pip._vendor.urllib3.connection.HTTPSConnection object at 0x108629460>: Failed to establish a new connection: [Errno 8] nodename nor servname provided, or not known')': /simple/setuptools/
WARNING: Retrying (Retry(total=1, connect=None, read=None, redirect=None, status=None)) after connection broken by 'NewConnectionError('<pip._vendor.urllib3.connection.HTTPSConnection object at 0x108629610>: Failed to establish a new connection: [Errno 8] nodename nor servname provided, or not known')': /simple/setuptools/
WARNING: Retrying (Retry(total=0, connect=None, read=None, redirect=None, status=None)) after connection broken by 'NewConnectionError('<pip._vendor.urllib3.connection.HTTPSConnection object at 0x1086297c0>: Failed to establish a new connection: [Errno 8] nodename nor servname provided, or not known')': /simple/setuptools/
WARNING: Retrying (Retry(total=4, connect=None, read=None, redirect=None, status=None)) after connection broken by 'NewConnectionError('<pip._vendor.urllib3.connection.HTTPSConnection object at 0x1086be970>: Failed to establish a new connection: [Errno 8] nodename nor servname provided, or not known')': /simple/wheel/
WARNING: Retrying (Retry(total=3, connect=None, read=None, redirect=None, status=None)) after connection broken by 'NewConnectionError('<pip._vendor.urllib3.connection.HTTPSConnection object at 0x1086bedf0>: Failed to establish a new connection: [Errno 8] nodename nor servname provided, or not known')': /simple/wheel/
WARNING: Retrying (Retry(total=2, connect=None, read=None, redirect=None, status=None)) after connection broken by 'NewConnectionError('<pip._vendor.urllib3.connection.HTTPSConnection object at 0x108629730>: Failed to establish a new connection: [Errno 8] nodename nor servname provided, or not known')': /simple/wheel/
WARNING: Retrying (Retry(total=1, connect=None, read=None, redirect=None, status=None)) after connection broken by 'NewConnectionError('<pip._vendor.urllib3.connection.HTTPSConnection object at 0x1086beeb0>: Failed to establish a new connection: [Errno 8] nodename nor servname provided, or not known')': /simple/wheel/
WARNING: Retrying (Retry(total=0, connect=None, read=None, redirect=None, status=None)) after connection broken by 'NewConnectionError('<pip._vendor.urllib3.connection.HTTPSConnection object at 0x1086befa0>: Failed to establish a new connection: [Errno 8] nodename nor servname provided, or not known')': /simple/wheel/
  error: subprocess-exited-with-error
  
  × installing build dependencies did not run successfully.
  │ exit code: 1
  ╰─> [7 lines of output]
      WARNING: Retrying (Retry(total=4, connect=None, read=None, redirect=None, status=None)) after connection broken by 'NewConnectionError('<pip._vendor.urllib3.connection.HTTPSConnection object at 0x10696d7f0>: Failed to establish a new connection: [Errno 8] nodename nor servname provided, or not known')': /simple/setuptools/
      WARNING: Retrying (Retry(total=3, connect=None, read=None, redirect=None, status=None)) after connection broken by 'NewConnectionError('<pip._vendor.urllib3.connection.HTTPSConnection object at 0x10696db20>: Failed to establish a new connection: [Errno 8] nodename nor servname provided, or not known')': /simple/setuptools/
      WARNING: Retrying (Retry(total=2, connect=None, read=None, redirect=None, status=None)) after connection broken by 'NewConnectionError('<pip._vendor.urllib3.connection.HTTPSConnection object at 0x10696dcd0>: Failed to establish a new connection: [Errno 8] nodename nor servname provided, or not known')': /simple/setuptools/
      WARNING: Retrying (Retry(total=1, connect=None, read=None, redirect=None, status=None)) after connection broken by 'NewConnectionError('<pip._vendor.urllib3.connection.HTTPSConnection object at 0x10696deb0>: Failed to establish a new connection: [Errno 8] nodename nor servname provided, or not known')': /simple/setuptools/
      WARNING: Retrying (Retry(total=0, connect=None, read=None, redirect=None, status=None)) after connection broken by 'NewConnectionError('<pip._vendor.urllib3.connection.HTTPSConnection object at 0x10696df70>: Failed to establish a new connection: [Errno 8] nodename nor servname provided, or not known')': /simple/setuptools/
      ERROR: Could not find a version that satisfies the requirement setuptools>=40.8.0 (from versions: none)
      ERROR: No matching distribution found for setuptools>=40.8.0
      [end of output]
  
  note: This error originates from a subprocess, and is likely not a problem with pip.
ERROR: Failed to build 'file:///Users/media/containers/home-automation/wyoming-whisperkit' when installing build dependencies
Traceback (most recent call last):
  File "/Users/media/containers/home-automation/wyoming-whisperkit/./script/setup", line 19, in <module>
    subprocess.check_call(pip + ["install", "-e", str(_PROGRAM_DIR)])
  File "/Library/Developer/CommandLineTools/Library/Frameworks/Python3.framework/Versions/3.9/lib/python3.9/subprocess.py", line 373, in check_call
    raise CalledProcessError(retcode, cmd)
subprocess.CalledProcessError: Command '['/Users/media/containers/home-automation/wyoming-whisperkit/.venv/bin/python3', '-m', 'pip', 'install', '-e', '/Users/media/containers/home-automation/wyoming-whisperkit']' returned non-zero exit status 1.
WARNING: Retrying (Retry(total=4, connect=None, read=None, redirect=None, status=None)) after connection broken by 'NewConnectionError('<pip._vendor.urllib3.connection.HTTPSConnection object at 0x10a7ec6d0>: Failed to establish a new connection: [Errno 8] nodename nor servname provided, or not known')': /simple/pip/
WARNING: Retrying (Retry(total=3, connect=None, read=None, redirect=None, status=None)) after connection broken by 'NewConnectionError('<pip._vendor.urllib3.connection.HTTPSConnection object at 0x10a7ecf40>: Failed to establish a new connection: [Errno 8] nodename nor servname provided, or not known')': /simple/pip/
WARNING: Retrying (Retry(total=2, connect=None, read=None, redirect=None, status=None)) after connection broken by 'NewConnectionError('<pip._vendor.urllib3.connection.HTTPSConnection object at 0x10a81d2e0>: Failed to establish a new connection: [Errno 8] nodename nor servname provided, or not known')': /simple/pip/
WARNING: Retrying (Retry(total=1, connect=None, read=None, redirect=None, status=None)) after connection broken by 'NewConnectionError('<pip._vendor.urllib3.connection.HTTPSConnection object at 0x10a81d490>: Failed to establish a new connection: [Errno 8] nodename nor servname provided, or not known')': /simple/pip/
WARNING: Retrying (Retry(total=0, connect=None, read=None, redirect=None, status=None)) after connection broken by 'NewConnectionError('<pip._vendor.urllib3.connection.HTTPSConnection object at 0x10a81d640>: Failed to establish a new connection: [Errno 8] nodename nor servname provided, or not known')': /simple/pip/
WARNING: Retrying (Retry(total=4, connect=None, read=None, redirect=None, status=None)) after connection broken by 'NewConnectionError('<pip._vendor.urllib3.connection.HTTPSConnection object at 0x109095f10>: Failed to establish a new connection: [Errno 8] nodename nor servname provided, or not known')': /simple/setuptools/
WARNING: Retrying (Retry(total=3, connect=None, read=None, redirect=None, status=None)) after connection broken by 'NewConnectionError('<pip._vendor.urllib3.connection.HTTPSConnection object at 0x1090c5280>: Failed to establish a new connection: [Errno 8] nodename nor servname provided, or not known')': /simple/setuptools/
WARNING: Retrying (Retry(total=2, connect=None, read=None, redirect=None, status=None)) after connection broken by 'NewConnectionError('<pip._vendor.urllib3.connection.HTTPSConnection object at 0x1090c5430>: Failed to establish a new connection: [Errno 8] nodename nor servname provided, or not known')': /simple/setuptools/
WARNING: Retrying (Retry(total=1, connect=None, read=None, redirect=None, status=None)) after connection broken by 'NewConnectionError('<pip._vendor.urllib3.connection.HTTPSConnection object at 0x1090c55e0>: Failed to establish a new connection: [Errno 8] nodename nor servname provided, or not known')': /simple/setuptools/
WARNING: Retrying (Retry(total=0, connect=None, read=None, redirect=None, status=None)) after connection broken by 'NewConnectionError('<pip._vendor.urllib3.connection.HTTPSConnection object at 0x1090c5790>: Failed to establish a new connection: [Errno 8] nodename nor servname provided, or not known')': /simple/setuptools/
WARNING: Retrying (Retry(total=4, connect=None, read=None, redirect=None, status=None)) after connection broken by 'NewConnectionError('<pip._vendor.urllib3.connection.HTTPSConnection object at 0x10915b910>: Failed to establish a new connection: [Errno 8] nodename nor servname provided, or not known')': /simple/wheel/
WARNING: Retrying (Retry(total=3, connect=None, read=None, redirect=None, status=None)) after connection broken by 'NewConnectionError('<pip._vendor.urllib3.connection.HTTPSConnection object at 0x10915bd90>: Failed to establish a new connection: [Errno 8] nodename nor servname provided, or not known')': /simple/wheel/
WARNING: Retrying (Retry(total=2, connect=None, read=None, redirect=None, status=None)) after connection broken by 'NewConnectionError('<pip._vendor.urllib3.connection.HTTPSConnection object at 0x1090c5700>: Failed to establish a new connection: [Errno 8] nodename nor servname provided, or not known')': /simple/wheel/
WARNING: Retrying (Retry(total=1, connect=None, read=None, redirect=None, status=None)) after connection broken by 'NewConnectionError('<pip._vendor.urllib3.connection.HTTPSConnection object at 0x10915be50>: Failed to establish a new connection: [Errno 8] nodename nor servname provided, or not known')': /simple/wheel/
WARNING: Retrying (Retry(total=0, connect=None, read=None, redirect=None, status=None)) after connection broken by 'NewConnectionError('<pip._vendor.urllib3.connection.HTTPSConnection object at 0x10915bf40>: Failed to establish a new connection: [Errno 8] nodename nor servname provided, or not known')': /simple/wheel/
  error: subprocess-exited-with-error
  
  × installing build dependencies did not run successfully.
  │ exit code: 1
  ╰─> [7 lines of output]
      WARNING: Retrying (Retry(total=4, connect=None, read=None, redirect=None, status=None)) after connection broken by 'NewConnectionError('<pip._vendor.urllib3.connection.HTTPSConnection object at 0x1064fd7c0>: Failed to establish a new connection: [Errno 8] nodename nor servname provided, or not known')': /simple/setuptools/
      WARNING: Retrying (Retry(total=3, connect=None, read=None, redirect=None, status=None)) after connection broken by 'NewConnectionError('<pip._vendor.urllib3.connection.HTTPSConnection object at 0x1064fdaf0>: Failed to establish a new connection: [Errno 8] nodename nor servname provided, or not known')': /simple/setuptools/
      WARNING: Retrying (Retry(total=2, connect=None, read=None, redirect=None, status=None)) after connection broken by 'NewConnectionError('<pip._vendor.urllib3.connection.HTTPSConnection object at 0x1064fdca0>: Failed to establish a new connection: [Errno 8] nodename nor servname provided, or not known')': /simple/setuptools/
      WARNING: Retrying (Retry(total=1, connect=None, read=None, redirect=None, status=None)) after connection broken by 'NewConnectionError('<pip._vendor.urllib3.connection.HTTPSConnection object at 0x1064fde50>: Failed to establish a new connection: [Errno 8] nodename nor servname provided, or not known')': /simple/setuptools/
      WARNING: Retrying (Retry(total=0, connect=None, read=None, redirect=None, status=None)) after connection broken by 'NewConnectionError('<pip._vendor.urllib3.connection.HTTPSConnection object at 0x1064fdf40>: Failed to establish a new connection: [Errno 8] nodename nor servname provided, or not known')': /simple/setuptools/
      ERROR: Could not find a version that satisfies the requirement setuptools>=40.8.0 (from versions: none)
      ERROR: No matching distribution found for setuptools>=40.8.0
      [end of output]
  
  note: This error originates from a subprocess, and is likely not a problem with pip.
ERROR: Failed to build 'file:///Users/media/containers/home-automation/wyoming-whisperkit' when installing build dependencies
Traceback (most recent call last):
  File "/Users/media/containers/home-automation/wyoming-whisperkit/./script/setup", line 19, in <module>
    subprocess.check_call(pip + ["install", "-e", str(_PROGRAM_DIR)])
  File "/Library/Developer/CommandLineTools/Library/Frameworks/Python3.framework/Versions/3.9/lib/python3.9/subprocess.py", line 373, in check_call
    raise CalledProcessError(retcode, cmd)
subprocess.CalledProcessError: Command '['/Users/media/containers/home-automation/wyoming-whisperkit/.venv/bin/python3', '-m', 'pip', 'install', '-e', '/Users/media/containers/home-automation/wyoming-whisperkit']' returned non-zero exit status 1.
WARNING: Retrying (Retry(total=4, connect=None, read=None, redirect=None, status=None)) after connection broken by 'NewConnectionError('<pip._vendor.urllib3.connection.HTTPSConnection object at 0x106c9c670>: Failed to establish a new connection: [Errno 8] nodename nor servname provided, or not known')': /simple/pip/
WARNING: Retrying (Retry(total=3, connect=None, read=None, redirect=None, status=None)) after connection broken by 'NewConnectionError('<pip._vendor.urllib3.connection.HTTPSConnection object at 0x106c9cee0>: Failed to establish a new connection: [Errno 8] nodename nor servname provided, or not known')': /simple/pip/
WARNING: Retrying (Retry(total=2, connect=None, read=None, redirect=None, status=None)) after connection broken by 'NewConnectionError('<pip._vendor.urllib3.connection.HTTPSConnection object at 0x106c9cfa0>: Failed to establish a new connection: [Errno 8] nodename nor servname provided, or not known')': /simple/pip/
WARNING: Retrying (Retry(total=1, connect=None, read=None, redirect=None, status=None)) after connection broken by 'NewConnectionError('<pip._vendor.urllib3.connection.HTTPSConnection object at 0x106ccd430>: Failed to establish a new connection: [Errno 8] nodename nor servname provided, or not known')': /simple/pip/
WARNING: Retrying (Retry(total=0, connect=None, read=None, redirect=None, status=None)) after connection broken by 'NewConnectionError('<pip._vendor.urllib3.connection.HTTPSConnection object at 0x106ccd5e0>: Failed to establish a new connection: [Errno 8] nodename nor servname provided, or not known')': /simple/pip/
WARNING: Retrying (Retry(total=4, connect=None, read=None, redirect=None, status=None)) after connection broken by 'NewConnectionError('<pip._vendor.urllib3.connection.HTTPSConnection object at 0x106d9deb0>: Failed to establish a new connection: [Errno 8] nodename nor servname provided, or not known')': /simple/setuptools/
WARNING: Retrying (Retry(total=3, connect=None, read=None, redirect=None, status=None)) after connection broken by 'NewConnectionError('<pip._vendor.urllib3.connection.HTTPSConnection object at 0x106dce220>: Failed to establish a new connection: [Errno 8] nodename nor servname provided, or not known')': /simple/setuptools/
WARNING: Retrying (Retry(total=2, connect=None, read=None, redirect=None, status=None)) after connection broken by 'NewConnectionError('<pip._vendor.urllib3.connection.HTTPSConnection object at 0x106dce3d0>: Failed to establish a new connection: [Errno 8] nodename nor servname provided, or not known')': /simple/setuptools/
WARNING: Retrying (Retry(total=1, connect=None, read=None, redirect=None, status=None)) after connection broken by 'NewConnectionError('<pip._vendor.urllib3.connection.HTTPSConnection object at 0x106dce580>: Failed to establish a new connection: [Errno 8] nodename nor servname provided, or not known')': /simple/setuptools/
WARNING: Retrying (Retry(total=0, connect=None, read=None, redirect=None, status=None)) after connection broken by 'NewConnectionError('<pip._vendor.urllib3.connection.HTTPSConnection object at 0x106dce730>: Failed to establish a new connection: [Errno 8] nodename nor servname provided, or not known')': /simple/setuptools/
WARNING: Retrying (Retry(total=4, connect=None, read=None, redirect=None, status=None)) after connection broken by 'NewConnectionError('<pip._vendor.urllib3.connection.HTTPSConnection object at 0x106e63850>: Failed to establish a new connection: [Errno 8] nodename nor servname provided, or not known')': /simple/wheel/
WARNING: Retrying (Retry(total=3, connect=None, read=None, redirect=None, status=None)) after connection broken by 'NewConnectionError('<pip._vendor.urllib3.connection.HTTPSConnection object at 0x106e63cd0>: Failed to establish a new connection: [Errno 8] nodename nor servname provided, or not known')': /simple/wheel/
WARNING: Retrying (Retry(total=2, connect=None, read=None, redirect=None, status=None)) after connection broken by 'NewConnectionError('<pip._vendor.urllib3.connection.HTTPSConnection object at 0x106dce6a0>: Failed to establish a new connection: [Errno 8] nodename nor servname provided, or not known')': /simple/wheel/
WARNING: Retrying (Retry(total=1, connect=None, read=None, redirect=None, status=None)) after connection broken by 'NewConnectionError('<pip._vendor.urllib3.connection.HTTPSConnection object at 0x106e63f40>: Failed to establish a new connection: [Errno 8] nodename nor servname provided, or not known')': /simple/wheel/
WARNING: Retrying (Retry(total=0, connect=None, read=None, redirect=None, status=None)) after connection broken by 'NewConnectionError('<pip._vendor.urllib3.connection.HTTPSConnection object at 0x106e63f70>: Failed to establish a new connection: [Errno 8] nodename nor servname provided, or not known')': /simple/wheel/
  error: subprocess-exited-with-error
  
  × installing build dependencies did not run successfully.
  │ exit code: 1
  ╰─> [7 lines of output]
      WARNING: Retrying (Retry(total=4, connect=None, read=None, redirect=None, status=None)) after connection broken by 'NewConnectionError('<pip._vendor.urllib3.connection.HTTPSConnection object at 0x10a874850>: Failed to establish a new connection: [Errno 8] nodename nor servname provided, or not known')': /simple/setuptools/
      WARNING: Retrying (Retry(total=3, connect=None, read=None, redirect=None, status=None)) after connection broken by 'NewConnectionError('<pip._vendor.urllib3.connection.HTTPSConnection object at 0x10a874b80>: Failed to establish a new connection: [Errno 8] nodename nor servname provided, or not known')': /simple/setuptools/
      WARNING: Retrying (Retry(total=2, connect=None, read=None, redirect=None, status=None)) after connection broken by 'NewConnectionError('<pip._vendor.urllib3.connection.HTTPSConnection object at 0x10a874d30>: Failed to establish a new connection: [Errno 8] nodename nor servname provided, or not known')': /simple/setuptools/
      WARNING: Retrying (Retry(total=1, connect=None, read=None, redirect=None, status=None)) after connection broken by 'NewConnectionError('<pip._vendor.urllib3.connection.HTTPSConnection object at 0x10a874f10>: Failed to establish a new connection: [Errno 8] nodename nor servname provided, or not known')': /simple/setuptools/
      WARNING: Retrying (Retry(total=0, connect=None, read=None, redirect=None, status=None)) after connection broken by 'NewConnectionError('<pip._vendor.urllib3.connection.HTTPSConnection object at 0x10a874fd0>: Failed to establish a new connection: [Errno 8] nodename nor servname provided, or not known')': /simple/setuptools/
      ERROR: Could not find a version that satisfies the requirement setuptools>=40.8.0 (from versions: none)
      ERROR: No matching distribution found for setuptools>=40.8.0
      [end of output]
  
  note: This error originates from a subprocess, and is likely not a problem with pip.
ERROR: Failed to build 'file:///Users/media/containers/home-automation/wyoming-whisperkit' when installing build dependencies
Traceback (most recent call last):
  File "/Users/media/containers/home-automation/wyoming-whisperkit/./script/setup", line 19, in <module>
    subprocess.check_call(pip + ["install", "-e", str(_PROGRAM_DIR)])
  File "/Library/Developer/CommandLineTools/Library/Frameworks/Python3.framework/Versions/3.9/lib/python3.9/subprocess.py", line 373, in check_call
    raise CalledProcessError(retcode, cmd)
subprocess.CalledProcessError: Command '['/Users/media/containers/home-automation/wyoming-whisperkit/.venv/bin/python3', '-m', 'pip', 'install', '-e', '/Users/media/containers/home-automation/wyoming-whisperkit']' returned non-zero exit status 1.
WARNING: Retrying (Retry(total=4, connect=None, read=None, redirect=None, status=None)) after connection broken by 'NewConnectionError('<pip._vendor.urllib3.connection.HTTPSConnection object at 0x108b318e0>: Failed to establish a new connection: [Errno 8] nodename nor servname provided, or not known')': /simple/pip/
WARNING: Retrying (Retry(total=3, connect=None, read=None, redirect=None, status=None)) after connection broken by 'NewConnectionError('<pip._vendor.urllib3.connection.HTTPSConnection object at 0x108b64190>: Failed to establish a new connection: [Errno 8] nodename nor servname provided, or not known')': /simple/pip/
WARNING: Retrying (Retry(total=2, connect=None, read=None, redirect=None, status=None)) after connection broken by 'NewConnectionError('<pip._vendor.urllib3.connection.HTTPSConnection object at 0x108b644f0>: Failed to establish a new connection: [Errno 8] nodename nor servname provided, or not known')': /simple/pip/
WARNING: Retrying (Retry(total=1, connect=None, read=None, redirect=None, status=None)) after connection broken by 'NewConnectionError('<pip._vendor.urllib3.connection.HTTPSConnection object at 0x108b646a0>: Failed to establish a new connection: [Errno 8] nodename nor servname provided, or not known')': /simple/pip/
WARNING: Retrying (Retry(total=0, connect=None, read=None, redirect=None, status=None)) after connection broken by 'NewConnectionError('<pip._vendor.urllib3.connection.HTTPSConnection object at 0x108b64850>: Failed to establish a new connection: [Errno 8] nodename nor servname provided, or not known')': /simple/pip/
WARNING: Retrying (Retry(total=4, connect=None, read=None, redirect=None, status=None)) after connection broken by 'NewConnectionError('<pip._vendor.urllib3.connection.HTTPSConnection object at 0x1064e8100>: Failed to establish a new connection: [Errno 8] nodename nor servname provided, or not known')': /simple/setuptools/
WARNING: Retrying (Retry(total=3, connect=None, read=None, redirect=None, status=None)) after connection broken by 'NewConnectionError('<pip._vendor.urllib3.connection.HTTPSConnection object at 0x1064e8430>: Failed to establish a new connection: [Errno 8] nodename nor servname provided, or not known')': /simple/setuptools/
WARNING: Retrying (Retry(total=2, connect=None, read=None, redirect=None, status=None)) after connection broken by 'NewConnectionError('<pip._vendor.urllib3.connection.HTTPSConnection object at 0x1064e85e0>: Failed to establish a new connection: [Errno 8] nodename nor servname provided, or not known')': /simple/setuptools/
WARNING: Retrying (Retry(total=1, connect=None, read=None, redirect=None, status=None)) after connection broken by 'NewConnectionError('<pip._vendor.urllib3.connection.HTTPSConnection object at 0x1064e8790>: Failed to establish a new connection: [Errno 8] nodename nor servname provided, or not known')': /simple/setuptools/
WARNING: Retrying (Retry(total=0, connect=None, read=None, redirect=None, status=None)) after connection broken by 'NewConnectionError('<pip._vendor.urllib3.connection.HTTPSConnection object at 0x1064e8940>: Failed to establish a new connection: [Errno 8] nodename nor servname provided, or not known')': /simple/setuptools/
WARNING: Retrying (Retry(total=4, connect=None, read=None, redirect=None, status=None)) after connection broken by 'NewConnectionError('<pip._vendor.urllib3.connection.HTTPSConnection object at 0x106588c70>: Failed to establish a new connection: [Errno 8] nodename nor servname provided, or not known')': /simple/wheel/
WARNING: Retrying (Retry(total=3, connect=None, read=None, redirect=None, status=None)) after connection broken by 'NewConnectionError('<pip._vendor.urllib3.connection.HTTPSConnection object at 0x106588f70>: Failed to establish a new connection: [Errno 8] nodename nor servname provided, or not known')': /simple/wheel/
WARNING: Retrying (Retry(total=2, connect=None, read=None, redirect=None, status=None)) after connection broken by 'NewConnectionError('<pip._vendor.urllib3.connection.HTTPSConnection object at 0x1064e8310>: Failed to establish a new connection: [Errno 8] nodename nor servname provided, or not known')': /simple/wheel/
WARNING: Retrying (Retry(total=1, connect=None, read=None, redirect=None, status=None)) after connection broken by 'NewConnectionError('<pip._vendor.urllib3.connection.HTTPSConnection object at 0x10658b3a0>: Failed to establish a new connection: [Errno 8] nodename nor servname provided, or not known')': /simple/wheel/
WARNING: Retrying (Retry(total=0, connect=None, read=None, redirect=None, status=None)) after connection broken by 'NewConnectionError('<pip._vendor.urllib3.connection.HTTPSConnection object at 0x10658b550>: Failed to establish a new connection: [Errno 8] nodename nor servname provided, or not known')': /simple/wheel/
  error: subprocess-exited-with-error
  
  × installing build dependencies did not run successfully.
  │ exit code: 1
  ╰─> [7 lines of output]
      WARNING: Retrying (Retry(total=4, connect=None, read=None, redirect=None, status=None)) after connection broken by 'NewConnectionError('<pip._vendor.urllib3.connection.HTTPSConnection object at 0x106b457c0>: Failed to establish a new connection: [Errno 8] nodename nor servname provided, or not known')': /simple/setuptools/
      WARNING: Retrying (Retry(total=3, connect=None, read=None, redirect=None, status=None)) after connection broken by 'NewConnectionError('<pip._vendor.urllib3.connection.HTTPSConnection object at 0x106b45af0>: Failed to establish a new connection: [Errno 8] nodename nor servname provided, or not known')': /simple/setuptools/
      WARNING: Retrying (Retry(total=2, connect=None, read=None, redirect=None, status=None)) after connection broken by 'NewConnectionError('<pip._vendor.urllib3.connection.HTTPSConnection object at 0x106b45ca0>: Failed to establish a new connection: [Errno 8] nodename nor servname provided, or not known')': /simple/setuptools/
      WARNING: Retrying (Retry(total=1, connect=None, read=None, redirect=None, status=None)) after connection broken by 'NewConnectionError('<pip._vendor.urllib3.connection.HTTPSConnection object at 0x106b45e50>: Failed to establish a new connection: [Errno 8] nodename nor servname provided, or not known')': /simple/setuptools/
      WARNING: Retrying (Retry(total=0, connect=None, read=None, redirect=None, status=None)) after connection broken by 'NewConnectionError('<pip._vendor.urllib3.connection.HTTPSConnection object at 0x106b45f40>: Failed to establish a new connection: [Errno 8] nodename nor servname provided, or not known')': /simple/setuptools/
      ERROR: Could not find a version that satisfies the requirement setuptools>=40.8.0 (from versions: none)
      ERROR: No matching distribution found for setuptools>=40.8.0
      [end of output]
  
  note: This error originates from a subprocess, and is likely not a problem with pip.
ERROR: Failed to build 'file:///Users/media/containers/home-automation/wyoming-whisperkit' when installing build dependencies
Traceback (most recent call last):
  File "/Users/media/containers/home-automation/wyoming-whisperkit/./script/setup", line 19, in <module>
    subprocess.check_call(pip + ["install", "-e", str(_PROGRAM_DIR)])
  File "/Library/Developer/CommandLineTools/Library/Frameworks/Python3.framework/Versions/3.9/lib/python3.9/subprocess.py", line 373, in check_call
    raise CalledProcessError(retcode, cmd)
subprocess.CalledProcessError: Command '['/Users/media/containers/home-automation/wyoming-whisperkit/.venv/bin/python3', '-m', 'pip', 'install', '-e', '/Users/media/containers/home-automation/wyoming-whisperkit']' returned non-zero exit status 1.
WARNING: Retrying (Retry(total=4, connect=None, read=None, redirect=None, status=None)) after connection broken by 'NewConnectionError('<pip._vendor.urllib3.connection.HTTPSConnection object at 0x10713a610>: Failed to establish a new connection: [Errno 8] nodename nor servname provided, or not known')': /simple/pip/
WARNING: Retrying (Retry(total=3, connect=None, read=None, redirect=None, status=None)) after connection broken by 'NewConnectionError('<pip._vendor.urllib3.connection.HTTPSConnection object at 0x10713a940>: Failed to establish a new connection: [Errno 8] nodename nor servname provided, or not known')': /simple/pip/
WARNING: Retrying (Retry(total=2, connect=None, read=None, redirect=None, status=None)) after connection broken by 'NewConnectionError('<pip._vendor.urllib3.connection.HTTPSConnection object at 0x10713aca0>: Failed to establish a new connection: [Errno 8] nodename nor servname provided, or not known')': /simple/pip/
WARNING: Retrying (Retry(total=1, connect=None, read=None, redirect=None, status=None)) after connection broken by 'NewConnectionError('<pip._vendor.urllib3.connection.HTTPSConnection object at 0x10713ae50>: Failed to establish a new connection: [Errno 8] nodename nor servname provided, or not known')': /simple/pip/
WARNING: Retrying (Retry(total=0, connect=None, read=None, redirect=None, status=None)) after connection broken by 'NewConnectionError('<pip._vendor.urllib3.connection.HTTPSConnection object at 0x10713ae80>: Failed to establish a new connection: [Errno 8] nodename nor servname provided, or not known')': /simple/pip/
WARNING: Retrying (Retry(total=4, connect=None, read=None, redirect=None, status=None)) after connection broken by 'NewConnectionError('<pip._vendor.urllib3.connection.HTTPSConnection object at 0x106e0cdc0>: Failed to establish a new connection: [Errno 8] nodename nor servname provided, or not known')': /simple/setuptools/
WARNING: Retrying (Retry(total=3, connect=None, read=None, redirect=None, status=None)) after connection broken by 'NewConnectionError('<pip._vendor.urllib3.connection.HTTPSConnection object at 0x106e3d130>: Failed to establish a new connection: [Errno 8] nodename nor servname provided, or not known')': /simple/setuptools/
WARNING: Retrying (Retry(total=2, connect=None, read=None, redirect=None, status=None)) after connection broken by 'NewConnectionError('<pip._vendor.urllib3.connection.HTTPSConnection object at 0x106e3d2e0>: Failed to establish a new connection: [Errno 8] nodename nor servname provided, or not known')': /simple/setuptools/
WARNING: Retrying (Retry(total=1, connect=None, read=None, redirect=None, status=None)) after connection broken by 'NewConnectionError('<pip._vendor.urllib3.connection.HTTPSConnection object at 0x106e3d490>: Failed to establish a new connection: [Errno 8] nodename nor servname provided, or not known')': /simple/setuptools/
WARNING: Retrying (Retry(total=0, connect=None, read=None, redirect=None, status=None)) after connection broken by 'NewConnectionError('<pip._vendor.urllib3.connection.HTTPSConnection object at 0x106e3d640>: Failed to establish a new connection: [Errno 8] nodename nor servname provided, or not known')': /simple/setuptools/
WARNING: Retrying (Retry(total=4, connect=None, read=None, redirect=None, status=None)) after connection broken by 'NewConnectionError('<pip._vendor.urllib3.connection.HTTPSConnection object at 0x106ed3670>: Failed to establish a new connection: [Errno 8] nodename nor servname provided, or not known')': /simple/wheel/
WARNING: Retrying (Retry(total=3, connect=None, read=None, redirect=None, status=None)) after connection broken by 'NewConnectionError('<pip._vendor.urllib3.connection.HTTPSConnection object at 0x106ed3af0>: Failed to establish a new connection: [Errno 8] nodename nor servname provided, or not known')': /simple/wheel/
WARNING: Retrying (Retry(total=2, connect=None, read=None, redirect=None, status=None)) after connection broken by 'NewConnectionError('<pip._vendor.urllib3.connection.HTTPSConnection object at 0x106e3d5e0>: Failed to establish a new connection: [Errno 8] nodename nor servname provided, or not known')': /simple/wheel/
WARNING: Retrying (Retry(total=1, connect=None, read=None, redirect=None, status=None)) after connection broken by 'NewConnectionError('<pip._vendor.urllib3.connection.HTTPSConnection object at 0x106ed3d60>: Failed to establish a new connection: [Errno 8] nodename nor servname provided, or not known')': /simple/wheel/
WARNING: Retrying (Retry(total=0, connect=None, read=None, redirect=None, status=None)) after connection broken by 'NewConnectionError('<pip._vendor.urllib3.connection.HTTPSConnection object at 0x106ed3f10>: Failed to establish a new connection: [Errno 8] nodename nor servname provided, or not known')': /simple/wheel/
  error: subprocess-exited-with-error
  
  × installing build dependencies did not run successfully.
  │ exit code: 1
  ╰─> [7 lines of output]
      WARNING: Retrying (Retry(total=4, connect=None, read=None, redirect=None, status=None)) after connection broken by 'NewConnectionError('<pip._vendor.urllib3.connection.HTTPSConnection object at 0x106fbd6a0>: Failed to establish a new connection: [Errno 8] nodename nor servname provided, or not known')': /simple/setuptools/
      WARNING: Retrying (Retry(total=3, connect=None, read=None, redirect=None, status=None)) after connection broken by 'NewConnectionError('<pip._vendor.urllib3.connection.HTTPSConnection object at 0x106fbd9d0>: Failed to establish a new connection: [Errno 8] nodename nor servname provided, or not known')': /simple/setuptools/
      WARNING: Retrying (Retry(total=2, connect=None, read=None, redirect=None, status=None)) after connection broken by 'NewConnectionError('<pip._vendor.urllib3.connection.HTTPSConnection object at 0x106fbdb80>: Failed to establish a new connection: [Errno 8] nodename nor servname provided, or not known')': /simple/setuptools/
      WARNING: Retrying (Retry(total=1, connect=None, read=None, redirect=None, status=None)) after connection broken by 'NewConnectionError('<pip._vendor.urllib3.connection.HTTPSConnection object at 0x106fbdd30>: Failed to establish a new connection: [Errno 8] nodename nor servname provided, or not known')': /simple/setuptools/
      WARNING: Retrying (Retry(total=0, connect=None, read=None, redirect=None, status=None)) after connection broken by 'NewConnectionError('<pip._vendor.urllib3.connection.HTTPSConnection object at 0x106fbdf10>: Failed to establish a new connection: [Errno 8] nodename nor servname provided, or not known')': /simple/setuptools/
      ERROR: Could not find a version that satisfies the requirement setuptools>=40.8.0 (from versions: none)
      ERROR: No matching distribution found for setuptools>=40.8.0
      [end of output]
  
  note: This error originates from a subprocess, and is likely not a problem with pip.
ERROR: Failed to build 'file:///Users/media/containers/home-automation/wyoming-whisperkit' when installing build dependencies
Traceback (most recent call last):
  File "/Users/media/containers/home-automation/wyoming-whisperkit/./script/setup", line 19, in <module>
    subprocess.check_call(pip + ["install", "-e", str(_PROGRAM_DIR)])
  File "/Library/Developer/CommandLineTools/Library/Frameworks/Python3.framework/Versions/3.9/lib/python3.9/subprocess.py", line 373, in check_call
    raise CalledProcessError(retcode, cmd)
subprocess.CalledProcessError: Command '['/Users/media/containers/home-automation/wyoming-whisperkit/.venv/bin/python3', '-m', 'pip', 'install', '-e', '/Users/media/containers/home-automation/wyoming-whisperkit']' returned non-zero exit status 1.
WARNING: Retrying (Retry(total=4, connect=None, read=None, redirect=None, status=None)) after connection broken by 'NewConnectionError('<pip._vendor.urllib3.connection.HTTPSConnection object at 0x109268640>: Failed to establish a new connection: [Errno 8] nodename nor servname provided, or not known')': /simple/pip/
WARNING: Retrying (Retry(total=3, connect=None, read=None, redirect=None, status=None)) after connection broken by 'NewConnectionError('<pip._vendor.urllib3.connection.HTTPSConnection object at 0x109268eb0>: Failed to establish a new connection: [Errno 8] nodename nor servname provided, or not known')': /simple/pip/
WARNING: Retrying (Retry(total=2, connect=None, read=None, redirect=None, status=None)) after connection broken by 'NewConnectionError('<pip._vendor.urllib3.connection.HTTPSConnection object at 0x109268f70>: Failed to establish a new connection: [Errno 8] nodename nor servname provided, or not known')': /simple/pip/
WARNING: Retrying (Retry(total=1, connect=None, read=None, redirect=None, status=None)) after connection broken by 'NewConnectionError('<pip._vendor.urllib3.connection.HTTPSConnection object at 0x10929b250>: Failed to establish a new connection: [Errno 8] nodename nor servname provided, or not known')': /simple/pip/
WARNING: Retrying (Retry(total=0, connect=None, read=None, redirect=None, status=None)) after connection broken by 'NewConnectionError('<pip._vendor.urllib3.connection.HTTPSConnection object at 0x10929b400>: Failed to establish a new connection: [Errno 8] nodename nor servname provided, or not known')': /simple/pip/
WARNING: Retrying (Retry(total=4, connect=None, read=None, redirect=None, status=None)) after connection broken by 'NewConnectionError('<pip._vendor.urllib3.connection.HTTPSConnection object at 0x10ad18dc0>: Failed to establish a new connection: [Errno 8] nodename nor servname provided, or not known')': /simple/setuptools/
WARNING: Retrying (Retry(total=3, connect=None, read=None, redirect=None, status=None)) after connection broken by 'NewConnectionError('<pip._vendor.urllib3.connection.HTTPSConnection object at 0x10ad49130>: Failed to establish a new connection: [Errno 8] nodename nor servname provided, or not known')': /simple/setuptools/
WARNING: Retrying (Retry(total=2, connect=None, read=None, redirect=None, status=None)) after connection broken by 'NewConnectionError('<pip._vendor.urllib3.connection.HTTPSConnection object at 0x10ad492e0>: Failed to establish a new connection: [Errno 8] nodename nor servname provided, or not known')': /simple/setuptools/
WARNING: Retrying (Retry(total=1, connect=None, read=None, redirect=None, status=None)) after connection broken by 'NewConnectionError('<pip._vendor.urllib3.connection.HTTPSConnection object at 0x10ad49490>: Failed to establish a new connection: [Errno 8] nodename nor servname provided, or not known')': /simple/setuptools/
WARNING: Retrying (Retry(total=0, connect=None, read=None, redirect=None, status=None)) after connection broken by 'NewConnectionError('<pip._vendor.urllib3.connection.HTTPSConnection object at 0x10ad49640>: Failed to establish a new connection: [Errno 8] nodename nor servname provided, or not known')': /simple/setuptools/
WARNING: Retrying (Retry(total=4, connect=None, read=None, redirect=None, status=None)) after connection broken by 'NewConnectionError('<pip._vendor.urllib3.connection.HTTPSConnection object at 0x10addf670>: Failed to establish a new connection: [Errno 8] nodename nor servname provided, or not known')': /simple/wheel/
WARNING: Retrying (Retry(total=3, connect=None, read=None, redirect=None, status=None)) after connection broken by 'NewConnectionError('<pip._vendor.urllib3.connection.HTTPSConnection object at 0x10addfaf0>: Failed to establish a new connection: [Errno 8] nodename nor servname provided, or not known')': /simple/wheel/
WARNING: Retrying (Retry(total=2, connect=None, read=None, redirect=None, status=None)) after connection broken by 'NewConnectionError('<pip._vendor.urllib3.connection.HTTPSConnection object at 0x10ad494f0>: Failed to establish a new connection: [Errno 8] nodename nor servname provided, or not known')': /simple/wheel/
WARNING: Retrying (Retry(total=1, connect=None, read=None, redirect=None, status=None)) after connection broken by 'NewConnectionError('<pip._vendor.urllib3.connection.HTTPSConnection object at 0x10addfd60>: Failed to establish a new connection: [Errno 8] nodename nor servname provided, or not known')': /simple/wheel/
WARNING: Retrying (Retry(total=0, connect=None, read=None, redirect=None, status=None)) after connection broken by 'NewConnectionError('<pip._vendor.urllib3.connection.HTTPSConnection object at 0x10addff10>: Failed to establish a new connection: [Errno 8] nodename nor servname provided, or not known')': /simple/wheel/
  error: subprocess-exited-with-error
  
  × installing build dependencies did not run successfully.
  │ exit code: 1
  ╰─> [7 lines of output]
      WARNING: Retrying (Retry(total=4, connect=None, read=None, redirect=None, status=None)) after connection broken by 'NewConnectionError('<pip._vendor.urllib3.connection.HTTPSConnection object at 0x106561760>: Failed to establish a new connection: [Errno 8] nodename nor servname provided, or not known')': /simple/setuptools/
      WARNING: Retrying (Retry(total=3, connect=None, read=None, redirect=None, status=None)) after connection broken by 'NewConnectionError('<pip._vendor.urllib3.connection.HTTPSConnection object at 0x106561a90>: Failed to establish a new connection: [Errno 8] nodename nor servname provided, or not known')': /simple/setuptools/
      WARNING: Retrying (Retry(total=2, connect=None, read=None, redirect=None, status=None)) after connection broken by 'NewConnectionError('<pip._vendor.urllib3.connection.HTTPSConnection object at 0x106561c40>: Failed to establish a new connection: [Errno 8] nodename nor servname provided, or not known')': /simple/setuptools/
      WARNING: Retrying (Retry(total=1, connect=None, read=None, redirect=None, status=None)) after connection broken by 'NewConnectionError('<pip._vendor.urllib3.connection.HTTPSConnection object at 0x106561df0>: Failed to establish a new connection: [Errno 8] nodename nor servname provided, or not known')': /simple/setuptools/
      WARNING: Retrying (Retry(total=0, connect=None, read=None, redirect=None, status=None)) after connection broken by 'NewConnectionError('<pip._vendor.urllib3.connection.HTTPSConnection object at 0x106561fd0>: Failed to establish a new connection: [Errno 8] nodename nor servname provided, or not known')': /simple/setuptools/
      ERROR: Could not find a version that satisfies the requirement setuptools>=40.8.0 (from versions: none)
      ERROR: No matching distribution found for setuptools>=40.8.0
      [end of output]
  
  note: This error originates from a subprocess, and is likely not a problem with pip.
ERROR: Failed to build 'file:///Users/media/containers/home-automation/wyoming-whisperkit' when installing build dependencies
Traceback (most recent call last):
  File "/Users/media/containers/home-automation/wyoming-whisperkit/./script/setup", line 19, in <module>
    subprocess.check_call(pip + ["install", "-e", str(_PROGRAM_DIR)])
  File "/Library/Developer/CommandLineTools/Library/Frameworks/Python3.framework/Versions/3.9/lib/python3.9/subprocess.py", line 373, in check_call
    raise CalledProcessError(retcode, cmd)
subprocess.CalledProcessError: Command '['/Users/media/containers/home-automation/wyoming-whisperkit/.venv/bin/python3', '-m', 'pip', 'install', '-e', '/Users/media/containers/home-automation/wyoming-whisperkit']' returned non-zero exit status 1.
WARNING: Retrying (Retry(total=4, connect=None, read=None, redirect=None, status=None)) after connection broken by 'NewConnectionError('<pip._vendor.urllib3.connection.HTTPSConnection object at 0x1089a59d0>: Failed to establish a new connection: [Errno 8] nodename nor servname provided, or not known')': /simple/pip/
WARNING: Retrying (Retry(total=3, connect=None, read=None, redirect=None, status=None)) after connection broken by 'NewConnectionError('<pip._vendor.urllib3.connection.HTTPSConnection object at 0x1089d5280>: Failed to establish a new connection: [Errno 8] nodename nor servname provided, or not known')': /simple/pip/
WARNING: Retrying (Retry(total=2, connect=None, read=None, redirect=None, status=None)) after connection broken by 'NewConnectionError('<pip._vendor.urllib3.connection.HTTPSConnection object at 0x1089d55e0>: Failed to establish a new connection: [Errno 8] nodename nor servname provided, or not known')': /simple/pip/
WARNING: Retrying (Retry(total=1, connect=None, read=None, redirect=None, status=None)) after connection broken by 'NewConnectionError('<pip._vendor.urllib3.connection.HTTPSConnection object at 0x1089d5790>: Failed to establish a new connection: [Errno 8] nodename nor servname provided, or not known')': /simple/pip/
WARNING: Retrying (Retry(total=0, connect=None, read=None, redirect=None, status=None)) after connection broken by 'NewConnectionError('<pip._vendor.urllib3.connection.HTTPSConnection object at 0x1089d5940>: Failed to establish a new connection: [Errno 8] nodename nor servname provided, or not known')': /simple/pip/
WARNING: Retrying (Retry(total=4, connect=None, read=None, redirect=None, status=None)) after connection broken by 'NewConnectionError('<pip._vendor.urllib3.connection.HTTPSConnection object at 0x1069b1eb0>: Failed to establish a new connection: [Errno 8] nodename nor servname provided, or not known')': /simple/setuptools/
WARNING: Retrying (Retry(total=3, connect=None, read=None, redirect=None, status=None)) after connection broken by 'NewConnectionError('<pip._vendor.urllib3.connection.HTTPSConnection object at 0x1069e2220>: Failed to establish a new connection: [Errno 8] nodename nor servname provided, or not known')': /simple/setuptools/
WARNING: Retrying (Retry(total=2, connect=None, read=None, redirect=None, status=None)) after connection broken by 'NewConnectionError('<pip._vendor.urllib3.connection.HTTPSConnection object at 0x1069e23d0>: Failed to establish a new connection: [Errno 8] nodename nor servname provided, or not known')': /simple/setuptools/
WARNING: Retrying (Retry(total=1, connect=None, read=None, redirect=None, status=None)) after connection broken by 'NewConnectionError('<pip._vendor.urllib3.connection.HTTPSConnection object at 0x1069e2580>: Failed to establish a new connection: [Errno 8] nodename nor servname provided, or not known')': /simple/setuptools/
WARNING: Retrying (Retry(total=0, connect=None, read=None, redirect=None, status=None)) after connection broken by 'NewConnectionError('<pip._vendor.urllib3.connection.HTTPSConnection object at 0x1069e2730>: Failed to establish a new connection: [Errno 8] nodename nor servname provided, or not known')': /simple/setuptools/
WARNING: Retrying (Retry(total=4, connect=None, read=None, redirect=None, status=None)) after connection broken by 'NewConnectionError('<pip._vendor.urllib3.connection.HTTPSConnection object at 0x106a77850>: Failed to establish a new connection: [Errno 8] nodename nor servname provided, or not known')': /simple/wheel/
WARNING: Retrying (Retry(total=3, connect=None, read=None, redirect=None, status=None)) after connection broken by 'NewConnectionError('<pip._vendor.urllib3.connection.HTTPSConnection object at 0x106a77cd0>: Failed to establish a new connection: [Errno 8] nodename nor servname provided, or not known')': /simple/wheel/
WARNING: Retrying (Retry(total=2, connect=None, read=None, redirect=None, status=None)) after connection broken by 'NewConnectionError('<pip._vendor.urllib3.connection.HTTPSConnection object at 0x1069e2460>: Failed to establish a new connection: [Errno 8] nodename nor servname provided, or not known')': /simple/wheel/
WARNING: Retrying (Retry(total=1, connect=None, read=None, redirect=None, status=None)) after connection broken by 'NewConnectionError('<pip._vendor.urllib3.connection.HTTPSConnection object at 0x106a77f40>: Failed to establish a new connection: [Errno 8] nodename nor servname provided, or not known')': /simple/wheel/
WARNING: Retrying (Retry(total=0, connect=None, read=None, redirect=None, status=None)) after connection broken by 'NewConnectionError('<pip._vendor.urllib3.connection.HTTPSConnection object at 0x106a77f70>: Failed to establish a new connection: [Errno 8] nodename nor servname provided, or not known')': /simple/wheel/
  error: subprocess-exited-with-error
  
  × installing build dependencies did not run successfully.
  │ exit code: 1
  ╰─> [7 lines of output]
      WARNING: Retrying (Retry(total=4, connect=None, read=None, redirect=None, status=None)) after connection broken by 'NewConnectionError('<pip._vendor.urllib3.connection.HTTPSConnection object at 0x106683670>: Failed to establish a new connection: [Errno 8] nodename nor servname provided, or not known')': /simple/setuptools/
      WARNING: Retrying (Retry(total=3, connect=None, read=None, redirect=None, status=None)) after connection broken by 'NewConnectionError('<pip._vendor.urllib3.connection.HTTPSConnection object at 0x1066839a0>: Failed to establish a new connection: [Errno 8] nodename nor servname provided, or not known')': /simple/setuptools/
      WARNING: Retrying (Retry(total=2, connect=None, read=None, redirect=None, status=None)) after connection broken by 'NewConnectionError('<pip._vendor.urllib3.connection.HTTPSConnection object at 0x106683b50>: Failed to establish a new connection: [Errno 8] nodename nor servname provided, or not known')': /simple/setuptools/
      WARNING: Retrying (Retry(total=1, connect=None, read=None, redirect=None, status=None)) after connection broken by 'NewConnectionError('<pip._vendor.urllib3.connection.HTTPSConnection object at 0x106683d00>: Failed to establish a new connection: [Errno 8] nodename nor servname provided, or not known')': /simple/setuptools/
      WARNING: Retrying (Retry(total=0, connect=None, read=None, redirect=None, status=None)) after connection broken by 'NewConnectionError('<pip._vendor.urllib3.connection.HTTPSConnection object at 0x106683ee0>: Failed to establish a new connection: [Errno 8] nodename nor servname provided, or not known')': /simple/setuptools/
      ERROR: Could not find a version that satisfies the requirement setuptools>=40.8.0 (from versions: none)
      ERROR: No matching distribution found for setuptools>=40.8.0
      [end of output]
  
  note: This error originates from a subprocess, and is likely not a problem with pip.
ERROR: Failed to build 'file:///Users/media/containers/home-automation/wyoming-whisperkit' when installing build dependencies
Traceback (most recent call last):
  File "/Users/media/containers/home-automation/wyoming-whisperkit/./script/setup", line 19, in <module>
    subprocess.check_call(pip + ["install", "-e", str(_PROGRAM_DIR)])
  File "/Library/Developer/CommandLineTools/Library/Frameworks/Python3.framework/Versions/3.9/lib/python3.9/subprocess.py", line 373, in check_call
    raise CalledProcessError(retcode, cmd)
subprocess.CalledProcessError: Command '['/Users/media/containers/home-automation/wyoming-whisperkit/.venv/bin/python3', '-m', 'pip', 'install', '-e', '/Users/media/containers/home-automation/wyoming-whisperkit']' returned non-zero exit status 1.
WARNING: Retrying (Retry(total=4, connect=None, read=None, redirect=None, status=None)) after connection broken by 'NewConnectionError('<pip._vendor.urllib3.connection.HTTPSConnection object at 0x10a7206d0>: Failed to establish a new connection: [Errno 8] nodename nor servname provided, or not known')': /simple/pip/
WARNING: Retrying (Retry(total=3, connect=None, read=None, redirect=None, status=None)) after connection broken by 'NewConnectionError('<pip._vendor.urllib3.connection.HTTPSConnection object at 0x10a720f40>: Failed to establish a new connection: [Errno 8] nodename nor servname provided, or not known')': /simple/pip/
WARNING: Retrying (Retry(total=2, connect=None, read=None, redirect=None, status=None)) after connection broken by 'NewConnectionError('<pip._vendor.urllib3.connection.HTTPSConnection object at 0x10a7512e0>: Failed to establish a new connection: [Errno 8] nodename nor servname provided, or not known')': /simple/pip/
WARNING: Retrying (Retry(total=1, connect=None, read=None, redirect=None, status=None)) after connection broken by 'NewConnectionError('<pip._vendor.urllib3.connection.HTTPSConnection object at 0x10a751490>: Failed to establish a new connection: [Errno 8] nodename nor servname provided, or not known')': /simple/pip/
WARNING: Retrying (Retry(total=0, connect=None, read=None, redirect=None, status=None)) after connection broken by 'NewConnectionError('<pip._vendor.urllib3.connection.HTTPSConnection object at 0x10a751640>: Failed to establish a new connection: [Errno 8] nodename nor servname provided, or not known')': /simple/pip/
WARNING: Retrying (Retry(total=4, connect=None, read=None, redirect=None, status=None)) after connection broken by 'NewConnectionError('<pip._vendor.urllib3.connection.HTTPSConnection object at 0x106fb9f40>: Failed to establish a new connection: [Errno 8] nodename nor servname provided, or not known')': /simple/setuptools/
WARNING: Retrying (Retry(total=3, connect=None, read=None, redirect=None, status=None)) after connection broken by 'NewConnectionError('<pip._vendor.urllib3.connection.HTTPSConnection object at 0x106fe92b0>: Failed to establish a new connection: [Errno 8] nodename nor servname provided, or not known')': /simple/setuptools/
WARNING: Retrying (Retry(total=2, connect=None, read=None, redirect=None, status=None)) after connection broken by 'NewConnectionError('<pip._vendor.urllib3.connection.HTTPSConnection object at 0x106fe9460>: Failed to establish a new connection: [Errno 8] nodename nor servname provided, or not known')': /simple/setuptools/
WARNING: Retrying (Retry(total=1, connect=None, read=None, redirect=None, status=None)) after connection broken by 'NewConnectionError('<pip._vendor.urllib3.connection.HTTPSConnection object at 0x106fe9610>: Failed to establish a new connection: [Errno 8] nodename nor servname provided, or not known')': /simple/setuptools/
WARNING: Retrying (Retry(total=0, connect=None, read=None, redirect=None, status=None)) after connection broken by 'NewConnectionError('<pip._vendor.urllib3.connection.HTTPSConnection object at 0x106fe97c0>: Failed to establish a new connection: [Errno 8] nodename nor servname provided, or not known')': /simple/setuptools/
WARNING: Retrying (Retry(total=4, connect=None, read=None, redirect=None, status=None)) after connection broken by 'NewConnectionError('<pip._vendor.urllib3.connection.HTTPSConnection object at 0x10707f940>: Failed to establish a new connection: [Errno 8] nodename nor servname provided, or not known')': /simple/wheel/
WARNING: Retrying (Retry(total=3, connect=None, read=None, redirect=None, status=None)) after connection broken by 'NewConnectionError('<pip._vendor.urllib3.connection.HTTPSConnection object at 0x10707fc40>: Failed to establish a new connection: [Errno 8] nodename nor servname provided, or not known')': /simple/wheel/
WARNING: Retrying (Retry(total=2, connect=None, read=None, redirect=None, status=None)) after connection broken by 'NewConnectionError('<pip._vendor.urllib3.connection.HTTPSConnection object at 0x106fe9160>: Failed to establish a new connection: [Errno 8] nodename nor servname provided, or not known')': /simple/wheel/
WARNING: Retrying (Retry(total=1, connect=None, read=None, redirect=None, status=None)) after connection broken by 'NewConnectionError('<pip._vendor.urllib3.connection.HTTPSConnection object at 0x10707fe80>: Failed to establish a new connection: [Errno 8] nodename nor servname provided, or not known')': /simple/wheel/
WARNING: Retrying (Retry(total=0, connect=None, read=None, redirect=None, status=None)) after connection broken by 'NewConnectionError('<pip._vendor.urllib3.connection.HTTPSConnection object at 0x10707ff70>: Failed to establish a new connection: [Errno 8] nodename nor servname provided, or not known')': /simple/wheel/
  error: subprocess-exited-with-error
  
  × installing build dependencies did not run successfully.
  │ exit code: 1
  ╰─> [7 lines of output]
      WARNING: Retrying (Retry(total=4, connect=None, read=None, redirect=None, status=None)) after connection broken by 'NewConnectionError('<pip._vendor.urllib3.connection.HTTPSConnection object at 0x108562a30>: Failed to establish a new connection: [Errno 8] nodename nor servname provided, or not known')': /simple/setuptools/
      WARNING: Retrying (Retry(total=3, connect=None, read=None, redirect=None, status=None)) after connection broken by 'NewConnectionError('<pip._vendor.urllib3.connection.HTTPSConnection object at 0x108562d60>: Failed to establish a new connection: [Errno 8] nodename nor servname provided, or not known')': /simple/setuptools/
      WARNING: Retrying (Retry(total=2, connect=None, read=None, redirect=None, status=None)) after connection broken by 'NewConnectionError('<pip._vendor.urllib3.connection.HTTPSConnection object at 0x108562f40>: Failed to establish a new connection: [Errno 8] nodename nor servname provided, or not known')': /simple/setuptools/
      WARNING: Retrying (Retry(total=1, connect=None, read=None, redirect=None, status=None)) after connection broken by 'NewConnectionError('<pip._vendor.urllib3.connection.HTTPSConnection object at 0x1085d2280>: Failed to establish a new connection: [Errno 8] nodename nor servname provided, or not known')': /simple/setuptools/
      WARNING: Retrying (Retry(total=0, connect=None, read=None, redirect=None, status=None)) after connection broken by 'NewConnectionError('<pip._vendor.urllib3.connection.HTTPSConnection object at 0x1085d22b0>: Failed to establish a new connection: [Errno 8] nodename nor servname provided, or not known')': /simple/setuptools/
      ERROR: Could not find a version that satisfies the requirement setuptools>=40.8.0 (from versions: none)
      ERROR: No matching distribution found for setuptools>=40.8.0
      [end of output]
  
  note: This error originates from a subprocess, and is likely not a problem with pip.
ERROR: Failed to build 'file:///Users/media/containers/home-automation/wyoming-whisperkit' when installing build dependencies
Traceback (most recent call last):
  File "/Users/media/containers/home-automation/wyoming-whisperkit/./script/setup", line 19, in <module>
    subprocess.check_call(pip + ["install", "-e", str(_PROGRAM_DIR)])
  File "/Library/Developer/CommandLineTools/Library/Frameworks/Python3.framework/Versions/3.9/lib/python3.9/subprocess.py", line 373, in check_call
    raise CalledProcessError(retcode, cmd)
subprocess.CalledProcessError: Command '['/Users/media/containers/home-automation/wyoming-whisperkit/.venv/bin/python3', '-m', 'pip', 'install', '-e', '/Users/media/containers/home-automation/wyoming-whisperkit']' returned non-zero exit status 1.
WARNING: Retrying (Retry(total=4, connect=None, read=None, redirect=None, status=None)) after connection broken by 'NewConnectionError('<pip._vendor.urllib3.connection.HTTPSConnection object at 0x10a72d460>: Failed to establish a new connection: [Errno 8] nodename nor servname provided, or not known')': /simple/pip/
WARNING: Retrying (Retry(total=3, connect=None, read=None, redirect=None, status=None)) after connection broken by 'NewConnectionError('<pip._vendor.urllib3.connection.HTTPSConnection object at 0x10a72dcd0>: Failed to establish a new connection: [Errno 8] nodename nor servname provided, or not known')': /simple/pip/
WARNING: Retrying (Retry(total=2, connect=None, read=None, redirect=None, status=None)) after connection broken by 'NewConnectionError('<pip._vendor.urllib3.connection.HTTPSConnection object at 0x10a72deb0>: Failed to establish a new connection: [Errno 8] nodename nor servname provided, or not known')': /simple/pip/
WARNING: Retrying (Retry(total=1, connect=None, read=None, redirect=None, status=None)) after connection broken by 'NewConnectionError('<pip._vendor.urllib3.connection.HTTPSConnection object at 0x10a72df70>: Failed to establish a new connection: [Errno 8] nodename nor servname provided, or not known')': /simple/pip/
WARNING: Retrying (Retry(total=0, connect=None, read=None, redirect=None, status=None)) after connection broken by 'NewConnectionError('<pip._vendor.urllib3.connection.HTTPSConnection object at 0x10a7613d0>: Failed to establish a new connection: [Errno 8] nodename nor servname provided, or not known')': /simple/pip/
WARNING: Retrying (Retry(total=4, connect=None, read=None, redirect=None, status=None)) after connection broken by 'NewConnectionError('<pip._vendor.urllib3.connection.HTTPSConnection object at 0x1090a4100>: Failed to establish a new connection: [Errno 8] nodename nor servname provided, or not known')': /simple/setuptools/
WARNING: Retrying (Retry(total=3, connect=None, read=None, redirect=None, status=None)) after connection broken by 'NewConnectionError('<pip._vendor.urllib3.connection.HTTPSConnection object at 0x1090a4430>: Failed to establish a new connection: [Errno 8] nodename nor servname provided, or not known')': /simple/setuptools/
WARNING: Retrying (Retry(total=2, connect=None, read=None, redirect=None, status=None)) after connection broken by 'NewConnectionError('<pip._vendor.urllib3.connection.HTTPSConnection object at 0x1090a45e0>: Failed to establish a new connection: [Errno 8] nodename nor servname provided, or not known')': /simple/setuptools/
WARNING: Retrying (Retry(total=1, connect=None, read=None, redirect=None, status=None)) after connection broken by 'NewConnectionError('<pip._vendor.urllib3.connection.HTTPSConnection object at 0x1090a4790>: Failed to establish a new connection: [Errno 8] nodename nor servname provided, or not known')': /simple/setuptools/
WARNING: Retrying (Retry(total=0, connect=None, read=None, redirect=None, status=None)) after connection broken by 'NewConnectionError('<pip._vendor.urllib3.connection.HTTPSConnection object at 0x1090a4940>: Failed to establish a new connection: [Errno 8] nodename nor servname provided, or not known')': /simple/setuptools/
WARNING: Retrying (Retry(total=4, connect=None, read=None, redirect=None, status=None)) after connection broken by 'NewConnectionError('<pip._vendor.urllib3.connection.HTTPSConnection object at 0x109144c70>: Failed to establish a new connection: [Errno 8] nodename nor servname provided, or not known')': /simple/wheel/
WARNING: Retrying (Retry(total=3, connect=None, read=None, redirect=None, status=None)) after connection broken by 'NewConnectionError('<pip._vendor.urllib3.connection.HTTPSConnection object at 0x109144f70>: Failed to establish a new connection: [Errno 8] nodename nor servname provided, or not known')': /simple/wheel/
WARNING: Retrying (Retry(total=2, connect=None, read=None, redirect=None, status=None)) after connection broken by 'NewConnectionError('<pip._vendor.urllib3.connection.HTTPSConnection object at 0x1090a4520>: Failed to establish a new connection: [Errno 8] nodename nor servname provided, or not known')': /simple/wheel/
WARNING: Retrying (Retry(total=1, connect=None, read=None, redirect=None, status=None)) after connection broken by 'NewConnectionError('<pip._vendor.urllib3.connection.HTTPSConnection object at 0x1091473a0>: Failed to establish a new connection: [Errno 8] nodename nor servname provided, or not known')': /simple/wheel/
WARNING: Retrying (Retry(total=0, connect=None, read=None, redirect=None, status=None)) after connection broken by 'NewConnectionError('<pip._vendor.urllib3.connection.HTTPSConnection object at 0x109147550>: Failed to establish a new connection: [Errno 8] nodename nor servname provided, or not known')': /simple/wheel/
  error: subprocess-exited-with-error
  
  × installing build dependencies did not run successfully.
  │ exit code: 1
  ╰─> [7 lines of output]
      WARNING: Retrying (Retry(total=4, connect=None, read=None, redirect=None, status=None)) after connection broken by 'NewConnectionError('<pip._vendor.urllib3.connection.HTTPSConnection object at 0x108fc16d0>: Failed to establish a new connection: [Errno 8] nodename nor servname provided, or not known')': /simple/setuptools/
      WARNING: Retrying (Retry(total=3, connect=None, read=None, redirect=None, status=None)) after connection broken by 'NewConnectionError('<pip._vendor.urllib3.connection.HTTPSConnection object at 0x108fc1a00>: Failed to establish a new connection: [Errno 8] nodename nor servname provided, or not known')': /simple/setuptools/
      WARNING: Retrying (Retry(total=2, connect=None, read=None, redirect=None, status=None)) after connection broken by 'NewConnectionError('<pip._vendor.urllib3.connection.HTTPSConnection object at 0x108fc1bb0>: Failed to establish a new connection: [Errno 8] nodename nor servname provided, or not known')': /simple/setuptools/
      WARNING: Retrying (Retry(total=1, connect=None, read=None, redirect=None, status=None)) after connection broken by 'NewConnectionError('<pip._vendor.urllib3.connection.HTTPSConnection object at 0x108fc1d60>: Failed to establish a new connection: [Errno 8] nodename nor servname provided, or not known')': /simple/setuptools/
      WARNING: Retrying (Retry(total=0, connect=None, read=None, redirect=None, status=None)) after connection broken by 'NewConnectionError('<pip._vendor.urllib3.connection.HTTPSConnection object at 0x108fc1f40>: Failed to establish a new connection: [Errno 8] nodename nor servname provided, or not known')': /simple/setuptools/
      ERROR: Could not find a version that satisfies the requirement setuptools>=40.8.0 (from versions: none)
      ERROR: No matching distribution found for setuptools>=40.8.0
      [end of output]
  
  note: This error originates from a subprocess, and is likely not a problem with pip.
ERROR: Failed to build 'file:///Users/media/containers/home-automation/wyoming-whisperkit' when installing build dependencies
Traceback (most recent call last):
  File "/Users/media/containers/home-automation/wyoming-whisperkit/./script/setup", line 19, in <module>
    subprocess.check_call(pip + ["install", "-e", str(_PROGRAM_DIR)])
  File "/Library/Developer/CommandLineTools/Library/Frameworks/Python3.framework/Versions/3.9/lib/python3.9/subprocess.py", line 373, in check_call
    raise CalledProcessError(retcode, cmd)
subprocess.CalledProcessError: Command '['/Users/media/containers/home-automation/wyoming-whisperkit/.venv/bin/python3', '-m', 'pip', 'install', '-e', '/Users/media/containers/home-automation/wyoming-whisperkit']' returned non-zero exit status 1.
WARNING: Retrying (Retry(total=4, connect=None, read=None, redirect=None, status=None)) after connection broken by 'NewConnectionError('<pip._vendor.urllib3.connection.HTTPSConnection object at 0x107374760>: Failed to establish a new connection: [Errno 8] nodename nor servname provided, or not known')': /simple/pip/
WARNING: Retrying (Retry(total=3, connect=None, read=None, redirect=None, status=None)) after connection broken by 'NewConnectionError('<pip._vendor.urllib3.connection.HTTPSConnection object at 0x107374fa0>: Failed to establish a new connection: [Errno 8] nodename nor servname provided, or not known')': /simple/pip/
WARNING: Retrying (Retry(total=2, connect=None, read=None, redirect=None, status=None)) after connection broken by 'NewConnectionError('<pip._vendor.urllib3.connection.HTTPSConnection object at 0x1073a5370>: Failed to establish a new connection: [Errno 8] nodename nor servname provided, or not known')': /simple/pip/
WARNING: Retrying (Retry(total=1, connect=None, read=None, redirect=None, status=None)) after connection broken by 'NewConnectionError('<pip._vendor.urllib3.connection.HTTPSConnection object at 0x1073a5520>: Failed to establish a new connection: [Errno 8] nodename nor servname provided, or not known')': /simple/pip/
WARNING: Retrying (Retry(total=0, connect=None, read=None, redirect=None, status=None)) after connection broken by 'NewConnectionError('<pip._vendor.urllib3.connection.HTTPSConnection object at 0x1073a56d0>: Failed to establish a new connection: [Errno 8] nodename nor servname provided, or not known')': /simple/pip/
WARNING: Retrying (Retry(total=4, connect=None, read=None, redirect=None, status=None)) after connection broken by 'NewConnectionError('<pip._vendor.urllib3.connection.HTTPSConnection object at 0x108b4cdc0>: Failed to establish a new connection: [Errno 8] nodename nor servname provided, or not known')': /simple/setuptools/
WARNING: Retrying (Retry(total=3, connect=None, read=None, redirect=None, status=None)) after connection broken by 'NewConnectionError('<pip._vendor.urllib3.connection.HTTPSConnection object at 0x108b7d130>: Failed to establish a new connection: [Errno 8] nodename nor servname provided, or not known')': /simple/setuptools/
WARNING: Retrying (Retry(total=2, connect=None, read=None, redirect=None, status=None)) after connection broken by 'NewConnectionError('<pip._vendor.urllib3.connection.HTTPSConnection object at 0x108b7d2e0>: Failed to establish a new connection: [Errno 8] nodename nor servname provided, or not known')': /simple/setuptools/
WARNING: Retrying (Retry(total=1, connect=None, read=None, redirect=None, status=None)) after connection broken by 'NewConnectionError('<pip._vendor.urllib3.connection.HTTPSConnection object at 0x108b7d490>: Failed to establish a new connection: [Errno 8] nodename nor servname provided, or not known')': /simple/setuptools/
WARNING: Retrying (Retry(total=0, connect=None, read=None, redirect=None, status=None)) after connection broken by 'NewConnectionError('<pip._vendor.urllib3.connection.HTTPSConnection object at 0x108b7d640>: Failed to establish a new connection: [Errno 8] nodename nor servname provided, or not known')': /simple/setuptools/
WARNING: Retrying (Retry(total=4, connect=None, read=None, redirect=None, status=None)) after connection broken by 'NewConnectionError('<pip._vendor.urllib3.connection.HTTPSConnection object at 0x108c13670>: Failed to establish a new connection: [Errno 8] nodename nor servname provided, or not known')': /simple/wheel/
WARNING: Retrying (Retry(total=3, connect=None, read=None, redirect=None, status=None)) after connection broken by 'NewConnectionError('<pip._vendor.urllib3.connection.HTTPSConnection object at 0x108c13af0>: Failed to establish a new connection: [Errno 8] nodename nor servname provided, or not known')': /simple/wheel/
WARNING: Retrying (Retry(total=2, connect=None, read=None, redirect=None, status=None)) after connection broken by 'NewConnectionError('<pip._vendor.urllib3.connection.HTTPSConnection object at 0x108b7d580>: Failed to establish a new connection: [Errno 8] nodename nor servname provided, or not known')': /simple/wheel/
WARNING: Retrying (Retry(total=1, connect=None, read=None, redirect=None, status=None)) after connection broken by 'NewConnectionError('<pip._vendor.urllib3.connection.HTTPSConnection object at 0x108c13d60>: Failed to establish a new connection: [Errno 8] nodename nor servname provided, or not known')': /simple/wheel/
WARNING: Retrying (Retry(total=0, connect=None, read=None, redirect=None, status=None)) after connection broken by 'NewConnectionError('<pip._vendor.urllib3.connection.HTTPSConnection object at 0x108c13f10>: Failed to establish a new connection: [Errno 8] nodename nor servname provided, or not known')': /simple/wheel/
  error: subprocess-exited-with-error
  
  × installing build dependencies did not run successfully.
  │ exit code: 1
  ╰─> [7 lines of output]
      WARNING: Retrying (Retry(total=4, connect=None, read=None, redirect=None, status=None)) after connection broken by 'NewConnectionError('<pip._vendor.urllib3.connection.HTTPSConnection object at 0x10869fca0>: Failed to establish a new connection: [Errno 8] nodename nor servname provided, or not known')': /simple/setuptools/
      WARNING: Retrying (Retry(total=3, connect=None, read=None, redirect=None, status=None)) after connection broken by 'NewConnectionError('<pip._vendor.urllib3.connection.HTTPSConnection object at 0x10869ffd0>: Failed to establish a new connection: [Errno 8] nodename nor servname provided, or not known')': /simple/setuptools/
      WARNING: Retrying (Retry(total=2, connect=None, read=None, redirect=None, status=None)) after connection broken by 'NewConnectionError('<pip._vendor.urllib3.connection.HTTPSConnection object at 0x10870a1c0>: Failed to establish a new connection: [Errno 8] nodename nor servname provided, or not known')': /simple/setuptools/
      WARNING: Retrying (Retry(total=1, connect=None, read=None, redirect=None, status=None)) after connection broken by 'NewConnectionError('<pip._vendor.urllib3.connection.HTTPSConnection object at 0x10870a370>: Failed to establish a new connection: [Errno 8] nodename nor servname provided, or not known')': /simple/setuptools/
      WARNING: Retrying (Retry(total=0, connect=None, read=None, redirect=None, status=None)) after connection broken by 'NewConnectionError('<pip._vendor.urllib3.connection.HTTPSConnection object at 0x10870a520>: Failed to establish a new connection: [Errno 8] nodename nor servname provided, or not known')': /simple/setuptools/
      ERROR: Could not find a version that satisfies the requirement setuptools>=40.8.0 (from versions: none)
      ERROR: No matching distribution found for setuptools>=40.8.0
      [end of output]
  
  note: This error originates from a subprocess, and is likely not a problem with pip.
ERROR: Failed to build 'file:///Users/media/containers/home-automation/wyoming-whisperkit' when installing build dependencies
Traceback (most recent call last):
  File "/Users/media/containers/home-automation/wyoming-whisperkit/./script/setup", line 19, in <module>
    subprocess.check_call(pip + ["install", "-e", str(_PROGRAM_DIR)])
  File "/Library/Developer/CommandLineTools/Library/Frameworks/Python3.framework/Versions/3.9/lib/python3.9/subprocess.py", line 373, in check_call
    raise CalledProcessError(retcode, cmd)
subprocess.CalledProcessError: Command '['/Users/media/containers/home-automation/wyoming-whisperkit/.venv/bin/python3', '-m', 'pip', 'install', '-e', '/Users/media/containers/home-automation/wyoming-whisperkit']' returned non-zero exit status 1.
WARNING: Retrying (Retry(total=4, connect=None, read=None, redirect=None, status=None)) after connection broken by 'NewConnectionError('<pip._vendor.urllib3.connection.HTTPSConnection object at 0x107058550>: Failed to establish a new connection: [Errno 8] nodename nor servname provided, or not known')': /simple/pip/
WARNING: Retrying (Retry(total=3, connect=None, read=None, redirect=None, status=None)) after connection broken by 'NewConnectionError('<pip._vendor.urllib3.connection.HTTPSConnection object at 0x107058dc0>: Failed to establish a new connection: [Errno 8] nodename nor servname provided, or not known')': /simple/pip/
WARNING: Retrying (Retry(total=2, connect=None, read=None, redirect=None, status=None)) after connection broken by 'NewConnectionError('<pip._vendor.urllib3.connection.HTTPSConnection object at 0x107058fa0>: Failed to establish a new connection: [Errno 8] nodename nor servname provided, or not known')': /simple/pip/
WARNING: Retrying (Retry(total=1, connect=None, read=None, redirect=None, status=None)) after connection broken by 'NewConnectionError('<pip._vendor.urllib3.connection.HTTPSConnection object at 0x10708c310>: Failed to establish a new connection: [Errno 8] nodename nor servname provided, or not known')': /simple/pip/
WARNING: Retrying (Retry(total=0, connect=None, read=None, redirect=None, status=None)) after connection broken by 'NewConnectionError('<pip._vendor.urllib3.connection.HTTPSConnection object at 0x10708c4c0>: Failed to establish a new connection: [Errno 8] nodename nor servname provided, or not known')': /simple/pip/
WARNING: Retrying (Retry(total=4, connect=None, read=None, redirect=None, status=None)) after connection broken by 'NewConnectionError('<pip._vendor.urllib3.connection.HTTPSConnection object at 0x10b3e0dc0>: Failed to establish a new connection: [Errno 8] nodename nor servname provided, or not known')': /simple/setuptools/
WARNING: Retrying (Retry(total=3, connect=None, read=None, redirect=None, status=None)) after connection broken by 'NewConnectionError('<pip._vendor.urllib3.connection.HTTPSConnection object at 0x10b411130>: Failed to establish a new connection: [Errno 8] nodename nor servname provided, or not known')': /simple/setuptools/
WARNING: Retrying (Retry(total=2, connect=None, read=None, redirect=None, status=None)) after connection broken by 'NewConnectionError('<pip._vendor.urllib3.connection.HTTPSConnection object at 0x10b4112e0>: Failed to establish a new connection: [Errno 8] nodename nor servname provided, or not known')': /simple/setuptools/
WARNING: Retrying (Retry(total=1, connect=None, read=None, redirect=None, status=None)) after connection broken by 'NewConnectionError('<pip._vendor.urllib3.connection.HTTPSConnection object at 0x10b411490>: Failed to establish a new connection: [Errno 8] nodename nor servname provided, or not known')': /simple/setuptools/
WARNING: Retrying (Retry(total=0, connect=None, read=None, redirect=None, status=None)) after connection broken by 'NewConnectionError('<pip._vendor.urllib3.connection.HTTPSConnection object at 0x10b411640>: Failed to establish a new connection: [Errno 8] nodename nor servname provided, or not known')': /simple/setuptools/
WARNING: Retrying (Retry(total=4, connect=None, read=None, redirect=None, status=None)) after connection broken by 'NewConnectionError('<pip._vendor.urllib3.connection.HTTPSConnection object at 0x10b4a7670>: Failed to establish a new connection: [Errno 8] nodename nor servname provided, or not known')': /simple/wheel/
WARNING: Retrying (Retry(total=3, connect=None, read=None, redirect=None, status=None)) after connection broken by 'NewConnectionError('<pip._vendor.urllib3.connection.HTTPSConnection object at 0x10b4a7af0>: Failed to establish a new connection: [Errno 8] nodename nor servname provided, or not known')': /simple/wheel/
WARNING: Retrying (Retry(total=2, connect=None, read=None, redirect=None, status=None)) after connection broken by 'NewConnectionError('<pip._vendor.urllib3.connection.HTTPSConnection object at 0x10b4115b0>: Failed to establish a new connection: [Errno 8] nodename nor servname provided, or not known')': /simple/wheel/
WARNING: Retrying (Retry(total=1, connect=None, read=None, redirect=None, status=None)) after connection broken by 'NewConnectionError('<pip._vendor.urllib3.connection.HTTPSConnection object at 0x10b4a7d60>: Failed to establish a new connection: [Errno 8] nodename nor servname provided, or not known')': /simple/wheel/
WARNING: Retrying (Retry(total=0, connect=None, read=None, redirect=None, status=None)) after connection broken by 'NewConnectionError('<pip._vendor.urllib3.connection.HTTPSConnection object at 0x10b4a7f10>: Failed to establish a new connection: [Errno 8] nodename nor servname provided, or not known')': /simple/wheel/
  error: subprocess-exited-with-error
  
  × installing build dependencies did not run successfully.
  │ exit code: 1
  ╰─> [7 lines of output]
      WARNING: Retrying (Retry(total=4, connect=None, read=None, redirect=None, status=None)) after connection broken by 'NewConnectionError('<pip._vendor.urllib3.connection.HTTPSConnection object at 0x108bc78e0>: Failed to establish a new connection: [Errno 8] nodename nor servname provided, or not known')': /simple/setuptools/
      WARNING: Retrying (Retry(total=3, connect=None, read=None, redirect=None, status=None)) after connection broken by 'NewConnectionError('<pip._vendor.urllib3.connection.HTTPSConnection object at 0x108bc7c10>: Failed to establish a new connection: [Errno 8] nodename nor servname provided, or not known')': /simple/setuptools/
      WARNING: Retrying (Retry(total=2, connect=None, read=None, redirect=None, status=None)) after connection broken by 'NewConnectionError('<pip._vendor.urllib3.connection.HTTPSConnection object at 0x108bc7dc0>: Failed to establish a new connection: [Errno 8] nodename nor servname provided, or not known')': /simple/setuptools/
      WARNING: Retrying (Retry(total=1, connect=None, read=None, redirect=None, status=None)) after connection broken by 'NewConnectionError('<pip._vendor.urllib3.connection.HTTPSConnection object at 0x108bc7fa0>: Failed to establish a new connection: [Errno 8] nodename nor servname provided, or not known')': /simple/setuptools/
      WARNING: Retrying (Retry(total=0, connect=None, read=None, redirect=None, status=None)) after connection broken by 'NewConnectionError('<pip._vendor.urllib3.connection.HTTPSConnection object at 0x108c37160>: Failed to establish a new connection: [Errno 8] nodename nor servname provided, or not known')': /simple/setuptools/
      ERROR: Could not find a version that satisfies the requirement setuptools>=40.8.0 (from versions: none)
      ERROR: No matching distribution found for setuptools>=40.8.0
      [end of output]
  
  note: This error originates from a subprocess, and is likely not a problem with pip.
ERROR: Failed to build 'file:///Users/media/containers/home-automation/wyoming-whisperkit' when installing build dependencies
Traceback (most recent call last):
  File "/Users/media/containers/home-automation/wyoming-whisperkit/./script/setup", line 19, in <module>
    subprocess.check_call(pip + ["install", "-e", str(_PROGRAM_DIR)])
  File "/Library/Developer/CommandLineTools/Library/Frameworks/Python3.framework/Versions/3.9/lib/python3.9/subprocess.py", line 373, in check_call
    raise CalledProcessError(retcode, cmd)
subprocess.CalledProcessError: Command '['/Users/media/containers/home-automation/wyoming-whisperkit/.venv/bin/python3', '-m', 'pip', 'install', '-e', '/Users/media/containers/home-automation/wyoming-whisperkit']' returned non-zero exit status 1.
WARNING: Retrying (Retry(total=4, connect=None, read=None, redirect=None, status=None)) after connection broken by 'NewConnectionError('<pip._vendor.urllib3.connection.HTTPSConnection object at 0x106d897c0>: Failed to establish a new connection: [Errno 8] nodename nor servname provided, or not known')': /simple/pip/
WARNING: Retrying (Retry(total=3, connect=None, read=None, redirect=None, status=None)) after connection broken by 'NewConnectionError('<pip._vendor.urllib3.connection.HTTPSConnection object at 0x106d89fa0>: Failed to establish a new connection: [Errno 8] nodename nor servname provided, or not known')': /simple/pip/
WARNING: Retrying (Retry(total=2, connect=None, read=None, redirect=None, status=None)) after connection broken by 'NewConnectionError('<pip._vendor.urllib3.connection.HTTPSConnection object at 0x106dbd3d0>: Failed to establish a new connection: [Errno 8] nodename nor servname provided, or not known')': /simple/pip/
WARNING: Retrying (Retry(total=1, connect=None, read=None, redirect=None, status=None)) after connection broken by 'NewConnectionError('<pip._vendor.urllib3.connection.HTTPSConnection object at 0x106dbd580>: Failed to establish a new connection: [Errno 8] nodename nor servname provided, or not known')': /simple/pip/
WARNING: Retrying (Retry(total=0, connect=None, read=None, redirect=None, status=None)) after connection broken by 'NewConnectionError('<pip._vendor.urllib3.connection.HTTPSConnection object at 0x106dbd730>: Failed to establish a new connection: [Errno 8] nodename nor servname provided, or not known')': /simple/pip/
WARNING: Retrying (Retry(total=4, connect=None, read=None, redirect=None, status=None)) after connection broken by 'NewConnectionError('<pip._vendor.urllib3.connection.HTTPSConnection object at 0x10706e100>: Failed to establish a new connection: [Errno 8] nodename nor servname provided, or not known')': /simple/setuptools/
WARNING: Retrying (Retry(total=3, connect=None, read=None, redirect=None, status=None)) after connection broken by 'NewConnectionError('<pip._vendor.urllib3.connection.HTTPSConnection object at 0x10706e400>: Failed to establish a new connection: [Errno 8] nodename nor servname provided, or not known')': /simple/setuptools/
WARNING: Retrying (Retry(total=2, connect=None, read=None, redirect=None, status=None)) after connection broken by 'NewConnectionError('<pip._vendor.urllib3.connection.HTTPSConnection object at 0x10706e5b0>: Failed to establish a new connection: [Errno 8] nodename nor servname provided, or not known')': /simple/setuptools/
WARNING: Retrying (Retry(total=1, connect=None, read=None, redirect=None, status=None)) after connection broken by 'NewConnectionError('<pip._vendor.urllib3.connection.HTTPSConnection object at 0x10706e760>: Failed to establish a new connection: [Errno 8] nodename nor servname provided, or not known')': /simple/setuptools/
WARNING: Retrying (Retry(total=0, connect=None, read=None, redirect=None, status=None)) after connection broken by 'NewConnectionError('<pip._vendor.urllib3.connection.HTTPSConnection object at 0x10706e910>: Failed to establish a new connection: [Errno 8] nodename nor servname provided, or not known')': /simple/setuptools/
WARNING: Retrying (Retry(total=4, connect=None, read=None, redirect=None, status=None)) after connection broken by 'NewConnectionError('<pip._vendor.urllib3.connection.HTTPSConnection object at 0x107104c10>: Failed to establish a new connection: [Errno 8] nodename nor servname provided, or not known')': /simple/wheel/
WARNING: Retrying (Retry(total=3, connect=None, read=None, redirect=None, status=None)) after connection broken by 'NewConnectionError('<pip._vendor.urllib3.connection.HTTPSConnection object at 0x107104f10>: Failed to establish a new connection: [Errno 8] nodename nor servname provided, or not known')': /simple/wheel/
WARNING: Retrying (Retry(total=2, connect=None, read=None, redirect=None, status=None)) after connection broken by 'NewConnectionError('<pip._vendor.urllib3.connection.HTTPSConnection object at 0x107104f70>: Failed to establish a new connection: [Errno 8] nodename nor servname provided, or not known')': /simple/wheel/
WARNING: Retrying (Retry(total=1, connect=None, read=None, redirect=None, status=None)) after connection broken by 'NewConnectionError('<pip._vendor.urllib3.connection.HTTPSConnection object at 0x10710d340>: Failed to establish a new connection: [Errno 8] nodename nor servname provided, or not known')': /simple/wheel/
WARNING: Retrying (Retry(total=0, connect=None, read=None, redirect=None, status=None)) after connection broken by 'NewConnectionError('<pip._vendor.urllib3.connection.HTTPSConnection object at 0x10710d4f0>: Failed to establish a new connection: [Errno 8] nodename nor servname provided, or not known')': /simple/wheel/
  error: subprocess-exited-with-error
  
  × installing build dependencies did not run successfully.
  │ exit code: 1
  ╰─> [7 lines of output]
      WARNING: Retrying (Retry(total=4, connect=None, read=None, redirect=None, status=None)) after connection broken by 'NewConnectionError('<pip._vendor.urllib3.connection.HTTPSConnection object at 0x10a9d57f0>: Failed to establish a new connection: [Errno 8] nodename nor servname provided, or not known')': /simple/setuptools/
      WARNING: Retrying (Retry(total=3, connect=None, read=None, redirect=None, status=None)) after connection broken by 'NewConnectionError('<pip._vendor.urllib3.connection.HTTPSConnection object at 0x10a9d5b20>: Failed to establish a new connection: [Errno 8] nodename nor servname provided, or not known')': /simple/setuptools/
      WARNING: Retrying (Retry(total=2, connect=None, read=None, redirect=None, status=None)) after connection broken by 'NewConnectionError('<pip._vendor.urllib3.connection.HTTPSConnection object at 0x10a9d5cd0>: Failed to establish a new connection: [Errno 8] nodename nor servname provided, or not known')': /simple/setuptools/
      WARNING: Retrying (Retry(total=1, connect=None, read=None, redirect=None, status=None)) after connection broken by 'NewConnectionError('<pip._vendor.urllib3.connection.HTTPSConnection object at 0x10a9d5eb0>: Failed to establish a new connection: [Errno 8] nodename nor servname provided, or not known')': /simple/setuptools/
      WARNING: Retrying (Retry(total=0, connect=None, read=None, redirect=None, status=None)) after connection broken by 'NewConnectionError('<pip._vendor.urllib3.connection.HTTPSConnection object at 0x10a9d5f70>: Failed to establish a new connection: [Errno 8] nodename nor servname provided, or not known')': /simple/setuptools/
      ERROR: Could not find a version that satisfies the requirement setuptools>=40.8.0 (from versions: none)
      ERROR: No matching distribution found for setuptools>=40.8.0
      [end of output]
  
  note: This error originates from a subprocess, and is likely not a problem with pip.
ERROR: Failed to build 'file:///Users/media/containers/home-automation/wyoming-whisperkit' when installing build dependencies
Traceback (most recent call last):
  File "/Users/media/containers/home-automation/wyoming-whisperkit/./script/setup", line 19, in <module>
    subprocess.check_call(pip + ["install", "-e", str(_PROGRAM_DIR)])
  File "/Library/Developer/CommandLineTools/Library/Frameworks/Python3.framework/Versions/3.9/lib/python3.9/subprocess.py", line 373, in check_call
    raise CalledProcessError(retcode, cmd)
subprocess.CalledProcessError: Command '['/Users/media/containers/home-automation/wyoming-whisperkit/.venv/bin/python3', '-m', 'pip', 'install', '-e', '/Users/media/containers/home-automation/wyoming-whisperkit']' returned non-zero exit status 1.
WARNING: Retrying (Retry(total=4, connect=None, read=None, redirect=None, status=None)) after connection broken by 'NewConnectionError('<pip._vendor.urllib3.connection.HTTPSConnection object at 0x1065057f0>: Failed to establish a new connection: [Errno 8] nodename nor servname provided, or not known')': /simple/pip/
WARNING: Retrying (Retry(total=3, connect=None, read=None, redirect=None, status=None)) after connection broken by 'NewConnectionError('<pip._vendor.urllib3.connection.HTTPSConnection object at 0x106505fa0>: Failed to establish a new connection: [Errno 8] nodename nor servname provided, or not known')': /simple/pip/
WARNING: Retrying (Retry(total=2, connect=None, read=None, redirect=None, status=None)) after connection broken by 'NewConnectionError('<pip._vendor.urllib3.connection.HTTPSConnection object at 0x106539400>: Failed to establish a new connection: [Errno 8] nodename nor servname provided, or not known')': /simple/pip/
WARNING: Retrying (Retry(total=1, connect=None, read=None, redirect=None, status=None)) after connection broken by 'NewConnectionError('<pip._vendor.urllib3.connection.HTTPSConnection object at 0x1065395b0>: Failed to establish a new connection: [Errno 8] nodename nor servname provided, or not known')': /simple/pip/
WARNING: Retrying (Retry(total=0, connect=None, read=None, redirect=None, status=None)) after connection broken by 'NewConnectionError('<pip._vendor.urllib3.connection.HTTPSConnection object at 0x106539760>: Failed to establish a new connection: [Errno 8] nodename nor servname provided, or not known')': /simple/pip/
WARNING: Retrying (Retry(total=4, connect=None, read=None, redirect=None, status=None)) after connection broken by 'NewConnectionError('<pip._vendor.urllib3.connection.HTTPSConnection object at 0x106df9160>: Failed to establish a new connection: [Errno 8] nodename nor servname provided, or not known')': /simple/setuptools/
WARNING: Retrying (Retry(total=3, connect=None, read=None, redirect=None, status=None)) after connection broken by 'NewConnectionError('<pip._vendor.urllib3.connection.HTTPSConnection object at 0x106df9490>: Failed to establish a new connection: [Errno 8] nodename nor servname provided, or not known')': /simple/setuptools/
WARNING: Retrying (Retry(total=2, connect=None, read=None, redirect=None, status=None)) after connection broken by 'NewConnectionError('<pip._vendor.urllib3.connection.HTTPSConnection object at 0x106df9640>: Failed to establish a new connection: [Errno 8] nodename nor servname provided, or not known')': /simple/setuptools/
WARNING: Retrying (Retry(total=1, connect=None, read=None, redirect=None, status=None)) after connection broken by 'NewConnectionError('<pip._vendor.urllib3.connection.HTTPSConnection object at 0x106df97f0>: Failed to establish a new connection: [Errno 8] nodename nor servname provided, or not known')': /simple/setuptools/
WARNING: Retrying (Retry(total=0, connect=None, read=None, redirect=None, status=None)) after connection broken by 'NewConnectionError('<pip._vendor.urllib3.connection.HTTPSConnection object at 0x106df99a0>: Failed to establish a new connection: [Errno 8] nodename nor servname provided, or not known')': /simple/setuptools/
WARNING: Retrying (Retry(total=4, connect=None, read=None, redirect=None, status=None)) after connection broken by 'NewConnectionError('<pip._vendor.urllib3.connection.HTTPSConnection object at 0x106e9bd30>: Failed to establish a new connection: [Errno 8] nodename nor servname provided, or not known')': /simple/wheel/
WARNING: Retrying (Retry(total=3, connect=None, read=None, redirect=None, status=None)) after connection broken by 'NewConnectionError('<pip._vendor.urllib3.connection.HTTPSConnection object at 0x106e9bfa0>: Failed to establish a new connection: [Errno 8] nodename nor servname provided, or not known')': /simple/wheel/
WARNING: Retrying (Retry(total=2, connect=None, read=None, redirect=None, status=None)) after connection broken by 'NewConnectionError('<pip._vendor.urllib3.connection.HTTPSConnection object at 0x106df9370>: Failed to establish a new connection: [Errno 8] nodename nor servname provided, or not known')': /simple/wheel/
WARNING: Retrying (Retry(total=1, connect=None, read=None, redirect=None, status=None)) after connection broken by 'NewConnectionError('<pip._vendor.urllib3.connection.HTTPSConnection object at 0x106ea0460>: Failed to establish a new connection: [Errno 8] nodename nor servname provided, or not known')': /simple/wheel/
WARNING: Retrying (Retry(total=0, connect=None, read=None, redirect=None, status=None)) after connection broken by 'NewConnectionError('<pip._vendor.urllib3.connection.HTTPSConnection object at 0x106ea0610>: Failed to establish a new connection: [Errno 8] nodename nor servname provided, or not known')': /simple/wheel/
  error: subprocess-exited-with-error
  
  × installing build dependencies did not run successfully.
  │ exit code: 1
  ╰─> [7 lines of output]
      WARNING: Retrying (Retry(total=4, connect=None, read=None, redirect=None, status=None)) after connection broken by 'NewConnectionError('<pip._vendor.urllib3.connection.HTTPSConnection object at 0x106d99760>: Failed to establish a new connection: [Errno 8] nodename nor servname provided, or not known')': /simple/setuptools/
      WARNING: Retrying (Retry(total=3, connect=None, read=None, redirect=None, status=None)) after connection broken by 'NewConnectionError('<pip._vendor.urllib3.connection.HTTPSConnection object at 0x106d99a90>: Failed to establish a new connection: [Errno 8] nodename nor servname provided, or not known')': /simple/setuptools/
      WARNING: Retrying (Retry(total=2, connect=None, read=None, redirect=None, status=None)) after connection broken by 'NewConnectionError('<pip._vendor.urllib3.connection.HTTPSConnection object at 0x106d99c40>: Failed to establish a new connection: [Errno 8] nodename nor servname provided, or not known')': /simple/setuptools/
      WARNING: Retrying (Retry(total=1, connect=None, read=None, redirect=None, status=None)) after connection broken by 'NewConnectionError('<pip._vendor.urllib3.connection.HTTPSConnection object at 0x106d99df0>: Failed to establish a new connection: [Errno 8] nodename nor servname provided, or not known')': /simple/setuptools/
      WARNING: Retrying (Retry(total=0, connect=None, read=None, redirect=None, status=None)) after connection broken by 'NewConnectionError('<pip._vendor.urllib3.connection.HTTPSConnection object at 0x106d99fd0>: Failed to establish a new connection: [Errno 8] nodename nor servname provided, or not known')': /simple/setuptools/
      ERROR: Could not find a version that satisfies the requirement setuptools>=40.8.0 (from versions: none)
      ERROR: No matching distribution found for setuptools>=40.8.0
      [end of output]
  
  note: This error originates from a subprocess, and is likely not a problem with pip.
ERROR: Failed to build 'file:///Users/media/containers/home-automation/wyoming-whisperkit' when installing build dependencies
Traceback (most recent call last):
  File "/Users/media/containers/home-automation/wyoming-whisperkit/./script/setup", line 19, in <module>
    subprocess.check_call(pip + ["install", "-e", str(_PROGRAM_DIR)])
  File "/Library/Developer/CommandLineTools/Library/Frameworks/Python3.framework/Versions/3.9/lib/python3.9/subprocess.py", line 373, in check_call
    raise CalledProcessError(retcode, cmd)
subprocess.CalledProcessError: Command '['/Users/media/containers/home-automation/wyoming-whisperkit/.venv/bin/python3', '-m', 'pip', 'install', '-e', '/Users/media/containers/home-automation/wyoming-whisperkit']' returned non-zero exit status 1.
WARNING: Retrying (Retry(total=4, connect=None, read=None, redirect=None, status=None)) after connection broken by 'NewConnectionError('<pip._vendor.urllib3.connection.HTTPSConnection object at 0x106606310>: Failed to establish a new connection: [Errno 8] nodename nor servname provided, or not known')': /simple/pip/
WARNING: Retrying (Retry(total=3, connect=None, read=None, redirect=None, status=None)) after connection broken by 'NewConnectionError('<pip._vendor.urllib3.connection.HTTPSConnection object at 0x106606b80>: Failed to establish a new connection: [Errno 8] nodename nor servname provided, or not known')': /simple/pip/
WARNING: Retrying (Retry(total=2, connect=None, read=None, redirect=None, status=None)) after connection broken by 'NewConnectionError('<pip._vendor.urllib3.connection.HTTPSConnection object at 0x106606ee0>: Failed to establish a new connection: [Errno 8] nodename nor servname provided, or not known')': /simple/pip/
WARNING: Retrying (Retry(total=1, connect=None, read=None, redirect=None, status=None)) after connection broken by 'NewConnectionError('<pip._vendor.urllib3.connection.HTTPSConnection object at 0x106606f10>: Failed to establish a new connection: [Errno 8] nodename nor servname provided, or not known')': /simple/pip/
WARNING: Retrying (Retry(total=0, connect=None, read=None, redirect=None, status=None)) after connection broken by 'NewConnectionError('<pip._vendor.urllib3.connection.HTTPSConnection object at 0x106639280>: Failed to establish a new connection: [Errno 8] nodename nor servname provided, or not known')': /simple/pip/
WARNING: Retrying (Retry(total=4, connect=None, read=None, redirect=None, status=None)) after connection broken by 'NewConnectionError('<pip._vendor.urllib3.connection.HTTPSConnection object at 0x106bf4c10>: Failed to establish a new connection: [Errno 8] nodename nor servname provided, or not known')': /simple/setuptools/
WARNING: Retrying (Retry(total=3, connect=None, read=None, redirect=None, status=None)) after connection broken by 'NewConnectionError('<pip._vendor.urllib3.connection.HTTPSConnection object at 0x106bf4f40>: Failed to establish a new connection: [Errno 8] nodename nor servname provided, or not known')': /simple/setuptools/
WARNING: Retrying (Retry(total=2, connect=None, read=None, redirect=None, status=None)) after connection broken by 'NewConnectionError('<pip._vendor.urllib3.connection.HTTPSConnection object at 0x106c262b0>: Failed to establish a new connection: [Errno 8] nodename nor servname provided, or not known')': /simple/setuptools/
WARNING: Retrying (Retry(total=1, connect=None, read=None, redirect=None, status=None)) after connection broken by 'NewConnectionError('<pip._vendor.urllib3.connection.HTTPSConnection object at 0x106c262e0>: Failed to establish a new connection: [Errno 8] nodename nor servname provided, or not known')': /simple/setuptools/
WARNING: Retrying (Retry(total=0, connect=None, read=None, redirect=None, status=None)) after connection broken by 'NewConnectionError('<pip._vendor.urllib3.connection.HTTPSConnection object at 0x106c26490>: Failed to establish a new connection: [Errno 8] nodename nor servname provided, or not known')': /simple/setuptools/
WARNING: Retrying (Retry(total=4, connect=None, read=None, redirect=None, status=None)) after connection broken by 'NewConnectionError('<pip._vendor.urllib3.connection.HTTPSConnection object at 0x106cbb310>: Failed to establish a new connection: [Errno 8] nodename nor servname provided, or not known')': /simple/wheel/
WARNING: Retrying (Retry(total=3, connect=None, read=None, redirect=None, status=None)) after connection broken by 'NewConnectionError('<pip._vendor.urllib3.connection.HTTPSConnection object at 0x106cbb790>: Failed to establish a new connection: [Errno 8] nodename nor servname provided, or not known')': /simple/wheel/
WARNING: Retrying (Retry(total=2, connect=None, read=None, redirect=None, status=None)) after connection broken by 'NewConnectionError('<pip._vendor.urllib3.connection.HTTPSConnection object at 0x106c263d0>: Failed to establish a new connection: [Errno 8] nodename nor servname provided, or not known')': /simple/wheel/
WARNING: Retrying (Retry(total=1, connect=None, read=None, redirect=None, status=None)) after connection broken by 'NewConnectionError('<pip._vendor.urllib3.connection.HTTPSConnection object at 0x106cbba00>: Failed to establish a new connection: [Errno 8] nodename nor servname provided, or not known')': /simple/wheel/
WARNING: Retrying (Retry(total=0, connect=None, read=None, redirect=None, status=None)) after connection broken by 'NewConnectionError('<pip._vendor.urllib3.connection.HTTPSConnection object at 0x106cbbbb0>: Failed to establish a new connection: [Errno 8] nodename nor servname provided, or not known')': /simple/wheel/
  error: subprocess-exited-with-error
  
  × installing build dependencies did not run successfully.
  │ exit code: 1
  ╰─> [7 lines of output]
      WARNING: Retrying (Retry(total=4, connect=None, read=None, redirect=None, status=None)) after connection broken by 'NewConnectionError('<pip._vendor.urllib3.connection.HTTPSConnection object at 0x106da8400>: Failed to establish a new connection: [Errno 8] nodename nor servname provided, or not known')': /simple/setuptools/
      WARNING: Retrying (Retry(total=3, connect=None, read=None, redirect=None, status=None)) after connection broken by 'NewConnectionError('<pip._vendor.urllib3.connection.HTTPSConnection object at 0x106da8730>: Failed to establish a new connection: [Errno 8] nodename nor servname provided, or not known')': /simple/setuptools/
      WARNING: Retrying (Retry(total=2, connect=None, read=None, redirect=None, status=None)) after connection broken by 'NewConnectionError('<pip._vendor.urllib3.connection.HTTPSConnection object at 0x106da88e0>: Failed to establish a new connection: [Errno 8] nodename nor servname provided, or not known')': /simple/setuptools/
      WARNING: Retrying (Retry(total=1, connect=None, read=None, redirect=None, status=None)) after connection broken by 'NewConnectionError('<pip._vendor.urllib3.connection.HTTPSConnection object at 0x106da8a90>: Failed to establish a new connection: [Errno 8] nodename nor servname provided, or not known')': /simple/setuptools/
      WARNING: Retrying (Retry(total=0, connect=None, read=None, redirect=None, status=None)) after connection broken by 'NewConnectionError('<pip._vendor.urllib3.connection.HTTPSConnection object at 0x106da8c40>: Failed to establish a new connection: [Errno 8] nodename nor servname provided, or not known')': /simple/setuptools/
      ERROR: Could not find a version that satisfies the requirement setuptools>=40.8.0 (from versions: none)
      ERROR: No matching distribution found for setuptools>=40.8.0
      [end of output]
  
  note: This error originates from a subprocess, and is likely not a problem with pip.
ERROR: Failed to build 'file:///Users/media/containers/home-automation/wyoming-whisperkit' when installing build dependencies
Traceback (most recent call last):
  File "/Users/media/containers/home-automation/wyoming-whisperkit/./script/setup", line 19, in <module>
    subprocess.check_call(pip + ["install", "-e", str(_PROGRAM_DIR)])
  File "/Library/Developer/CommandLineTools/Library/Frameworks/Python3.framework/Versions/3.9/lib/python3.9/subprocess.py", line 373, in check_call
    raise CalledProcessError(retcode, cmd)
subprocess.CalledProcessError: Command '['/Users/media/containers/home-automation/wyoming-whisperkit/.venv/bin/python3', '-m', 'pip', 'install', '-e', '/Users/media/containers/home-automation/wyoming-whisperkit']' returned non-zero exit status 1.
WARNING: Retrying (Retry(total=4, connect=None, read=None, redirect=None, status=None)) after connection broken by 'NewConnectionError('<pip._vendor.urllib3.connection.HTTPSConnection object at 0x10a534790>: Failed to establish a new connection: [Errno 8] nodename nor servname provided, or not known')': /simple/pip/
WARNING: Retrying (Retry(total=3, connect=None, read=None, redirect=None, status=None)) after connection broken by 'NewConnectionError('<pip._vendor.urllib3.connection.HTTPSConnection object at 0x10a534fa0>: Failed to establish a new connection: [Errno 8] nodename nor servname provided, or not known')': /simple/pip/
WARNING: Retrying (Retry(total=2, connect=None, read=None, redirect=None, status=None)) after connection broken by 'NewConnectionError('<pip._vendor.urllib3.connection.HTTPSConnection object at 0x10a5653a0>: Failed to establish a new connection: [Errno 8] nodename nor servname provided, or not known')': /simple/pip/
WARNING: Retrying (Retry(total=1, connect=None, read=None, redirect=None, status=None)) after connection broken by 'NewConnectionError('<pip._vendor.urllib3.connection.HTTPSConnection object at 0x10a565550>: Failed to establish a new connection: [Errno 8] nodename nor servname provided, or not known')': /simple/pip/
WARNING: Retrying (Retry(total=0, connect=None, read=None, redirect=None, status=None)) after connection broken by 'NewConnectionError('<pip._vendor.urllib3.connection.HTTPSConnection object at 0x10a565700>: Failed to establish a new connection: [Errno 8] nodename nor servname provided, or not known')': /simple/pip/
WARNING: Retrying (Retry(total=4, connect=None, read=None, redirect=None, status=None)) after connection broken by 'NewConnectionError('<pip._vendor.urllib3.connection.HTTPSConnection object at 0x10ad48d30>: Failed to establish a new connection: [Errno 8] nodename nor servname provided, or not known')': /simple/setuptools/
WARNING: Retrying (Retry(total=3, connect=None, read=None, redirect=None, status=None)) after connection broken by 'NewConnectionError('<pip._vendor.urllib3.connection.HTTPSConnection object at 0x10ad48fd0>: Failed to establish a new connection: [Errno 8] nodename nor servname provided, or not known')': /simple/setuptools/
WARNING: Retrying (Retry(total=2, connect=None, read=None, redirect=None, status=None)) after connection broken by 'NewConnectionError('<pip._vendor.urllib3.connection.HTTPSConnection object at 0x10ad7a250>: Failed to establish a new connection: [Errno 8] nodename nor servname provided, or not known')': /simple/setuptools/
WARNING: Retrying (Retry(total=1, connect=None, read=None, redirect=None, status=None)) after connection broken by 'NewConnectionError('<pip._vendor.urllib3.connection.HTTPSConnection object at 0x10ad7a400>: Failed to establish a new connection: [Errno 8] nodename nor servname provided, or not known')': /simple/setuptools/
WARNING: Retrying (Retry(total=0, connect=None, read=None, redirect=None, status=None)) after connection broken by 'NewConnectionError('<pip._vendor.urllib3.connection.HTTPSConnection object at 0x10ad7a5b0>: Failed to establish a new connection: [Errno 8] nodename nor servname provided, or not known')': /simple/setuptools/
WARNING: Retrying (Retry(total=4, connect=None, read=None, redirect=None, status=None)) after connection broken by 'NewConnectionError('<pip._vendor.urllib3.connection.HTTPSConnection object at 0x10ae0f550>: Failed to establish a new connection: [Errno 8] nodename nor servname provided, or not known')': /simple/wheel/
WARNING: Retrying (Retry(total=3, connect=None, read=None, redirect=None, status=None)) after connection broken by 'NewConnectionError('<pip._vendor.urllib3.connection.HTTPSConnection object at 0x10ae0f9d0>: Failed to establish a new connection: [Errno 8] nodename nor servname provided, or not known')': /simple/wheel/
WARNING: Retrying (Retry(total=2, connect=None, read=None, redirect=None, status=None)) after connection broken by 'NewConnectionError('<pip._vendor.urllib3.connection.HTTPSConnection object at 0x10ad7a520>: Failed to establish a new connection: [Errno 8] nodename nor servname provided, or not known')': /simple/wheel/
WARNING: Retrying (Retry(total=1, connect=None, read=None, redirect=None, status=None)) after connection broken by 'NewConnectionError('<pip._vendor.urllib3.connection.HTTPSConnection object at 0x10ae0fc40>: Failed to establish a new connection: [Errno 8] nodename nor servname provided, or not known')': /simple/wheel/
WARNING: Retrying (Retry(total=0, connect=None, read=None, redirect=None, status=None)) after connection broken by 'NewConnectionError('<pip._vendor.urllib3.connection.HTTPSConnection object at 0x10ae0fdf0>: Failed to establish a new connection: [Errno 8] nodename nor servname provided, or not known')': /simple/wheel/
  error: subprocess-exited-with-error
  
  × installing build dependencies did not run successfully.
  │ exit code: 1
  ╰─> [7 lines of output]
      WARNING: Retrying (Retry(total=4, connect=None, read=None, redirect=None, status=None)) after connection broken by 'NewConnectionError('<pip._vendor.urllib3.connection.HTTPSConnection object at 0x108c81730>: Failed to establish a new connection: [Errno 8] nodename nor servname provided, or not known')': /simple/setuptools/
      WARNING: Retrying (Retry(total=3, connect=None, read=None, redirect=None, status=None)) after connection broken by 'NewConnectionError('<pip._vendor.urllib3.connection.HTTPSConnection object at 0x108c81a60>: Failed to establish a new connection: [Errno 8] nodename nor servname provided, or not known')': /simple/setuptools/
      WARNING: Retrying (Retry(total=2, connect=None, read=None, redirect=None, status=None)) after connection broken by 'NewConnectionError('<pip._vendor.urllib3.connection.HTTPSConnection object at 0x108c81c10>: Failed to establish a new connection: [Errno 8] nodename nor servname provided, or not known')': /simple/setuptools/
      WARNING: Retrying (Retry(total=1, connect=None, read=None, redirect=None, status=None)) after connection broken by 'NewConnectionError('<pip._vendor.urllib3.connection.HTTPSConnection object at 0x108c81dc0>: Failed to establish a new connection: [Errno 8] nodename nor servname provided, or not known')': /simple/setuptools/
      WARNING: Retrying (Retry(total=0, connect=None, read=None, redirect=None, status=None)) after connection broken by 'NewConnectionError('<pip._vendor.urllib3.connection.HTTPSConnection object at 0x108c81fa0>: Failed to establish a new connection: [Errno 8] nodename nor servname provided, or not known')': /simple/setuptools/
      ERROR: Could not find a version that satisfies the requirement setuptools>=40.8.0 (from versions: none)
      ERROR: No matching distribution found for setuptools>=40.8.0
      [end of output]
  
  note: This error originates from a subprocess, and is likely not a problem with pip.
ERROR: Failed to build 'file:///Users/media/containers/home-automation/wyoming-whisperkit' when installing build dependencies
Traceback (most recent call last):
  File "/Users/media/containers/home-automation/wyoming-whisperkit/./script/setup", line 19, in <module>
    subprocess.check_call(pip + ["install", "-e", str(_PROGRAM_DIR)])
  File "/Library/Developer/CommandLineTools/Library/Frameworks/Python3.framework/Versions/3.9/lib/python3.9/subprocess.py", line 373, in check_call
    raise CalledProcessError(retcode, cmd)
subprocess.CalledProcessError: Command '['/Users/media/containers/home-automation/wyoming-whisperkit/.venv/bin/python3', '-m', 'pip', 'install', '-e', '/Users/media/containers/home-automation/wyoming-whisperkit']' returned non-zero exit status 1.
WARNING: Retrying (Retry(total=4, connect=None, read=None, redirect=None, status=None)) after connection broken by 'NewConnectionError('<pip._vendor.urllib3.connection.HTTPSConnection object at 0x10ae69850>: Failed to establish a new connection: [Errno 8] nodename nor servname provided, or not known')': /simple/pip/
WARNING: Retrying (Retry(total=3, connect=None, read=None, redirect=None, status=None)) after connection broken by 'NewConnectionError('<pip._vendor.urllib3.connection.HTTPSConnection object at 0x10ae9c130>: Failed to establish a new connection: [Errno 8] nodename nor servname provided, or not known')': /simple/pip/
WARNING: Retrying (Retry(total=2, connect=None, read=None, redirect=None, status=None)) after connection broken by 'NewConnectionError('<pip._vendor.urllib3.connection.HTTPSConnection object at 0x10ae9c460>: Failed to establish a new connection: [Errno 8] nodename nor servname provided, or not known')': /simple/pip/
WARNING: Retrying (Retry(total=1, connect=None, read=None, redirect=None, status=None)) after connection broken by 'NewConnectionError('<pip._vendor.urllib3.connection.HTTPSConnection object at 0x10ae9c610>: Failed to establish a new connection: [Errno 8] nodename nor servname provided, or not known')': /simple/pip/
WARNING: Retrying (Retry(total=0, connect=None, read=None, redirect=None, status=None)) after connection broken by 'NewConnectionError('<pip._vendor.urllib3.connection.HTTPSConnection object at 0x10ae9c7c0>: Failed to establish a new connection: [Errno 8] nodename nor servname provided, or not known')': /simple/pip/
WARNING: Retrying (Retry(total=4, connect=None, read=None, redirect=None, status=None)) after connection broken by 'NewConnectionError('<pip._vendor.urllib3.connection.HTTPSConnection object at 0x10a7bdfd0>: Failed to establish a new connection: [Errno 8] nodename nor servname provided, or not known')': /simple/setuptools/
WARNING: Retrying (Retry(total=3, connect=None, read=None, redirect=None, status=None)) after connection broken by 'NewConnectionError('<pip._vendor.urllib3.connection.HTTPSConnection object at 0x10a7ed310>: Failed to establish a new connection: [Errno 8] nodename nor servname provided, or not known')': /simple/setuptools/
WARNING: Retrying (Retry(total=2, connect=None, read=None, redirect=None, status=None)) after connection broken by 'NewConnectionError('<pip._vendor.urllib3.connection.HTTPSConnection object at 0x10a7ed4c0>: Failed to establish a new connection: [Errno 8] nodename nor servname provided, or not known')': /simple/setuptools/
WARNING: Retrying (Retry(total=1, connect=None, read=None, redirect=None, status=None)) after connection broken by 'NewConnectionError('<pip._vendor.urllib3.connection.HTTPSConnection object at 0x10a7ed670>: Failed to establish a new connection: [Errno 8] nodename nor servname provided, or not known')': /simple/setuptools/
WARNING: Retrying (Retry(total=0, connect=None, read=None, redirect=None, status=None)) after connection broken by 'NewConnectionError('<pip._vendor.urllib3.connection.HTTPSConnection object at 0x10a7ed820>: Failed to establish a new connection: [Errno 8] nodename nor servname provided, or not known')': /simple/setuptools/
WARNING: Retrying (Retry(total=4, connect=None, read=None, redirect=None, status=None)) after connection broken by 'NewConnectionError('<pip._vendor.urllib3.connection.HTTPSConnection object at 0x10a882a30>: Failed to establish a new connection: [Errno 8] nodename nor servname provided, or not known')': /simple/wheel/
WARNING: Retrying (Retry(total=3, connect=None, read=None, redirect=None, status=None)) after connection broken by 'NewConnectionError('<pip._vendor.urllib3.connection.HTTPSConnection object at 0x10a882eb0>: Failed to establish a new connection: [Errno 8] nodename nor servname provided, or not known')': /simple/wheel/
WARNING: Retrying (Retry(total=2, connect=None, read=None, redirect=None, status=None)) after connection broken by 'NewConnectionError('<pip._vendor.urllib3.connection.HTTPSConnection object at 0x10a882e80>: Failed to establish a new connection: [Errno 8] nodename nor servname provided, or not known')': /simple/wheel/
WARNING: Retrying (Retry(total=1, connect=None, read=None, redirect=None, status=None)) after connection broken by 'NewConnectionError('<pip._vendor.urllib3.connection.HTTPSConnection object at 0x10a882e50>: Failed to establish a new connection: [Errno 8] nodename nor servname provided, or not known')': /simple/wheel/
WARNING: Retrying (Retry(total=0, connect=None, read=None, redirect=None, status=None)) after connection broken by 'NewConnectionError('<pip._vendor.urllib3.connection.HTTPSConnection object at 0x10a88b310>: Failed to establish a new connection: [Errno 8] nodename nor servname provided, or not known')': /simple/wheel/
  error: subprocess-exited-with-error
  
  × installing build dependencies did not run successfully.
  │ exit code: 1
  ╰─> [7 lines of output]
      WARNING: Retrying (Retry(total=4, connect=None, read=None, redirect=None, status=None)) after connection broken by 'NewConnectionError('<pip._vendor.urllib3.connection.HTTPSConnection object at 0x10681ab20>: Failed to establish a new connection: [Errno 8] nodename nor servname provided, or not known')': /simple/setuptools/
      WARNING: Retrying (Retry(total=3, connect=None, read=None, redirect=None, status=None)) after connection broken by 'NewConnectionError('<pip._vendor.urllib3.connection.HTTPSConnection object at 0x10681ae50>: Failed to establish a new connection: [Errno 8] nodename nor servname provided, or not known')': /simple/setuptools/
      WARNING: Retrying (Retry(total=2, connect=None, read=None, redirect=None, status=None)) after connection broken by 'NewConnectionError('<pip._vendor.urllib3.connection.HTTPSConnection object at 0x10681afd0>: Failed to establish a new connection: [Errno 8] nodename nor servname provided, or not known')': /simple/setuptools/
      WARNING: Retrying (Retry(total=1, connect=None, read=None, redirect=None, status=None)) after connection broken by 'NewConnectionError('<pip._vendor.urllib3.connection.HTTPSConnection object at 0x1068891f0>: Failed to establish a new connection: [Errno 8] nodename nor servname provided, or not known')': /simple/setuptools/
      WARNING: Retrying (Retry(total=0, connect=None, read=None, redirect=None, status=None)) after connection broken by 'NewConnectionError('<pip._vendor.urllib3.connection.HTTPSConnection object at 0x1068893a0>: Failed to establish a new connection: [Errno 8] nodename nor servname provided, or not known')': /simple/setuptools/
      ERROR: Could not find a version that satisfies the requirement setuptools>=40.8.0 (from versions: none)
      ERROR: No matching distribution found for setuptools>=40.8.0
      [end of output]
  
  note: This error originates from a subprocess, and is likely not a problem with pip.
ERROR: Failed to build 'file:///Users/media/containers/home-automation/wyoming-whisperkit' when installing build dependencies
Traceback (most recent call last):
  File "/Users/media/containers/home-automation/wyoming-whisperkit/./script/setup", line 19, in <module>
    subprocess.check_call(pip + ["install", "-e", str(_PROGRAM_DIR)])
  File "/Library/Developer/CommandLineTools/Library/Frameworks/Python3.framework/Versions/3.9/lib/python3.9/subprocess.py", line 373, in check_call
    raise CalledProcessError(retcode, cmd)
subprocess.CalledProcessError: Command '['/Users/media/containers/home-automation/wyoming-whisperkit/.venv/bin/python3', '-m', 'pip', 'install', '-e', '/Users/media/containers/home-automation/wyoming-whisperkit']' returned non-zero exit status 1.
WARNING: Retrying (Retry(total=4, connect=None, read=None, redirect=None, status=None)) after connection broken by 'NewConnectionError('<pip._vendor.urllib3.connection.HTTPSConnection object at 0x10b03d7c0>: Failed to establish a new connection: [Errno 8] nodename nor servname provided, or not known')': /simple/pip/
WARNING: Retrying (Retry(total=3, connect=None, read=None, redirect=None, status=None)) after connection broken by 'NewConnectionError('<pip._vendor.urllib3.connection.HTTPSConnection object at 0x10b03dfa0>: Failed to establish a new connection: [Errno 8] nodename nor servname provided, or not known')': /simple/pip/
WARNING: Retrying (Retry(total=2, connect=None, read=None, redirect=None, status=None)) after connection broken by 'NewConnectionError('<pip._vendor.urllib3.connection.HTTPSConnection object at 0x10b0713d0>: Failed to establish a new connection: [Errno 8] nodename nor servname provided, or not known')': /simple/pip/
WARNING: Retrying (Retry(total=1, connect=None, read=None, redirect=None, status=None)) after connection broken by 'NewConnectionError('<pip._vendor.urllib3.connection.HTTPSConnection object at 0x10b071580>: Failed to establish a new connection: [Errno 8] nodename nor servname provided, or not known')': /simple/pip/
WARNING: Retrying (Retry(total=0, connect=None, read=None, redirect=None, status=None)) after connection broken by 'NewConnectionError('<pip._vendor.urllib3.connection.HTTPSConnection object at 0x10b071730>: Failed to establish a new connection: [Errno 8] nodename nor servname provided, or not known')': /simple/pip/
WARNING: Retrying (Retry(total=4, connect=None, read=None, redirect=None, status=None)) after connection broken by 'NewConnectionError('<pip._vendor.urllib3.connection.HTTPSConnection object at 0x10a990070>: Failed to establish a new connection: [Errno 8] nodename nor servname provided, or not known')': /simple/setuptools/
WARNING: Retrying (Retry(total=3, connect=None, read=None, redirect=None, status=None)) after connection broken by 'NewConnectionError('<pip._vendor.urllib3.connection.HTTPSConnection object at 0x10a990370>: Failed to establish a new connection: [Errno 8] nodename nor servname provided, or not known')': /simple/setuptools/
WARNING: Retrying (Retry(total=2, connect=None, read=None, redirect=None, status=None)) after connection broken by 'NewConnectionError('<pip._vendor.urllib3.connection.HTTPSConnection object at 0x10a990520>: Failed to establish a new connection: [Errno 8] nodename nor servname provided, or not known')': /simple/setuptools/
WARNING: Retrying (Retry(total=1, connect=None, read=None, redirect=None, status=None)) after connection broken by 'NewConnectionError('<pip._vendor.urllib3.connection.HTTPSConnection object at 0x10a9906d0>: Failed to establish a new connection: [Errno 8] nodename nor servname provided, or not known')': /simple/setuptools/
WARNING: Retrying (Retry(total=0, connect=None, read=None, redirect=None, status=None)) after connection broken by 'NewConnectionError('<pip._vendor.urllib3.connection.HTTPSConnection object at 0x10a990880>: Failed to establish a new connection: [Errno 8] nodename nor servname provided, or not known')': /simple/setuptools/
WARNING: Retrying (Retry(total=4, connect=None, read=None, redirect=None, status=None)) after connection broken by 'NewConnectionError('<pip._vendor.urllib3.connection.HTTPSConnection object at 0x10aa26ac0>: Failed to establish a new connection: [Errno 8] nodename nor servname provided, or not known')': /simple/wheel/
WARNING: Retrying (Retry(total=3, connect=None, read=None, redirect=None, status=None)) after connection broken by 'NewConnectionError('<pip._vendor.urllib3.connection.HTTPSConnection object at 0x10aa26dc0>: Failed to establish a new connection: [Errno 8] nodename nor servname provided, or not known')': /simple/wheel/
WARNING: Retrying (Retry(total=2, connect=None, read=None, redirect=None, status=None)) after connection broken by 'NewConnectionError('<pip._vendor.urllib3.connection.HTTPSConnection object at 0x10a990610>: Failed to establish a new connection: [Errno 8] nodename nor servname provided, or not known')': /simple/wheel/
WARNING: Retrying (Retry(total=1, connect=None, read=None, redirect=None, status=None)) after connection broken by 'NewConnectionError('<pip._vendor.urllib3.connection.HTTPSConnection object at 0x10aa26f40>: Failed to establish a new connection: [Errno 8] nodename nor servname provided, or not known')': /simple/wheel/
WARNING: Retrying (Retry(total=0, connect=None, read=None, redirect=None, status=None)) after connection broken by 'NewConnectionError('<pip._vendor.urllib3.connection.HTTPSConnection object at 0x10aa2e220>: Failed to establish a new connection: [Errno 8] nodename nor servname provided, or not known')': /simple/wheel/
  error: subprocess-exited-with-error
  
  × installing build dependencies did not run successfully.
  │ exit code: 1
  ╰─> [7 lines of output]
      WARNING: Retrying (Retry(total=4, connect=None, read=None, redirect=None, status=None)) after connection broken by 'NewConnectionError('<pip._vendor.urllib3.connection.HTTPSConnection object at 0x1073b57c0>: Failed to establish a new connection: [Errno 8] nodename nor servname provided, or not known')': /simple/setuptools/
      WARNING: Retrying (Retry(total=3, connect=None, read=None, redirect=None, status=None)) after connection broken by 'NewConnectionError('<pip._vendor.urllib3.connection.HTTPSConnection object at 0x1073b5af0>: Failed to establish a new connection: [Errno 8] nodename nor servname provided, or not known')': /simple/setuptools/
      WARNING: Retrying (Retry(total=2, connect=None, read=None, redirect=None, status=None)) after connection broken by 'NewConnectionError('<pip._vendor.urllib3.connection.HTTPSConnection object at 0x1073b5ca0>: Failed to establish a new connection: [Errno 8] nodename nor servname provided, or not known')': /simple/setuptools/
      WARNING: Retrying (Retry(total=1, connect=None, read=None, redirect=None, status=None)) after connection broken by 'NewConnectionError('<pip._vendor.urllib3.connection.HTTPSConnection object at 0x1073b5e50>: Failed to establish a new connection: [Errno 8] nodename nor servname provided, or not known')': /simple/setuptools/
      WARNING: Retrying (Retry(total=0, connect=None, read=None, redirect=None, status=None)) after connection broken by 'NewConnectionError('<pip._vendor.urllib3.connection.HTTPSConnection object at 0x1073b5f40>: Failed to establish a new connection: [Errno 8] nodename nor servname provided, or not known')': /simple/setuptools/
      ERROR: Could not find a version that satisfies the requirement setuptools>=40.8.0 (from versions: none)
      ERROR: No matching distribution found for setuptools>=40.8.0
      [end of output]
  
  note: This error originates from a subprocess, and is likely not a problem with pip.
ERROR: Failed to build 'file:///Users/media/containers/home-automation/wyoming-whisperkit' when installing build dependencies
Traceback (most recent call last):
  File "/Users/media/containers/home-automation/wyoming-whisperkit/./script/setup", line 19, in <module>
    subprocess.check_call(pip + ["install", "-e", str(_PROGRAM_DIR)])
  File "/Library/Developer/CommandLineTools/Library/Frameworks/Python3.framework/Versions/3.9/lib/python3.9/subprocess.py", line 373, in check_call
    raise CalledProcessError(retcode, cmd)
subprocess.CalledProcessError: Command '['/Users/media/containers/home-automation/wyoming-whisperkit/.venv/bin/python3', '-m', 'pip', 'install', '-e', '/Users/media/containers/home-automation/wyoming-whisperkit']' returned non-zero exit status 1.
WARNING: Retrying (Retry(total=4, connect=None, read=None, redirect=None, status=None)) after connection broken by 'NewConnectionError('<pip._vendor.urllib3.connection.HTTPSConnection object at 0x10b151940>: Failed to establish a new connection: [Errno 8] nodename nor servname provided, or not known')': /simple/pip/
WARNING: Retrying (Retry(total=3, connect=None, read=None, redirect=None, status=None)) after connection broken by 'NewConnectionError('<pip._vendor.urllib3.connection.HTTPSConnection object at 0x10b1821f0>: Failed to establish a new connection: [Errno 8] nodename nor servname provided, or not known')': /simple/pip/
WARNING: Retrying (Retry(total=2, connect=None, read=None, redirect=None, status=None)) after connection broken by 'NewConnectionError('<pip._vendor.urllib3.connection.HTTPSConnection object at 0x10b182550>: Failed to establish a new connection: [Errno 8] nodename nor servname provided, or not known')': /simple/pip/
WARNING: Retrying (Retry(total=1, connect=None, read=None, redirect=None, status=None)) after connection broken by 'NewConnectionError('<pip._vendor.urllib3.connection.HTTPSConnection object at 0x10b182700>: Failed to establish a new connection: [Errno 8] nodename nor servname provided, or not known')': /simple/pip/
WARNING: Retrying (Retry(total=0, connect=None, read=None, redirect=None, status=None)) after connection broken by 'NewConnectionError('<pip._vendor.urllib3.connection.HTTPSConnection object at 0x10b1828b0>: Failed to establish a new connection: [Errno 8] nodename nor servname provided, or not known')': /simple/pip/
WARNING: Retrying (Retry(total=4, connect=None, read=None, redirect=None, status=None)) after connection broken by 'NewConnectionError('<pip._vendor.urllib3.connection.HTTPSConnection object at 0x106a0df40>: Failed to establish a new connection: [Errno 8] nodename nor servname provided, or not known')': /simple/setuptools/
WARNING: Retrying (Retry(total=3, connect=None, read=None, redirect=None, status=None)) after connection broken by 'NewConnectionError('<pip._vendor.urllib3.connection.HTTPSConnection object at 0x106a3d2b0>: Failed to establish a new connection: [Errno 8] nodename nor servname provided, or not known')': /simple/setuptools/
WARNING: Retrying (Retry(total=2, connect=None, read=None, redirect=None, status=None)) after connection broken by 'NewConnectionError('<pip._vendor.urllib3.connection.HTTPSConnection object at 0x106a3d460>: Failed to establish a new connection: [Errno 8] nodename nor servname provided, or not known')': /simple/setuptools/
WARNING: Retrying (Retry(total=1, connect=None, read=None, redirect=None, status=None)) after connection broken by 'NewConnectionError('<pip._vendor.urllib3.connection.HTTPSConnection object at 0x106a3d610>: Failed to establish a new connection: [Errno 8] nodename nor servname provided, or not known')': /simple/setuptools/
WARNING: Retrying (Retry(total=0, connect=None, read=None, redirect=None, status=None)) after connection broken by 'NewConnectionError('<pip._vendor.urllib3.connection.HTTPSConnection object at 0x106a3d7c0>: Failed to establish a new connection: [Errno 8] nodename nor servname provided, or not known')': /simple/setuptools/
WARNING: Retrying (Retry(total=4, connect=None, read=None, redirect=None, status=None)) after connection broken by 'NewConnectionError('<pip._vendor.urllib3.connection.HTTPSConnection object at 0x106ad3970>: Failed to establish a new connection: [Errno 8] nodename nor servname provided, or not known')': /simple/wheel/
WARNING: Retrying (Retry(total=3, connect=None, read=None, redirect=None, status=None)) after connection broken by 'NewConnectionError('<pip._vendor.urllib3.connection.HTTPSConnection object at 0x106ad3df0>: Failed to establish a new connection: [Errno 8] nodename nor servname provided, or not known')': /simple/wheel/
WARNING: Retrying (Retry(total=2, connect=None, read=None, redirect=None, status=None)) after connection broken by 'NewConnectionError('<pip._vendor.urllib3.connection.HTTPSConnection object at 0x106a3d730>: Failed to establish a new connection: [Errno 8] nodename nor servname provided, or not known')': /simple/wheel/
WARNING: Retrying (Retry(total=1, connect=None, read=None, redirect=None, status=None)) after connection broken by 'NewConnectionError('<pip._vendor.urllib3.connection.HTTPSConnection object at 0x106ad3eb0>: Failed to establish a new connection: [Errno 8] nodename nor servname provided, or not known')': /simple/wheel/
WARNING: Retrying (Retry(total=0, connect=None, read=None, redirect=None, status=None)) after connection broken by 'NewConnectionError('<pip._vendor.urllib3.connection.HTTPSConnection object at 0x106ad3fa0>: Failed to establish a new connection: [Errno 8] nodename nor servname provided, or not known')': /simple/wheel/
  error: subprocess-exited-with-error
  
  × installing build dependencies did not run successfully.
  │ exit code: 1
  ╰─> [7 lines of output]
      WARNING: Retrying (Retry(total=4, connect=None, read=None, redirect=None, status=None)) after connection broken by 'NewConnectionError('<pip._vendor.urllib3.connection.HTTPSConnection object at 0x1086f8580>: Failed to establish a new connection: [Errno 8] nodename nor servname provided, or not known')': /simple/setuptools/
      WARNING: Retrying (Retry(total=3, connect=None, read=None, redirect=None, status=None)) after connection broken by 'NewConnectionError('<pip._vendor.urllib3.connection.HTTPSConnection object at 0x1086f88b0>: Failed to establish a new connection: [Errno 8] nodename nor servname provided, or not known')': /simple/setuptools/
      WARNING: Retrying (Retry(total=2, connect=None, read=None, redirect=None, status=None)) after connection broken by 'NewConnectionError('<pip._vendor.urllib3.connection.HTTPSConnection object at 0x1086f8a60>: Failed to establish a new connection: [Errno 8] nodename nor servname provided, or not known')': /simple/setuptools/
      WARNING: Retrying (Retry(total=1, connect=None, read=None, redirect=None, status=None)) after connection broken by 'NewConnectionError('<pip._vendor.urllib3.connection.HTTPSConnection object at 0x1086f8c10>: Failed to establish a new connection: [Errno 8] nodename nor servname provided, or not known')': /simple/setuptools/
      WARNING: Retrying (Retry(total=0, connect=None, read=None, redirect=None, status=None)) after connection broken by 'NewConnectionError('<pip._vendor.urllib3.connection.HTTPSConnection object at 0x1086f8dc0>: Failed to establish a new connection: [Errno 8] nodename nor servname provided, or not known')': /simple/setuptools/
      ERROR: Could not find a version that satisfies the requirement setuptools>=40.8.0 (from versions: none)
      ERROR: No matching distribution found for setuptools>=40.8.0
      [end of output]
  
  note: This error originates from a subprocess, and is likely not a problem with pip.
ERROR: Failed to build 'file:///Users/media/containers/home-automation/wyoming-whisperkit' when installing build dependencies
Traceback (most recent call last):
  File "/Users/media/containers/home-automation/wyoming-whisperkit/./script/setup", line 19, in <module>
    subprocess.check_call(pip + ["install", "-e", str(_PROGRAM_DIR)])
  File "/Library/Developer/CommandLineTools/Library/Frameworks/Python3.framework/Versions/3.9/lib/python3.9/subprocess.py", line 373, in check_call
    raise CalledProcessError(retcode, cmd)
subprocess.CalledProcessError: Command '['/Users/media/containers/home-automation/wyoming-whisperkit/.venv/bin/python3', '-m', 'pip', 'install', '-e', '/Users/media/containers/home-automation/wyoming-whisperkit']' returned non-zero exit status 1.
WARNING: Retrying (Retry(total=4, connect=None, read=None, redirect=None, status=None)) after connection broken by 'NewConnectionError('<pip._vendor.urllib3.connection.HTTPSConnection object at 0x10b034610>: Failed to establish a new connection: [Errno 8] nodename nor servname provided, or not known')': /simple/pip/
WARNING: Retrying (Retry(total=3, connect=None, read=None, redirect=None, status=None)) after connection broken by 'NewConnectionError('<pip._vendor.urllib3.connection.HTTPSConnection object at 0x10b034e80>: Failed to establish a new connection: [Errno 8] nodename nor servname provided, or not known')': /simple/pip/
WARNING: Retrying (Retry(total=2, connect=None, read=None, redirect=None, status=None)) after connection broken by 'NewConnectionError('<pip._vendor.urllib3.connection.HTTPSConnection object at 0x10b034f40>: Failed to establish a new connection: [Errno 8] nodename nor servname provided, or not known')': /simple/pip/
WARNING: Retrying (Retry(total=1, connect=None, read=None, redirect=None, status=None)) after connection broken by 'NewConnectionError('<pip._vendor.urllib3.connection.HTTPSConnection object at 0x10b0653d0>: Failed to establish a new connection: [Errno 8] nodename nor servname provided, or not known')': /simple/pip/
WARNING: Retrying (Retry(total=0, connect=None, read=None, redirect=None, status=None)) after connection broken by 'NewConnectionError('<pip._vendor.urllib3.connection.HTTPSConnection object at 0x10b065580>: Failed to establish a new connection: [Errno 8] nodename nor servname provided, or not known')': /simple/pip/
WARNING: Retrying (Retry(total=4, connect=None, read=None, redirect=None, status=None)) after connection broken by 'NewConnectionError('<pip._vendor.urllib3.connection.HTTPSConnection object at 0x107140d90>: Failed to establish a new connection: [Errno 8] nodename nor servname provided, or not known')': /simple/setuptools/
WARNING: Retrying (Retry(total=3, connect=None, read=None, redirect=None, status=None)) after connection broken by 'NewConnectionError('<pip._vendor.urllib3.connection.HTTPSConnection object at 0x107140fd0>: Failed to establish a new connection: [Errno 8] nodename nor servname provided, or not known')': /simple/setuptools/
WARNING: Retrying (Retry(total=2, connect=None, read=None, redirect=None, status=None)) after connection broken by 'NewConnectionError('<pip._vendor.urllib3.connection.HTTPSConnection object at 0x1071722b0>: Failed to establish a new connection: [Errno 8] nodename nor servname provided, or not known')': /simple/setuptools/
WARNING: Retrying (Retry(total=1, connect=None, read=None, redirect=None, status=None)) after connection broken by 'NewConnectionError('<pip._vendor.urllib3.connection.HTTPSConnection object at 0x107172460>: Failed to establish a new connection: [Errno 8] nodename nor servname provided, or not known')': /simple/setuptools/
WARNING: Retrying (Retry(total=0, connect=None, read=None, redirect=None, status=None)) after connection broken by 'NewConnectionError('<pip._vendor.urllib3.connection.HTTPSConnection object at 0x107172610>: Failed to establish a new connection: [Errno 8] nodename nor servname provided, or not known')': /simple/setuptools/
WARNING: Retrying (Retry(total=4, connect=None, read=None, redirect=None, status=None)) after connection broken by 'NewConnectionError('<pip._vendor.urllib3.connection.HTTPSConnection object at 0x107207610>: Failed to establish a new connection: [Errno 8] nodename nor servname provided, or not known')': /simple/wheel/
WARNING: Retrying (Retry(total=3, connect=None, read=None, redirect=None, status=None)) after connection broken by 'NewConnectionError('<pip._vendor.urllib3.connection.HTTPSConnection object at 0x107207a90>: Failed to establish a new connection: [Errno 8] nodename nor servname provided, or not known')': /simple/wheel/
WARNING: Retrying (Retry(total=2, connect=None, read=None, redirect=None, status=None)) after connection broken by 'NewConnectionError('<pip._vendor.urllib3.connection.HTTPSConnection object at 0x107172520>: Failed to establish a new connection: [Errno 8] nodename nor servname provided, or not known')': /simple/wheel/
WARNING: Retrying (Retry(total=1, connect=None, read=None, redirect=None, status=None)) after connection broken by 'NewConnectionError('<pip._vendor.urllib3.connection.HTTPSConnection object at 0x107207d00>: Failed to establish a new connection: [Errno 8] nodename nor servname provided, or not known')': /simple/wheel/
WARNING: Retrying (Retry(total=0, connect=None, read=None, redirect=None, status=None)) after connection broken by 'NewConnectionError('<pip._vendor.urllib3.connection.HTTPSConnection object at 0x107207eb0>: Failed to establish a new connection: [Errno 8] nodename nor servname provided, or not known')': /simple/wheel/
  error: subprocess-exited-with-error
  
  × installing build dependencies did not run successfully.
  │ exit code: 1
  ╰─> [7 lines of output]
      WARNING: Retrying (Retry(total=4, connect=None, read=None, redirect=None, status=None)) after connection broken by 'NewConnectionError('<pip._vendor.urllib3.connection.HTTPSConnection object at 0x106647910>: Failed to establish a new connection: [Errno 8] nodename nor servname provided, or not known')': /simple/setuptools/
      WARNING: Retrying (Retry(total=3, connect=None, read=None, redirect=None, status=None)) after connection broken by 'NewConnectionError('<pip._vendor.urllib3.connection.HTTPSConnection object at 0x106647c40>: Failed to establish a new connection: [Errno 8] nodename nor servname provided, or not known')': /simple/setuptools/
      WARNING: Retrying (Retry(total=2, connect=None, read=None, redirect=None, status=None)) after connection broken by 'NewConnectionError('<pip._vendor.urllib3.connection.HTTPSConnection object at 0x106647df0>: Failed to establish a new connection: [Errno 8] nodename nor servname provided, or not known')': /simple/setuptools/
      WARNING: Retrying (Retry(total=1, connect=None, read=None, redirect=None, status=None)) after connection broken by 'NewConnectionError('<pip._vendor.urllib3.connection.HTTPSConnection object at 0x106647fd0>: Failed to establish a new connection: [Errno 8] nodename nor servname provided, or not known')': /simple/setuptools/
      WARNING: Retrying (Retry(total=0, connect=None, read=None, redirect=None, status=None)) after connection broken by 'NewConnectionError('<pip._vendor.urllib3.connection.HTTPSConnection object at 0x1066b7190>: Failed to establish a new connection: [Errno 8] nodename nor servname provided, or not known')': /simple/setuptools/
      ERROR: Could not find a version that satisfies the requirement setuptools>=40.8.0 (from versions: none)
      ERROR: No matching distribution found for setuptools>=40.8.0
      [end of output]
  
  note: This error originates from a subprocess, and is likely not a problem with pip.
ERROR: Failed to build 'file:///Users/media/containers/home-automation/wyoming-whisperkit' when installing build dependencies
Traceback (most recent call last):
  File "/Users/media/containers/home-automation/wyoming-whisperkit/./script/setup", line 19, in <module>
    subprocess.check_call(pip + ["install", "-e", str(_PROGRAM_DIR)])
  File "/Library/Developer/CommandLineTools/Library/Frameworks/Python3.framework/Versions/3.9/lib/python3.9/subprocess.py", line 373, in check_call
    raise CalledProcessError(retcode, cmd)
subprocess.CalledProcessError: Command '['/Users/media/containers/home-automation/wyoming-whisperkit/.venv/bin/python3', '-m', 'pip', 'install', '-e', '/Users/media/containers/home-automation/wyoming-whisperkit']' returned non-zero exit status 1.
WARNING: Retrying (Retry(total=4, connect=None, read=None, redirect=None, status=None)) after connection broken by 'NewConnectionError('<pip._vendor.urllib3.connection.HTTPSConnection object at 0x10af44700>: Failed to establish a new connection: [Errno 8] nodename nor servname provided, or not known')': /simple/pip/
WARNING: Retrying (Retry(total=3, connect=None, read=None, redirect=None, status=None)) after connection broken by 'NewConnectionError('<pip._vendor.urllib3.connection.HTTPSConnection object at 0x10af44f70>: Failed to establish a new connection: [Errno 8] nodename nor servname provided, or not known')': /simple/pip/
WARNING: Retrying (Retry(total=2, connect=None, read=None, redirect=None, status=None)) after connection broken by 'NewConnectionError('<pip._vendor.urllib3.connection.HTTPSConnection object at 0x10af75310>: Failed to establish a new connection: [Errno 8] nodename nor servname provided, or not known')': /simple/pip/
WARNING: Retrying (Retry(total=1, connect=None, read=None, redirect=None, status=None)) after connection broken by 'NewConnectionError('<pip._vendor.urllib3.connection.HTTPSConnection object at 0x10af754c0>: Failed to establish a new connection: [Errno 8] nodename nor servname provided, or not known')': /simple/pip/
WARNING: Retrying (Retry(total=0, connect=None, read=None, redirect=None, status=None)) after connection broken by 'NewConnectionError('<pip._vendor.urllib3.connection.HTTPSConnection object at 0x10af75670>: Failed to establish a new connection: [Errno 8] nodename nor servname provided, or not known')': /simple/pip/
WARNING: Retrying (Retry(total=4, connect=None, read=None, redirect=None, status=None)) after connection broken by 'NewConnectionError('<pip._vendor.urllib3.connection.HTTPSConnection object at 0x10859cd00>: Failed to establish a new connection: [Errno 8] nodename nor servname provided, or not known')': /simple/setuptools/
WARNING: Retrying (Retry(total=3, connect=None, read=None, redirect=None, status=None)) after connection broken by 'NewConnectionError('<pip._vendor.urllib3.connection.HTTPSConnection object at 0x10859cfd0>: Failed to establish a new connection: [Errno 8] nodename nor servname provided, or not known')': /simple/setuptools/
WARNING: Retrying (Retry(total=2, connect=None, read=None, redirect=None, status=None)) after connection broken by 'NewConnectionError('<pip._vendor.urllib3.connection.HTTPSConnection object at 0x1085ce220>: Failed to establish a new connection: [Errno 8] nodename nor servname provided, or not known')': /simple/setuptools/
WARNING: Retrying (Retry(total=1, connect=None, read=None, redirect=None, status=None)) after connection broken by 'NewConnectionError('<pip._vendor.urllib3.connection.HTTPSConnection object at 0x1085ce3d0>: Failed to establish a new connection: [Errno 8] nodename nor servname provided, or not known')': /simple/setuptools/
WARNING: Retrying (Retry(total=0, connect=None, read=None, redirect=None, status=None)) after connection broken by 'NewConnectionError('<pip._vendor.urllib3.connection.HTTPSConnection object at 0x1085ce580>: Failed to establish a new connection: [Errno 8] nodename nor servname provided, or not known')': /simple/setuptools/
WARNING: Retrying (Retry(total=4, connect=None, read=None, redirect=None, status=None)) after connection broken by 'NewConnectionError('<pip._vendor.urllib3.connection.HTTPSConnection object at 0x1086634f0>: Failed to establish a new connection: [Errno 8] nodename nor servname provided, or not known')': /simple/wheel/
WARNING: Retrying (Retry(total=3, connect=None, read=None, redirect=None, status=None)) after connection broken by 'NewConnectionError('<pip._vendor.urllib3.connection.HTTPSConnection object at 0x108663970>: Failed to establish a new connection: [Errno 8] nodename nor servname provided, or not known')': /simple/wheel/
WARNING: Retrying (Retry(total=2, connect=None, read=None, redirect=None, status=None)) after connection broken by 'NewConnectionError('<pip._vendor.urllib3.connection.HTTPSConnection object at 0x1085ce520>: Failed to establish a new connection: [Errno 8] nodename nor servname provided, or not known')': /simple/wheel/
WARNING: Retrying (Retry(total=1, connect=None, read=None, redirect=None, status=None)) after connection broken by 'NewConnectionError('<pip._vendor.urllib3.connection.HTTPSConnection object at 0x108663be0>: Failed to establish a new connection: [Errno 8] nodename nor servname provided, or not known')': /simple/wheel/
WARNING: Retrying (Retry(total=0, connect=None, read=None, redirect=None, status=None)) after connection broken by 'NewConnectionError('<pip._vendor.urllib3.connection.HTTPSConnection object at 0x108663d90>: Failed to establish a new connection: [Errno 8] nodename nor servname provided, or not known')': /simple/wheel/
  error: subprocess-exited-with-error
  
  × installing build dependencies did not run successfully.
  │ exit code: 1
  ╰─> [7 lines of output]
      WARNING: Retrying (Retry(total=4, connect=None, read=None, redirect=None, status=None)) after connection broken by 'NewConnectionError('<pip._vendor.urllib3.connection.HTTPSConnection object at 0x1065b3d60>: Failed to establish a new connection: [Errno 8] nodename nor servname provided, or not known')': /simple/setuptools/
      WARNING: Retrying (Retry(total=3, connect=None, read=None, redirect=None, status=None)) after connection broken by 'NewConnectionError('<pip._vendor.urllib3.connection.HTTPSConnection object at 0x1065b3fd0>: Failed to establish a new connection: [Errno 8] nodename nor servname provided, or not known')': /simple/setuptools/
      WARNING: Retrying (Retry(total=2, connect=None, read=None, redirect=None, status=None)) after connection broken by 'NewConnectionError('<pip._vendor.urllib3.connection.HTTPSConnection object at 0x10661e280>: Failed to establish a new connection: [Errno 8] nodename nor servname provided, or not known')': /simple/setuptools/
      WARNING: Retrying (Retry(total=1, connect=None, read=None, redirect=None, status=None)) after connection broken by 'NewConnectionError('<pip._vendor.urllib3.connection.HTTPSConnection object at 0x10661e430>: Failed to establish a new connection: [Errno 8] nodename nor servname provided, or not known')': /simple/setuptools/
      WARNING: Retrying (Retry(total=0, connect=None, read=None, redirect=None, status=None)) after connection broken by 'NewConnectionError('<pip._vendor.urllib3.connection.HTTPSConnection object at 0x10661e5e0>: Failed to establish a new connection: [Errno 8] nodename nor servname provided, or not known')': /simple/setuptools/
      ERROR: Could not find a version that satisfies the requirement setuptools>=40.8.0 (from versions: none)
      ERROR: No matching distribution found for setuptools>=40.8.0
      [end of output]
  
  note: This error originates from a subprocess, and is likely not a problem with pip.
ERROR: Failed to build 'file:///Users/media/containers/home-automation/wyoming-whisperkit' when installing build dependencies
Traceback (most recent call last):
  File "/Users/media/containers/home-automation/wyoming-whisperkit/./script/setup", line 19, in <module>
    subprocess.check_call(pip + ["install", "-e", str(_PROGRAM_DIR)])
  File "/Library/Developer/CommandLineTools/Library/Frameworks/Python3.framework/Versions/3.9/lib/python3.9/subprocess.py", line 373, in check_call
    raise CalledProcessError(retcode, cmd)
subprocess.CalledProcessError: Command '['/Users/media/containers/home-automation/wyoming-whisperkit/.venv/bin/python3', '-m', 'pip', 'install', '-e', '/Users/media/containers/home-automation/wyoming-whisperkit']' returned non-zero exit status 1.
WARNING: Retrying (Retry(total=4, connect=None, read=None, redirect=None, status=None)) after connection broken by 'NewConnectionError('<pip._vendor.urllib3.connection.HTTPSConnection object at 0x108980640>: Failed to establish a new connection: [Errno 8] nodename nor servname provided, or not known')': /simple/pip/
WARNING: Retrying (Retry(total=3, connect=None, read=None, redirect=None, status=None)) after connection broken by 'NewConnectionError('<pip._vendor.urllib3.connection.HTTPSConnection object at 0x108980eb0>: Failed to establish a new connection: [Errno 8] nodename nor servname provided, or not known')': /simple/pip/
WARNING: Retrying (Retry(total=2, connect=None, read=None, redirect=None, status=None)) after connection broken by 'NewConnectionError('<pip._vendor.urllib3.connection.HTTPSConnection object at 0x108980f70>: Failed to establish a new connection: [Errno 8] nodename nor servname provided, or not known')': /simple/pip/
WARNING: Retrying (Retry(total=1, connect=None, read=None, redirect=None, status=None)) after connection broken by 'NewConnectionError('<pip._vendor.urllib3.connection.HTTPSConnection object at 0x1089b1400>: Failed to establish a new connection: [Errno 8] nodename nor servname provided, or not known')': /simple/pip/
WARNING: Retrying (Retry(total=0, connect=None, read=None, redirect=None, status=None)) after connection broken by 'NewConnectionError('<pip._vendor.urllib3.connection.HTTPSConnection object at 0x1089b15b0>: Failed to establish a new connection: [Errno 8] nodename nor servname provided, or not known')': /simple/pip/
WARNING: Retrying (Retry(total=4, connect=None, read=None, redirect=None, status=None)) after connection broken by 'NewConnectionError('<pip._vendor.urllib3.connection.HTTPSConnection object at 0x10b31a100>: Failed to establish a new connection: [Errno 8] nodename nor servname provided, or not known')': /simple/setuptools/
WARNING: Retrying (Retry(total=3, connect=None, read=None, redirect=None, status=None)) after connection broken by 'NewConnectionError('<pip._vendor.urllib3.connection.HTTPSConnection object at 0x10b31a400>: Failed to establish a new connection: [Errno 8] nodename nor servname provided, or not known')': /simple/setuptools/
WARNING: Retrying (Retry(total=2, connect=None, read=None, redirect=None, status=None)) after connection broken by 'NewConnectionError('<pip._vendor.urllib3.connection.HTTPSConnection object at 0x10b31a5b0>: Failed to establish a new connection: [Errno 8] nodename nor servname provided, or not known')': /simple/setuptools/
WARNING: Retrying (Retry(total=1, connect=None, read=None, redirect=None, status=None)) after connection broken by 'NewConnectionError('<pip._vendor.urllib3.connection.HTTPSConnection object at 0x10b31a760>: Failed to establish a new connection: [Errno 8] nodename nor servname provided, or not known')': /simple/setuptools/
WARNING: Retrying (Retry(total=0, connect=None, read=None, redirect=None, status=None)) after connection broken by 'NewConnectionError('<pip._vendor.urllib3.connection.HTTPSConnection object at 0x10b31a910>: Failed to establish a new connection: [Errno 8] nodename nor servname provided, or not known')': /simple/setuptools/
WARNING: Retrying (Retry(total=4, connect=None, read=None, redirect=None, status=None)) after connection broken by 'NewConnectionError('<pip._vendor.urllib3.connection.HTTPSConnection object at 0x10b3b1c10>: Failed to establish a new connection: [Errno 8] nodename nor servname provided, or not known')': /simple/wheel/
WARNING: Retrying (Retry(total=3, connect=None, read=None, redirect=None, status=None)) after connection broken by 'NewConnectionError('<pip._vendor.urllib3.connection.HTTPSConnection object at 0x10b3b1f10>: Failed to establish a new connection: [Errno 8] nodename nor servname provided, or not known')': /simple/wheel/
WARNING: Retrying (Retry(total=2, connect=None, read=None, redirect=None, status=None)) after connection broken by 'NewConnectionError('<pip._vendor.urllib3.connection.HTTPSConnection object at 0x10b3b1f70>: Failed to establish a new connection: [Errno 8] nodename nor servname provided, or not known')': /simple/wheel/
WARNING: Retrying (Retry(total=1, connect=None, read=None, redirect=None, status=None)) after connection broken by 'NewConnectionError('<pip._vendor.urllib3.connection.HTTPSConnection object at 0x10b3b9340>: Failed to establish a new connection: [Errno 8] nodename nor servname provided, or not known')': /simple/wheel/
WARNING: Retrying (Retry(total=0, connect=None, read=None, redirect=None, status=None)) after connection broken by 'NewConnectionError('<pip._vendor.urllib3.connection.HTTPSConnection object at 0x10b3b94f0>: Failed to establish a new connection: [Errno 8] nodename nor servname provided, or not known')': /simple/wheel/
  error: subprocess-exited-with-error
  
  × installing build dependencies did not run successfully.
  │ exit code: 1
  ╰─> [7 lines of output]
      WARNING: Retrying (Retry(total=4, connect=None, read=None, redirect=None, status=None)) after connection broken by 'NewConnectionError('<pip._vendor.urllib3.connection.HTTPSConnection object at 0x10b1e8850>: Failed to establish a new connection: [Errno 8] nodename nor servname provided, or not known')': /simple/setuptools/
      WARNING: Retrying (Retry(total=3, connect=None, read=None, redirect=None, status=None)) after connection broken by 'NewConnectionError('<pip._vendor.urllib3.connection.HTTPSConnection object at 0x10b1e8b80>: Failed to establish a new connection: [Errno 8] nodename nor servname provided, or not known')': /simple/setuptools/
      WARNING: Retrying (Retry(total=2, connect=None, read=None, redirect=None, status=None)) after connection broken by 'NewConnectionError('<pip._vendor.urllib3.connection.HTTPSConnection object at 0x10b1e8d30>: Failed to establish a new connection: [Errno 8] nodename nor servname provided, or not known')': /simple/setuptools/
      WARNING: Retrying (Retry(total=1, connect=None, read=None, redirect=None, status=None)) after connection broken by 'NewConnectionError('<pip._vendor.urllib3.connection.HTTPSConnection object at 0x10b1e8f10>: Failed to establish a new connection: [Errno 8] nodename nor servname provided, or not known')': /simple/setuptools/
      WARNING: Retrying (Retry(total=0, connect=None, read=None, redirect=None, status=None)) after connection broken by 'NewConnectionError('<pip._vendor.urllib3.connection.HTTPSConnection object at 0x10b1e8fd0>: Failed to establish a new connection: [Errno 8] nodename nor servname provided, or not known')': /simple/setuptools/
      ERROR: Could not find a version that satisfies the requirement setuptools>=40.8.0 (from versions: none)
      ERROR: No matching distribution found for setuptools>=40.8.0
      [end of output]
  
  note: This error originates from a subprocess, and is likely not a problem with pip.
ERROR: Failed to build 'file:///Users/media/containers/home-automation/wyoming-whisperkit' when installing build dependencies
Traceback (most recent call last):
  File "/Users/media/containers/home-automation/wyoming-whisperkit/./script/setup", line 19, in <module>
    subprocess.check_call(pip + ["install", "-e", str(_PROGRAM_DIR)])
  File "/Library/Developer/CommandLineTools/Library/Frameworks/Python3.framework/Versions/3.9/lib/python3.9/subprocess.py", line 373, in check_call
    raise CalledProcessError(retcode, cmd)
subprocess.CalledProcessError: Command '['/Users/media/containers/home-automation/wyoming-whisperkit/.venv/bin/python3', '-m', 'pip', 'install', '-e', '/Users/media/containers/home-automation/wyoming-whisperkit']' returned non-zero exit status 1.
WARNING: Retrying (Retry(total=4, connect=None, read=None, redirect=None, status=None)) after connection broken by 'NewConnectionError('<pip._vendor.urllib3.connection.HTTPSConnection object at 0x107268760>: Failed to establish a new connection: [Errno 8] nodename nor servname provided, or not known')': /simple/pip/
WARNING: Retrying (Retry(total=3, connect=None, read=None, redirect=None, status=None)) after connection broken by 'NewConnectionError('<pip._vendor.urllib3.connection.HTTPSConnection object at 0x107268fa0>: Failed to establish a new connection: [Errno 8] nodename nor servname provided, or not known')': /simple/pip/
WARNING: Retrying (Retry(total=2, connect=None, read=None, redirect=None, status=None)) after connection broken by 'NewConnectionError('<pip._vendor.urllib3.connection.HTTPSConnection object at 0x107299370>: Failed to establish a new connection: [Errno 8] nodename nor servname provided, or not known')': /simple/pip/
WARNING: Retrying (Retry(total=1, connect=None, read=None, redirect=None, status=None)) after connection broken by 'NewConnectionError('<pip._vendor.urllib3.connection.HTTPSConnection object at 0x107299520>: Failed to establish a new connection: [Errno 8] nodename nor servname provided, or not known')': /simple/pip/
WARNING: Retrying (Retry(total=0, connect=None, read=None, redirect=None, status=None)) after connection broken by 'NewConnectionError('<pip._vendor.urllib3.connection.HTTPSConnection object at 0x1072996d0>: Failed to establish a new connection: [Errno 8] nodename nor servname provided, or not known')': /simple/pip/
WARNING: Retrying (Retry(total=4, connect=None, read=None, redirect=None, status=None)) after connection broken by 'NewConnectionError('<pip._vendor.urllib3.connection.HTTPSConnection object at 0x10b33cd60>: Failed to establish a new connection: [Errno 8] nodename nor servname provided, or not known')': /simple/setuptools/
WARNING: Retrying (Retry(total=3, connect=None, read=None, redirect=None, status=None)) after connection broken by 'NewConnectionError('<pip._vendor.urllib3.connection.HTTPSConnection object at 0x10b33cfd0>: Failed to establish a new connection: [Errno 8] nodename nor servname provided, or not known')': /simple/setuptools/
WARNING: Retrying (Retry(total=2, connect=None, read=None, redirect=None, status=None)) after connection broken by 'NewConnectionError('<pip._vendor.urllib3.connection.HTTPSConnection object at 0x10b36e280>: Failed to establish a new connection: [Errno 8] nodename nor servname provided, or not known')': /simple/setuptools/
WARNING: Retrying (Retry(total=1, connect=None, read=None, redirect=None, status=None)) after connection broken by 'NewConnectionError('<pip._vendor.urllib3.connection.HTTPSConnection object at 0x10b36e430>: Failed to establish a new connection: [Errno 8] nodename nor servname provided, or not known')': /simple/setuptools/
WARNING: Retrying (Retry(total=0, connect=None, read=None, redirect=None, status=None)) after connection broken by 'NewConnectionError('<pip._vendor.urllib3.connection.HTTPSConnection object at 0x10b36e5e0>: Failed to establish a new connection: [Errno 8] nodename nor servname provided, or not known')': /simple/setuptools/
WARNING: Retrying (Retry(total=4, connect=None, read=None, redirect=None, status=None)) after connection broken by 'NewConnectionError('<pip._vendor.urllib3.connection.HTTPSConnection object at 0x10b4035b0>: Failed to establish a new connection: [Errno 8] nodename nor servname provided, or not known')': /simple/wheel/
WARNING: Retrying (Retry(total=3, connect=None, read=None, redirect=None, status=None)) after connection broken by 'NewConnectionError('<pip._vendor.urllib3.connection.HTTPSConnection object at 0x10b403a30>: Failed to establish a new connection: [Errno 8] nodename nor servname provided, or not known')': /simple/wheel/
WARNING: Retrying (Retry(total=2, connect=None, read=None, redirect=None, status=None)) after connection broken by 'NewConnectionError('<pip._vendor.urllib3.connection.HTTPSConnection object at 0x10b36e550>: Failed to establish a new connection: [Errno 8] nodename nor servname provided, or not known')': /simple/wheel/
WARNING: Retrying (Retry(total=1, connect=None, read=None, redirect=None, status=None)) after connection broken by 'NewConnectionError('<pip._vendor.urllib3.connection.HTTPSConnection object at 0x10b403ca0>: Failed to establish a new connection: [Errno 8] nodename nor servname provided, or not known')': /simple/wheel/
WARNING: Retrying (Retry(total=0, connect=None, read=None, redirect=None, status=None)) after connection broken by 'NewConnectionError('<pip._vendor.urllib3.connection.HTTPSConnection object at 0x10b403e50>: Failed to establish a new connection: [Errno 8] nodename nor servname provided, or not known')': /simple/wheel/
  error: subprocess-exited-with-error
  
  × installing build dependencies did not run successfully.
  │ exit code: 1
  ╰─> [7 lines of output]
      WARNING: Retrying (Retry(total=4, connect=None, read=None, redirect=None, status=None)) after connection broken by 'NewConnectionError('<pip._vendor.urllib3.connection.HTTPSConnection object at 0x106528460>: Failed to establish a new connection: [Errno 8] nodename nor servname provided, or not known')': /simple/setuptools/
      WARNING: Retrying (Retry(total=3, connect=None, read=None, redirect=None, status=None)) after connection broken by 'NewConnectionError('<pip._vendor.urllib3.connection.HTTPSConnection object at 0x106528790>: Failed to establish a new connection: [Errno 8] nodename nor servname provided, or not known')': /simple/setuptools/
      WARNING: Retrying (Retry(total=2, connect=None, read=None, redirect=None, status=None)) after connection broken by 'NewConnectionError('<pip._vendor.urllib3.connection.HTTPSConnection object at 0x106528940>: Failed to establish a new connection: [Errno 8] nodename nor servname provided, or not known')': /simple/setuptools/
      WARNING: Retrying (Retry(total=1, connect=None, read=None, redirect=None, status=None)) after connection broken by 'NewConnectionError('<pip._vendor.urllib3.connection.HTTPSConnection object at 0x106528af0>: Failed to establish a new connection: [Errno 8] nodename nor servname provided, or not known')': /simple/setuptools/
      WARNING: Retrying (Retry(total=0, connect=None, read=None, redirect=None, status=None)) after connection broken by 'NewConnectionError('<pip._vendor.urllib3.connection.HTTPSConnection object at 0x106528ca0>: Failed to establish a new connection: [Errno 8] nodename nor servname provided, or not known')': /simple/setuptools/
      ERROR: Could not find a version that satisfies the requirement setuptools>=40.8.0 (from versions: none)
      ERROR: No matching distribution found for setuptools>=40.8.0
      [end of output]
  
  note: This error originates from a subprocess, and is likely not a problem with pip.
ERROR: Failed to build 'file:///Users/media/containers/home-automation/wyoming-whisperkit' when installing build dependencies
Traceback (most recent call last):
  File "/Users/media/containers/home-automation/wyoming-whisperkit/./script/setup", line 19, in <module>
    subprocess.check_call(pip + ["install", "-e", str(_PROGRAM_DIR)])
  File "/Library/Developer/CommandLineTools/Library/Frameworks/Python3.framework/Versions/3.9/lib/python3.9/subprocess.py", line 373, in check_call
    raise CalledProcessError(retcode, cmd)
subprocess.CalledProcessError: Command '['/Users/media/containers/home-automation/wyoming-whisperkit/.venv/bin/python3', '-m', 'pip', 'install', '-e', '/Users/media/containers/home-automation/wyoming-whisperkit']' returned non-zero exit status 1.
WARNING: Retrying (Retry(total=4, connect=None, read=None, redirect=None, status=None)) after connection broken by 'NewConnectionError('<pip._vendor.urllib3.connection.HTTPSConnection object at 0x106a5d820>: Failed to establish a new connection: [Errno 8] nodename nor servname provided, or not known')': /simple/pip/
WARNING: Retrying (Retry(total=3, connect=None, read=None, redirect=None, status=None)) after connection broken by 'NewConnectionError('<pip._vendor.urllib3.connection.HTTPSConnection object at 0x106a5dfa0>: Failed to establish a new connection: [Errno 8] nodename nor servname provided, or not known')': /simple/pip/
WARNING: Retrying (Retry(total=2, connect=None, read=None, redirect=None, status=None)) after connection broken by 'NewConnectionError('<pip._vendor.urllib3.connection.HTTPSConnection object at 0x106a91430>: Failed to establish a new connection: [Errno 8] nodename nor servname provided, or not known')': /simple/pip/
WARNING: Retrying (Retry(total=1, connect=None, read=None, redirect=None, status=None)) after connection broken by 'NewConnectionError('<pip._vendor.urllib3.connection.HTTPSConnection object at 0x106a915e0>: Failed to establish a new connection: [Errno 8] nodename nor servname provided, or not known')': /simple/pip/
WARNING: Retrying (Retry(total=0, connect=None, read=None, redirect=None, status=None)) after connection broken by 'NewConnectionError('<pip._vendor.urllib3.connection.HTTPSConnection object at 0x106a91790>: Failed to establish a new connection: [Errno 8] nodename nor servname provided, or not known')': /simple/pip/
WARNING: Retrying (Retry(total=4, connect=None, read=None, redirect=None, status=None)) after connection broken by 'NewConnectionError('<pip._vendor.urllib3.connection.HTTPSConnection object at 0x108f3c370>: Failed to establish a new connection: [Errno 8] nodename nor servname provided, or not known')': /simple/setuptools/
WARNING: Retrying (Retry(total=3, connect=None, read=None, redirect=None, status=None)) after connection broken by 'NewConnectionError('<pip._vendor.urllib3.connection.HTTPSConnection object at 0x108f3c6a0>: Failed to establish a new connection: [Errno 8] nodename nor servname provided, or not known')': /simple/setuptools/
WARNING: Retrying (Retry(total=2, connect=None, read=None, redirect=None, status=None)) after connection broken by 'NewConnectionError('<pip._vendor.urllib3.connection.HTTPSConnection object at 0x108f3c850>: Failed to establish a new connection: [Errno 8] nodename nor servname provided, or not known')': /simple/setuptools/
WARNING: Retrying (Retry(total=1, connect=None, read=None, redirect=None, status=None)) after connection broken by 'NewConnectionError('<pip._vendor.urllib3.connection.HTTPSConnection object at 0x108f3ca00>: Failed to establish a new connection: [Errno 8] nodename nor servname provided, or not known')': /simple/setuptools/
WARNING: Retrying (Retry(total=0, connect=None, read=None, redirect=None, status=None)) after connection broken by 'NewConnectionError('<pip._vendor.urllib3.connection.HTTPSConnection object at 0x108f3cbb0>: Failed to establish a new connection: [Errno 8] nodename nor servname provided, or not known')': /simple/setuptools/
WARNING: Retrying (Retry(total=4, connect=None, read=None, redirect=None, status=None)) after connection broken by 'NewConnectionError('<pip._vendor.urllib3.connection.HTTPSConnection object at 0x108fe6130>: Failed to establish a new connection: [Errno 8] nodename nor servname provided, or not known')': /simple/wheel/
WARNING: Retrying (Retry(total=3, connect=None, read=None, redirect=None, status=None)) after connection broken by 'NewConnectionError('<pip._vendor.urllib3.connection.HTTPSConnection object at 0x108fe6610>: Failed to establish a new connection: [Errno 8] nodename nor servname provided, or not known')': /simple/wheel/
WARNING: Retrying (Retry(total=2, connect=None, read=None, redirect=None, status=None)) after connection broken by 'NewConnectionError('<pip._vendor.urllib3.connection.HTTPSConnection object at 0x108f3cb80>: Failed to establish a new connection: [Errno 8] nodename nor servname provided, or not known')': /simple/wheel/
WARNING: Retrying (Retry(total=1, connect=None, read=None, redirect=None, status=None)) after connection broken by 'NewConnectionError('<pip._vendor.urllib3.connection.HTTPSConnection object at 0x108fe6880>: Failed to establish a new connection: [Errno 8] nodename nor servname provided, or not known')': /simple/wheel/
WARNING: Retrying (Retry(total=0, connect=None, read=None, redirect=None, status=None)) after connection broken by 'NewConnectionError('<pip._vendor.urllib3.connection.HTTPSConnection object at 0x108fe6a30>: Failed to establish a new connection: [Errno 8] nodename nor servname provided, or not known')': /simple/wheel/
  error: subprocess-exited-with-error
  
  × installing build dependencies did not run successfully.
  │ exit code: 1
  ╰─> [7 lines of output]
      WARNING: Retrying (Retry(total=4, connect=None, read=None, redirect=None, status=None)) after connection broken by 'NewConnectionError('<pip._vendor.urllib3.connection.HTTPSConnection object at 0x1066b6b50>: Failed to establish a new connection: [Errno 8] nodename nor servname provided, or not known')': /simple/setuptools/
      WARNING: Retrying (Retry(total=3, connect=None, read=None, redirect=None, status=None)) after connection broken by 'NewConnectionError('<pip._vendor.urllib3.connection.HTTPSConnection object at 0x1066b6e80>: Failed to establish a new connection: [Errno 8] nodename nor servname provided, or not known')': /simple/setuptools/
      WARNING: Retrying (Retry(total=2, connect=None, read=None, redirect=None, status=None)) after connection broken by 'NewConnectionError('<pip._vendor.urllib3.connection.HTTPSConnection object at 0x1066b6f40>: Failed to establish a new connection: [Errno 8] nodename nor servname provided, or not known')': /simple/setuptools/
      WARNING: Retrying (Retry(total=1, connect=None, read=None, redirect=None, status=None)) after connection broken by 'NewConnectionError('<pip._vendor.urllib3.connection.HTTPSConnection object at 0x106725220>: Failed to establish a new connection: [Errno 8] nodename nor servname provided, or not known')': /simple/setuptools/
      WARNING: Retrying (Retry(total=0, connect=None, read=None, redirect=None, status=None)) after connection broken by 'NewConnectionError('<pip._vendor.urllib3.connection.HTTPSConnection object at 0x1067253d0>: Failed to establish a new connection: [Errno 8] nodename nor servname provided, or not known')': /simple/setuptools/
      ERROR: Could not find a version that satisfies the requirement setuptools>=40.8.0 (from versions: none)
      ERROR: No matching distribution found for setuptools>=40.8.0
      [end of output]
  
  note: This error originates from a subprocess, and is likely not a problem with pip.
ERROR: Failed to build 'file:///Users/media/containers/home-automation/wyoming-whisperkit' when installing build dependencies
Traceback (most recent call last):
  File "/Users/media/containers/home-automation/wyoming-whisperkit/./script/setup", line 19, in <module>
    subprocess.check_call(pip + ["install", "-e", str(_PROGRAM_DIR)])
  File "/Library/Developer/CommandLineTools/Library/Frameworks/Python3.framework/Versions/3.9/lib/python3.9/subprocess.py", line 373, in check_call
    raise CalledProcessError(retcode, cmd)
subprocess.CalledProcessError: Command '['/Users/media/containers/home-automation/wyoming-whisperkit/.venv/bin/python3', '-m', 'pip', 'install', '-e', '/Users/media/containers/home-automation/wyoming-whisperkit']' returned non-zero exit status 1.
WARNING: Retrying (Retry(total=4, connect=None, read=None, redirect=None, status=None)) after connection broken by 'NewConnectionError('<pip._vendor.urllib3.connection.HTTPSConnection object at 0x10a691490>: Failed to establish a new connection: [Errno 8] nodename nor servname provided, or not known')': /simple/pip/
WARNING: Retrying (Retry(total=3, connect=None, read=None, redirect=None, status=None)) after connection broken by 'NewConnectionError('<pip._vendor.urllib3.connection.HTTPSConnection object at 0x10a691d00>: Failed to establish a new connection: [Errno 8] nodename nor servname provided, or not known')': /simple/pip/
WARNING: Retrying (Retry(total=2, connect=None, read=None, redirect=None, status=None)) after connection broken by 'NewConnectionError('<pip._vendor.urllib3.connection.HTTPSConnection object at 0x10a691ee0>: Failed to establish a new connection: [Errno 8] nodename nor servname provided, or not known')': /simple/pip/
WARNING: Retrying (Retry(total=1, connect=None, read=None, redirect=None, status=None)) after connection broken by 'NewConnectionError('<pip._vendor.urllib3.connection.HTTPSConnection object at 0x10a691fa0>: Failed to establish a new connection: [Errno 8] nodename nor servname provided, or not known')': /simple/pip/
WARNING: Retrying (Retry(total=0, connect=None, read=None, redirect=None, status=None)) after connection broken by 'NewConnectionError('<pip._vendor.urllib3.connection.HTTPSConnection object at 0x10a6c5400>: Failed to establish a new connection: [Errno 8] nodename nor servname provided, or not known')': /simple/pip/
WARNING: Retrying (Retry(total=4, connect=None, read=None, redirect=None, status=None)) after connection broken by 'NewConnectionError('<pip._vendor.urllib3.connection.HTTPSConnection object at 0x1066b8dc0>: Failed to establish a new connection: [Errno 8] nodename nor servname provided, or not known')': /simple/setuptools/
WARNING: Retrying (Retry(total=3, connect=None, read=None, redirect=None, status=None)) after connection broken by 'NewConnectionError('<pip._vendor.urllib3.connection.HTTPSConnection object at 0x1066e9130>: Failed to establish a new connection: [Errno 8] nodename nor servname provided, or not known')': /simple/setuptools/
WARNING: Retrying (Retry(total=2, connect=None, read=None, redirect=None, status=None)) after connection broken by 'NewConnectionError('<pip._vendor.urllib3.connection.HTTPSConnection object at 0x1066e92e0>: Failed to establish a new connection: [Errno 8] nodename nor servname provided, or not known')': /simple/setuptools/
WARNING: Retrying (Retry(total=1, connect=None, read=None, redirect=None, status=None)) after connection broken by 'NewConnectionError('<pip._vendor.urllib3.connection.HTTPSConnection object at 0x1066e9490>: Failed to establish a new connection: [Errno 8] nodename nor servname provided, or not known')': /simple/setuptools/
WARNING: Retrying (Retry(total=0, connect=None, read=None, redirect=None, status=None)) after connection broken by 'NewConnectionError('<pip._vendor.urllib3.connection.HTTPSConnection object at 0x1066e9640>: Failed to establish a new connection: [Errno 8] nodename nor servname provided, or not known')': /simple/setuptools/
WARNING: Retrying (Retry(total=4, connect=None, read=None, redirect=None, status=None)) after connection broken by 'NewConnectionError('<pip._vendor.urllib3.connection.HTTPSConnection object at 0x10677f670>: Failed to establish a new connection: [Errno 8] nodename nor servname provided, or not known')': /simple/wheel/
WARNING: Retrying (Retry(total=3, connect=None, read=None, redirect=None, status=None)) after connection broken by 'NewConnectionError('<pip._vendor.urllib3.connection.HTTPSConnection object at 0x10677faf0>: Failed to establish a new connection: [Errno 8] nodename nor servname provided, or not known')': /simple/wheel/
WARNING: Retrying (Retry(total=2, connect=None, read=None, redirect=None, status=None)) after connection broken by 'NewConnectionError('<pip._vendor.urllib3.connection.HTTPSConnection object at 0x1066e9520>: Failed to establish a new connection: [Errno 8] nodename nor servname provided, or not known')': /simple/wheel/
WARNING: Retrying (Retry(total=1, connect=None, read=None, redirect=None, status=None)) after connection broken by 'NewConnectionError('<pip._vendor.urllib3.connection.HTTPSConnection object at 0x10677fd60>: Failed to establish a new connection: [Errno 8] nodename nor servname provided, or not known')': /simple/wheel/
WARNING: Retrying (Retry(total=0, connect=None, read=None, redirect=None, status=None)) after connection broken by 'NewConnectionError('<pip._vendor.urllib3.connection.HTTPSConnection object at 0x10677ff10>: Failed to establish a new connection: [Errno 8] nodename nor servname provided, or not known')': /simple/wheel/
  error: subprocess-exited-with-error
  
  × installing build dependencies did not run successfully.
  │ exit code: 1
  ╰─> [7 lines of output]
      WARNING: Retrying (Retry(total=4, connect=None, read=None, redirect=None, status=None)) after connection broken by 'NewConnectionError('<pip._vendor.urllib3.connection.HTTPSConnection object at 0x106eb96a0>: Failed to establish a new connection: [Errno 8] nodename nor servname provided, or not known')': /simple/setuptools/
      WARNING: Retrying (Retry(total=3, connect=None, read=None, redirect=None, status=None)) after connection broken by 'NewConnectionError('<pip._vendor.urllib3.connection.HTTPSConnection object at 0x106eb99d0>: Failed to establish a new connection: [Errno 8] nodename nor servname provided, or not known')': /simple/setuptools/
      WARNING: Retrying (Retry(total=2, connect=None, read=None, redirect=None, status=None)) after connection broken by 'NewConnectionError('<pip._vendor.urllib3.connection.HTTPSConnection object at 0x106eb9b80>: Failed to establish a new connection: [Errno 8] nodename nor servname provided, or not known')': /simple/setuptools/
      WARNING: Retrying (Retry(total=1, connect=None, read=None, redirect=None, status=None)) after connection broken by 'NewConnectionError('<pip._vendor.urllib3.connection.HTTPSConnection object at 0x106eb9d30>: Failed to establish a new connection: [Errno 8] nodename nor servname provided, or not known')': /simple/setuptools/
      WARNING: Retrying (Retry(total=0, connect=None, read=None, redirect=None, status=None)) after connection broken by 'NewConnectionError('<pip._vendor.urllib3.connection.HTTPSConnection object at 0x106eb9f10>: Failed to establish a new connection: [Errno 8] nodename nor servname provided, or not known')': /simple/setuptools/
      ERROR: Could not find a version that satisfies the requirement setuptools>=40.8.0 (from versions: none)
      ERROR: No matching distribution found for setuptools>=40.8.0
      [end of output]
  
  note: This error originates from a subprocess, and is likely not a problem with pip.
ERROR: Failed to build 'file:///Users/media/containers/home-automation/wyoming-whisperkit' when installing build dependencies
Traceback (most recent call last):
  File "/Users/media/containers/home-automation/wyoming-whisperkit/./script/setup", line 19, in <module>
    subprocess.check_call(pip + ["install", "-e", str(_PROGRAM_DIR)])
  File "/Library/Developer/CommandLineTools/Library/Frameworks/Python3.framework/Versions/3.9/lib/python3.9/subprocess.py", line 373, in check_call
    raise CalledProcessError(retcode, cmd)
subprocess.CalledProcessError: Command '['/Users/media/containers/home-automation/wyoming-whisperkit/.venv/bin/python3', '-m', 'pip', 'install', '-e', '/Users/media/containers/home-automation/wyoming-whisperkit']' returned non-zero exit status 1.
WARNING: Retrying (Retry(total=4, connect=None, read=None, redirect=None, status=None)) after connection broken by 'NewConnectionError('<pip._vendor.urllib3.connection.HTTPSConnection object at 0x10abdd9a0>: Failed to establish a new connection: [Errno 8] nodename nor servname provided, or not known')': /simple/pip/
WARNING: Retrying (Retry(total=3, connect=None, read=None, redirect=None, status=None)) after connection broken by 'NewConnectionError('<pip._vendor.urllib3.connection.HTTPSConnection object at 0x10ac0d250>: Failed to establish a new connection: [Errno 8] nodename nor servname provided, or not known')': /simple/pip/
WARNING: Retrying (Retry(total=2, connect=None, read=None, redirect=None, status=None)) after connection broken by 'NewConnectionError('<pip._vendor.urllib3.connection.HTTPSConnection object at 0x10ac0d5b0>: Failed to establish a new connection: [Errno 8] nodename nor servname provided, or not known')': /simple/pip/
WARNING: Retrying (Retry(total=1, connect=None, read=None, redirect=None, status=None)) after connection broken by 'NewConnectionError('<pip._vendor.urllib3.connection.HTTPSConnection object at 0x10ac0d760>: Failed to establish a new connection: [Errno 8] nodename nor servname provided, or not known')': /simple/pip/
WARNING: Retrying (Retry(total=0, connect=None, read=None, redirect=None, status=None)) after connection broken by 'NewConnectionError('<pip._vendor.urllib3.connection.HTTPSConnection object at 0x10ac0d910>: Failed to establish a new connection: [Errno 8] nodename nor servname provided, or not known')': /simple/pip/
WARNING: Retrying (Retry(total=4, connect=None, read=None, redirect=None, status=None)) after connection broken by 'NewConnectionError('<pip._vendor.urllib3.connection.HTTPSConnection object at 0x1070cd040>: Failed to establish a new connection: [Errno 8] nodename nor servname provided, or not known')': /simple/setuptools/
WARNING: Retrying (Retry(total=3, connect=None, read=None, redirect=None, status=None)) after connection broken by 'NewConnectionError('<pip._vendor.urllib3.connection.HTTPSConnection object at 0x1070cd340>: Failed to establish a new connection: [Errno 8] nodename nor servname provided, or not known')': /simple/setuptools/
WARNING: Retrying (Retry(total=2, connect=None, read=None, redirect=None, status=None)) after connection broken by 'NewConnectionError('<pip._vendor.urllib3.connection.HTTPSConnection object at 0x1070cd4f0>: Failed to establish a new connection: [Errno 8] nodename nor servname provided, or not known')': /simple/setuptools/
WARNING: Retrying (Retry(total=1, connect=None, read=None, redirect=None, status=None)) after connection broken by 'NewConnectionError('<pip._vendor.urllib3.connection.HTTPSConnection object at 0x1070cd6a0>: Failed to establish a new connection: [Errno 8] nodename nor servname provided, or not known')': /simple/setuptools/
WARNING: Retrying (Retry(total=0, connect=None, read=None, redirect=None, status=None)) after connection broken by 'NewConnectionError('<pip._vendor.urllib3.connection.HTTPSConnection object at 0x1070cd850>: Failed to establish a new connection: [Errno 8] nodename nor servname provided, or not known')': /simple/setuptools/
WARNING: Retrying (Retry(total=4, connect=None, read=None, redirect=None, status=None)) after connection broken by 'NewConnectionError('<pip._vendor.urllib3.connection.HTTPSConnection object at 0x107162a90>: Failed to establish a new connection: [Errno 8] nodename nor servname provided, or not known')': /simple/wheel/
WARNING: Retrying (Retry(total=3, connect=None, read=None, redirect=None, status=None)) after connection broken by 'NewConnectionError('<pip._vendor.urllib3.connection.HTTPSConnection object at 0x107162f10>: Failed to establish a new connection: [Errno 8] nodename nor servname provided, or not known')': /simple/wheel/
WARNING: Retrying (Retry(total=2, connect=None, read=None, redirect=None, status=None)) after connection broken by 'NewConnectionError('<pip._vendor.urllib3.connection.HTTPSConnection object at 0x1070cd1f0>: Failed to establish a new connection: [Errno 8] nodename nor servname provided, or not known')': /simple/wheel/
WARNING: Retrying (Retry(total=1, connect=None, read=None, redirect=None, status=None)) after connection broken by 'NewConnectionError('<pip._vendor.urllib3.connection.HTTPSConnection object at 0x107162fa0>: Failed to establish a new connection: [Errno 8] nodename nor servname provided, or not known')': /simple/wheel/
WARNING: Retrying (Retry(total=0, connect=None, read=None, redirect=None, status=None)) after connection broken by 'NewConnectionError('<pip._vendor.urllib3.connection.HTTPSConnection object at 0x10716a370>: Failed to establish a new connection: [Errno 8] nodename nor servname provided, or not known')': /simple/wheel/
  error: subprocess-exited-with-error
  
  × installing build dependencies did not run successfully.
  │ exit code: 1
  ╰─> [7 lines of output]
      WARNING: Retrying (Retry(total=4, connect=None, read=None, redirect=None, status=None)) after connection broken by 'NewConnectionError('<pip._vendor.urllib3.connection.HTTPSConnection object at 0x10653ea90>: Failed to establish a new connection: [Errno 8] nodename nor servname provided, or not known')': /simple/setuptools/
      WARNING: Retrying (Retry(total=3, connect=None, read=None, redirect=None, status=None)) after connection broken by 'NewConnectionError('<pip._vendor.urllib3.connection.HTTPSConnection object at 0x10653edc0>: Failed to establish a new connection: [Errno 8] nodename nor servname provided, or not known')': /simple/setuptools/
      WARNING: Retrying (Retry(total=2, connect=None, read=None, redirect=None, status=None)) after connection broken by 'NewConnectionError('<pip._vendor.urllib3.connection.HTTPSConnection object at 0x10653efa0>: Failed to establish a new connection: [Errno 8] nodename nor servname provided, or not known')': /simple/setuptools/
      WARNING: Retrying (Retry(total=1, connect=None, read=None, redirect=None, status=None)) after connection broken by 'NewConnectionError('<pip._vendor.urllib3.connection.HTTPSConnection object at 0x1065ae160>: Failed to establish a new connection: [Errno 8] nodename nor servname provided, or not known')': /simple/setuptools/
      WARNING: Retrying (Retry(total=0, connect=None, read=None, redirect=None, status=None)) after connection broken by 'NewConnectionError('<pip._vendor.urllib3.connection.HTTPSConnection object at 0x1065ae310>: Failed to establish a new connection: [Errno 8] nodename nor servname provided, or not known')': /simple/setuptools/
      ERROR: Could not find a version that satisfies the requirement setuptools>=40.8.0 (from versions: none)
      ERROR: No matching distribution found for setuptools>=40.8.0
      [end of output]
  
  note: This error originates from a subprocess, and is likely not a problem with pip.
ERROR: Failed to build 'file:///Users/media/containers/home-automation/wyoming-whisperkit' when installing build dependencies
Traceback (most recent call last):
  File "/Users/media/containers/home-automation/wyoming-whisperkit/./script/setup", line 19, in <module>
    subprocess.check_call(pip + ["install", "-e", str(_PROGRAM_DIR)])
  File "/Library/Developer/CommandLineTools/Library/Frameworks/Python3.framework/Versions/3.9/lib/python3.9/subprocess.py", line 373, in check_call
    raise CalledProcessError(retcode, cmd)
subprocess.CalledProcessError: Command '['/Users/media/containers/home-automation/wyoming-whisperkit/.venv/bin/python3', '-m', 'pip', 'install', '-e', '/Users/media/containers/home-automation/wyoming-whisperkit']' returned non-zero exit status 1.
WARNING: Retrying (Retry(total=4, connect=None, read=None, redirect=None, status=None)) after connection broken by 'NewConnectionError('<pip._vendor.urllib3.connection.HTTPSConnection object at 0x108db1820>: Failed to establish a new connection: [Errno 8] nodename nor servname provided, or not known')': /simple/pip/
WARNING: Retrying (Retry(total=3, connect=None, read=None, redirect=None, status=None)) after connection broken by 'NewConnectionError('<pip._vendor.urllib3.connection.HTTPSConnection object at 0x108db1fa0>: Failed to establish a new connection: [Errno 8] nodename nor servname provided, or not known')': /simple/pip/
WARNING: Retrying (Retry(total=2, connect=None, read=None, redirect=None, status=None)) after connection broken by 'NewConnectionError('<pip._vendor.urllib3.connection.HTTPSConnection object at 0x108de5430>: Failed to establish a new connection: [Errno 8] nodename nor servname provided, or not known')': /simple/pip/
WARNING: Retrying (Retry(total=1, connect=None, read=None, redirect=None, status=None)) after connection broken by 'NewConnectionError('<pip._vendor.urllib3.connection.HTTPSConnection object at 0x108de55e0>: Failed to establish a new connection: [Errno 8] nodename nor servname provided, or not known')': /simple/pip/
WARNING: Retrying (Retry(total=0, connect=None, read=None, redirect=None, status=None)) after connection broken by 'NewConnectionError('<pip._vendor.urllib3.connection.HTTPSConnection object at 0x108de5790>: Failed to establish a new connection: [Errno 8] nodename nor servname provided, or not known')': /simple/pip/
WARNING: Retrying (Retry(total=4, connect=None, read=None, redirect=None, status=None)) after connection broken by 'NewConnectionError('<pip._vendor.urllib3.connection.HTTPSConnection object at 0x1067fee20>: Failed to establish a new connection: [Errno 8] nodename nor servname provided, or not known')': /simple/setuptools/
WARNING: Retrying (Retry(total=3, connect=None, read=None, redirect=None, status=None)) after connection broken by 'NewConnectionError('<pip._vendor.urllib3.connection.HTTPSConnection object at 0x106831190>: Failed to establish a new connection: [Errno 8] nodename nor servname provided, or not known')': /simple/setuptools/
WARNING: Retrying (Retry(total=2, connect=None, read=None, redirect=None, status=None)) after connection broken by 'NewConnectionError('<pip._vendor.urllib3.connection.HTTPSConnection object at 0x106831340>: Failed to establish a new connection: [Errno 8] nodename nor servname provided, or not known')': /simple/setuptools/
WARNING: Retrying (Retry(total=1, connect=None, read=None, redirect=None, status=None)) after connection broken by 'NewConnectionError('<pip._vendor.urllib3.connection.HTTPSConnection object at 0x1068314f0>: Failed to establish a new connection: [Errno 8] nodename nor servname provided, or not known')': /simple/setuptools/
WARNING: Retrying (Retry(total=0, connect=None, read=None, redirect=None, status=None)) after connection broken by 'NewConnectionError('<pip._vendor.urllib3.connection.HTTPSConnection object at 0x1068316a0>: Failed to establish a new connection: [Errno 8] nodename nor servname provided, or not known')': /simple/setuptools/
WARNING: Retrying (Retry(total=4, connect=None, read=None, redirect=None, status=None)) after connection broken by 'NewConnectionError('<pip._vendor.urllib3.connection.HTTPSConnection object at 0x1068c8730>: Failed to establish a new connection: [Errno 8] nodename nor servname provided, or not known')': /simple/wheel/
WARNING: Retrying (Retry(total=3, connect=None, read=None, redirect=None, status=None)) after connection broken by 'NewConnectionError('<pip._vendor.urllib3.connection.HTTPSConnection object at 0x1068c8bb0>: Failed to establish a new connection: [Errno 8] nodename nor servname provided, or not known')': /simple/wheel/
WARNING: Retrying (Retry(total=2, connect=None, read=None, redirect=None, status=None)) after connection broken by 'NewConnectionError('<pip._vendor.urllib3.connection.HTTPSConnection object at 0x1068311c0>: Failed to establish a new connection: [Errno 8] nodename nor servname provided, or not known')': /simple/wheel/
WARNING: Retrying (Retry(total=1, connect=None, read=None, redirect=None, status=None)) after connection broken by 'NewConnectionError('<pip._vendor.urllib3.connection.HTTPSConnection object at 0x1068c8e20>: Failed to establish a new connection: [Errno 8] nodename nor servname provided, or not known')': /simple/wheel/
WARNING: Retrying (Retry(total=0, connect=None, read=None, redirect=None, status=None)) after connection broken by 'NewConnectionError('<pip._vendor.urllib3.connection.HTTPSConnection object at 0x1068c8fd0>: Failed to establish a new connection: [Errno 8] nodename nor servname provided, or not known')': /simple/wheel/
  error: subprocess-exited-with-error
  
  × installing build dependencies did not run successfully.
  │ exit code: 1
  ╰─> [7 lines of output]
      WARNING: Retrying (Retry(total=4, connect=None, read=None, redirect=None, status=None)) after connection broken by 'NewConnectionError('<pip._vendor.urllib3.connection.HTTPSConnection object at 0x10ae478e0>: Failed to establish a new connection: [Errno 8] nodename nor servname provided, or not known')': /simple/setuptools/
      WARNING: Retrying (Retry(total=3, connect=None, read=None, redirect=None, status=None)) after connection broken by 'NewConnectionError('<pip._vendor.urllib3.connection.HTTPSConnection object at 0x10ae47c10>: Failed to establish a new connection: [Errno 8] nodename nor servname provided, or not known')': /simple/setuptools/
      WARNING: Retrying (Retry(total=2, connect=None, read=None, redirect=None, status=None)) after connection broken by 'NewConnectionError('<pip._vendor.urllib3.connection.HTTPSConnection object at 0x10ae47dc0>: Failed to establish a new connection: [Errno 8] nodename nor servname provided, or not known')': /simple/setuptools/
      WARNING: Retrying (Retry(total=1, connect=None, read=None, redirect=None, status=None)) after connection broken by 'NewConnectionError('<pip._vendor.urllib3.connection.HTTPSConnection object at 0x10ae47fa0>: Failed to establish a new connection: [Errno 8] nodename nor servname provided, or not known')': /simple/setuptools/
      WARNING: Retrying (Retry(total=0, connect=None, read=None, redirect=None, status=None)) after connection broken by 'NewConnectionError('<pip._vendor.urllib3.connection.HTTPSConnection object at 0x10aeb6160>: Failed to establish a new connection: [Errno 8] nodename nor servname provided, or not known')': /simple/setuptools/
      ERROR: Could not find a version that satisfies the requirement setuptools>=40.8.0 (from versions: none)
      ERROR: No matching distribution found for setuptools>=40.8.0
      [end of output]
  
  note: This error originates from a subprocess, and is likely not a problem with pip.
ERROR: Failed to build 'file:///Users/media/containers/home-automation/wyoming-whisperkit' when installing build dependencies
Traceback (most recent call last):
  File "/Users/media/containers/home-automation/wyoming-whisperkit/./script/setup", line 19, in <module>
    subprocess.check_call(pip + ["install", "-e", str(_PROGRAM_DIR)])
  File "/Library/Developer/CommandLineTools/Library/Frameworks/Python3.framework/Versions/3.9/lib/python3.9/subprocess.py", line 373, in check_call
    raise CalledProcessError(retcode, cmd)
subprocess.CalledProcessError: Command '['/Users/media/containers/home-automation/wyoming-whisperkit/.venv/bin/python3', '-m', 'pip', 'install', '-e', '/Users/media/containers/home-automation/wyoming-whisperkit']' returned non-zero exit status 1.
WARNING: Retrying (Retry(total=4, connect=None, read=None, redirect=None, status=None)) after connection broken by 'NewConnectionError('<pip._vendor.urllib3.connection.HTTPSConnection object at 0x10ae52460>: Failed to establish a new connection: [Errno 8] nodename nor servname provided, or not known')': /simple/pip/
WARNING: Retrying (Retry(total=3, connect=None, read=None, redirect=None, status=None)) after connection broken by 'NewConnectionError('<pip._vendor.urllib3.connection.HTTPSConnection object at 0x10ae52cd0>: Failed to establish a new connection: [Errno 8] nodename nor servname provided, or not known')': /simple/pip/
WARNING: Retrying (Retry(total=2, connect=None, read=None, redirect=None, status=None)) after connection broken by 'NewConnectionError('<pip._vendor.urllib3.connection.HTTPSConnection object at 0x10ae52eb0>: Failed to establish a new connection: [Errno 8] nodename nor servname provided, or not known')': /simple/pip/
WARNING: Retrying (Retry(total=1, connect=None, read=None, redirect=None, status=None)) after connection broken by 'NewConnectionError('<pip._vendor.urllib3.connection.HTTPSConnection object at 0x10ae52f70>: Failed to establish a new connection: [Errno 8] nodename nor servname provided, or not known')': /simple/pip/
WARNING: Retrying (Retry(total=0, connect=None, read=None, redirect=None, status=None)) after connection broken by 'NewConnectionError('<pip._vendor.urllib3.connection.HTTPSConnection object at 0x10ae853d0>: Failed to establish a new connection: [Errno 8] nodename nor servname provided, or not known')': /simple/pip/
WARNING: Retrying (Retry(total=4, connect=None, read=None, redirect=None, status=None)) after connection broken by 'NewConnectionError('<pip._vendor.urllib3.connection.HTTPSConnection object at 0x1084f0d00>: Failed to establish a new connection: [Errno 8] nodename nor servname provided, or not known')': /simple/setuptools/
WARNING: Retrying (Retry(total=3, connect=None, read=None, redirect=None, status=None)) after connection broken by 'NewConnectionError('<pip._vendor.urllib3.connection.HTTPSConnection object at 0x1084f0fd0>: Failed to establish a new connection: [Errno 8] nodename nor servname provided, or not known')': /simple/setuptools/
WARNING: Retrying (Retry(total=2, connect=None, read=None, redirect=None, status=None)) after connection broken by 'NewConnectionError('<pip._vendor.urllib3.connection.HTTPSConnection object at 0x108522220>: Failed to establish a new connection: [Errno 8] nodename nor servname provided, or not known')': /simple/setuptools/
WARNING: Retrying (Retry(total=1, connect=None, read=None, redirect=None, status=None)) after connection broken by 'NewConnectionError('<pip._vendor.urllib3.connection.HTTPSConnection object at 0x1085223d0>: Failed to establish a new connection: [Errno 8] nodename nor servname provided, or not known')': /simple/setuptools/
WARNING: Retrying (Retry(total=0, connect=None, read=None, redirect=None, status=None)) after connection broken by 'NewConnectionError('<pip._vendor.urllib3.connection.HTTPSConnection object at 0x108522580>: Failed to establish a new connection: [Errno 8] nodename nor servname provided, or not known')': /simple/setuptools/
WARNING: Retrying (Retry(total=4, connect=None, read=None, redirect=None, status=None)) after connection broken by 'NewConnectionError('<pip._vendor.urllib3.connection.HTTPSConnection object at 0x1085b74f0>: Failed to establish a new connection: [Errno 8] nodename nor servname provided, or not known')': /simple/wheel/
WARNING: Retrying (Retry(total=3, connect=None, read=None, redirect=None, status=None)) after connection broken by 'NewConnectionError('<pip._vendor.urllib3.connection.HTTPSConnection object at 0x1085b7970>: Failed to establish a new connection: [Errno 8] nodename nor servname provided, or not known')': /simple/wheel/
WARNING: Retrying (Retry(total=2, connect=None, read=None, redirect=None, status=None)) after connection broken by 'NewConnectionError('<pip._vendor.urllib3.connection.HTTPSConnection object at 0x108522760>: Failed to establish a new connection: [Errno 8] nodename nor servname provided, or not known')': /simple/wheel/
WARNING: Retrying (Retry(total=1, connect=None, read=None, redirect=None, status=None)) after connection broken by 'NewConnectionError('<pip._vendor.urllib3.connection.HTTPSConnection object at 0x1085b7be0>: Failed to establish a new connection: [Errno 8] nodename nor servname provided, or not known')': /simple/wheel/
WARNING: Retrying (Retry(total=0, connect=None, read=None, redirect=None, status=None)) after connection broken by 'NewConnectionError('<pip._vendor.urllib3.connection.HTTPSConnection object at 0x1085b7d90>: Failed to establish a new connection: [Errno 8] nodename nor servname provided, or not known')': /simple/wheel/
  error: subprocess-exited-with-error
  
  × installing build dependencies did not run successfully.
  │ exit code: 1
  ╰─> [7 lines of output]
      WARNING: Retrying (Retry(total=4, connect=None, read=None, redirect=None, status=None)) after connection broken by 'NewConnectionError('<pip._vendor.urllib3.connection.HTTPSConnection object at 0x10a7db880>: Failed to establish a new connection: [Errno 8] nodename nor servname provided, or not known')': /simple/setuptools/
      WARNING: Retrying (Retry(total=3, connect=None, read=None, redirect=None, status=None)) after connection broken by 'NewConnectionError('<pip._vendor.urllib3.connection.HTTPSConnection object at 0x10a7dbbb0>: Failed to establish a new connection: [Errno 8] nodename nor servname provided, or not known')': /simple/setuptools/
      WARNING: Retrying (Retry(total=2, connect=None, read=None, redirect=None, status=None)) after connection broken by 'NewConnectionError('<pip._vendor.urllib3.connection.HTTPSConnection object at 0x10a7dbd60>: Failed to establish a new connection: [Errno 8] nodename nor servname provided, or not known')': /simple/setuptools/
      WARNING: Retrying (Retry(total=1, connect=None, read=None, redirect=None, status=None)) after connection broken by 'NewConnectionError('<pip._vendor.urllib3.connection.HTTPSConnection object at 0x10a7dbf40>: Failed to establish a new connection: [Errno 8] nodename nor servname provided, or not known')': /simple/setuptools/
      WARNING: Retrying (Retry(total=0, connect=None, read=None, redirect=None, status=None)) after connection broken by 'NewConnectionError('<pip._vendor.urllib3.connection.HTTPSConnection object at 0x10a84b280>: Failed to establish a new connection: [Errno 8] nodename nor servname provided, or not known')': /simple/setuptools/
      ERROR: Could not find a version that satisfies the requirement setuptools>=40.8.0 (from versions: none)
      ERROR: No matching distribution found for setuptools>=40.8.0
      [end of output]
  
  note: This error originates from a subprocess, and is likely not a problem with pip.
ERROR: Failed to build 'file:///Users/media/containers/home-automation/wyoming-whisperkit' when installing build dependencies
Traceback (most recent call last):
  File "/Users/media/containers/home-automation/wyoming-whisperkit/./script/setup", line 19, in <module>
    subprocess.check_call(pip + ["install", "-e", str(_PROGRAM_DIR)])
  File "/Library/Developer/CommandLineTools/Library/Frameworks/Python3.framework/Versions/3.9/lib/python3.9/subprocess.py", line 373, in check_call
    raise CalledProcessError(retcode, cmd)
subprocess.CalledProcessError: Command '['/Users/media/containers/home-automation/wyoming-whisperkit/.venv/bin/python3', '-m', 'pip', 'install', '-e', '/Users/media/containers/home-automation/wyoming-whisperkit']' returned non-zero exit status 1.
WARNING: Retrying (Retry(total=4, connect=None, read=None, redirect=None, status=None)) after connection broken by 'NewConnectionError('<pip._vendor.urllib3.connection.HTTPSConnection object at 0x10861a340>: Failed to establish a new connection: [Errno 8] nodename nor servname provided, or not known')': /simple/pip/
WARNING: Retrying (Retry(total=3, connect=None, read=None, redirect=None, status=None)) after connection broken by 'NewConnectionError('<pip._vendor.urllib3.connection.HTTPSConnection object at 0x10861abb0>: Failed to establish a new connection: [Errno 8] nodename nor servname provided, or not known')': /simple/pip/
WARNING: Retrying (Retry(total=2, connect=None, read=None, redirect=None, status=None)) after connection broken by 'NewConnectionError('<pip._vendor.urllib3.connection.HTTPSConnection object at 0x10861af10>: Failed to establish a new connection: [Errno 8] nodename nor servname provided, or not known')': /simple/pip/
WARNING: Retrying (Retry(total=1, connect=None, read=None, redirect=None, status=None)) after connection broken by 'NewConnectionError('<pip._vendor.urllib3.connection.HTTPSConnection object at 0x10861af40>: Failed to establish a new connection: [Errno 8] nodename nor servname provided, or not known')': /simple/pip/
WARNING: Retrying (Retry(total=0, connect=None, read=None, redirect=None, status=None)) after connection broken by 'NewConnectionError('<pip._vendor.urllib3.connection.HTTPSConnection object at 0x10864d2b0>: Failed to establish a new connection: [Errno 8] nodename nor servname provided, or not known')': /simple/pip/
WARNING: Retrying (Retry(total=4, connect=None, read=None, redirect=None, status=None)) after connection broken by 'NewConnectionError('<pip._vendor.urllib3.connection.HTTPSConnection object at 0x107386e50>: Failed to establish a new connection: [Errno 8] nodename nor servname provided, or not known')': /simple/setuptools/
WARNING: Retrying (Retry(total=3, connect=None, read=None, redirect=None, status=None)) after connection broken by 'NewConnectionError('<pip._vendor.urllib3.connection.HTTPSConnection object at 0x1073b91c0>: Failed to establish a new connection: [Errno 8] nodename nor servname provided, or not known')': /simple/setuptools/
WARNING: Retrying (Retry(total=2, connect=None, read=None, redirect=None, status=None)) after connection broken by 'NewConnectionError('<pip._vendor.urllib3.connection.HTTPSConnection object at 0x1073b9370>: Failed to establish a new connection: [Errno 8] nodename nor servname provided, or not known')': /simple/setuptools/
WARNING: Retrying (Retry(total=1, connect=None, read=None, redirect=None, status=None)) after connection broken by 'NewConnectionError('<pip._vendor.urllib3.connection.HTTPSConnection object at 0x1073b9520>: Failed to establish a new connection: [Errno 8] nodename nor servname provided, or not known')': /simple/setuptools/
WARNING: Retrying (Retry(total=0, connect=None, read=None, redirect=None, status=None)) after connection broken by 'NewConnectionError('<pip._vendor.urllib3.connection.HTTPSConnection object at 0x1073b96d0>: Failed to establish a new connection: [Errno 8] nodename nor servname provided, or not known')': /simple/setuptools/
WARNING: Retrying (Retry(total=4, connect=None, read=None, redirect=None, status=None)) after connection broken by 'NewConnectionError('<pip._vendor.urllib3.connection.HTTPSConnection object at 0x10744b790>: Failed to establish a new connection: [Errno 8] nodename nor servname provided, or not known')': /simple/wheel/
WARNING: Retrying (Retry(total=3, connect=None, read=None, redirect=None, status=None)) after connection broken by 'NewConnectionError('<pip._vendor.urllib3.connection.HTTPSConnection object at 0x10744bc10>: Failed to establish a new connection: [Errno 8] nodename nor servname provided, or not known')': /simple/wheel/
WARNING: Retrying (Retry(total=2, connect=None, read=None, redirect=None, status=None)) after connection broken by 'NewConnectionError('<pip._vendor.urllib3.connection.HTTPSConnection object at 0x1073b9400>: Failed to establish a new connection: [Errno 8] nodename nor servname provided, or not known')': /simple/wheel/
WARNING: Retrying (Retry(total=1, connect=None, read=None, redirect=None, status=None)) after connection broken by 'NewConnectionError('<pip._vendor.urllib3.connection.HTTPSConnection object at 0x10744be80>: Failed to establish a new connection: [Errno 8] nodename nor servname provided, or not known')': /simple/wheel/
WARNING: Retrying (Retry(total=0, connect=None, read=None, redirect=None, status=None)) after connection broken by 'NewConnectionError('<pip._vendor.urllib3.connection.HTTPSConnection object at 0x10744beb0>: Failed to establish a new connection: [Errno 8] nodename nor servname provided, or not known')': /simple/wheel/
  error: subprocess-exited-with-error
  
  × installing build dependencies did not run successfully.
  │ exit code: 1
  ╰─> [7 lines of output]
      WARNING: Retrying (Retry(total=4, connect=None, read=None, redirect=None, status=None)) after connection broken by 'NewConnectionError('<pip._vendor.urllib3.connection.HTTPSConnection object at 0x1072438e0>: Failed to establish a new connection: [Errno 8] nodename nor servname provided, or not known')': /simple/setuptools/
      WARNING: Retrying (Retry(total=3, connect=None, read=None, redirect=None, status=None)) after connection broken by 'NewConnectionError('<pip._vendor.urllib3.connection.HTTPSConnection object at 0x107243c10>: Failed to establish a new connection: [Errno 8] nodename nor servname provided, or not known')': /simple/setuptools/
      WARNING: Retrying (Retry(total=2, connect=None, read=None, redirect=None, status=None)) after connection broken by 'NewConnectionError('<pip._vendor.urllib3.connection.HTTPSConnection object at 0x107243dc0>: Failed to establish a new connection: [Errno 8] nodename nor servname provided, or not known')': /simple/setuptools/
      WARNING: Retrying (Retry(total=1, connect=None, read=None, redirect=None, status=None)) after connection broken by 'NewConnectionError('<pip._vendor.urllib3.connection.HTTPSConnection object at 0x107243fa0>: Failed to establish a new connection: [Errno 8] nodename nor servname provided, or not known')': /simple/setuptools/
      WARNING: Retrying (Retry(total=0, connect=None, read=None, redirect=None, status=None)) after connection broken by 'NewConnectionError('<pip._vendor.urllib3.connection.HTTPSConnection object at 0x1072b3160>: Failed to establish a new connection: [Errno 8] nodename nor servname provided, or not known')': /simple/setuptools/
      ERROR: Could not find a version that satisfies the requirement setuptools>=40.8.0 (from versions: none)
      ERROR: No matching distribution found for setuptools>=40.8.0
      [end of output]
  
  note: This error originates from a subprocess, and is likely not a problem with pip.
ERROR: Failed to build 'file:///Users/media/containers/home-automation/wyoming-whisperkit' when installing build dependencies
Traceback (most recent call last):
  File "/Users/media/containers/home-automation/wyoming-whisperkit/./script/setup", line 19, in <module>
    subprocess.check_call(pip + ["install", "-e", str(_PROGRAM_DIR)])
  File "/Library/Developer/CommandLineTools/Library/Frameworks/Python3.framework/Versions/3.9/lib/python3.9/subprocess.py", line 373, in check_call
    raise CalledProcessError(retcode, cmd)
subprocess.CalledProcessError: Command '['/Users/media/containers/home-automation/wyoming-whisperkit/.venv/bin/python3', '-m', 'pip', 'install', '-e', '/Users/media/containers/home-automation/wyoming-whisperkit']' returned non-zero exit status 1.
WARNING: Retrying (Retry(total=4, connect=None, read=None, redirect=None, status=None)) after connection broken by 'NewConnectionError('<pip._vendor.urllib3.connection.HTTPSConnection object at 0x1085314c0>: Failed to establish a new connection: [Errno 8] nodename nor servname provided, or not known')': /simple/pip/
WARNING: Retrying (Retry(total=3, connect=None, read=None, redirect=None, status=None)) after connection broken by 'NewConnectionError('<pip._vendor.urllib3.connection.HTTPSConnection object at 0x108531d30>: Failed to establish a new connection: [Errno 8] nodename nor servname provided, or not known')': /simple/pip/
WARNING: Retrying (Retry(total=2, connect=None, read=None, redirect=None, status=None)) after connection broken by 'NewConnectionError('<pip._vendor.urllib3.connection.HTTPSConnection object at 0x108531f10>: Failed to establish a new connection: [Errno 8] nodename nor servname provided, or not known')': /simple/pip/
WARNING: Retrying (Retry(total=1, connect=None, read=None, redirect=None, status=None)) after connection broken by 'NewConnectionError('<pip._vendor.urllib3.connection.HTTPSConnection object at 0x108565280>: Failed to establish a new connection: [Errno 8] nodename nor servname provided, or not known')': /simple/pip/
WARNING: Retrying (Retry(total=0, connect=None, read=None, redirect=None, status=None)) after connection broken by 'NewConnectionError('<pip._vendor.urllib3.connection.HTTPSConnection object at 0x108565430>: Failed to establish a new connection: [Errno 8] nodename nor servname provided, or not known')': /simple/pip/
WARNING: Retrying (Retry(total=4, connect=None, read=None, redirect=None, status=None)) after connection broken by 'NewConnectionError('<pip._vendor.urllib3.connection.HTTPSConnection object at 0x1090aee20>: Failed to establish a new connection: [Errno 8] nodename nor servname provided, or not known')': /simple/setuptools/
WARNING: Retrying (Retry(total=3, connect=None, read=None, redirect=None, status=None)) after connection broken by 'NewConnectionError('<pip._vendor.urllib3.connection.HTTPSConnection object at 0x1090e1190>: Failed to establish a new connection: [Errno 8] nodename nor servname provided, or not known')': /simple/setuptools/
WARNING: Retrying (Retry(total=2, connect=None, read=None, redirect=None, status=None)) after connection broken by 'NewConnectionError('<pip._vendor.urllib3.connection.HTTPSConnection object at 0x1090e1340>: Failed to establish a new connection: [Errno 8] nodename nor servname provided, or not known')': /simple/setuptools/
WARNING: Retrying (Retry(total=1, connect=None, read=None, redirect=None, status=None)) after connection broken by 'NewConnectionError('<pip._vendor.urllib3.connection.HTTPSConnection object at 0x1090e14f0>: Failed to establish a new connection: [Errno 8] nodename nor servname provided, or not known')': /simple/setuptools/
WARNING: Retrying (Retry(total=0, connect=None, read=None, redirect=None, status=None)) after connection broken by 'NewConnectionError('<pip._vendor.urllib3.connection.HTTPSConnection object at 0x1090e16a0>: Failed to establish a new connection: [Errno 8] nodename nor servname provided, or not known')': /simple/setuptools/
DEBUG:__main__:Namespace(bridge='/Users/media/containers/home-automation/mac-whisper-speedtest/tools/whisperkit-bridge/.build/release/whisperkit-bridge', model='small', uri='tcp://0.0.0.0:7892', debug=True, log_format='%(levelname)s:%(name)s:%(message)s', vad=True)
INFO:__main__:Using whisperkit-bridge: /Users/media/containers/home-automation/mac-whisper-speedtest/tools/whisperkit-bridge/.build/release/whisperkit-bridge
INFO:__main__:Warming up WhisperKit model (small) — first run loads CoreML graphs…
INFO:__main__:WhisperKit warm ✓
INFO:__main__:Loading Silero-VAD (ONNX backend)…
DEBUG:torio._extension.utils:Loading FFmpeg6
DEBUG:torio._extension.utils:Failed to load FFmpeg6 extension.
Traceback (most recent call last):
  File "/Users/media/containers/home-automation/wyoming-whisperkit/.venv/lib/python3.9/site-packages/torio/_extension/utils.py", line 116, in _find_ffmpeg_extension
    ext = _find_versionsed_ffmpeg_extension(ffmpeg_ver)
  File "/Users/media/containers/home-automation/wyoming-whisperkit/.venv/lib/python3.9/site-packages/torio/_extension/utils.py", line 108, in _find_versionsed_ffmpeg_extension
    _load_lib(lib)
  File "/Users/media/containers/home-automation/wyoming-whisperkit/.venv/lib/python3.9/site-packages/torio/_extension/utils.py", line 94, in _load_lib
    torch.ops.load_library(path)
  File "/Users/media/containers/home-automation/wyoming-whisperkit/.venv/lib/python3.9/site-packages/torch/_ops.py", line 1478, in load_library
    ctypes.CDLL(path)
  File "/Library/Developer/CommandLineTools/Library/Frameworks/Python3.framework/Versions/3.9/lib/python3.9/ctypes/__init__.py", line 366, in __init__
    self._handle = _dlopen(self._name, mode)
OSError: dlopen(/Users/media/containers/home-automation/wyoming-whisperkit/.venv/lib/python3.9/site-packages/torio/lib/libtorio_ffmpeg6.so, 0x0006): Library not loaded: @rpath/libavutil.58.dylib
  Referenced from: <D0BF8BE2-7386-31C9-B6EE-5916A74CB5FE> /Users/media/containers/home-automation/wyoming-whisperkit/.venv/lib/python3.9/site-packages/torio/lib/libtorio_ffmpeg6.so
  Reason: no LC_RPATH's found
DEBUG:torio._extension.utils:Loading FFmpeg5
DEBUG:torio._extension.utils:Failed to load FFmpeg5 extension.
Traceback (most recent call last):
  File "/Users/media/containers/home-automation/wyoming-whisperkit/.venv/lib/python3.9/site-packages/torio/_extension/utils.py", line 116, in _find_ffmpeg_extension
    ext = _find_versionsed_ffmpeg_extension(ffmpeg_ver)
  File "/Users/media/containers/home-automation/wyoming-whisperkit/.venv/lib/python3.9/site-packages/torio/_extension/utils.py", line 108, in _find_versionsed_ffmpeg_extension
    _load_lib(lib)
  File "/Users/media/containers/home-automation/wyoming-whisperkit/.venv/lib/python3.9/site-packages/torio/_extension/utils.py", line 94, in _load_lib
    torch.ops.load_library(path)
  File "/Users/media/containers/home-automation/wyoming-whisperkit/.venv/lib/python3.9/site-packages/torch/_ops.py", line 1478, in load_library
    ctypes.CDLL(path)
  File "/Library/Developer/CommandLineTools/Library/Frameworks/Python3.framework/Versions/3.9/lib/python3.9/ctypes/__init__.py", line 366, in __init__
    self._handle = _dlopen(self._name, mode)
OSError: dlopen(/Users/media/containers/home-automation/wyoming-whisperkit/.venv/lib/python3.9/site-packages/torio/lib/libtorio_ffmpeg5.so, 0x0006): Library not loaded: @rpath/libavutil.57.dylib
  Referenced from: <E89DCAAE-7EC0-3ED8-B59D-1022058313DB> /Users/media/containers/home-automation/wyoming-whisperkit/.venv/lib/python3.9/site-packages/torio/lib/libtorio_ffmpeg5.so
  Reason: no LC_RPATH's found
DEBUG:torio._extension.utils:Loading FFmpeg4
DEBUG:torio._extension.utils:Failed to load FFmpeg4 extension.
Traceback (most recent call last):
  File "/Users/media/containers/home-automation/wyoming-whisperkit/.venv/lib/python3.9/site-packages/torio/_extension/utils.py", line 116, in _find_ffmpeg_extension
    ext = _find_versionsed_ffmpeg_extension(ffmpeg_ver)
  File "/Users/media/containers/home-automation/wyoming-whisperkit/.venv/lib/python3.9/site-packages/torio/_extension/utils.py", line 108, in _find_versionsed_ffmpeg_extension
    _load_lib(lib)
  File "/Users/media/containers/home-automation/wyoming-whisperkit/.venv/lib/python3.9/site-packages/torio/_extension/utils.py", line 94, in _load_lib
    torch.ops.load_library(path)
  File "/Users/media/containers/home-automation/wyoming-whisperkit/.venv/lib/python3.9/site-packages/torch/_ops.py", line 1478, in load_library
    ctypes.CDLL(path)
  File "/Library/Developer/CommandLineTools/Library/Frameworks/Python3.framework/Versions/3.9/lib/python3.9/ctypes/__init__.py", line 366, in __init__
    self._handle = _dlopen(self._name, mode)
OSError: dlopen(/Users/media/containers/home-automation/wyoming-whisperkit/.venv/lib/python3.9/site-packages/torio/lib/libtorio_ffmpeg4.so, 0x0006): Library not loaded: @rpath/libavutil.56.dylib
  Referenced from: <F144F519-5261-3419-86B8-D8167D854D9A> /Users/media/containers/home-automation/wyoming-whisperkit/.venv/lib/python3.9/site-packages/torio/lib/libtorio_ffmpeg4.so
  Reason: no LC_RPATH's found
DEBUG:torio._extension.utils:Loading FFmpeg
DEBUG:torio._extension.utils:Failed to load FFmpeg extension.
Traceback (most recent call last):
  File "/Users/media/containers/home-automation/wyoming-whisperkit/.venv/lib/python3.9/site-packages/torio/_extension/utils.py", line 116, in _find_ffmpeg_extension
    ext = _find_versionsed_ffmpeg_extension(ffmpeg_ver)
  File "/Users/media/containers/home-automation/wyoming-whisperkit/.venv/lib/python3.9/site-packages/torio/_extension/utils.py", line 106, in _find_versionsed_ffmpeg_extension
    raise RuntimeError(f"FFmpeg{version} extension is not available.")
RuntimeError: FFmpeg extension is not available.
INFO:__main__:Silero-VAD ready ✓
INFO:__main__:wyoming-whisperkit ready on tcp://0.0.0.0:7892
DEBUG:wyoming_whisperkit.handler:Sent info
DEBUG:wyoming_whisperkit.handler:Sent info
DEBUG:wyoming_whisperkit.handler:Sent info
DEBUG:wyoming_whisperkit.handler:Sent info
DEBUG:wyoming_whisperkit.handler:Transcribe event
DEBUG:wyoming_whisperkit.handler:Receiving audio
DEBUG:wyoming_whisperkit.handler:AudioStop received (vad_triggered=False)
DEBUG:wyoming_whisperkit.handler:Transcribing 2.4 s of audio via WhisperKit (trigger=audio_stop)
DEBUG:wyoming_whisperkit.handler:WhisperKit internal time: 393 ms  wall: 2207 ms
INFO:wyoming_whisperkit.handler:Good night.
DEBUG:wyoming_whisperkit.handler:Completed request
DEBUG:wyoming_whisperkit.handler:Sent info
DEBUG:wyoming_whisperkit.handler:Sent info
DEBUG:wyoming_whisperkit.handler:Transcribe event
DEBUG:wyoming_whisperkit.handler:Receiving audio
DEBUG:wyoming_whisperkit.handler:AudioStop received (vad_triggered=False)
DEBUG:wyoming_whisperkit.handler:Transcribing 3.8 s of audio via WhisperKit (trigger=audio_stop)
DEBUG:wyoming_whisperkit.handler:WhisperKit internal time: 344 ms  wall: 2117 ms
INFO:wyoming_whisperkit.handler:(water splashing)
DEBUG:wyoming_whisperkit.handler:Completed request
DEBUG:wyoming_whisperkit.handler:Transcribe event
DEBUG:wyoming_whisperkit.handler:Receiving audio
DEBUG:wyoming_whisperkit.handler:VAD armed (608 ms speech)
INFO:wyoming_whisperkit.handler:VAD early trigger — 1.8 s audio collected (speech=736 ms, silence=704 ms)
DEBUG:wyoming_whisperkit.handler:Transcribing 1.8 s of audio via WhisperKit (trigger=vad)
DEBUG:wyoming_whisperkit.handler:WhisperKit internal time: 375 ms  wall: 2047 ms
INFO:wyoming_whisperkit.handler:Good night.
DEBUG:wyoming_whisperkit.handler:Completed request
DEBUG:wyoming_whisperkit.handler:Receiving audio
DEBUG:wyoming_whisperkit.handler:AudioStop received (vad_triggered=False)
DEBUG:wyoming_whisperkit.handler:Transcribing 0.9 s of audio via WhisperKit (trigger=audio_stop)
DEBUG:wyoming_whisperkit.handler:WhisperKit internal time: 4 ms  wall: 850 ms
INFO:wyoming_whisperkit.handler:
DEBUG:wyoming_whisperkit.handler:Completed request
DEBUG:wyoming_whisperkit.handler:Transcribe event
DEBUG:wyoming_whisperkit.handler:Receiving audio
DEBUG:wyoming_whisperkit.handler:AudioStop received (vad_triggered=False)
DEBUG:wyoming_whisperkit.handler:Transcribing 2.9 s of audio via WhisperKit (trigger=audio_stop)
DEBUG:wyoming_whisperkit.handler:WhisperKit internal time: 295 ms  wall: 3603 ms
INFO:wyoming_whisperkit.handler:pause
DEBUG:wyoming_whisperkit.handler:Completed request
DEBUG:wyoming_whisperkit.handler:Sent info
DEBUG:wyoming_whisperkit.handler:Sent info
