Requirement already satisfied: pip in ./.venv/lib/python3.9/site-packages (21.2.4)
Collecting pip
  Using cached pip-26.0.1-py3-none-any.whl (1.8 MB)
Installing collected packages: pip
  Attempting uninstall: pip
    Found existing installation: pip 21.2.4
    Uninstalling pip-21.2.4:
      Successfully uninstalled pip-21.2.4
Successfully installed pip-26.0.1
Requirement already satisfied: setuptools in ./.venv/lib/python3.9/site-packages (58.0.4)
Collecting setuptools
  Using cached setuptools-82.0.1-py3-none-any.whl.metadata (6.5 kB)
Collecting wheel
  Using cached wheel-0.46.3-py3-none-any.whl.metadata (2.4 kB)
Collecting packaging>=24.0 (from wheel)
  Using cached packaging-26.0-py3-none-any.whl.metadata (3.3 kB)
Using cached setuptools-82.0.1-py3-none-any.whl (1.0 MB)
Using cached wheel-0.46.3-py3-none-any.whl (30 kB)
Using cached packaging-26.0-py3-none-any.whl (74 kB)
Installing collected packages: setuptools, packaging, wheel
  Attempting uninstall: setuptools
    Found existing installation: setuptools 58.0.4
    Uninstalling setuptools-58.0.4:
      Successfully uninstalled setuptools-58.0.4

Successfully installed packaging-26.0 setuptools-82.0.1 wheel-0.46.3
Collecting wyoming (from -r /Users/media/containers/home-automation/wyoming-whisperkit/requirements.txt (line 1))
  Using cached wyoming-1.8.0-py3-none-any.whl.metadata (19 kB)
Collecting silero-vad (from -r /Users/media/containers/home-automation/wyoming-whisperkit/requirements.txt (line 2))
  Using cached silero_vad-6.2.1-py3-none-any.whl.metadata (9.5 kB)
Collecting onnxruntime (from -r /Users/media/containers/home-automation/wyoming-whisperkit/requirements.txt (line 3))
  Using cached onnxruntime-1.19.2-cp39-cp39-macosx_11_0_universal2.whl.metadata (4.5 kB)
Collecting torch (from -r /Users/media/containers/home-automation/wyoming-whisperkit/requirements.txt (line 4))
  Using cached torch-2.8.0-cp39-none-macosx_11_0_arm64.whl.metadata (30 kB)
Collecting numpy (from -r /Users/media/containers/home-automation/wyoming-whisperkit/requirements.txt (line 5))
  Using cached numpy-2.0.2-cp39-cp39-macosx_14_0_arm64.whl.metadata (60 kB)
Requirement already satisfied: packaging in ./.venv/lib/python3.9/site-packages (from silero-vad->-r /Users/media/containers/home-automation/wyoming-whisperkit/requirements.txt (line 2)) (26.0)
Collecting torchaudio>=0.12.0 (from silero-vad->-r /Users/media/containers/home-automation/wyoming-whisperkit/requirements.txt (line 2))
  Using cached torchaudio-2.8.0-cp39-cp39-macosx_11_0_arm64.whl.metadata (7.2 kB)
Collecting coloredlogs (from onnxruntime->-r /Users/media/containers/home-automation/wyoming-whisperkit/requirements.txt (line 3))
  Using cached coloredlogs-15.0.1-py2.py3-none-any.whl.metadata (12 kB)
Collecting flatbuffers (from onnxruntime->-r /Users/media/containers/home-automation/wyoming-whisperkit/requirements.txt (line 3))
  Using cached flatbuffers-25.12.19-py2.py3-none-any.whl.metadata (1.0 kB)
Collecting protobuf (from onnxruntime->-r /Users/media/containers/home-automation/wyoming-whisperkit/requirements.txt (line 3))
  Using cached protobuf-6.33.6-cp39-abi3-macosx_10_9_universal2.whl.metadata (593 bytes)
Collecting sympy (from onnxruntime->-r /Users/media/containers/home-automation/wyoming-whisperkit/requirements.txt (line 3))
  Using cached sympy-1.14.0-py3-none-any.whl.metadata (12 kB)
Collecting filelock (from torch->-r /Users/media/containers/home-automation/wyoming-whisperkit/requirements.txt (line 4))
  Using cached filelock-3.19.1-py3-none-any.whl.metadata (2.1 kB)
Collecting typing-extensions>=4.10.0 (from torch->-r /Users/media/containers/home-automation/wyoming-whisperkit/requirements.txt (line 4))
  Using cached typing_extensions-4.15.0-py3-none-any.whl.metadata (3.3 kB)
Collecting networkx (from torch->-r /Users/media/containers/home-automation/wyoming-whisperkit/requirements.txt (line 4))
  Using cached networkx-3.2.1-py3-none-any.whl.metadata (5.2 kB)
Collecting jinja2 (from torch->-r /Users/media/containers/home-automation/wyoming-whisperkit/requirements.txt (line 4))
  Using cached jinja2-3.1.6-py3-none-any.whl.metadata (2.9 kB)
Collecting fsspec (from torch->-r /Users/media/containers/home-automation/wyoming-whisperkit/requirements.txt (line 4))
  Using cached fsspec-2025.10.0-py3-none-any.whl.metadata (10 kB)
Collecting mpmath<1.4,>=1.1.0 (from sympy->onnxruntime->-r /Users/media/containers/home-automation/wyoming-whisperkit/requirements.txt (line 3))
  Using cached mpmath-1.3.0-py3-none-any.whl.metadata (8.6 kB)
Collecting humanfriendly>=9.1 (from coloredlogs->onnxruntime->-r /Users/media/containers/home-automation/wyoming-whisperkit/requirements.txt (line 3))
  Using cached humanfriendly-10.0-py2.py3-none-any.whl.metadata (9.2 kB)
Collecting MarkupSafe>=2.0 (from jinja2->torch->-r /Users/media/containers/home-automation/wyoming-whisperkit/requirements.txt (line 4))
  Using cached markupsafe-3.0.3-cp39-cp39-macosx_11_0_arm64.whl.metadata (2.7 kB)
Using cached wyoming-1.8.0-py3-none-any.whl (39 kB)
Using cached silero_vad-6.2.1-py3-none-any.whl (9.1 MB)
Using cached onnxruntime-1.19.2-cp39-cp39-macosx_11_0_universal2.whl (16.8 MB)
Using cached torch-2.8.0-cp39-none-macosx_11_0_arm64.whl (73.6 MB)
Using cached numpy-2.0.2-cp39-cp39-macosx_14_0_arm64.whl (5.3 MB)
Using cached sympy-1.14.0-py3-none-any.whl (6.3 MB)
Using cached mpmath-1.3.0-py3-none-any.whl (536 kB)
Using cached torchaudio-2.8.0-cp39-cp39-macosx_11_0_arm64.whl (1.9 MB)
Using cached typing_extensions-4.15.0-py3-none-any.whl (44 kB)
Using cached coloredlogs-15.0.1-py2.py3-none-any.whl (46 kB)
Using cached humanfriendly-10.0-py2.py3-none-any.whl (86 kB)
Using cached filelock-3.19.1-py3-none-any.whl (15 kB)
Using cached flatbuffers-25.12.19-py2.py3-none-any.whl (26 kB)
Using cached fsspec-2025.10.0-py3-none-any.whl (200 kB)
Using cached jinja2-3.1.6-py3-none-any.whl (134 kB)
Using cached markupsafe-3.0.3-cp39-cp39-macosx_11_0_arm64.whl (12 kB)
Using cached networkx-3.2.1-py3-none-any.whl (1.6 MB)
Using cached protobuf-6.33.6-cp39-abi3-macosx_10_9_universal2.whl (427 kB)
Installing collected packages: mpmath, flatbuffers, wyoming, typing-extensions, sympy, protobuf, numpy, networkx, MarkupSafe, humanfriendly, fsspec, filelock, jinja2, coloredlogs, torch, onnxruntime, torchaudio, silero-vad

Successfully installed MarkupSafe-3.0.3 coloredlogs-15.0.1 filelock-3.19.1 flatbuffers-25.12.19 fsspec-2025.10.0 humanfriendly-10.0 jinja2-3.1.6 mpmath-1.3.0 networkx-3.2.1 numpy-2.0.2 onnxruntime-1.19.2 protobuf-6.33.6 silero-vad-6.2.1 sympy-1.14.0 torch-2.8.0 torchaudio-2.8.0 typing-extensions-4.15.0 wyoming-1.8.0
Obtaining file:///Users/media/containers/home-automation/wyoming-whisperkit
  Installing build dependencies: started
  Installing build dependencies: finished with status 'done'
  Checking if build backend supports build_editable: started
  Checking if build backend supports build_editable: finished with status 'done'
  Getting requirements to build editable: started
  Getting requirements to build editable: finished with status 'done'
  Preparing editable metadata (pyproject.toml): started
  Preparing editable metadata (pyproject.toml): finished with status 'done'
Requirement already satisfied: wyoming in ./.venv/lib/python3.9/site-packages (from wyoming_whisperkit==1.0.0) (1.8.0)
Requirement already satisfied: silero-vad in ./.venv/lib/python3.9/site-packages (from wyoming_whisperkit==1.0.0) (6.2.1)
Requirement already satisfied: onnxruntime in ./.venv/lib/python3.9/site-packages (from wyoming_whisperkit==1.0.0) (1.19.2)
Requirement already satisfied: torch in ./.venv/lib/python3.9/site-packages (from wyoming_whisperkit==1.0.0) (2.8.0)
Requirement already satisfied: numpy in ./.venv/lib/python3.9/site-packages (from wyoming_whisperkit==1.0.0) (2.0.2)
Requirement already satisfied: coloredlogs in ./.venv/lib/python3.9/site-packages (from onnxruntime->wyoming_whisperkit==1.0.0) (15.0.1)
Requirement already satisfied: flatbuffers in ./.venv/lib/python3.9/site-packages (from onnxruntime->wyoming_whisperkit==1.0.0) (25.12.19)
Requirement already satisfied: packaging in ./.venv/lib/python3.9/site-packages (from onnxruntime->wyoming_whisperkit==1.0.0) (26.0)
Requirement already satisfied: protobuf in ./.venv/lib/python3.9/site-packages (from onnxruntime->wyoming_whisperkit==1.0.0) (6.33.6)
Requirement already satisfied: sympy in ./.venv/lib/python3.9/site-packages (from onnxruntime->wyoming_whisperkit==1.0.0) (1.14.0)
Requirement already satisfied: humanfriendly>=9.1 in ./.venv/lib/python3.9/site-packages (from coloredlogs->onnxruntime->wyoming_whisperkit==1.0.0) (10.0)
Requirement already satisfied: torchaudio>=0.12.0 in ./.venv/lib/python3.9/site-packages (from silero-vad->wyoming_whisperkit==1.0.0) (2.8.0)
Requirement already satisfied: filelock in ./.venv/lib/python3.9/site-packages (from torch->wyoming_whisperkit==1.0.0) (3.19.1)
Requirement already satisfied: typing-extensions>=4.10.0 in ./.venv/lib/python3.9/site-packages (from torch->wyoming_whisperkit==1.0.0) (4.15.0)
Requirement already satisfied: networkx in ./.venv/lib/python3.9/site-packages (from torch->wyoming_whisperkit==1.0.0) (3.2.1)
Requirement already satisfied: jinja2 in ./.venv/lib/python3.9/site-packages (from torch->wyoming_whisperkit==1.0.0) (3.1.6)
Requirement already satisfied: fsspec in ./.venv/lib/python3.9/site-packages (from torch->wyoming_whisperkit==1.0.0) (2025.10.0)
Requirement already satisfied: mpmath<1.4,>=1.1.0 in ./.venv/lib/python3.9/site-packages (from sympy->onnxruntime->wyoming_whisperkit==1.0.0) (1.3.0)
Requirement already satisfied: MarkupSafe>=2.0 in ./.venv/lib/python3.9/site-packages (from jinja2->torch->wyoming_whisperkit==1.0.0) (3.0.3)
Building wheels for collected packages: wyoming_whisperkit
  Building editable for wyoming_whisperkit (pyproject.toml): started
  Building editable for wyoming_whisperkit (pyproject.toml): finished with status 'done'
  Created wheel for wyoming_whisperkit: filename=wyoming_whisperkit-1.0.0-0.editable-py3-none-any.whl size=3273 sha256=ecfeb53cd0a64d56ad8a406d66596695b115c1405daa2813bdda66f75feba68c
  Stored in directory: /private/var/folders/wg/xnszcwtn1ksbtq3sn4b0vzrw0000gn/T/pip-ephem-wheel-cache-nlqq_h1e/wheels/03/50/09/8cc123b408407f48e4189a225975f04d41c87fc0b297506437
Successfully built wyoming_whisperkit
Installing collected packages: wyoming_whisperkit
Successfully installed wyoming_whisperkit-1.0.0
Setup complete.
Requirement already satisfied: pip in ./.venv/lib/python3.9/site-packages (26.0.1)
Requirement already satisfied: setuptools in ./.venv/lib/python3.9/site-packages (82.0.1)
Requirement already satisfied: wheel in ./.venv/lib/python3.9/site-packages (0.46.3)
Requirement already satisfied: packaging>=24.0 in ./.venv/lib/python3.9/site-packages (from wheel) (26.0)
Requirement already satisfied: wyoming in ./.venv/lib/python3.9/site-packages (from -r /Users/media/containers/home-automation/wyoming-whisperkit/requirements.txt (line 1)) (1.8.0)
Requirement already satisfied: silero-vad in ./.venv/lib/python3.9/site-packages (from -r /Users/media/containers/home-automation/wyoming-whisperkit/requirements.txt (line 2)) (6.2.1)
Requirement already satisfied: onnxruntime in ./.venv/lib/python3.9/site-packages (from -r /Users/media/containers/home-automation/wyoming-whisperkit/requirements.txt (line 3)) (1.19.2)
Requirement already satisfied: torch in ./.venv/lib/python3.9/site-packages (from -r /Users/media/containers/home-automation/wyoming-whisperkit/requirements.txt (line 4)) (2.8.0)
Requirement already satisfied: numpy in ./.venv/lib/python3.9/site-packages (from -r /Users/media/containers/home-automation/wyoming-whisperkit/requirements.txt (line 5)) (2.0.2)
Requirement already satisfied: packaging in ./.venv/lib/python3.9/site-packages (from silero-vad->-r /Users/media/containers/home-automation/wyoming-whisperkit/requirements.txt (line 2)) (26.0)
Requirement already satisfied: torchaudio>=0.12.0 in ./.venv/lib/python3.9/site-packages (from silero-vad->-r /Users/media/containers/home-automation/wyoming-whisperkit/requirements.txt (line 2)) (2.8.0)
Requirement already satisfied: coloredlogs in ./.venv/lib/python3.9/site-packages (from onnxruntime->-r /Users/media/containers/home-automation/wyoming-whisperkit/requirements.txt (line 3)) (15.0.1)
Requirement already satisfied: flatbuffers in ./.venv/lib/python3.9/site-packages (from onnxruntime->-r /Users/media/containers/home-automation/wyoming-whisperkit/requirements.txt (line 3)) (25.12.19)
Requirement already satisfied: protobuf in ./.venv/lib/python3.9/site-packages (from onnxruntime->-r /Users/media/containers/home-automation/wyoming-whisperkit/requirements.txt (line 3)) (6.33.6)
Requirement already satisfied: sympy in ./.venv/lib/python3.9/site-packages (from onnxruntime->-r /Users/media/containers/home-automation/wyoming-whisperkit/requirements.txt (line 3)) (1.14.0)
Requirement already satisfied: filelock in ./.venv/lib/python3.9/site-packages (from torch->-r /Users/media/containers/home-automation/wyoming-whisperkit/requirements.txt (line 4)) (3.19.1)
Requirement already satisfied: typing-extensions>=4.10.0 in ./.venv/lib/python3.9/site-packages (from torch->-r /Users/media/containers/home-automation/wyoming-whisperkit/requirements.txt (line 4)) (4.15.0)
Requirement already satisfied: networkx in ./.venv/lib/python3.9/site-packages (from torch->-r /Users/media/containers/home-automation/wyoming-whisperkit/requirements.txt (line 4)) (3.2.1)
Requirement already satisfied: jinja2 in ./.venv/lib/python3.9/site-packages (from torch->-r /Users/media/containers/home-automation/wyoming-whisperkit/requirements.txt (line 4)) (3.1.6)
Requirement already satisfied: fsspec in ./.venv/lib/python3.9/site-packages (from torch->-r /Users/media/containers/home-automation/wyoming-whisperkit/requirements.txt (line 4)) (2025.10.0)
Requirement already satisfied: mpmath<1.4,>=1.1.0 in ./.venv/lib/python3.9/site-packages (from sympy->onnxruntime->-r /Users/media/containers/home-automation/wyoming-whisperkit/requirements.txt (line 3)) (1.3.0)
Requirement already satisfied: humanfriendly>=9.1 in ./.venv/lib/python3.9/site-packages (from coloredlogs->onnxruntime->-r /Users/media/containers/home-automation/wyoming-whisperkit/requirements.txt (line 3)) (10.0)
Requirement already satisfied: MarkupSafe>=2.0 in ./.venv/lib/python3.9/site-packages (from jinja2->torch->-r /Users/media/containers/home-automation/wyoming-whisperkit/requirements.txt (line 4)) (3.0.3)
Obtaining file:///Users/media/containers/home-automation/wyoming-whisperkit
  Installing build dependencies: started
  Installing build dependencies: finished with status 'done'
  Checking if build backend supports build_editable: started
  Checking if build backend supports build_editable: finished with status 'done'
  Getting requirements to build editable: started
  Getting requirements to build editable: finished with status 'done'
  Preparing editable metadata (pyproject.toml): started
  Preparing editable metadata (pyproject.toml): finished with status 'done'
Requirement already satisfied: wyoming in ./.venv/lib/python3.9/site-packages (from wyoming_whisperkit==1.0.0) (1.8.0)
Requirement already satisfied: silero-vad in ./.venv/lib/python3.9/site-packages (from wyoming_whisperkit==1.0.0) (6.2.1)
Requirement already satisfied: onnxruntime in ./.venv/lib/python3.9/site-packages (from wyoming_whisperkit==1.0.0) (1.19.2)
Requirement already satisfied: torch in ./.venv/lib/python3.9/site-packages (from wyoming_whisperkit==1.0.0) (2.8.0)
Requirement already satisfied: numpy in ./.venv/lib/python3.9/site-packages (from wyoming_whisperkit==1.0.0) (2.0.2)
Requirement already satisfied: coloredlogs in ./.venv/lib/python3.9/site-packages (from onnxruntime->wyoming_whisperkit==1.0.0) (15.0.1)
Requirement already satisfied: flatbuffers in ./.venv/lib/python3.9/site-packages (from onnxruntime->wyoming_whisperkit==1.0.0) (25.12.19)
Requirement already satisfied: packaging in ./.venv/lib/python3.9/site-packages (from onnxruntime->wyoming_whisperkit==1.0.0) (26.0)
Requirement already satisfied: protobuf in ./.venv/lib/python3.9/site-packages (from onnxruntime->wyoming_whisperkit==1.0.0) (6.33.6)
Requirement already satisfied: sympy in ./.venv/lib/python3.9/site-packages (from onnxruntime->wyoming_whisperkit==1.0.0) (1.14.0)
Requirement already satisfied: humanfriendly>=9.1 in ./.venv/lib/python3.9/site-packages (from coloredlogs->onnxruntime->wyoming_whisperkit==1.0.0) (10.0)
Requirement already satisfied: torchaudio>=0.12.0 in ./.venv/lib/python3.9/site-packages (from silero-vad->wyoming_whisperkit==1.0.0) (2.8.0)
Requirement already satisfied: filelock in ./.venv/lib/python3.9/site-packages (from torch->wyoming_whisperkit==1.0.0) (3.19.1)
Requirement already satisfied: typing-extensions>=4.10.0 in ./.venv/lib/python3.9/site-packages (from torch->wyoming_whisperkit==1.0.0) (4.15.0)
Requirement already satisfied: networkx in ./.venv/lib/python3.9/site-packages (from torch->wyoming_whisperkit==1.0.0) (3.2.1)
Requirement already satisfied: jinja2 in ./.venv/lib/python3.9/site-packages (from torch->wyoming_whisperkit==1.0.0) (3.1.6)
Requirement already satisfied: fsspec in ./.venv/lib/python3.9/site-packages (from torch->wyoming_whisperkit==1.0.0) (2025.10.0)
Requirement already satisfied: mpmath<1.4,>=1.1.0 in ./.venv/lib/python3.9/site-packages (from sympy->onnxruntime->wyoming_whisperkit==1.0.0) (1.3.0)
Requirement already satisfied: MarkupSafe>=2.0 in ./.venv/lib/python3.9/site-packages (from jinja2->torch->wyoming_whisperkit==1.0.0) (3.0.3)
Building wheels for collected packages: wyoming_whisperkit
  Building editable for wyoming_whisperkit (pyproject.toml): started
  Building editable for wyoming_whisperkit (pyproject.toml): finished with status 'done'
  Created wheel for wyoming_whisperkit: filename=wyoming_whisperkit-1.0.0-0.editable-py3-none-any.whl size=3273 sha256=ceb6c4970a114e30e1b6478f14f76a6c79a5970852cdc95fa0c5dee937084fec
  Stored in directory: /private/var/folders/wg/xnszcwtn1ksbtq3sn4b0vzrw0000gn/T/pip-ephem-wheel-cache-gdgn7j_7/wheels/03/50/09/8cc123b408407f48e4189a225975f04d41c87fc0b297506437
Successfully built wyoming_whisperkit
Installing collected packages: wyoming_whisperkit
  Attempting uninstall: wyoming_whisperkit
    Found existing installation: wyoming_whisperkit 1.0.0
    Uninstalling wyoming_whisperkit-1.0.0:
      Successfully uninstalled wyoming_whisperkit-1.0.0
Successfully installed wyoming_whisperkit-1.0.0
Setup complete.
Requirement already satisfied: pip in ./.venv/lib/python3.9/site-packages (26.0.1)
Requirement already satisfied: setuptools in ./.venv/lib/python3.9/site-packages (82.0.1)
Requirement already satisfied: wheel in ./.venv/lib/python3.9/site-packages (0.46.3)
Requirement already satisfied: packaging>=24.0 in ./.venv/lib/python3.9/site-packages (from wheel) (26.0)
Requirement already satisfied: wyoming in ./.venv/lib/python3.9/site-packages (from -r /Users/media/containers/home-automation/wyoming-whisperkit/requirements.txt (line 1)) (1.8.0)
Requirement already satisfied: silero-vad in ./.venv/lib/python3.9/site-packages (from -r /Users/media/containers/home-automation/wyoming-whisperkit/requirements.txt (line 2)) (6.2.1)
Requirement already satisfied: onnxruntime in ./.venv/lib/python3.9/site-packages (from -r /Users/media/containers/home-automation/wyoming-whisperkit/requirements.txt (line 3)) (1.19.2)
Requirement already satisfied: torch in ./.venv/lib/python3.9/site-packages (from -r /Users/media/containers/home-automation/wyoming-whisperkit/requirements.txt (line 4)) (2.8.0)
Requirement already satisfied: numpy in ./.venv/lib/python3.9/site-packages (from -r /Users/media/containers/home-automation/wyoming-whisperkit/requirements.txt (line 5)) (2.0.2)
Requirement already satisfied: packaging in ./.venv/lib/python3.9/site-packages (from silero-vad->-r /Users/media/containers/home-automation/wyoming-whisperkit/requirements.txt (line 2)) (26.0)
Requirement already satisfied: torchaudio>=0.12.0 in ./.venv/lib/python3.9/site-packages (from silero-vad->-r /Users/media/containers/home-automation/wyoming-whisperkit/requirements.txt (line 2)) (2.8.0)
Requirement already satisfied: coloredlogs in ./.venv/lib/python3.9/site-packages (from onnxruntime->-r /Users/media/containers/home-automation/wyoming-whisperkit/requirements.txt (line 3)) (15.0.1)
Requirement already satisfied: flatbuffers in ./.venv/lib/python3.9/site-packages (from onnxruntime->-r /Users/media/containers/home-automation/wyoming-whisperkit/requirements.txt (line 3)) (25.12.19)
Requirement already satisfied: protobuf in ./.venv/lib/python3.9/site-packages (from onnxruntime->-r /Users/media/containers/home-automation/wyoming-whisperkit/requirements.txt (line 3)) (6.33.6)
Requirement already satisfied: sympy in ./.venv/lib/python3.9/site-packages (from onnxruntime->-r /Users/media/containers/home-automation/wyoming-whisperkit/requirements.txt (line 3)) (1.14.0)
Requirement already satisfied: filelock in ./.venv/lib/python3.9/site-packages (from torch->-r /Users/media/containers/home-automation/wyoming-whisperkit/requirements.txt (line 4)) (3.19.1)
Requirement already satisfied: typing-extensions>=4.10.0 in ./.venv/lib/python3.9/site-packages (from torch->-r /Users/media/containers/home-automation/wyoming-whisperkit/requirements.txt (line 4)) (4.15.0)
Requirement already satisfied: networkx in ./.venv/lib/python3.9/site-packages (from torch->-r /Users/media/containers/home-automation/wyoming-whisperkit/requirements.txt (line 4)) (3.2.1)
Requirement already satisfied: jinja2 in ./.venv/lib/python3.9/site-packages (from torch->-r /Users/media/containers/home-automation/wyoming-whisperkit/requirements.txt (line 4)) (3.1.6)
Requirement already satisfied: fsspec in ./.venv/lib/python3.9/site-packages (from torch->-r /Users/media/containers/home-automation/wyoming-whisperkit/requirements.txt (line 4)) (2025.10.0)
Requirement already satisfied: mpmath<1.4,>=1.1.0 in ./.venv/lib/python3.9/site-packages (from sympy->onnxruntime->-r /Users/media/containers/home-automation/wyoming-whisperkit/requirements.txt (line 3)) (1.3.0)
Requirement already satisfied: humanfriendly>=9.1 in ./.venv/lib/python3.9/site-packages (from coloredlogs->onnxruntime->-r /Users/media/containers/home-automation/wyoming-whisperkit/requirements.txt (line 3)) (10.0)
Requirement already satisfied: MarkupSafe>=2.0 in ./.venv/lib/python3.9/site-packages (from jinja2->torch->-r /Users/media/containers/home-automation/wyoming-whisperkit/requirements.txt (line 4)) (3.0.3)
Obtaining file:///Users/media/containers/home-automation/wyoming-whisperkit
  Installing build dependencies: started
  Installing build dependencies: finished with status 'done'
  Checking if build backend supports build_editable: started
  Checking if build backend supports build_editable: finished with status 'done'
  Getting requirements to build editable: started
  Getting requirements to build editable: finished with status 'done'
  Preparing editable metadata (pyproject.toml): started
  Preparing editable metadata (pyproject.toml): finished with status 'done'
Requirement already satisfied: wyoming in ./.venv/lib/python3.9/site-packages (from wyoming_whisperkit==1.0.0) (1.8.0)
Requirement already satisfied: silero-vad in ./.venv/lib/python3.9/site-packages (from wyoming_whisperkit==1.0.0) (6.2.1)
Requirement already satisfied: onnxruntime in ./.venv/lib/python3.9/site-packages (from wyoming_whisperkit==1.0.0) (1.19.2)
Requirement already satisfied: torch in ./.venv/lib/python3.9/site-packages (from wyoming_whisperkit==1.0.0) (2.8.0)
Requirement already satisfied: numpy in ./.venv/lib/python3.9/site-packages (from wyoming_whisperkit==1.0.0) (2.0.2)
Requirement already satisfied: coloredlogs in ./.venv/lib/python3.9/site-packages (from onnxruntime->wyoming_whisperkit==1.0.0) (15.0.1)
Requirement already satisfied: flatbuffers in ./.venv/lib/python3.9/site-packages (from onnxruntime->wyoming_whisperkit==1.0.0) (25.12.19)
Requirement already satisfied: packaging in ./.venv/lib/python3.9/site-packages (from onnxruntime->wyoming_whisperkit==1.0.0) (26.0)
Requirement already satisfied: protobuf in ./.venv/lib/python3.9/site-packages (from onnxruntime->wyoming_whisperkit==1.0.0) (6.33.6)
Requirement already satisfied: sympy in ./.venv/lib/python3.9/site-packages (from onnxruntime->wyoming_whisperkit==1.0.0) (1.14.0)
Requirement already satisfied: humanfriendly>=9.1 in ./.venv/lib/python3.9/site-packages (from coloredlogs->onnxruntime->wyoming_whisperkit==1.0.0) (10.0)
Requirement already satisfied: torchaudio>=0.12.0 in ./.venv/lib/python3.9/site-packages (from silero-vad->wyoming_whisperkit==1.0.0) (2.8.0)
Requirement already satisfied: filelock in ./.venv/lib/python3.9/site-packages (from torch->wyoming_whisperkit==1.0.0) (3.19.1)
Requirement already satisfied: typing-extensions>=4.10.0 in ./.venv/lib/python3.9/site-packages (from torch->wyoming_whisperkit==1.0.0) (4.15.0)
Requirement already satisfied: networkx in ./.venv/lib/python3.9/site-packages (from torch->wyoming_whisperkit==1.0.0) (3.2.1)
Requirement already satisfied: jinja2 in ./.venv/lib/python3.9/site-packages (from torch->wyoming_whisperkit==1.0.0) (3.1.6)
Requirement already satisfied: fsspec in ./.venv/lib/python3.9/site-packages (from torch->wyoming_whisperkit==1.0.0) (2025.10.0)
Requirement already satisfied: mpmath<1.4,>=1.1.0 in ./.venv/lib/python3.9/site-packages (from sympy->onnxruntime->wyoming_whisperkit==1.0.0) (1.3.0)
Requirement already satisfied: MarkupSafe>=2.0 in ./.venv/lib/python3.9/site-packages (from jinja2->torch->wyoming_whisperkit==1.0.0) (3.0.3)
Building wheels for collected packages: wyoming_whisperkit
  Building editable for wyoming_whisperkit (pyproject.toml): started
  Building editable for wyoming_whisperkit (pyproject.toml): finished with status 'done'
  Created wheel for wyoming_whisperkit: filename=wyoming_whisperkit-1.0.0-0.editable-py3-none-any.whl size=3273 sha256=552581a4409aa4b5442eeed50542f2359a6d1342cc8e40c616d51135a0343e06
  Stored in directory: /private/var/folders/wg/xnszcwtn1ksbtq3sn4b0vzrw0000gn/T/pip-ephem-wheel-cache-i411go2_/wheels/03/50/09/8cc123b408407f48e4189a225975f04d41c87fc0b297506437
Successfully built wyoming_whisperkit
Installing collected packages: wyoming_whisperkit
  Attempting uninstall: wyoming_whisperkit
    Found existing installation: wyoming_whisperkit 1.0.0
    Uninstalling wyoming_whisperkit-1.0.0:
      Successfully uninstalled wyoming_whisperkit-1.0.0
Successfully installed wyoming_whisperkit-1.0.0
Setup complete.
Requirement already satisfied: pip in ./.venv/lib/python3.9/site-packages (26.0.1)
Requirement already satisfied: setuptools in ./.venv/lib/python3.9/site-packages (82.0.1)
Requirement already satisfied: wheel in ./.venv/lib/python3.9/site-packages (0.46.3)
Requirement already satisfied: packaging>=24.0 in ./.venv/lib/python3.9/site-packages (from wheel) (26.0)
Requirement already satisfied: wyoming in ./.venv/lib/python3.9/site-packages (from -r /Users/media/containers/home-automation/wyoming-whisperkit/requirements.txt (line 1)) (1.8.0)
Requirement already satisfied: silero-vad in ./.venv/lib/python3.9/site-packages (from -r /Users/media/containers/home-automation/wyoming-whisperkit/requirements.txt (line 2)) (6.2.1)
Requirement already satisfied: onnxruntime in ./.venv/lib/python3.9/site-packages (from -r /Users/media/containers/home-automation/wyoming-whisperkit/requirements.txt (line 3)) (1.19.2)
Requirement already satisfied: torch in ./.venv/lib/python3.9/site-packages (from -r /Users/media/containers/home-automation/wyoming-whisperkit/requirements.txt (line 4)) (2.8.0)
Requirement already satisfied: numpy in ./.venv/lib/python3.9/site-packages (from -r /Users/media/containers/home-automation/wyoming-whisperkit/requirements.txt (line 5)) (2.0.2)
Requirement already satisfied: packaging in ./.venv/lib/python3.9/site-packages (from silero-vad->-r /Users/media/containers/home-automation/wyoming-whisperkit/requirements.txt (line 2)) (26.0)
Requirement already satisfied: torchaudio>=0.12.0 in ./.venv/lib/python3.9/site-packages (from silero-vad->-r /Users/media/containers/home-automation/wyoming-whisperkit/requirements.txt (line 2)) (2.8.0)
Requirement already satisfied: coloredlogs in ./.venv/lib/python3.9/site-packages (from onnxruntime->-r /Users/media/containers/home-automation/wyoming-whisperkit/requirements.txt (line 3)) (15.0.1)
Requirement already satisfied: flatbuffers in ./.venv/lib/python3.9/site-packages (from onnxruntime->-r /Users/media/containers/home-automation/wyoming-whisperkit/requirements.txt (line 3)) (25.12.19)
Requirement already satisfied: protobuf in ./.venv/lib/python3.9/site-packages (from onnxruntime->-r /Users/media/containers/home-automation/wyoming-whisperkit/requirements.txt (line 3)) (6.33.6)
Requirement already satisfied: sympy in ./.venv/lib/python3.9/site-packages (from onnxruntime->-r /Users/media/containers/home-automation/wyoming-whisperkit/requirements.txt (line 3)) (1.14.0)
Requirement already satisfied: filelock in ./.venv/lib/python3.9/site-packages (from torch->-r /Users/media/containers/home-automation/wyoming-whisperkit/requirements.txt (line 4)) (3.19.1)
Requirement already satisfied: typing-extensions>=4.10.0 in ./.venv/lib/python3.9/site-packages (from torch->-r /Users/media/containers/home-automation/wyoming-whisperkit/requirements.txt (line 4)) (4.15.0)
Requirement already satisfied: networkx in ./.venv/lib/python3.9/site-packages (from torch->-r /Users/media/containers/home-automation/wyoming-whisperkit/requirements.txt (line 4)) (3.2.1)
Requirement already satisfied: jinja2 in ./.venv/lib/python3.9/site-packages (from torch->-r /Users/media/containers/home-automation/wyoming-whisperkit/requirements.txt (line 4)) (3.1.6)
Requirement already satisfied: fsspec in ./.venv/lib/python3.9/site-packages (from torch->-r /Users/media/containers/home-automation/wyoming-whisperkit/requirements.txt (line 4)) (2025.10.0)
Requirement already satisfied: mpmath<1.4,>=1.1.0 in ./.venv/lib/python3.9/site-packages (from sympy->onnxruntime->-r /Users/media/containers/home-automation/wyoming-whisperkit/requirements.txt (line 3)) (1.3.0)
Requirement already satisfied: humanfriendly>=9.1 in ./.venv/lib/python3.9/site-packages (from coloredlogs->onnxruntime->-r /Users/media/containers/home-automation/wyoming-whisperkit/requirements.txt (line 3)) (10.0)
Requirement already satisfied: MarkupSafe>=2.0 in ./.venv/lib/python3.9/site-packages (from jinja2->torch->-r /Users/media/containers/home-automation/wyoming-whisperkit/requirements.txt (line 4)) (3.0.3)
Obtaining file:///Users/media/containers/home-automation/wyoming-whisperkit
  Installing build dependencies: started
  Installing build dependencies: finished with status 'done'
  Checking if build backend supports build_editable: started
  Checking if build backend supports build_editable: finished with status 'done'
  Getting requirements to build editable: started
  Getting requirements to build editable: finished with status 'done'
  Preparing editable metadata (pyproject.toml): started
  Preparing editable metadata (pyproject.toml): finished with status 'done'
Requirement already satisfied: wyoming in ./.venv/lib/python3.9/site-packages (from wyoming_whisperkit==1.0.0) (1.8.0)
Requirement already satisfied: silero-vad in ./.venv/lib/python3.9/site-packages (from wyoming_whisperkit==1.0.0) (6.2.1)
Requirement already satisfied: onnxruntime in ./.venv/lib/python3.9/site-packages (from wyoming_whisperkit==1.0.0) (1.19.2)
Requirement already satisfied: torch in ./.venv/lib/python3.9/site-packages (from wyoming_whisperkit==1.0.0) (2.8.0)
Requirement already satisfied: numpy in ./.venv/lib/python3.9/site-packages (from wyoming_whisperkit==1.0.0) (2.0.2)
Requirement already satisfied: coloredlogs in ./.venv/lib/python3.9/site-packages (from onnxruntime->wyoming_whisperkit==1.0.0) (15.0.1)
Requirement already satisfied: flatbuffers in ./.venv/lib/python3.9/site-packages (from onnxruntime->wyoming_whisperkit==1.0.0) (25.12.19)
Requirement already satisfied: packaging in ./.venv/lib/python3.9/site-packages (from onnxruntime->wyoming_whisperkit==1.0.0) (26.0)
Requirement already satisfied: protobuf in ./.venv/lib/python3.9/site-packages (from onnxruntime->wyoming_whisperkit==1.0.0) (6.33.6)
Requirement already satisfied: sympy in ./.venv/lib/python3.9/site-packages (from onnxruntime->wyoming_whisperkit==1.0.0) (1.14.0)
Requirement already satisfied: humanfriendly>=9.1 in ./.venv/lib/python3.9/site-packages (from coloredlogs->onnxruntime->wyoming_whisperkit==1.0.0) (10.0)
Requirement already satisfied: torchaudio>=0.12.0 in ./.venv/lib/python3.9/site-packages (from silero-vad->wyoming_whisperkit==1.0.0) (2.8.0)
Requirement already satisfied: filelock in ./.venv/lib/python3.9/site-packages (from torch->wyoming_whisperkit==1.0.0) (3.19.1)
Requirement already satisfied: typing-extensions>=4.10.0 in ./.venv/lib/python3.9/site-packages (from torch->wyoming_whisperkit==1.0.0) (4.15.0)
Requirement already satisfied: networkx in ./.venv/lib/python3.9/site-packages (from torch->wyoming_whisperkit==1.0.0) (3.2.1)
Requirement already satisfied: jinja2 in ./.venv/lib/python3.9/site-packages (from torch->wyoming_whisperkit==1.0.0) (3.1.6)
Requirement already satisfied: fsspec in ./.venv/lib/python3.9/site-packages (from torch->wyoming_whisperkit==1.0.0) (2025.10.0)
Requirement already satisfied: mpmath<1.4,>=1.1.0 in ./.venv/lib/python3.9/site-packages (from sympy->onnxruntime->wyoming_whisperkit==1.0.0) (1.3.0)
Requirement already satisfied: MarkupSafe>=2.0 in ./.venv/lib/python3.9/site-packages (from jinja2->torch->wyoming_whisperkit==1.0.0) (3.0.3)
Building wheels for collected packages: wyoming_whisperkit
  Building editable for wyoming_whisperkit (pyproject.toml): started
  Building editable for wyoming_whisperkit (pyproject.toml): finished with status 'done'
  Created wheel for wyoming_whisperkit: filename=wyoming_whisperkit-1.0.0-0.editable-py3-none-any.whl size=3273 sha256=57be540d61cb37ddfc81de9325e558d5a415b9d35506562579d6c0bb84a8798a
  Stored in directory: /private/var/folders/wg/xnszcwtn1ksbtq3sn4b0vzrw0000gn/T/pip-ephem-wheel-cache-hldltlyc/wheels/03/50/09/8cc123b408407f48e4189a225975f04d41c87fc0b297506437
Successfully built wyoming_whisperkit
Installing collected packages: wyoming_whisperkit
  Attempting uninstall: wyoming_whisperkit
    Found existing installation: wyoming_whisperkit 1.0.0
    Uninstalling wyoming_whisperkit-1.0.0:
      Successfully uninstalled wyoming_whisperkit-1.0.0
Successfully installed wyoming_whisperkit-1.0.0
Setup complete.
Requirement already satisfied: pip in ./.venv/lib/python3.9/site-packages (26.0.1)
Requirement already satisfied: setuptools in ./.venv/lib/python3.9/site-packages (82.0.1)
Requirement already satisfied: wheel in ./.venv/lib/python3.9/site-packages (0.46.3)
Requirement already satisfied: packaging>=24.0 in ./.venv/lib/python3.9/site-packages (from wheel) (26.0)
Requirement already satisfied: wyoming in ./.venv/lib/python3.9/site-packages (from -r /Users/media/containers/home-automation/wyoming-whisperkit/requirements.txt (line 1)) (1.8.0)
Requirement already satisfied: silero-vad in ./.venv/lib/python3.9/site-packages (from -r /Users/media/containers/home-automation/wyoming-whisperkit/requirements.txt (line 2)) (6.2.1)
Requirement already satisfied: onnxruntime in ./.venv/lib/python3.9/site-packages (from -r /Users/media/containers/home-automation/wyoming-whisperkit/requirements.txt (line 3)) (1.19.2)
Requirement already satisfied: torch in ./.venv/lib/python3.9/site-packages (from -r /Users/media/containers/home-automation/wyoming-whisperkit/requirements.txt (line 4)) (2.8.0)
Requirement already satisfied: numpy in ./.venv/lib/python3.9/site-packages (from -r /Users/media/containers/home-automation/wyoming-whisperkit/requirements.txt (line 5)) (2.0.2)
Requirement already satisfied: packaging in ./.venv/lib/python3.9/site-packages (from silero-vad->-r /Users/media/containers/home-automation/wyoming-whisperkit/requirements.txt (line 2)) (26.0)
Requirement already satisfied: torchaudio>=0.12.0 in ./.venv/lib/python3.9/site-packages (from silero-vad->-r /Users/media/containers/home-automation/wyoming-whisperkit/requirements.txt (line 2)) (2.8.0)
Requirement already satisfied: coloredlogs in ./.venv/lib/python3.9/site-packages (from onnxruntime->-r /Users/media/containers/home-automation/wyoming-whisperkit/requirements.txt (line 3)) (15.0.1)
Requirement already satisfied: flatbuffers in ./.venv/lib/python3.9/site-packages (from onnxruntime->-r /Users/media/containers/home-automation/wyoming-whisperkit/requirements.txt (line 3)) (25.12.19)
Requirement already satisfied: protobuf in ./.venv/lib/python3.9/site-packages (from onnxruntime->-r /Users/media/containers/home-automation/wyoming-whisperkit/requirements.txt (line 3)) (6.33.6)
Requirement already satisfied: sympy in ./.venv/lib/python3.9/site-packages (from onnxruntime->-r /Users/media/containers/home-automation/wyoming-whisperkit/requirements.txt (line 3)) (1.14.0)
Requirement already satisfied: filelock in ./.venv/lib/python3.9/site-packages (from torch->-r /Users/media/containers/home-automation/wyoming-whisperkit/requirements.txt (line 4)) (3.19.1)
Requirement already satisfied: typing-extensions>=4.10.0 in ./.venv/lib/python3.9/site-packages (from torch->-r /Users/media/containers/home-automation/wyoming-whisperkit/requirements.txt (line 4)) (4.15.0)
Requirement already satisfied: networkx in ./.venv/lib/python3.9/site-packages (from torch->-r /Users/media/containers/home-automation/wyoming-whisperkit/requirements.txt (line 4)) (3.2.1)
Requirement already satisfied: jinja2 in ./.venv/lib/python3.9/site-packages (from torch->-r /Users/media/containers/home-automation/wyoming-whisperkit/requirements.txt (line 4)) (3.1.6)
Requirement already satisfied: fsspec in ./.venv/lib/python3.9/site-packages (from torch->-r /Users/media/containers/home-automation/wyoming-whisperkit/requirements.txt (line 4)) (2025.10.0)
Requirement already satisfied: mpmath<1.4,>=1.1.0 in ./.venv/lib/python3.9/site-packages (from sympy->onnxruntime->-r /Users/media/containers/home-automation/wyoming-whisperkit/requirements.txt (line 3)) (1.3.0)
Requirement already satisfied: humanfriendly>=9.1 in ./.venv/lib/python3.9/site-packages (from coloredlogs->onnxruntime->-r /Users/media/containers/home-automation/wyoming-whisperkit/requirements.txt (line 3)) (10.0)
Requirement already satisfied: MarkupSafe>=2.0 in ./.venv/lib/python3.9/site-packages (from jinja2->torch->-r /Users/media/containers/home-automation/wyoming-whisperkit/requirements.txt (line 4)) (3.0.3)
Obtaining file:///Users/media/containers/home-automation/wyoming-whisperkit
  Installing build dependencies: started
  Installing build dependencies: finished with status 'error'
Requirement already satisfied: pip in ./.venv/lib/python3.9/site-packages (26.0.1)
Requirement already satisfied: setuptools in ./.venv/lib/python3.9/site-packages (82.0.1)
Requirement already satisfied: wheel in ./.venv/lib/python3.9/site-packages (0.46.3)
Requirement already satisfied: packaging>=24.0 in ./.venv/lib/python3.9/site-packages (from wheel) (26.0)
Requirement already satisfied: wyoming in ./.venv/lib/python3.9/site-packages (from -r /Users/media/containers/home-automation/wyoming-whisperkit/requirements.txt (line 1)) (1.8.0)
Requirement already satisfied: silero-vad in ./.venv/lib/python3.9/site-packages (from -r /Users/media/containers/home-automation/wyoming-whisperkit/requirements.txt (line 2)) (6.2.1)
Requirement already satisfied: onnxruntime in ./.venv/lib/python3.9/site-packages (from -r /Users/media/containers/home-automation/wyoming-whisperkit/requirements.txt (line 3)) (1.19.2)
Requirement already satisfied: torch in ./.venv/lib/python3.9/site-packages (from -r /Users/media/containers/home-automation/wyoming-whisperkit/requirements.txt (line 4)) (2.8.0)
Requirement already satisfied: numpy in ./.venv/lib/python3.9/site-packages (from -r /Users/media/containers/home-automation/wyoming-whisperkit/requirements.txt (line 5)) (2.0.2)
Requirement already satisfied: packaging in ./.venv/lib/python3.9/site-packages (from silero-vad->-r /Users/media/containers/home-automation/wyoming-whisperkit/requirements.txt (line 2)) (26.0)
Requirement already satisfied: torchaudio>=0.12.0 in ./.venv/lib/python3.9/site-packages (from silero-vad->-r /Users/media/containers/home-automation/wyoming-whisperkit/requirements.txt (line 2)) (2.8.0)
Requirement already satisfied: coloredlogs in ./.venv/lib/python3.9/site-packages (from onnxruntime->-r /Users/media/containers/home-automation/wyoming-whisperkit/requirements.txt (line 3)) (15.0.1)
Requirement already satisfied: flatbuffers in ./.venv/lib/python3.9/site-packages (from onnxruntime->-r /Users/media/containers/home-automation/wyoming-whisperkit/requirements.txt (line 3)) (25.12.19)
Requirement already satisfied: protobuf in ./.venv/lib/python3.9/site-packages (from onnxruntime->-r /Users/media/containers/home-automation/wyoming-whisperkit/requirements.txt (line 3)) (6.33.6)
Requirement already satisfied: sympy in ./.venv/lib/python3.9/site-packages (from onnxruntime->-r /Users/media/containers/home-automation/wyoming-whisperkit/requirements.txt (line 3)) (1.14.0)
Requirement already satisfied: filelock in ./.venv/lib/python3.9/site-packages (from torch->-r /Users/media/containers/home-automation/wyoming-whisperkit/requirements.txt (line 4)) (3.19.1)
Requirement already satisfied: typing-extensions>=4.10.0 in ./.venv/lib/python3.9/site-packages (from torch->-r /Users/media/containers/home-automation/wyoming-whisperkit/requirements.txt (line 4)) (4.15.0)
Requirement already satisfied: networkx in ./.venv/lib/python3.9/site-packages (from torch->-r /Users/media/containers/home-automation/wyoming-whisperkit/requirements.txt (line 4)) (3.2.1)
Requirement already satisfied: jinja2 in ./.venv/lib/python3.9/site-packages (from torch->-r /Users/media/containers/home-automation/wyoming-whisperkit/requirements.txt (line 4)) (3.1.6)
Requirement already satisfied: fsspec in ./.venv/lib/python3.9/site-packages (from torch->-r /Users/media/containers/home-automation/wyoming-whisperkit/requirements.txt (line 4)) (2025.10.0)
Requirement already satisfied: mpmath<1.4,>=1.1.0 in ./.venv/lib/python3.9/site-packages (from sympy->onnxruntime->-r /Users/media/containers/home-automation/wyoming-whisperkit/requirements.txt (line 3)) (1.3.0)
Requirement already satisfied: humanfriendly>=9.1 in ./.venv/lib/python3.9/site-packages (from coloredlogs->onnxruntime->-r /Users/media/containers/home-automation/wyoming-whisperkit/requirements.txt (line 3)) (10.0)
Requirement already satisfied: MarkupSafe>=2.0 in ./.venv/lib/python3.9/site-packages (from jinja2->torch->-r /Users/media/containers/home-automation/wyoming-whisperkit/requirements.txt (line 4)) (3.0.3)
Obtaining file:///Users/media/containers/home-automation/wyoming-whisperkit
  Installing build dependencies: started
  Installing build dependencies: finished with status 'error'
Requirement already satisfied: pip in ./.venv/lib/python3.9/site-packages (26.0.1)
Requirement already satisfied: setuptools in ./.venv/lib/python3.9/site-packages (82.0.1)
Requirement already satisfied: wheel in ./.venv/lib/python3.9/site-packages (0.46.3)
Requirement already satisfied: packaging>=24.0 in ./.venv/lib/python3.9/site-packages (from wheel) (26.0)
Requirement already satisfied: wyoming in ./.venv/lib/python3.9/site-packages (from -r /Users/media/containers/home-automation/wyoming-whisperkit/requirements.txt (line 1)) (1.8.0)
Requirement already satisfied: silero-vad in ./.venv/lib/python3.9/site-packages (from -r /Users/media/containers/home-automation/wyoming-whisperkit/requirements.txt (line 2)) (6.2.1)
Requirement already satisfied: onnxruntime in ./.venv/lib/python3.9/site-packages (from -r /Users/media/containers/home-automation/wyoming-whisperkit/requirements.txt (line 3)) (1.19.2)
Requirement already satisfied: torch in ./.venv/lib/python3.9/site-packages (from -r /Users/media/containers/home-automation/wyoming-whisperkit/requirements.txt (line 4)) (2.8.0)
Requirement already satisfied: numpy in ./.venv/lib/python3.9/site-packages (from -r /Users/media/containers/home-automation/wyoming-whisperkit/requirements.txt (line 5)) (2.0.2)
Requirement already satisfied: packaging in ./.venv/lib/python3.9/site-packages (from silero-vad->-r /Users/media/containers/home-automation/wyoming-whisperkit/requirements.txt (line 2)) (26.0)
Requirement already satisfied: torchaudio>=0.12.0 in ./.venv/lib/python3.9/site-packages (from silero-vad->-r /Users/media/containers/home-automation/wyoming-whisperkit/requirements.txt (line 2)) (2.8.0)
Requirement already satisfied: coloredlogs in ./.venv/lib/python3.9/site-packages (from onnxruntime->-r /Users/media/containers/home-automation/wyoming-whisperkit/requirements.txt (line 3)) (15.0.1)
Requirement already satisfied: flatbuffers in ./.venv/lib/python3.9/site-packages (from onnxruntime->-r /Users/media/containers/home-automation/wyoming-whisperkit/requirements.txt (line 3)) (25.12.19)
Requirement already satisfied: protobuf in ./.venv/lib/python3.9/site-packages (from onnxruntime->-r /Users/media/containers/home-automation/wyoming-whisperkit/requirements.txt (line 3)) (6.33.6)
Requirement already satisfied: sympy in ./.venv/lib/python3.9/site-packages (from onnxruntime->-r /Users/media/containers/home-automation/wyoming-whisperkit/requirements.txt (line 3)) (1.14.0)
Requirement already satisfied: filelock in ./.venv/lib/python3.9/site-packages (from torch->-r /Users/media/containers/home-automation/wyoming-whisperkit/requirements.txt (line 4)) (3.19.1)
Requirement already satisfied: typing-extensions>=4.10.0 in ./.venv/lib/python3.9/site-packages (from torch->-r /Users/media/containers/home-automation/wyoming-whisperkit/requirements.txt (line 4)) (4.15.0)
Requirement already satisfied: networkx in ./.venv/lib/python3.9/site-packages (from torch->-r /Users/media/containers/home-automation/wyoming-whisperkit/requirements.txt (line 4)) (3.2.1)
Requirement already satisfied: jinja2 in ./.venv/lib/python3.9/site-packages (from torch->-r /Users/media/containers/home-automation/wyoming-whisperkit/requirements.txt (line 4)) (3.1.6)
Requirement already satisfied: fsspec in ./.venv/lib/python3.9/site-packages (from torch->-r /Users/media/containers/home-automation/wyoming-whisperkit/requirements.txt (line 4)) (2025.10.0)
Requirement already satisfied: mpmath<1.4,>=1.1.0 in ./.venv/lib/python3.9/site-packages (from sympy->onnxruntime->-r /Users/media/containers/home-automation/wyoming-whisperkit/requirements.txt (line 3)) (1.3.0)
Requirement already satisfied: humanfriendly>=9.1 in ./.venv/lib/python3.9/site-packages (from coloredlogs->onnxruntime->-r /Users/media/containers/home-automation/wyoming-whisperkit/requirements.txt (line 3)) (10.0)
Requirement already satisfied: MarkupSafe>=2.0 in ./.venv/lib/python3.9/site-packages (from jinja2->torch->-r /Users/media/containers/home-automation/wyoming-whisperkit/requirements.txt (line 4)) (3.0.3)
Obtaining file:///Users/media/containers/home-automation/wyoming-whisperkit
  Installing build dependencies: started
  Installing build dependencies: finished with status 'done'
  Checking if build backend supports build_editable: started
  Checking if build backend supports build_editable: finished with status 'done'
  Getting requirements to build editable: started
  Getting requirements to build editable: finished with status 'done'
  Preparing editable metadata (pyproject.toml): started
  Preparing editable metadata (pyproject.toml): finished with status 'done'
Requirement already satisfied: wyoming in ./.venv/lib/python3.9/site-packages (from wyoming_whisperkit==1.0.0) (1.8.0)
Requirement already satisfied: silero-vad in ./.venv/lib/python3.9/site-packages (from wyoming_whisperkit==1.0.0) (6.2.1)
Requirement already satisfied: onnxruntime in ./.venv/lib/python3.9/site-packages (from wyoming_whisperkit==1.0.0) (1.19.2)
Requirement already satisfied: torch in ./.venv/lib/python3.9/site-packages (from wyoming_whisperkit==1.0.0) (2.8.0)
Requirement already satisfied: numpy in ./.venv/lib/python3.9/site-packages (from wyoming_whisperkit==1.0.0) (2.0.2)
Requirement already satisfied: coloredlogs in ./.venv/lib/python3.9/site-packages (from onnxruntime->wyoming_whisperkit==1.0.0) (15.0.1)
Requirement already satisfied: flatbuffers in ./.venv/lib/python3.9/site-packages (from onnxruntime->wyoming_whisperkit==1.0.0) (25.12.19)
Requirement already satisfied: packaging in ./.venv/lib/python3.9/site-packages (from onnxruntime->wyoming_whisperkit==1.0.0) (26.0)
Requirement already satisfied: protobuf in ./.venv/lib/python3.9/site-packages (from onnxruntime->wyoming_whisperkit==1.0.0) (6.33.6)
Requirement already satisfied: sympy in ./.venv/lib/python3.9/site-packages (from onnxruntime->wyoming_whisperkit==1.0.0) (1.14.0)
Requirement already satisfied: humanfriendly>=9.1 in ./.venv/lib/python3.9/site-packages (from coloredlogs->onnxruntime->wyoming_whisperkit==1.0.0) (10.0)
Requirement already satisfied: torchaudio>=0.12.0 in ./.venv/lib/python3.9/site-packages (from silero-vad->wyoming_whisperkit==1.0.0) (2.8.0)
Requirement already satisfied: filelock in ./.venv/lib/python3.9/site-packages (from torch->wyoming_whisperkit==1.0.0) (3.19.1)
Requirement already satisfied: typing-extensions>=4.10.0 in ./.venv/lib/python3.9/site-packages (from torch->wyoming_whisperkit==1.0.0) (4.15.0)
Requirement already satisfied: networkx in ./.venv/lib/python3.9/site-packages (from torch->wyoming_whisperkit==1.0.0) (3.2.1)
Requirement already satisfied: jinja2 in ./.venv/lib/python3.9/site-packages (from torch->wyoming_whisperkit==1.0.0) (3.1.6)
Requirement already satisfied: fsspec in ./.venv/lib/python3.9/site-packages (from torch->wyoming_whisperkit==1.0.0) (2025.10.0)
Requirement already satisfied: mpmath<1.4,>=1.1.0 in ./.venv/lib/python3.9/site-packages (from sympy->onnxruntime->wyoming_whisperkit==1.0.0) (1.3.0)
Requirement already satisfied: MarkupSafe>=2.0 in ./.venv/lib/python3.9/site-packages (from jinja2->torch->wyoming_whisperkit==1.0.0) (3.0.3)
Building wheels for collected packages: wyoming_whisperkit
  Building editable for wyoming_whisperkit (pyproject.toml): started
  Building editable for wyoming_whisperkit (pyproject.toml): finished with status 'done'
  Created wheel for wyoming_whisperkit: filename=wyoming_whisperkit-1.0.0-0.editable-py3-none-any.whl size=3273 sha256=a51edf97645afaf81dcde77121bbaaa60e3d8dc529203dbd81a3ff507de25f6c
  Stored in directory: /private/var/folders/wg/xnszcwtn1ksbtq3sn4b0vzrw0000gn/T/pip-ephem-wheel-cache-qeh0e925/wheels/03/50/09/8cc123b408407f48e4189a225975f04d41c87fc0b297506437
Successfully built wyoming_whisperkit
Installing collected packages: wyoming_whisperkit
  Attempting uninstall: wyoming_whisperkit
    Found existing installation: wyoming_whisperkit 1.0.0
    Uninstalling wyoming_whisperkit-1.0.0:
      Successfully uninstalled wyoming_whisperkit-1.0.0
Successfully installed wyoming_whisperkit-1.0.0
Setup complete.
Requirement already satisfied: pip in ./.venv/lib/python3.9/site-packages (26.0.1)
Requirement already satisfied: setuptools in ./.venv/lib/python3.9/site-packages (82.0.1)
Requirement already satisfied: wheel in ./.venv/lib/python3.9/site-packages (0.46.3)
Collecting wheel
  Downloading wheel-0.47.0-py3-none-any.whl.metadata (2.3 kB)
Requirement already satisfied: packaging>=24.0 in ./.venv/lib/python3.9/site-packages (from wheel) (26.0)
Downloading wheel-0.47.0-py3-none-any.whl (32 kB)
Installing collected packages: wheel
  Attempting uninstall: wheel
    Found existing installation: wheel 0.46.3
    Uninstalling wheel-0.46.3:
      Successfully uninstalled wheel-0.46.3
Successfully installed wheel-0.47.0
Requirement already satisfied: wyoming in ./.venv/lib/python3.9/site-packages (from -r /Users/media/containers/home-automation/wyoming-whisperkit/requirements.txt (line 1)) (1.8.0)
Requirement already satisfied: silero-vad in ./.venv/lib/python3.9/site-packages (from -r /Users/media/containers/home-automation/wyoming-whisperkit/requirements.txt (line 2)) (6.2.1)
Requirement already satisfied: onnxruntime in ./.venv/lib/python3.9/site-packages (from -r /Users/media/containers/home-automation/wyoming-whisperkit/requirements.txt (line 3)) (1.19.2)
Requirement already satisfied: torch in ./.venv/lib/python3.9/site-packages (from -r /Users/media/containers/home-automation/wyoming-whisperkit/requirements.txt (line 4)) (2.8.0)
Requirement already satisfied: numpy in ./.venv/lib/python3.9/site-packages (from -r /Users/media/containers/home-automation/wyoming-whisperkit/requirements.txt (line 5)) (2.0.2)
Requirement already satisfied: packaging in ./.venv/lib/python3.9/site-packages (from silero-vad->-r /Users/media/containers/home-automation/wyoming-whisperkit/requirements.txt (line 2)) (26.0)
Requirement already satisfied: torchaudio>=0.12.0 in ./.venv/lib/python3.9/site-packages (from silero-vad->-r /Users/media/containers/home-automation/wyoming-whisperkit/requirements.txt (line 2)) (2.8.0)
Requirement already satisfied: coloredlogs in ./.venv/lib/python3.9/site-packages (from onnxruntime->-r /Users/media/containers/home-automation/wyoming-whisperkit/requirements.txt (line 3)) (15.0.1)
Requirement already satisfied: flatbuffers in ./.venv/lib/python3.9/site-packages (from onnxruntime->-r /Users/media/containers/home-automation/wyoming-whisperkit/requirements.txt (line 3)) (25.12.19)
Requirement already satisfied: protobuf in ./.venv/lib/python3.9/site-packages (from onnxruntime->-r /Users/media/containers/home-automation/wyoming-whisperkit/requirements.txt (line 3)) (6.33.6)
Requirement already satisfied: sympy in ./.venv/lib/python3.9/site-packages (from onnxruntime->-r /Users/media/containers/home-automation/wyoming-whisperkit/requirements.txt (line 3)) (1.14.0)
Requirement already satisfied: filelock in ./.venv/lib/python3.9/site-packages (from torch->-r /Users/media/containers/home-automation/wyoming-whisperkit/requirements.txt (line 4)) (3.19.1)
Requirement already satisfied: typing-extensions>=4.10.0 in ./.venv/lib/python3.9/site-packages (from torch->-r /Users/media/containers/home-automation/wyoming-whisperkit/requirements.txt (line 4)) (4.15.0)
Requirement already satisfied: networkx in ./.venv/lib/python3.9/site-packages (from torch->-r /Users/media/containers/home-automation/wyoming-whisperkit/requirements.txt (line 4)) (3.2.1)
Requirement already satisfied: jinja2 in ./.venv/lib/python3.9/site-packages (from torch->-r /Users/media/containers/home-automation/wyoming-whisperkit/requirements.txt (line 4)) (3.1.6)
Requirement already satisfied: fsspec in ./.venv/lib/python3.9/site-packages (from torch->-r /Users/media/containers/home-automation/wyoming-whisperkit/requirements.txt (line 4)) (2025.10.0)
Requirement already satisfied: mpmath<1.4,>=1.1.0 in ./.venv/lib/python3.9/site-packages (from sympy->onnxruntime->-r /Users/media/containers/home-automation/wyoming-whisperkit/requirements.txt (line 3)) (1.3.0)
Requirement already satisfied: humanfriendly>=9.1 in ./.venv/lib/python3.9/site-packages (from coloredlogs->onnxruntime->-r /Users/media/containers/home-automation/wyoming-whisperkit/requirements.txt (line 3)) (10.0)
Requirement already satisfied: MarkupSafe>=2.0 in ./.venv/lib/python3.9/site-packages (from jinja2->torch->-r /Users/media/containers/home-automation/wyoming-whisperkit/requirements.txt (line 4)) (3.0.3)
Obtaining file:///Users/media/containers/home-automation/wyoming-whisperkit
  Installing build dependencies: started
  Installing build dependencies: finished with status 'done'
  Checking if build backend supports build_editable: started
  Checking if build backend supports build_editable: finished with status 'done'
  Getting requirements to build editable: started
  Getting requirements to build editable: finished with status 'done'
  Preparing editable metadata (pyproject.toml): started
  Preparing editable metadata (pyproject.toml): finished with status 'done'
Requirement already satisfied: wyoming in ./.venv/lib/python3.9/site-packages (from wyoming_whisperkit==1.0.0) (1.8.0)
Requirement already satisfied: silero-vad in ./.venv/lib/python3.9/site-packages (from wyoming_whisperkit==1.0.0) (6.2.1)
Requirement already satisfied: onnxruntime in ./.venv/lib/python3.9/site-packages (from wyoming_whisperkit==1.0.0) (1.19.2)
Requirement already satisfied: torch in ./.venv/lib/python3.9/site-packages (from wyoming_whisperkit==1.0.0) (2.8.0)
Requirement already satisfied: numpy in ./.venv/lib/python3.9/site-packages (from wyoming_whisperkit==1.0.0) (2.0.2)
Requirement already satisfied: coloredlogs in ./.venv/lib/python3.9/site-packages (from onnxruntime->wyoming_whisperkit==1.0.0) (15.0.1)
Requirement already satisfied: flatbuffers in ./.venv/lib/python3.9/site-packages (from onnxruntime->wyoming_whisperkit==1.0.0) (25.12.19)
Requirement already satisfied: packaging in ./.venv/lib/python3.9/site-packages (from onnxruntime->wyoming_whisperkit==1.0.0) (26.0)
Requirement already satisfied: protobuf in ./.venv/lib/python3.9/site-packages (from onnxruntime->wyoming_whisperkit==1.0.0) (6.33.6)
Requirement already satisfied: sympy in ./.venv/lib/python3.9/site-packages (from onnxruntime->wyoming_whisperkit==1.0.0) (1.14.0)
Requirement already satisfied: humanfriendly>=9.1 in ./.venv/lib/python3.9/site-packages (from coloredlogs->onnxruntime->wyoming_whisperkit==1.0.0) (10.0)
Requirement already satisfied: torchaudio>=0.12.0 in ./.venv/lib/python3.9/site-packages (from silero-vad->wyoming_whisperkit==1.0.0) (2.8.0)
Requirement already satisfied: filelock in ./.venv/lib/python3.9/site-packages (from torch->wyoming_whisperkit==1.0.0) (3.19.1)
Requirement already satisfied: typing-extensions>=4.10.0 in ./.venv/lib/python3.9/site-packages (from torch->wyoming_whisperkit==1.0.0) (4.15.0)
Requirement already satisfied: networkx in ./.venv/lib/python3.9/site-packages (from torch->wyoming_whisperkit==1.0.0) (3.2.1)
Requirement already satisfied: jinja2 in ./.venv/lib/python3.9/site-packages (from torch->wyoming_whisperkit==1.0.0) (3.1.6)
Requirement already satisfied: fsspec in ./.venv/lib/python3.9/site-packages (from torch->wyoming_whisperkit==1.0.0) (2025.10.0)
Requirement already satisfied: mpmath<1.4,>=1.1.0 in ./.venv/lib/python3.9/site-packages (from sympy->onnxruntime->wyoming_whisperkit==1.0.0) (1.3.0)
Requirement already satisfied: MarkupSafe>=2.0 in ./.venv/lib/python3.9/site-packages (from jinja2->torch->wyoming_whisperkit==1.0.0) (3.0.3)
Building wheels for collected packages: wyoming_whisperkit
  Building editable for wyoming_whisperkit (pyproject.toml): started
  Building editable for wyoming_whisperkit (pyproject.toml): finished with status 'done'
  Created wheel for wyoming_whisperkit: filename=wyoming_whisperkit-1.0.0-0.editable-py3-none-any.whl size=3273 sha256=d410776aad56de73978c0d18cad8570c6a036c3e02bcb001161eb6b46522d51d
  Stored in directory: /private/var/folders/wg/xnszcwtn1ksbtq3sn4b0vzrw0000gn/T/pip-ephem-wheel-cache-e2ug6fw8/wheels/03/50/09/8cc123b408407f48e4189a225975f04d41c87fc0b297506437
Successfully built wyoming_whisperkit
Installing collected packages: wyoming_whisperkit
  Attempting uninstall: wyoming_whisperkit
    Found existing installation: wyoming_whisperkit 1.0.0
    Uninstalling wyoming_whisperkit-1.0.0:
      Successfully uninstalled wyoming_whisperkit-1.0.0
Successfully installed wyoming_whisperkit-1.0.0
Setup complete.
Requirement already satisfied: pip in ./.venv/lib/python3.9/site-packages (26.0.1)
Requirement already satisfied: setuptools in ./.venv/lib/python3.9/site-packages (82.0.1)
Requirement already satisfied: wheel in ./.venv/lib/python3.9/site-packages (0.47.0)
Requirement already satisfied: packaging>=24.0 in ./.venv/lib/python3.9/site-packages (from wheel) (26.0)
Requirement already satisfied: wyoming in ./.venv/lib/python3.9/site-packages (from -r /Users/media/containers/home-automation/wyoming-whisperkit/requirements.txt (line 1)) (1.8.0)
Requirement already satisfied: silero-vad in ./.venv/lib/python3.9/site-packages (from -r /Users/media/containers/home-automation/wyoming-whisperkit/requirements.txt (line 2)) (6.2.1)
Requirement already satisfied: onnxruntime in ./.venv/lib/python3.9/site-packages (from -r /Users/media/containers/home-automation/wyoming-whisperkit/requirements.txt (line 3)) (1.19.2)
Requirement already satisfied: torch in ./.venv/lib/python3.9/site-packages (from -r /Users/media/containers/home-automation/wyoming-whisperkit/requirements.txt (line 4)) (2.8.0)
Requirement already satisfied: numpy in ./.venv/lib/python3.9/site-packages (from -r /Users/media/containers/home-automation/wyoming-whisperkit/requirements.txt (line 5)) (2.0.2)
Requirement already satisfied: packaging in ./.venv/lib/python3.9/site-packages (from silero-vad->-r /Users/media/containers/home-automation/wyoming-whisperkit/requirements.txt (line 2)) (26.0)
Requirement already satisfied: torchaudio>=0.12.0 in ./.venv/lib/python3.9/site-packages (from silero-vad->-r /Users/media/containers/home-automation/wyoming-whisperkit/requirements.txt (line 2)) (2.8.0)
Requirement already satisfied: coloredlogs in ./.venv/lib/python3.9/site-packages (from onnxruntime->-r /Users/media/containers/home-automation/wyoming-whisperkit/requirements.txt (line 3)) (15.0.1)
Requirement already satisfied: flatbuffers in ./.venv/lib/python3.9/site-packages (from onnxruntime->-r /Users/media/containers/home-automation/wyoming-whisperkit/requirements.txt (line 3)) (25.12.19)
Requirement already satisfied: protobuf in ./.venv/lib/python3.9/site-packages (from onnxruntime->-r /Users/media/containers/home-automation/wyoming-whisperkit/requirements.txt (line 3)) (6.33.6)
Requirement already satisfied: sympy in ./.venv/lib/python3.9/site-packages (from onnxruntime->-r /Users/media/containers/home-automation/wyoming-whisperkit/requirements.txt (line 3)) (1.14.0)
Requirement already satisfied: filelock in ./.venv/lib/python3.9/site-packages (from torch->-r /Users/media/containers/home-automation/wyoming-whisperkit/requirements.txt (line 4)) (3.19.1)
Requirement already satisfied: typing-extensions>=4.10.0 in ./.venv/lib/python3.9/site-packages (from torch->-r /Users/media/containers/home-automation/wyoming-whisperkit/requirements.txt (line 4)) (4.15.0)
Requirement already satisfied: networkx in ./.venv/lib/python3.9/site-packages (from torch->-r /Users/media/containers/home-automation/wyoming-whisperkit/requirements.txt (line 4)) (3.2.1)
Requirement already satisfied: jinja2 in ./.venv/lib/python3.9/site-packages (from torch->-r /Users/media/containers/home-automation/wyoming-whisperkit/requirements.txt (line 4)) (3.1.6)
Requirement already satisfied: fsspec in ./.venv/lib/python3.9/site-packages (from torch->-r /Users/media/containers/home-automation/wyoming-whisperkit/requirements.txt (line 4)) (2025.10.0)
Requirement already satisfied: mpmath<1.4,>=1.1.0 in ./.venv/lib/python3.9/site-packages (from sympy->onnxruntime->-r /Users/media/containers/home-automation/wyoming-whisperkit/requirements.txt (line 3)) (1.3.0)
Requirement already satisfied: humanfriendly>=9.1 in ./.venv/lib/python3.9/site-packages (from coloredlogs->onnxruntime->-r /Users/media/containers/home-automation/wyoming-whisperkit/requirements.txt (line 3)) (10.0)
Requirement already satisfied: MarkupSafe>=2.0 in ./.venv/lib/python3.9/site-packages (from jinja2->torch->-r /Users/media/containers/home-automation/wyoming-whisperkit/requirements.txt (line 4)) (3.0.3)
Obtaining file:///Users/media/containers/home-automation/wyoming-whisperkit
  Installing build dependencies: started
  Installing build dependencies: finished with status 'error'
Requirement already satisfied: pip in ./.venv/lib/python3.9/site-packages (26.0.1)
Requirement already satisfied: setuptools in ./.venv/lib/python3.9/site-packages (82.0.1)
Requirement already satisfied: wheel in ./.venv/lib/python3.9/site-packages (0.47.0)
Requirement already satisfied: packaging>=24.0 in ./.venv/lib/python3.9/site-packages (from wheel) (26.0)
Requirement already satisfied: wyoming in ./.venv/lib/python3.9/site-packages (from -r /Users/media/containers/home-automation/wyoming-whisperkit/requirements.txt (line 1)) (1.8.0)
Requirement already satisfied: silero-vad in ./.venv/lib/python3.9/site-packages (from -r /Users/media/containers/home-automation/wyoming-whisperkit/requirements.txt (line 2)) (6.2.1)
Requirement already satisfied: onnxruntime in ./.venv/lib/python3.9/site-packages (from -r /Users/media/containers/home-automation/wyoming-whisperkit/requirements.txt (line 3)) (1.19.2)
Requirement already satisfied: torch in ./.venv/lib/python3.9/site-packages (from -r /Users/media/containers/home-automation/wyoming-whisperkit/requirements.txt (line 4)) (2.8.0)
Requirement already satisfied: numpy in ./.venv/lib/python3.9/site-packages (from -r /Users/media/containers/home-automation/wyoming-whisperkit/requirements.txt (line 5)) (2.0.2)
Requirement already satisfied: packaging in ./.venv/lib/python3.9/site-packages (from silero-vad->-r /Users/media/containers/home-automation/wyoming-whisperkit/requirements.txt (line 2)) (26.0)
Requirement already satisfied: torchaudio>=0.12.0 in ./.venv/lib/python3.9/site-packages (from silero-vad->-r /Users/media/containers/home-automation/wyoming-whisperkit/requirements.txt (line 2)) (2.8.0)
Requirement already satisfied: coloredlogs in ./.venv/lib/python3.9/site-packages (from onnxruntime->-r /Users/media/containers/home-automation/wyoming-whisperkit/requirements.txt (line 3)) (15.0.1)
Requirement already satisfied: flatbuffers in ./.venv/lib/python3.9/site-packages (from onnxruntime->-r /Users/media/containers/home-automation/wyoming-whisperkit/requirements.txt (line 3)) (25.12.19)
Requirement already satisfied: protobuf in ./.venv/lib/python3.9/site-packages (from onnxruntime->-r /Users/media/containers/home-automation/wyoming-whisperkit/requirements.txt (line 3)) (6.33.6)
Requirement already satisfied: sympy in ./.venv/lib/python3.9/site-packages (from onnxruntime->-r /Users/media/containers/home-automation/wyoming-whisperkit/requirements.txt (line 3)) (1.14.0)
Requirement already satisfied: filelock in ./.venv/lib/python3.9/site-packages (from torch->-r /Users/media/containers/home-automation/wyoming-whisperkit/requirements.txt (line 4)) (3.19.1)
Requirement already satisfied: typing-extensions>=4.10.0 in ./.venv/lib/python3.9/site-packages (from torch->-r /Users/media/containers/home-automation/wyoming-whisperkit/requirements.txt (line 4)) (4.15.0)
Requirement already satisfied: networkx in ./.venv/lib/python3.9/site-packages (from torch->-r /Users/media/containers/home-automation/wyoming-whisperkit/requirements.txt (line 4)) (3.2.1)
Requirement already satisfied: jinja2 in ./.venv/lib/python3.9/site-packages (from torch->-r /Users/media/containers/home-automation/wyoming-whisperkit/requirements.txt (line 4)) (3.1.6)
Requirement already satisfied: fsspec in ./.venv/lib/python3.9/site-packages (from torch->-r /Users/media/containers/home-automation/wyoming-whisperkit/requirements.txt (line 4)) (2025.10.0)
Requirement already satisfied: mpmath<1.4,>=1.1.0 in ./.venv/lib/python3.9/site-packages (from sympy->onnxruntime->-r /Users/media/containers/home-automation/wyoming-whisperkit/requirements.txt (line 3)) (1.3.0)
Requirement already satisfied: humanfriendly>=9.1 in ./.venv/lib/python3.9/site-packages (from coloredlogs->onnxruntime->-r /Users/media/containers/home-automation/wyoming-whisperkit/requirements.txt (line 3)) (10.0)
Requirement already satisfied: MarkupSafe>=2.0 in ./.venv/lib/python3.9/site-packages (from jinja2->torch->-r /Users/media/containers/home-automation/wyoming-whisperkit/requirements.txt (line 4)) (3.0.3)
Obtaining file:///Users/media/containers/home-automation/wyoming-whisperkit
  Installing build dependencies: started
  Installing build dependencies: finished with status 'done'
  Checking if build backend supports build_editable: started
  Checking if build backend supports build_editable: finished with status 'done'
  Getting requirements to build editable: started
  Getting requirements to build editable: finished with status 'done'
  Preparing editable metadata (pyproject.toml): started
  Preparing editable metadata (pyproject.toml): finished with status 'done'
Requirement already satisfied: wyoming in ./.venv/lib/python3.9/site-packages (from wyoming_whisperkit==1.0.0) (1.8.0)
Requirement already satisfied: silero-vad in ./.venv/lib/python3.9/site-packages (from wyoming_whisperkit==1.0.0) (6.2.1)
Requirement already satisfied: onnxruntime in ./.venv/lib/python3.9/site-packages (from wyoming_whisperkit==1.0.0) (1.19.2)
Requirement already satisfied: torch in ./.venv/lib/python3.9/site-packages (from wyoming_whisperkit==1.0.0) (2.8.0)
Requirement already satisfied: numpy in ./.venv/lib/python3.9/site-packages (from wyoming_whisperkit==1.0.0) (2.0.2)
Requirement already satisfied: coloredlogs in ./.venv/lib/python3.9/site-packages (from onnxruntime->wyoming_whisperkit==1.0.0) (15.0.1)
Requirement already satisfied: flatbuffers in ./.venv/lib/python3.9/site-packages (from onnxruntime->wyoming_whisperkit==1.0.0) (25.12.19)
Requirement already satisfied: packaging in ./.venv/lib/python3.9/site-packages (from onnxruntime->wyoming_whisperkit==1.0.0) (26.0)
Requirement already satisfied: protobuf in ./.venv/lib/python3.9/site-packages (from onnxruntime->wyoming_whisperkit==1.0.0) (6.33.6)
Requirement already satisfied: sympy in ./.venv/lib/python3.9/site-packages (from onnxruntime->wyoming_whisperkit==1.0.0) (1.14.0)
Requirement already satisfied: humanfriendly>=9.1 in ./.venv/lib/python3.9/site-packages (from coloredlogs->onnxruntime->wyoming_whisperkit==1.0.0) (10.0)
Requirement already satisfied: torchaudio>=0.12.0 in ./.venv/lib/python3.9/site-packages (from silero-vad->wyoming_whisperkit==1.0.0) (2.8.0)
Requirement already satisfied: filelock in ./.venv/lib/python3.9/site-packages (from torch->wyoming_whisperkit==1.0.0) (3.19.1)
Requirement already satisfied: typing-extensions>=4.10.0 in ./.venv/lib/python3.9/site-packages (from torch->wyoming_whisperkit==1.0.0) (4.15.0)
Requirement already satisfied: networkx in ./.venv/lib/python3.9/site-packages (from torch->wyoming_whisperkit==1.0.0) (3.2.1)
Requirement already satisfied: jinja2 in ./.venv/lib/python3.9/site-packages (from torch->wyoming_whisperkit==1.0.0) (3.1.6)
Requirement already satisfied: fsspec in ./.venv/lib/python3.9/site-packages (from torch->wyoming_whisperkit==1.0.0) (2025.10.0)
Requirement already satisfied: mpmath<1.4,>=1.1.0 in ./.venv/lib/python3.9/site-packages (from sympy->onnxruntime->wyoming_whisperkit==1.0.0) (1.3.0)
Requirement already satisfied: MarkupSafe>=2.0 in ./.venv/lib/python3.9/site-packages (from jinja2->torch->wyoming_whisperkit==1.0.0) (3.0.3)
Building wheels for collected packages: wyoming_whisperkit
  Building editable for wyoming_whisperkit (pyproject.toml): started
  Building editable for wyoming_whisperkit (pyproject.toml): finished with status 'done'
  Created wheel for wyoming_whisperkit: filename=wyoming_whisperkit-1.0.0-0.editable-py3-none-any.whl size=3273 sha256=827ef5fa8349f1eb890a3cf5a527a7d5a62702d51a7c6b09dd250346a0005a86
  Stored in directory: /private/var/folders/wg/xnszcwtn1ksbtq3sn4b0vzrw0000gn/T/pip-ephem-wheel-cache-oqpzdu_9/wheels/03/50/09/8cc123b408407f48e4189a225975f04d41c87fc0b297506437
Successfully built wyoming_whisperkit
Installing collected packages: wyoming_whisperkit
  Attempting uninstall: wyoming_whisperkit
    Found existing installation: wyoming_whisperkit 1.0.0
    Uninstalling wyoming_whisperkit-1.0.0:
      Successfully uninstalled wyoming_whisperkit-1.0.0
Successfully installed wyoming_whisperkit-1.0.0
Setup complete.
Requirement already satisfied: pip in ./.venv/lib/python3.9/site-packages (26.0.1)
Requirement already satisfied: setuptools in ./.venv/lib/python3.9/site-packages (82.0.1)
Requirement already satisfied: wheel in ./.venv/lib/python3.9/site-packages (0.47.0)
Requirement already satisfied: packaging>=24.0 in ./.venv/lib/python3.9/site-packages (from wheel) (26.0)
Requirement already satisfied: wyoming in ./.venv/lib/python3.9/site-packages (from -r /Users/media/containers/home-automation/wyoming-whisperkit/requirements.txt (line 1)) (1.8.0)
Requirement already satisfied: silero-vad in ./.venv/lib/python3.9/site-packages (from -r /Users/media/containers/home-automation/wyoming-whisperkit/requirements.txt (line 2)) (6.2.1)
Requirement already satisfied: onnxruntime in ./.venv/lib/python3.9/site-packages (from -r /Users/media/containers/home-automation/wyoming-whisperkit/requirements.txt (line 3)) (1.19.2)
Requirement already satisfied: torch in ./.venv/lib/python3.9/site-packages (from -r /Users/media/containers/home-automation/wyoming-whisperkit/requirements.txt (line 4)) (2.8.0)
Requirement already satisfied: numpy in ./.venv/lib/python3.9/site-packages (from -r /Users/media/containers/home-automation/wyoming-whisperkit/requirements.txt (line 5)) (2.0.2)
Requirement already satisfied: packaging in ./.venv/lib/python3.9/site-packages (from silero-vad->-r /Users/media/containers/home-automation/wyoming-whisperkit/requirements.txt (line 2)) (26.0)
Requirement already satisfied: torchaudio>=0.12.0 in ./.venv/lib/python3.9/site-packages (from silero-vad->-r /Users/media/containers/home-automation/wyoming-whisperkit/requirements.txt (line 2)) (2.8.0)
Requirement already satisfied: coloredlogs in ./.venv/lib/python3.9/site-packages (from onnxruntime->-r /Users/media/containers/home-automation/wyoming-whisperkit/requirements.txt (line 3)) (15.0.1)
Requirement already satisfied: flatbuffers in ./.venv/lib/python3.9/site-packages (from onnxruntime->-r /Users/media/containers/home-automation/wyoming-whisperkit/requirements.txt (line 3)) (25.12.19)
Requirement already satisfied: protobuf in ./.venv/lib/python3.9/site-packages (from onnxruntime->-r /Users/media/containers/home-automation/wyoming-whisperkit/requirements.txt (line 3)) (6.33.6)
Requirement already satisfied: sympy in ./.venv/lib/python3.9/site-packages (from onnxruntime->-r /Users/media/containers/home-automation/wyoming-whisperkit/requirements.txt (line 3)) (1.14.0)
Requirement already satisfied: filelock in ./.venv/lib/python3.9/site-packages (from torch->-r /Users/media/containers/home-automation/wyoming-whisperkit/requirements.txt (line 4)) (3.19.1)
Requirement already satisfied: typing-extensions>=4.10.0 in ./.venv/lib/python3.9/site-packages (from torch->-r /Users/media/containers/home-automation/wyoming-whisperkit/requirements.txt (line 4)) (4.15.0)
Requirement already satisfied: networkx in ./.venv/lib/python3.9/site-packages (from torch->-r /Users/media/containers/home-automation/wyoming-whisperkit/requirements.txt (line 4)) (3.2.1)
Requirement already satisfied: jinja2 in ./.venv/lib/python3.9/site-packages (from torch->-r /Users/media/containers/home-automation/wyoming-whisperkit/requirements.txt (line 4)) (3.1.6)
Requirement already satisfied: fsspec in ./.venv/lib/python3.9/site-packages (from torch->-r /Users/media/containers/home-automation/wyoming-whisperkit/requirements.txt (line 4)) (2025.10.0)
Requirement already satisfied: mpmath<1.4,>=1.1.0 in ./.venv/lib/python3.9/site-packages (from sympy->onnxruntime->-r /Users/media/containers/home-automation/wyoming-whisperkit/requirements.txt (line 3)) (1.3.0)
Requirement already satisfied: humanfriendly>=9.1 in ./.venv/lib/python3.9/site-packages (from coloredlogs->onnxruntime->-r /Users/media/containers/home-automation/wyoming-whisperkit/requirements.txt (line 3)) (10.0)
Requirement already satisfied: MarkupSafe>=2.0 in ./.venv/lib/python3.9/site-packages (from jinja2->torch->-r /Users/media/containers/home-automation/wyoming-whisperkit/requirements.txt (line 4)) (3.0.3)
Obtaining file:///Users/media/containers/home-automation/wyoming-whisperkit
  Installing build dependencies: started
  Installing build dependencies: finished with status 'done'
  Checking if build backend supports build_editable: started
  Checking if build backend supports build_editable: finished with status 'done'
  Getting requirements to build editable: started
  Getting requirements to build editable: finished with status 'done'
  Preparing editable metadata (pyproject.toml): started
  Preparing editable metadata (pyproject.toml): finished with status 'done'
Requirement already satisfied: wyoming in ./.venv/lib/python3.9/site-packages (from wyoming_whisperkit==1.0.0) (1.8.0)
Requirement already satisfied: silero-vad in ./.venv/lib/python3.9/site-packages (from wyoming_whisperkit==1.0.0) (6.2.1)
Requirement already satisfied: onnxruntime in ./.venv/lib/python3.9/site-packages (from wyoming_whisperkit==1.0.0) (1.19.2)
Requirement already satisfied: torch in ./.venv/lib/python3.9/site-packages (from wyoming_whisperkit==1.0.0) (2.8.0)
Requirement already satisfied: numpy in ./.venv/lib/python3.9/site-packages (from wyoming_whisperkit==1.0.0) (2.0.2)
Requirement already satisfied: coloredlogs in ./.venv/lib/python3.9/site-packages (from onnxruntime->wyoming_whisperkit==1.0.0) (15.0.1)
Requirement already satisfied: flatbuffers in ./.venv/lib/python3.9/site-packages (from onnxruntime->wyoming_whisperkit==1.0.0) (25.12.19)
Requirement already satisfied: packaging in ./.venv/lib/python3.9/site-packages (from onnxruntime->wyoming_whisperkit==1.0.0) (26.0)
Requirement already satisfied: protobuf in ./.venv/lib/python3.9/site-packages (from onnxruntime->wyoming_whisperkit==1.0.0) (6.33.6)
Requirement already satisfied: sympy in ./.venv/lib/python3.9/site-packages (from onnxruntime->wyoming_whisperkit==1.0.0) (1.14.0)
Requirement already satisfied: humanfriendly>=9.1 in ./.venv/lib/python3.9/site-packages (from coloredlogs->onnxruntime->wyoming_whisperkit==1.0.0) (10.0)
Requirement already satisfied: torchaudio>=0.12.0 in ./.venv/lib/python3.9/site-packages (from silero-vad->wyoming_whisperkit==1.0.0) (2.8.0)
Requirement already satisfied: filelock in ./.venv/lib/python3.9/site-packages (from torch->wyoming_whisperkit==1.0.0) (3.19.1)
Requirement already satisfied: typing-extensions>=4.10.0 in ./.venv/lib/python3.9/site-packages (from torch->wyoming_whisperkit==1.0.0) (4.15.0)
Requirement already satisfied: networkx in ./.venv/lib/python3.9/site-packages (from torch->wyoming_whisperkit==1.0.0) (3.2.1)
Requirement already satisfied: jinja2 in ./.venv/lib/python3.9/site-packages (from torch->wyoming_whisperkit==1.0.0) (3.1.6)
Requirement already satisfied: fsspec in ./.venv/lib/python3.9/site-packages (from torch->wyoming_whisperkit==1.0.0) (2025.10.0)
Requirement already satisfied: mpmath<1.4,>=1.1.0 in ./.venv/lib/python3.9/site-packages (from sympy->onnxruntime->wyoming_whisperkit==1.0.0) (1.3.0)
Requirement already satisfied: MarkupSafe>=2.0 in ./.venv/lib/python3.9/site-packages (from jinja2->torch->wyoming_whisperkit==1.0.0) (3.0.3)
Building wheels for collected packages: wyoming_whisperkit
  Building editable for wyoming_whisperkit (pyproject.toml): started
  Building editable for wyoming_whisperkit (pyproject.toml): finished with status 'done'
  Created wheel for wyoming_whisperkit: filename=wyoming_whisperkit-1.0.0-0.editable-py3-none-any.whl size=3273 sha256=deefadb392dfdf37750eed886ba6bee89b6dc194ffc40b6c4459f6e676490892
  Stored in directory: /private/var/folders/wg/xnszcwtn1ksbtq3sn4b0vzrw0000gn/T/pip-ephem-wheel-cache-lbc14dk7/wheels/03/50/09/8cc123b408407f48e4189a225975f04d41c87fc0b297506437
Successfully built wyoming_whisperkit
Installing collected packages: wyoming_whisperkit
  Attempting uninstall: wyoming_whisperkit
    Found existing installation: wyoming_whisperkit 1.0.0
    Uninstalling wyoming_whisperkit-1.0.0:
      Successfully uninstalled wyoming_whisperkit-1.0.0
Successfully installed wyoming_whisperkit-1.0.0
Setup complete.
Requirement already satisfied: pip in ./.venv/lib/python3.9/site-packages (26.0.1)
Requirement already satisfied: setuptools in ./.venv/lib/python3.9/site-packages (82.0.1)
Requirement already satisfied: wheel in ./.venv/lib/python3.9/site-packages (0.47.0)
Requirement already satisfied: packaging>=24.0 in ./.venv/lib/python3.9/site-packages (from wheel) (26.0)
Requirement already satisfied: wyoming in ./.venv/lib/python3.9/site-packages (from -r /Users/media/containers/home-automation/wyoming-whisperkit/requirements.txt (line 1)) (1.8.0)
Requirement already satisfied: silero-vad in ./.venv/lib/python3.9/site-packages (from -r /Users/media/containers/home-automation/wyoming-whisperkit/requirements.txt (line 2)) (6.2.1)
Requirement already satisfied: onnxruntime in ./.venv/lib/python3.9/site-packages (from -r /Users/media/containers/home-automation/wyoming-whisperkit/requirements.txt (line 3)) (1.19.2)
Requirement already satisfied: torch in ./.venv/lib/python3.9/site-packages (from -r /Users/media/containers/home-automation/wyoming-whisperkit/requirements.txt (line 4)) (2.8.0)
Requirement already satisfied: numpy in ./.venv/lib/python3.9/site-packages (from -r /Users/media/containers/home-automation/wyoming-whisperkit/requirements.txt (line 5)) (2.0.2)
Requirement already satisfied: packaging in ./.venv/lib/python3.9/site-packages (from silero-vad->-r /Users/media/containers/home-automation/wyoming-whisperkit/requirements.txt (line 2)) (26.0)
Requirement already satisfied: torchaudio>=0.12.0 in ./.venv/lib/python3.9/site-packages (from silero-vad->-r /Users/media/containers/home-automation/wyoming-whisperkit/requirements.txt (line 2)) (2.8.0)
Requirement already satisfied: coloredlogs in ./.venv/lib/python3.9/site-packages (from onnxruntime->-r /Users/media/containers/home-automation/wyoming-whisperkit/requirements.txt (line 3)) (15.0.1)
Requirement already satisfied: flatbuffers in ./.venv/lib/python3.9/site-packages (from onnxruntime->-r /Users/media/containers/home-automation/wyoming-whisperkit/requirements.txt (line 3)) (25.12.19)
Requirement already satisfied: protobuf in ./.venv/lib/python3.9/site-packages (from onnxruntime->-r /Users/media/containers/home-automation/wyoming-whisperkit/requirements.txt (line 3)) (6.33.6)
Requirement already satisfied: sympy in ./.venv/lib/python3.9/site-packages (from onnxruntime->-r /Users/media/containers/home-automation/wyoming-whisperkit/requirements.txt (line 3)) (1.14.0)
Requirement already satisfied: filelock in ./.venv/lib/python3.9/site-packages (from torch->-r /Users/media/containers/home-automation/wyoming-whisperkit/requirements.txt (line 4)) (3.19.1)
Requirement already satisfied: typing-extensions>=4.10.0 in ./.venv/lib/python3.9/site-packages (from torch->-r /Users/media/containers/home-automation/wyoming-whisperkit/requirements.txt (line 4)) (4.15.0)
Requirement already satisfied: networkx in ./.venv/lib/python3.9/site-packages (from torch->-r /Users/media/containers/home-automation/wyoming-whisperkit/requirements.txt (line 4)) (3.2.1)
Requirement already satisfied: jinja2 in ./.venv/lib/python3.9/site-packages (from torch->-r /Users/media/containers/home-automation/wyoming-whisperkit/requirements.txt (line 4)) (3.1.6)
Requirement already satisfied: fsspec in ./.venv/lib/python3.9/site-packages (from torch->-r /Users/media/containers/home-automation/wyoming-whisperkit/requirements.txt (line 4)) (2025.10.0)
Requirement already satisfied: mpmath<1.4,>=1.1.0 in ./.venv/lib/python3.9/site-packages (from sympy->onnxruntime->-r /Users/media/containers/home-automation/wyoming-whisperkit/requirements.txt (line 3)) (1.3.0)
Requirement already satisfied: humanfriendly>=9.1 in ./.venv/lib/python3.9/site-packages (from coloredlogs->onnxruntime->-r /Users/media/containers/home-automation/wyoming-whisperkit/requirements.txt (line 3)) (10.0)
Requirement already satisfied: MarkupSafe>=2.0 in ./.venv/lib/python3.9/site-packages (from jinja2->torch->-r /Users/media/containers/home-automation/wyoming-whisperkit/requirements.txt (line 4)) (3.0.3)
Obtaining file:///Users/media/containers/home-automation/wyoming-whisperkit
  Installing build dependencies: started
  Installing build dependencies: finished with status 'done'
  Checking if build backend supports build_editable: started
  Checking if build backend supports build_editable: finished with status 'done'
  Getting requirements to build editable: started
  Getting requirements to build editable: finished with status 'done'
  Preparing editable metadata (pyproject.toml): started
  Preparing editable metadata (pyproject.toml): finished with status 'done'
Requirement already satisfied: wyoming in ./.venv/lib/python3.9/site-packages (from wyoming_whisperkit==1.0.0) (1.8.0)
Requirement already satisfied: silero-vad in ./.venv/lib/python3.9/site-packages (from wyoming_whisperkit==1.0.0) (6.2.1)
Requirement already satisfied: onnxruntime in ./.venv/lib/python3.9/site-packages (from wyoming_whisperkit==1.0.0) (1.19.2)
Requirement already satisfied: torch in ./.venv/lib/python3.9/site-packages (from wyoming_whisperkit==1.0.0) (2.8.0)
Requirement already satisfied: numpy in ./.venv/lib/python3.9/site-packages (from wyoming_whisperkit==1.0.0) (2.0.2)
Requirement already satisfied: coloredlogs in ./.venv/lib/python3.9/site-packages (from onnxruntime->wyoming_whisperkit==1.0.0) (15.0.1)
Requirement already satisfied: flatbuffers in ./.venv/lib/python3.9/site-packages (from onnxruntime->wyoming_whisperkit==1.0.0) (25.12.19)
Requirement already satisfied: packaging in ./.venv/lib/python3.9/site-packages (from onnxruntime->wyoming_whisperkit==1.0.0) (26.0)
Requirement already satisfied: protobuf in ./.venv/lib/python3.9/site-packages (from onnxruntime->wyoming_whisperkit==1.0.0) (6.33.6)
Requirement already satisfied: sympy in ./.venv/lib/python3.9/site-packages (from onnxruntime->wyoming_whisperkit==1.0.0) (1.14.0)
Requirement already satisfied: humanfriendly>=9.1 in ./.venv/lib/python3.9/site-packages (from coloredlogs->onnxruntime->wyoming_whisperkit==1.0.0) (10.0)
Requirement already satisfied: torchaudio>=0.12.0 in ./.venv/lib/python3.9/site-packages (from silero-vad->wyoming_whisperkit==1.0.0) (2.8.0)
Requirement already satisfied: filelock in ./.venv/lib/python3.9/site-packages (from torch->wyoming_whisperkit==1.0.0) (3.19.1)
Requirement already satisfied: typing-extensions>=4.10.0 in ./.venv/lib/python3.9/site-packages (from torch->wyoming_whisperkit==1.0.0) (4.15.0)
Requirement already satisfied: networkx in ./.venv/lib/python3.9/site-packages (from torch->wyoming_whisperkit==1.0.0) (3.2.1)
Requirement already satisfied: jinja2 in ./.venv/lib/python3.9/site-packages (from torch->wyoming_whisperkit==1.0.0) (3.1.6)
Requirement already satisfied: fsspec in ./.venv/lib/python3.9/site-packages (from torch->wyoming_whisperkit==1.0.0) (2025.10.0)
Requirement already satisfied: mpmath<1.4,>=1.1.0 in ./.venv/lib/python3.9/site-packages (from sympy->onnxruntime->wyoming_whisperkit==1.0.0) (1.3.0)
Requirement already satisfied: MarkupSafe>=2.0 in ./.venv/lib/python3.9/site-packages (from jinja2->torch->wyoming_whisperkit==1.0.0) (3.0.3)
Building wheels for collected packages: wyoming_whisperkit
  Building editable for wyoming_whisperkit (pyproject.toml): started
  Building editable for wyoming_whisperkit (pyproject.toml): finished with status 'done'
  Created wheel for wyoming_whisperkit: filename=wyoming_whisperkit-1.0.0-0.editable-py3-none-any.whl size=3273 sha256=61d7625b04db2744bb769600f5bb07a07cc4e47737448ca503f5949838aba048
  Stored in directory: /private/var/folders/wg/xnszcwtn1ksbtq3sn4b0vzrw0000gn/T/pip-ephem-wheel-cache-m7wq5b8p/wheels/03/50/09/8cc123b408407f48e4189a225975f04d41c87fc0b297506437
Successfully built wyoming_whisperkit
Installing collected packages: wyoming_whisperkit
  Attempting uninstall: wyoming_whisperkit
    Found existing installation: wyoming_whisperkit 1.0.0
    Uninstalling wyoming_whisperkit-1.0.0:
      Successfully uninstalled wyoming_whisperkit-1.0.0
Successfully installed wyoming_whisperkit-1.0.0
Setup complete.
Requirement already satisfied: pip in ./.venv/lib/python3.9/site-packages (26.0.1)
Requirement already satisfied: setuptools in ./.venv/lib/python3.9/site-packages (82.0.1)
Requirement already satisfied: wheel in ./.venv/lib/python3.9/site-packages (0.47.0)
Requirement already satisfied: packaging>=24.0 in ./.venv/lib/python3.9/site-packages (from wheel) (26.0)
Requirement already satisfied: wyoming in ./.venv/lib/python3.9/site-packages (from -r /Users/media/containers/home-automation/wyoming-whisperkit/requirements.txt (line 1)) (1.8.0)
Requirement already satisfied: silero-vad in ./.venv/lib/python3.9/site-packages (from -r /Users/media/containers/home-automation/wyoming-whisperkit/requirements.txt (line 2)) (6.2.1)
Requirement already satisfied: onnxruntime in ./.venv/lib/python3.9/site-packages (from -r /Users/media/containers/home-automation/wyoming-whisperkit/requirements.txt (line 3)) (1.19.2)
Requirement already satisfied: torch in ./.venv/lib/python3.9/site-packages (from -r /Users/media/containers/home-automation/wyoming-whisperkit/requirements.txt (line 4)) (2.8.0)
Requirement already satisfied: numpy in ./.venv/lib/python3.9/site-packages (from -r /Users/media/containers/home-automation/wyoming-whisperkit/requirements.txt (line 5)) (2.0.2)
Requirement already satisfied: packaging in ./.venv/lib/python3.9/site-packages (from silero-vad->-r /Users/media/containers/home-automation/wyoming-whisperkit/requirements.txt (line 2)) (26.0)
Requirement already satisfied: torchaudio>=0.12.0 in ./.venv/lib/python3.9/site-packages (from silero-vad->-r /Users/media/containers/home-automation/wyoming-whisperkit/requirements.txt (line 2)) (2.8.0)
Requirement already satisfied: coloredlogs in ./.venv/lib/python3.9/site-packages (from onnxruntime->-r /Users/media/containers/home-automation/wyoming-whisperkit/requirements.txt (line 3)) (15.0.1)
Requirement already satisfied: flatbuffers in ./.venv/lib/python3.9/site-packages (from onnxruntime->-r /Users/media/containers/home-automation/wyoming-whisperkit/requirements.txt (line 3)) (25.12.19)
Requirement already satisfied: protobuf in ./.venv/lib/python3.9/site-packages (from onnxruntime->-r /Users/media/containers/home-automation/wyoming-whisperkit/requirements.txt (line 3)) (6.33.6)
Requirement already satisfied: sympy in ./.venv/lib/python3.9/site-packages (from onnxruntime->-r /Users/media/containers/home-automation/wyoming-whisperkit/requirements.txt (line 3)) (1.14.0)
Requirement already satisfied: filelock in ./.venv/lib/python3.9/site-packages (from torch->-r /Users/media/containers/home-automation/wyoming-whisperkit/requirements.txt (line 4)) (3.19.1)
Requirement already satisfied: typing-extensions>=4.10.0 in ./.venv/lib/python3.9/site-packages (from torch->-r /Users/media/containers/home-automation/wyoming-whisperkit/requirements.txt (line 4)) (4.15.0)
Requirement already satisfied: networkx in ./.venv/lib/python3.9/site-packages (from torch->-r /Users/media/containers/home-automation/wyoming-whisperkit/requirements.txt (line 4)) (3.2.1)
Requirement already satisfied: jinja2 in ./.venv/lib/python3.9/site-packages (from torch->-r /Users/media/containers/home-automation/wyoming-whisperkit/requirements.txt (line 4)) (3.1.6)
Requirement already satisfied: fsspec in ./.venv/lib/python3.9/site-packages (from torch->-r /Users/media/containers/home-automation/wyoming-whisperkit/requirements.txt (line 4)) (2025.10.0)
Requirement already satisfied: mpmath<1.4,>=1.1.0 in ./.venv/lib/python3.9/site-packages (from sympy->onnxruntime->-r /Users/media/containers/home-automation/wyoming-whisperkit/requirements.txt (line 3)) (1.3.0)
Requirement already satisfied: humanfriendly>=9.1 in ./.venv/lib/python3.9/site-packages (from coloredlogs->onnxruntime->-r /Users/media/containers/home-automation/wyoming-whisperkit/requirements.txt (line 3)) (10.0)
Requirement already satisfied: MarkupSafe>=2.0 in ./.venv/lib/python3.9/site-packages (from jinja2->torch->-r /Users/media/containers/home-automation/wyoming-whisperkit/requirements.txt (line 4)) (3.0.3)
Obtaining file:///Users/media/containers/home-automation/wyoming-whisperkit
  Installing build dependencies: started
  Installing build dependencies: finished with status 'done'
  Checking if build backend supports build_editable: started
  Checking if build backend supports build_editable: finished with status 'done'
  Getting requirements to build editable: started
  Getting requirements to build editable: finished with status 'done'
  Preparing editable metadata (pyproject.toml): started
  Preparing editable metadata (pyproject.toml): finished with status 'done'
Requirement already satisfied: wyoming in ./.venv/lib/python3.9/site-packages (from wyoming_whisperkit==1.0.0) (1.8.0)
Requirement already satisfied: silero-vad in ./.venv/lib/python3.9/site-packages (from wyoming_whisperkit==1.0.0) (6.2.1)
Requirement already satisfied: onnxruntime in ./.venv/lib/python3.9/site-packages (from wyoming_whisperkit==1.0.0) (1.19.2)
Requirement already satisfied: torch in ./.venv/lib/python3.9/site-packages (from wyoming_whisperkit==1.0.0) (2.8.0)
Requirement already satisfied: numpy in ./.venv/lib/python3.9/site-packages (from wyoming_whisperkit==1.0.0) (2.0.2)
Requirement already satisfied: coloredlogs in ./.venv/lib/python3.9/site-packages (from onnxruntime->wyoming_whisperkit==1.0.0) (15.0.1)
Requirement already satisfied: flatbuffers in ./.venv/lib/python3.9/site-packages (from onnxruntime->wyoming_whisperkit==1.0.0) (25.12.19)
Requirement already satisfied: packaging in ./.venv/lib/python3.9/site-packages (from onnxruntime->wyoming_whisperkit==1.0.0) (26.0)
Requirement already satisfied: protobuf in ./.venv/lib/python3.9/site-packages (from onnxruntime->wyoming_whisperkit==1.0.0) (6.33.6)
Requirement already satisfied: sympy in ./.venv/lib/python3.9/site-packages (from onnxruntime->wyoming_whisperkit==1.0.0) (1.14.0)
Requirement already satisfied: humanfriendly>=9.1 in ./.venv/lib/python3.9/site-packages (from coloredlogs->onnxruntime->wyoming_whisperkit==1.0.0) (10.0)
Requirement already satisfied: torchaudio>=0.12.0 in ./.venv/lib/python3.9/site-packages (from silero-vad->wyoming_whisperkit==1.0.0) (2.8.0)
Requirement already satisfied: filelock in ./.venv/lib/python3.9/site-packages (from torch->wyoming_whisperkit==1.0.0) (3.19.1)
Requirement already satisfied: typing-extensions>=4.10.0 in ./.venv/lib/python3.9/site-packages (from torch->wyoming_whisperkit==1.0.0) (4.15.0)
Requirement already satisfied: networkx in ./.venv/lib/python3.9/site-packages (from torch->wyoming_whisperkit==1.0.0) (3.2.1)
Requirement already satisfied: jinja2 in ./.venv/lib/python3.9/site-packages (from torch->wyoming_whisperkit==1.0.0) (3.1.6)
Requirement already satisfied: fsspec in ./.venv/lib/python3.9/site-packages (from torch->wyoming_whisperkit==1.0.0) (2025.10.0)
Requirement already satisfied: mpmath<1.4,>=1.1.0 in ./.venv/lib/python3.9/site-packages (from sympy->onnxruntime->wyoming_whisperkit==1.0.0) (1.3.0)
Requirement already satisfied: MarkupSafe>=2.0 in ./.venv/lib/python3.9/site-packages (from jinja2->torch->wyoming_whisperkit==1.0.0) (3.0.3)
Building wheels for collected packages: wyoming_whisperkit
  Building editable for wyoming_whisperkit (pyproject.toml): started
  Building editable for wyoming_whisperkit (pyproject.toml): finished with status 'done'
  Created wheel for wyoming_whisperkit: filename=wyoming_whisperkit-1.0.0-0.editable-py3-none-any.whl size=3273 sha256=d3ced89ec665b5fcb7a42317193ff67ddaa739ab957c1596653360b0db554b75
  Stored in directory: /private/var/folders/wg/xnszcwtn1ksbtq3sn4b0vzrw0000gn/T/pip-ephem-wheel-cache-z091u5s5/wheels/03/50/09/8cc123b408407f48e4189a225975f04d41c87fc0b297506437
Successfully built wyoming_whisperkit
Installing collected packages: wyoming_whisperkit
  Attempting uninstall: wyoming_whisperkit
    Found existing installation: wyoming_whisperkit 1.0.0
    Uninstalling wyoming_whisperkit-1.0.0:
      Successfully uninstalled wyoming_whisperkit-1.0.0
Successfully installed wyoming_whisperkit-1.0.0
Setup complete.
Requirement already satisfied: pip in ./.venv/lib/python3.9/site-packages (26.0.1)
Requirement already satisfied: setuptools in ./.venv/lib/python3.9/site-packages (82.0.1)
Requirement already satisfied: wheel in ./.venv/lib/python3.9/site-packages (0.47.0)
Requirement already satisfied: packaging>=24.0 in ./.venv/lib/python3.9/site-packages (from wheel) (26.0)
Requirement already satisfied: wyoming in ./.venv/lib/python3.9/site-packages (from -r /Users/media/containers/home-automation/wyoming-whisperkit/requirements.txt (line 1)) (1.8.0)
Requirement already satisfied: silero-vad in ./.venv/lib/python3.9/site-packages (from -r /Users/media/containers/home-automation/wyoming-whisperkit/requirements.txt (line 2)) (6.2.1)
Requirement already satisfied: onnxruntime in ./.venv/lib/python3.9/site-packages (from -r /Users/media/containers/home-automation/wyoming-whisperkit/requirements.txt (line 3)) (1.19.2)
Requirement already satisfied: torch in ./.venv/lib/python3.9/site-packages (from -r /Users/media/containers/home-automation/wyoming-whisperkit/requirements.txt (line 4)) (2.8.0)
Requirement already satisfied: numpy in ./.venv/lib/python3.9/site-packages (from -r /Users/media/containers/home-automation/wyoming-whisperkit/requirements.txt (line 5)) (2.0.2)
Requirement already satisfied: packaging in ./.venv/lib/python3.9/site-packages (from silero-vad->-r /Users/media/containers/home-automation/wyoming-whisperkit/requirements.txt (line 2)) (26.0)
Requirement already satisfied: torchaudio>=0.12.0 in ./.venv/lib/python3.9/site-packages (from silero-vad->-r /Users/media/containers/home-automation/wyoming-whisperkit/requirements.txt (line 2)) (2.8.0)
Requirement already satisfied: coloredlogs in ./.venv/lib/python3.9/site-packages (from onnxruntime->-r /Users/media/containers/home-automation/wyoming-whisperkit/requirements.txt (line 3)) (15.0.1)
Requirement already satisfied: flatbuffers in ./.venv/lib/python3.9/site-packages (from onnxruntime->-r /Users/media/containers/home-automation/wyoming-whisperkit/requirements.txt (line 3)) (25.12.19)
Requirement already satisfied: protobuf in ./.venv/lib/python3.9/site-packages (from onnxruntime->-r /Users/media/containers/home-automation/wyoming-whisperkit/requirements.txt (line 3)) (6.33.6)
Requirement already satisfied: sympy in ./.venv/lib/python3.9/site-packages (from onnxruntime->-r /Users/media/containers/home-automation/wyoming-whisperkit/requirements.txt (line 3)) (1.14.0)
Requirement already satisfied: filelock in ./.venv/lib/python3.9/site-packages (from torch->-r /Users/media/containers/home-automation/wyoming-whisperkit/requirements.txt (line 4)) (3.19.1)
Requirement already satisfied: typing-extensions>=4.10.0 in ./.venv/lib/python3.9/site-packages (from torch->-r /Users/media/containers/home-automation/wyoming-whisperkit/requirements.txt (line 4)) (4.15.0)
Requirement already satisfied: networkx in ./.venv/lib/python3.9/site-packages (from torch->-r /Users/media/containers/home-automation/wyoming-whisperkit/requirements.txt (line 4)) (3.2.1)
Requirement already satisfied: jinja2 in ./.venv/lib/python3.9/site-packages (from torch->-r /Users/media/containers/home-automation/wyoming-whisperkit/requirements.txt (line 4)) (3.1.6)
Requirement already satisfied: fsspec in ./.venv/lib/python3.9/site-packages (from torch->-r /Users/media/containers/home-automation/wyoming-whisperkit/requirements.txt (line 4)) (2025.10.0)
Requirement already satisfied: mpmath<1.4,>=1.1.0 in ./.venv/lib/python3.9/site-packages (from sympy->onnxruntime->-r /Users/media/containers/home-automation/wyoming-whisperkit/requirements.txt (line 3)) (1.3.0)
Requirement already satisfied: humanfriendly>=9.1 in ./.venv/lib/python3.9/site-packages (from coloredlogs->onnxruntime->-r /Users/media/containers/home-automation/wyoming-whisperkit/requirements.txt (line 3)) (10.0)
Requirement already satisfied: MarkupSafe>=2.0 in ./.venv/lib/python3.9/site-packages (from jinja2->torch->-r /Users/media/containers/home-automation/wyoming-whisperkit/requirements.txt (line 4)) (3.0.3)
Obtaining file:///Users/media/containers/home-automation/wyoming-whisperkit
  Installing build dependencies: started
  Installing build dependencies: finished with status 'done'
  Checking if build backend supports build_editable: started
  Checking if build backend supports build_editable: finished with status 'done'
  Getting requirements to build editable: started
  Getting requirements to build editable: finished with status 'done'
  Preparing editable metadata (pyproject.toml): started
  Preparing editable metadata (pyproject.toml): finished with status 'done'
Requirement already satisfied: wyoming in ./.venv/lib/python3.9/site-packages (from wyoming_whisperkit==1.0.0) (1.8.0)
Requirement already satisfied: silero-vad in ./.venv/lib/python3.9/site-packages (from wyoming_whisperkit==1.0.0) (6.2.1)
Requirement already satisfied: onnxruntime in ./.venv/lib/python3.9/site-packages (from wyoming_whisperkit==1.0.0) (1.19.2)
Requirement already satisfied: torch in ./.venv/lib/python3.9/site-packages (from wyoming_whisperkit==1.0.0) (2.8.0)
Requirement already satisfied: numpy in ./.venv/lib/python3.9/site-packages (from wyoming_whisperkit==1.0.0) (2.0.2)
Requirement already satisfied: coloredlogs in ./.venv/lib/python3.9/site-packages (from onnxruntime->wyoming_whisperkit==1.0.0) (15.0.1)
Requirement already satisfied: flatbuffers in ./.venv/lib/python3.9/site-packages (from onnxruntime->wyoming_whisperkit==1.0.0) (25.12.19)
Requirement already satisfied: packaging in ./.venv/lib/python3.9/site-packages (from onnxruntime->wyoming_whisperkit==1.0.0) (26.0)
Requirement already satisfied: protobuf in ./.venv/lib/python3.9/site-packages (from onnxruntime->wyoming_whisperkit==1.0.0) (6.33.6)
Requirement already satisfied: sympy in ./.venv/lib/python3.9/site-packages (from onnxruntime->wyoming_whisperkit==1.0.0) (1.14.0)
Requirement already satisfied: humanfriendly>=9.1 in ./.venv/lib/python3.9/site-packages (from coloredlogs->onnxruntime->wyoming_whisperkit==1.0.0) (10.0)
Requirement already satisfied: torchaudio>=0.12.0 in ./.venv/lib/python3.9/site-packages (from silero-vad->wyoming_whisperkit==1.0.0) (2.8.0)
Requirement already satisfied: filelock in ./.venv/lib/python3.9/site-packages (from torch->wyoming_whisperkit==1.0.0) (3.19.1)
Requirement already satisfied: typing-extensions>=4.10.0 in ./.venv/lib/python3.9/site-packages (from torch->wyoming_whisperkit==1.0.0) (4.15.0)
Requirement already satisfied: networkx in ./.venv/lib/python3.9/site-packages (from torch->wyoming_whisperkit==1.0.0) (3.2.1)
Requirement already satisfied: jinja2 in ./.venv/lib/python3.9/site-packages (from torch->wyoming_whisperkit==1.0.0) (3.1.6)
Requirement already satisfied: fsspec in ./.venv/lib/python3.9/site-packages (from torch->wyoming_whisperkit==1.0.0) (2025.10.0)
Requirement already satisfied: mpmath<1.4,>=1.1.0 in ./.venv/lib/python3.9/site-packages (from sympy->onnxruntime->wyoming_whisperkit==1.0.0) (1.3.0)
Requirement already satisfied: MarkupSafe>=2.0 in ./.venv/lib/python3.9/site-packages (from jinja2->torch->wyoming_whisperkit==1.0.0) (3.0.3)
Building wheels for collected packages: wyoming_whisperkit
  Building editable for wyoming_whisperkit (pyproject.toml): started
  Building editable for wyoming_whisperkit (pyproject.toml): finished with status 'done'
  Created wheel for wyoming_whisperkit: filename=wyoming_whisperkit-1.0.0-0.editable-py3-none-any.whl size=3273 sha256=cfe0340fddca5b825aa9f7f457cb3c25d9bdeab4bc1cd70512879eb18392bac7
  Stored in directory: /private/var/folders/wg/xnszcwtn1ksbtq3sn4b0vzrw0000gn/T/pip-ephem-wheel-cache-ah9iby0l/wheels/03/50/09/8cc123b408407f48e4189a225975f04d41c87fc0b297506437
Successfully built wyoming_whisperkit
Installing collected packages: wyoming_whisperkit
  Attempting uninstall: wyoming_whisperkit
    Found existing installation: wyoming_whisperkit 1.0.0
    Uninstalling wyoming_whisperkit-1.0.0:
      Successfully uninstalled wyoming_whisperkit-1.0.0
Successfully installed wyoming_whisperkit-1.0.0
Setup complete.
